run_id,driver_id,driver_label,global_theme,taiwan_code,taiwan_name_seed,economic_role,linkage_tier,linkage_confidence,polarity,link_mechanism,evidence_required,edge_status,provenance_status,review_after,enabled,mapping_layer,review_after_parsed,review_overdue,missing_provenance,duplicate_edge
20260919T131926+0800-ad2c247a,AI_SERVER_SHIPMENTS,AI server shipment / ODM cycle,AI_Server,2382,廣達,server_odm,DIRECT,0.95,POSITIVE,AI server ODM demand and shipment cycle,customer mix / server backlog / shipment evidence,SEED,NEEDS_SOURCE_BACKFILL,2026-12-31,1,THESIS,2026-12-31,False,True,False
20260919T131926+0800-ad2c247a,AI_SERVER_SHIPMENTS,AI server shipment / ODM cycle,AI_Server,3231,緯創,server_odm,DIRECT,0.95,POSITIVE,AI server ODM demand and shipment cycle,customer mix / server backlog / shipment evidence,SEED,NEEDS_SOURCE_BACKFILL,2026-12-31,1,THESIS,2026-12-31,False,True,False
20260919T131926+0800-ad2c247a,AI_SERVER_SHIPMENTS,AI server shipment / ODM cycle,AI_Server,6669,緯穎,server_odm,DIRECT,0.98,POSITIVE,Hyperscale AI server demand and rack-level deployments,customer capex / backlog / shipment evidence,SEED,NEEDS_SOURCE_BACKFILL,2026-12-31,1,THESIS,2026-12-31,False,True,False
20260919T131926+0800-ad2c247a,AI_SERVER_SHIPMENTS,AI server shipment / ODM cycle,AI_Server,2317,鴻海,server_odm_and_manufacturing,STRONG,0.88,POSITIVE,AI server manufacturing and rack integration,AI server revenue / customer programs,SEED,NEEDS_SOURCE_BACKFILL,2026-12-31,1,THESIS,2026-12-31,False,True,False
20260919T131926+0800-ad2c247a,AI_SERVER_SHIPMENTS,AI server shipment / ODM cycle,AI_Server,2356,英業達,server_odm,STRONG,0.82,POSITIVE,Server ODM demand transmission,AI server mix / orders / shipments,SEED,NEEDS_SOURCE_BACKFILL,2026-12-31,1,THESIS,2026-12-31,False,True,False
20260919T131926+0800-ad2c247a,AI_SERVER_RACK_BUILD,AI rack / server system buildout,AI_Server,2376,技嘉,server_systems,STRONG,0.82,POSITIVE,Enterprise and AI server systems,server product mix / revenue contribution,SEED,NEEDS_SOURCE_BACKFILL,2026-12-31,1,THESIS,2026-12-31,False,True,False
20260919T131926+0800-ad2c247a,AI_SERVER_RACK_BUILD,AI rack / server system buildout,AI_Server,3693,營邦,server_chassis,STRONG,0.78,POSITIVE,Server chassis and rack infrastructure demand,AI server customer / product evidence,SEED,NEEDS_SOURCE_BACKFILL,2026-12-31,1,THESIS,2026-12-31,False,True,False
20260919T131926+0800-ad2c247a,AI_SERVER_THERMAL_DENSITY,AI server thermal density / liquid cooling,AI_Server,3017,奇鋐,thermal_management,STRONG,0.82,POSITIVE,AI server thermal density drives cooling demand,AI cooling revenue / customer programs,SEED,NEEDS_SOURCE_BACKFILL,2026-12-31,1,THESIS,2026-12-31,False,True,False
20260919T131926+0800-ad2c247a,AI_SERVER_THERMAL_DENSITY,AI server thermal density / liquid cooling,AI_Server,3324,雙鴻,thermal_management,STRONG,0.82,POSITIVE,AI server thermal density drives cooling demand,liquid cooling / server revenue evidence,SEED,NEEDS_SOURCE_BACKFILL,2026-12-31,1,THESIS,2026-12-31,False,True,False
20260919T131926+0800-ad2c247a,AI_SERVER_THERMAL_DENSITY,AI server thermal density / liquid cooling,AI_Server,6230,尼得科超眾,thermal_management,STRONG,0.76,POSITIVE,Server thermal management demand,server cooling revenue evidence,SEED,NEEDS_SOURCE_BACKFILL,2026-12-31,1,THESIS,2026-12-31,False,True,False
20260919T131926+0800-ad2c247a,AI_SERVER_THERMAL_DENSITY,AI server thermal density / liquid cooling,AI_Server,8996,高力,liquid_cooling_heat_exchange,STRONG,0.78,POSITIVE,AI liquid cooling heat-exchanger demand,AI data-center cooling orders,SEED,NEEDS_SOURCE_BACKFILL,2026-12-31,1,THESIS,2026-12-31,False,True,False
20260919T131926+0800-ad2c247a,DATACENTER_COOLING_INFRA,Data-center cooling infrastructure capex,AI_Infrastructure,3017,奇鋐,thermal_management,STRONG,0.8,POSITIVE,Data-center thermal infrastructure,AI cooling revenue / order evidence,SEED,NEEDS_SOURCE_BACKFILL,2026-12-31,1,THESIS,2026-12-31,False,True,False
20260919T131926+0800-ad2c247a,DATACENTER_COOLING_INFRA,Data-center cooling infrastructure capex,AI_Infrastructure,3324,雙鴻,thermal_management,STRONG,0.8,POSITIVE,Data-center thermal infrastructure,liquid cooling / server revenue evidence,SEED,NEEDS_SOURCE_BACKFILL,2026-12-31,1,THESIS,2026-12-31,False,True,False
20260919T131926+0800-ad2c247a,DATACENTER_COOLING_INFRA,Data-center cooling infrastructure capex,AI_Infrastructure,8996,高力,liquid_cooling_heat_exchange,STRONG,0.82,POSITIVE,Data-center heat exchange and liquid cooling,AI data-center cooling orders,SEED,NEEDS_SOURCE_BACKFILL,2026-12-31,1,THESIS,2026-12-31,False,True,False
20260919T131926+0800-ad2c247a,DATACENTER_POWER_INFRA,Data-center power infrastructure capex,AI_Infrastructure,2308,台達電,power_and_thermal_infrastructure,STRONG,0.88,POSITIVE,Data-center power and thermal infrastructure,data-center power / cooling revenue evidence,SEED,NEEDS_SOURCE_BACKFILL,2026-12-31,1,THESIS,2026-12-31,False,True,False
20260919T131926+0800-ad2c247a,DATACENTER_POWER_INFRA,Data-center power infrastructure capex,AI_Infrastructure,6409,旭隼,ups_power,STRONG,0.78,POSITIVE,Data-center UPS and power continuity,UPS demand / data-center exposure,SEED,NEEDS_SOURCE_BACKFILL,2026-12-31,1,THESIS,2026-12-31,False,True,False
20260919T131926+0800-ad2c247a,AI_NETWORKING_UPGRADE,800G/1.6T AI networking upgrade,AI_Networking,2345,智邦,network_switch,DIRECT,0.95,POSITIVE,AI cluster networking and high-speed switch demand,800G/1.6T orders / hyperscaler exposure,SEED,NEEDS_SOURCE_BACKFILL,2026-12-31,1,THESIS,2026-12-31,False,True,False
20260919T131926+0800-ad2c247a,AI_NETWORKING_UPGRADE,800G/1.6T AI networking upgrade,AI_Networking,6285,啟碁,networking_equipment,STRONG,0.76,POSITIVE,Enterprise and data-center networking demand,product / customer exposure evidence,SEED,NEEDS_SOURCE_BACKFILL,2026-12-31,1,THESIS,2026-12-31,False,True,False
20260919T131926+0800-ad2c247a,AI_NETWORKING_UPGRADE,800G/1.6T AI networking upgrade,AI_Networking,5388,中磊,networking_equipment,STRONG,0.72,POSITIVE,Network equipment demand,product / customer exposure evidence,SEED,NEEDS_SOURCE_BACKFILL,2026-12-31,1,THESIS,2026-12-31,False,True,False
20260919T131926+0800-ad2c247a,AI_NETWORKING_UPGRADE,800G/1.6T AI networking upgrade,AI_Networking,3596,智易,networking_equipment,STRONG,0.72,POSITIVE,Network equipment demand,product / customer exposure evidence,SEED,NEEDS_SOURCE_BACKFILL,2026-12-31,1,THESIS,2026-12-31,False,True,False
20260919T131926+0800-ad2c247a,AI_NETWORKING_UPGRADE,800G/1.6T AI networking upgrade,AI_Networking,3704,合勤控,networking_equipment,SECOND_ORDER,0.62,POSITIVE,Networking demand cycle,enterprise / telecom demand evidence,SEED,NEEDS_SOURCE_BACKFILL,2026-12-31,1,THESIS,2026-12-31,False,True,False
20260919T131926+0800-ad2c247a,DRAM_PRICING,Commodity DRAM pricing / bit demand,Memory,2408,南亞科,dram_manufacturer,DIRECT,0.98,POSITIVE,DRAM pricing and demand cycle,DRAM ASP / bit shipments / inventory,SEED,NEEDS_SOURCE_BACKFILL,2026-12-31,1,THESIS,2026-12-31,False,True,False
20260919T131926+0800-ad2c247a,SPECIALTY_MEMORY_PRICING,Specialty DRAM / NOR / NAND pricing,Memory,2344,華邦電,memory_manufacturer,DIRECT,0.95,POSITIVE,Specialty DRAM and NOR memory cycle,memory ASP / utilization / inventory,SEED,NEEDS_SOURCE_BACKFILL,2026-12-31,1,THESIS,2026-12-31,False,True,False
20260919T131926+0800-ad2c247a,SPECIALTY_MEMORY_PRICING,Specialty DRAM / NOR / NAND pricing,Memory,2337,旺宏,memory_manufacturer,DIRECT,0.92,POSITIVE,NOR and NAND memory pricing cycle,memory ASP / utilization / inventory,SEED,NEEDS_SOURCE_BACKFILL,2026-12-31,1,THESIS,2026-12-31,False,True,False
20260919T131926+0800-ad2c247a,MEMORY_IC_CYCLE,Memory IC design demand / ASP cycle,Memory,3006,晶豪科,memory_ic_design,DIRECT,0.92,POSITIVE,DRAM / Flash IC demand and pricing,memory product revenue / ASP evidence,SEED,NEEDS_SOURCE_BACKFILL,2026-12-31,1,THESIS,2026-12-31,False,True,False
20260919T131926+0800-ad2c247a,MEMORY_IC_CYCLE,Memory IC design demand / ASP cycle,Memory,5351,鈺創,memory_ic_design,STRONG,0.84,POSITIVE,Memory IC cycle,memory revenue / ASP evidence,SEED,NEEDS_SOURCE_BACKFILL,2026-12-31,1,THESIS,2026-12-31,False,True,False
20260919T131926+0800-ad2c247a,NAND_STORAGE_CYCLE,NAND / storage controller and module cycle,Memory,8299,群聯,memory_controller,DIRECT,0.92,POSITIVE,NAND controller and storage demand cycle,NAND pricing / controller shipments,SEED,NEEDS_SOURCE_BACKFILL,2026-12-31,1,THESIS,2026-12-31,False,True,False
20260919T131926+0800-ad2c247a,NAND_STORAGE_CYCLE,NAND / storage controller and module cycle,Memory,3260,威剛,memory_module,DIRECT,0.9,POSITIVE,DRAM and NAND module pricing cycle,inventory gains / module ASP / demand,SEED,NEEDS_SOURCE_BACKFILL,2026-12-31,1,THESIS,2026-12-31,False,True,False
20260919T131926+0800-ad2c247a,NAND_STORAGE_CYCLE,NAND / storage controller and module cycle,Memory,4967,十銓,memory_module,DIRECT,0.88,POSITIVE,DRAM and NAND module pricing cycle,inventory / module ASP / demand,SEED,NEEDS_SOURCE_BACKFILL,2026-12-31,1,THESIS,2026-12-31,False,True,False
20260919T131926+0800-ad2c247a,NAND_STORAGE_CYCLE,NAND / storage controller and module cycle,Memory,5289,宜鼎,memory_module_industrial,DIRECT,0.86,POSITIVE,Industrial memory and storage demand,industrial memory revenue / ASP,SEED,NEEDS_SOURCE_BACKFILL,2026-12-31,1,THESIS,2026-12-31,False,True,False
20260919T131926+0800-ad2c247a,LEADING_EDGE_FOUNDRY_AI_DEMAND,Leading-edge foundry AI/HPC node demand,Foundry,2330,台積電,leading_edge_foundry,DIRECT,0.99,POSITIVE,Leading-edge AI/HPC wafer demand and advanced-node capacity cycle,advanced-node utilization / AI-HPC wafer demand / pricing / capacity evidence,SEED,NEEDS_SOURCE_BACKFILL,2026-12-31,1,THESIS,2026-12-31,False,True,False
20260919T131926+0800-ad2c247a,MATURE_NODE_FOUNDRY_UTILIZATION,Mature-node foundry utilization / pricing,Foundry,2303,聯電,mature_node_foundry,DIRECT,0.95,POSITIVE,Mature-node foundry utilization and pricing cycle,mature-node utilization / wafer pricing / customer inventory / end-demand,SEED,NEEDS_SOURCE_BACKFILL,2026-12-31,1,BASE,2026-12-31,False,True,False
20260919T131926+0800-ad2c247a,MATURE_NODE_FOUNDRY_UTILIZATION,Mature-node foundry utilization / pricing,Foundry,5347,世界,mature_specialty_foundry,DIRECT,0.92,POSITIVE,Mature and specialty-node foundry utilization cycle,specialty-node utilization / ASP / customer demand,SEED,NEEDS_SOURCE_BACKFILL,2026-12-31,1,BASE,2026-12-31,False,True,False
20260919T131926+0800-ad2c247a,MATURE_NODE_FOUNDRY_UTILIZATION,Mature-node foundry utilization / pricing,Foundry,6770,力積電,mature_memory_foundry,DIRECT,0.92,POSITIVE,Memory and mature-node foundry utilization cycle,mature-node utilization / pricing / memory mix / customer demand,SEED,NEEDS_SOURCE_BACKFILL,2026-12-31,1,BASE,2026-12-31,False,True,False
20260919T131926+0800-ad2c247a,WAFER_FAB_EQUIPMENT_CAPEX,Wafer-fab equipment capex,Semiconductor_Equipment,3131,弘塑,wet_process_equipment,STRONG,0.85,POSITIVE,Advanced packaging and fab equipment capex,order backlog / advanced packaging exposure,SEED,NEEDS_SOURCE_BACKFILL,2026-12-31,1,THESIS,2026-12-31,False,True,False
20260919T131926+0800-ad2c247a,WAFER_FAB_EQUIPMENT_CAPEX,Wafer-fab equipment capex,Semiconductor_Equipment,3583,辛耘,semicap_equipment,STRONG,0.84,POSITIVE,Foundry and advanced packaging capex,order backlog / customer capex,SEED,NEEDS_SOURCE_BACKFILL,2026-12-31,1,THESIS,2026-12-31,False,True,False
20260919T131926+0800-ad2c247a,WAFER_FAB_EQUIPMENT_CAPEX,Wafer-fab equipment capex,Semiconductor_Equipment,6187,萬潤,semicap_equipment,STRONG,0.82,POSITIVE,Advanced packaging equipment demand,AI/HBM packaging orders,SEED,NEEDS_SOURCE_BACKFILL,2026-12-31,1,THESIS,2026-12-31,False,True,False
20260919T131926+0800-ad2c247a,ADVANCED_PACKAGING_TEST_CAPEX,Advanced packaging / test capex,Semiconductor_Equipment,6640,均華,packaging_equipment,STRONG,0.82,POSITIVE,Advanced packaging equipment demand,customer orders / advanced packaging mix,SEED,NEEDS_SOURCE_BACKFILL,2026-12-31,1,THESIS,2026-12-31,False,True,False
20260919T131926+0800-ad2c247a,ADVANCED_PACKAGING_TEST_CAPEX,Advanced packaging / test capex,Semiconductor_Equipment,6223,旺矽,probe_and_test,STRONG,0.82,POSITIVE,Advanced chip probing and test demand,AI/HPC probe-card orders,SEED,NEEDS_SOURCE_BACKFILL,2026-12-31,1,THESIS,2026-12-31,False,True,False
20260919T131926+0800-ad2c247a,ADVANCED_PACKAGING_TEST_CAPEX,Advanced packaging / test capex,Semiconductor_Equipment,6510,精測,test_interface,STRONG,0.78,POSITIVE,Advanced chip test interface demand,AI/HPC test demand / customer mix,SEED,NEEDS_SOURCE_BACKFILL,2026-12-31,1,THESIS,2026-12-31,False,True,False
20260919T131926+0800-ad2c247a,WAFER_FAB_EQUIPMENT_CAPEX,Wafer-fab equipment capex,Semiconductor_Equipment,3680,家登,semicap_consumables,STRONG,0.78,POSITIVE,Advanced-node fab consumables and EUV ecosystem,customer qualification / capacity demand,SEED,NEEDS_SOURCE_BACKFILL,2026-12-31,1,THESIS,2026-12-31,False,True,False
20260919T131926+0800-ad2c247a,MLCC_DEMAND_PRICING,MLCC demand / pricing cycle,MLCC,2327,國巨,passive_components,DIRECT,0.95,POSITIVE,MLCC and passive component pricing and demand,utilization / price / order evidence,SEED,NEEDS_SOURCE_BACKFILL,2026-12-31,1,BASE,2026-12-31,False,True,False
20260919T131926+0800-ad2c247a,MLCC_DEMAND_PRICING,MLCC demand / pricing cycle,MLCC,2492,華新科,passive_components,DIRECT,0.92,POSITIVE,MLCC and passive component cycle,utilization / price / order evidence,SEED,NEEDS_SOURCE_BACKFILL,2026-12-31,1,BASE,2026-12-31,False,True,False
20260919T131926+0800-ad2c247a,MLCC_DEMAND_PRICING,MLCC demand / pricing cycle,MLCC,3026,禾伸堂,passive_components,STRONG,0.82,POSITIVE,MLCC and passive component cycle,MLCC revenue / order evidence,SEED,NEEDS_SOURCE_BACKFILL,2026-12-31,1,BASE,2026-12-31,False,True,False
20260919T131926+0800-ad2c247a,GRID_CAPEX,Grid modernization / transformer and cable capex,Power_Grid,1519,華城,transformer_grid,DIRECT,0.96,POSITIVE,Grid transformer and substation capex,order backlog / US grid exposure,SEED,NEEDS_SOURCE_BACKFILL,2026-12-31,1,THESIS,2026-12-31,False,True,False
20260919T131926+0800-ad2c247a,GRID_CAPEX,Grid modernization / transformer and cable capex,Power_Grid,1513,中興電,grid_equipment,DIRECT,0.94,POSITIVE,Grid and substation capex,order backlog / utility capex exposure,SEED,NEEDS_SOURCE_BACKFILL,2026-12-31,1,THESIS,2026-12-31,False,True,False
20260919T131926+0800-ad2c247a,GRID_CAPEX,Grid modernization / transformer and cable capex,Power_Grid,1503,士電,grid_equipment,STRONG,0.88,POSITIVE,Transformer and electrical equipment capex,order backlog / grid exposure,SEED,NEEDS_SOURCE_BACKFILL,2026-12-31,1,THESIS,2026-12-31,False,True,False
20260919T131926+0800-ad2c247a,GRID_CAPEX,Grid modernization / transformer and cable capex,Power_Grid,1609,大亞,cable_and_grid,STRONG,0.82,POSITIVE,Physical power-cable volume and grid build-out,cable order backlog / grid projects / shipment volume; copper price alone insufficient,SEED,NEEDS_SOURCE_BACKFILL,2026-12-31,1,THESIS,2026-12-31,False,True,False
20260919T131926+0800-ad2c247a,GRID_CAPEX,Grid modernization / transformer and cable capex,Power_Grid,1608,華榮,cable_and_grid,STRONG,0.78,POSITIVE,Physical power-cable volume and grid build-out,cable order backlog / grid projects / shipment volume; copper price alone insufficient,SEED,NEEDS_SOURCE_BACKFILL,2026-12-31,1,THESIS,2026-12-31,False,True,False
20260919T131926+0800-ad2c247a,POWER_ELECTRONICS_CAPEX,Power equipment / electronics capex,Power,1519,華城,transformer_grid,STRONG,0.86,POSITIVE,Power demand drives transformer and grid capex,order backlog / utility projects,SEED,NEEDS_SOURCE_BACKFILL,2026-12-31,1,THESIS,2026-12-31,False,True,False
20260919T131926+0800-ad2c247a,POWER_ELECTRONICS_CAPEX,Power equipment / electronics capex,Power,1513,中興電,grid_equipment,STRONG,0.84,POSITIVE,Power demand drives substation and grid capex,order backlog / utility projects,SEED,NEEDS_SOURCE_BACKFILL,2026-12-31,1,THESIS,2026-12-31,False,True,False
20260919T131926+0800-ad2c247a,POWER_ELECTRONICS_CAPEX,Power equipment / electronics capex,Power,2308,台達電,power_electronics,STRONG,0.82,POSITIVE,Power demand and data-center power electronics,data-center power revenue / orders,SEED,NEEDS_SOURCE_BACKFILL,2026-12-31,1,THESIS,2026-12-31,False,True,False
20260919T131926+0800-ad2c247a,NUCLEAR_GRID_SECOND_ORDER,Nuclear buildout second-order grid equipment,Nuclear_Power,1519,華城,grid_equipment,SPECULATIVE,0.35,POSITIVE,Nuclear build-out may create secondary grid equipment demand,project-specific evidence required,SEED,NEEDS_SOURCE_BACKFILL,2026-12-31,1,THESIS,2026-12-31,False,True,False
20260919T131926+0800-ad2c247a,NUCLEAR_GRID_SECOND_ORDER,Nuclear buildout second-order grid equipment,Nuclear_Power,1513,中興電,grid_equipment,SPECULATIVE,0.35,POSITIVE,Nuclear build-out may create secondary grid equipment demand,project-specific evidence required,SEED,NEEDS_SOURCE_BACKFILL,2026-12-31,1,THESIS,2026-12-31,False,True,False
20260919T131926+0800-ad2c247a,CONTAINER_FREIGHT,Container freight / liner shipping cycle,Shipping,2603,長榮,container_shipping,DIRECT,0.95,POSITIVE,Container freight rate and capacity cycle,freight rates / load factor / capacity,SEED,NEEDS_SOURCE_BACKFILL,2026-12-31,1,BASE,2026-12-31,False,True,False
20260919T131926+0800-ad2c247a,CONTAINER_FREIGHT,Container freight / liner shipping cycle,Shipping,2609,陽明,container_shipping,DIRECT,0.95,POSITIVE,Container freight rate and capacity cycle,freight rates / load factor / capacity,SEED,NEEDS_SOURCE_BACKFILL,2026-12-31,1,BASE,2026-12-31,False,True,False
20260919T131926+0800-ad2c247a,CONTAINER_FREIGHT,Container freight / liner shipping cycle,Shipping,2615,萬海,container_shipping,DIRECT,0.95,POSITIVE,Container freight rate and capacity cycle,freight rates / load factor / capacity,SEED,NEEDS_SOURCE_BACKFILL,2026-12-31,1,BASE,2026-12-31,False,True,False
20260919T131926+0800-ad2c247a,DRY_BULK_FREIGHT,Dry-bulk freight / commodity shipping cycle,Shipping,2605,新興,dry_bulk_shipping,DIRECT,0.9,POSITIVE,Dry-bulk freight and vessel supply cycle,BDI/Capesize / fleet supply / charter rates,SEED,NEEDS_SOURCE_BACKFILL,2026-12-31,1,THESIS,2026-12-31,False,True,False
20260919T131926+0800-ad2c247a,DRY_BULK_FREIGHT,Dry-bulk freight / commodity shipping cycle,Shipping,2606,裕民,dry_bulk_shipping,DIRECT,0.92,POSITIVE,Dry-bulk freight and vessel supply cycle,BDI/Capesize / fleet supply / charter rates,SEED,NEEDS_SOURCE_BACKFILL,2026-12-31,1,THESIS,2026-12-31,False,True,False
20260919T131926+0800-ad2c247a,DRY_BULK_FREIGHT,Dry-bulk freight / commodity shipping cycle,Shipping,2617,台航,dry_bulk_shipping,DIRECT,0.9,POSITIVE,Dry-bulk freight and vessel supply cycle,BDI/Capesize / fleet supply / charter rates,SEED,NEEDS_SOURCE_BACKFILL,2026-12-31,1,THESIS,2026-12-31,False,True,False
20260919T131926+0800-ad2c247a,DRY_BULK_FREIGHT,Dry-bulk freight / commodity shipping cycle,Shipping,2637,慧洋-KY,dry_bulk_shipping,DIRECT,0.92,POSITIVE,Dry-bulk freight and vessel supply cycle,BDI/Capesize / fleet supply / charter rates,SEED,NEEDS_SOURCE_BACKFILL,2026-12-31,1,THESIS,2026-12-31,False,True,False
20260919T131926+0800-ad2c247a,COPPER_COMMODITY_TRADE_INVENTORY,Copper commodity price / trade-inventory cycle,Copper,1609,大亞,copper_wire_cable,STRONG,0.82,POSITIVE,Copper price pass-through and inventory valuation exposure; not proof of cable volume growth,copper pass-through / inventory position / cable ASP / margin evidence,SEED,NEEDS_SOURCE_BACKFILL,2026-12-31,1,THESIS,2026-12-31,False,True,False
20260919T131926+0800-ad2c247a,COPPER_COMMODITY_TRADE_INVENTORY,Copper commodity price / trade-inventory cycle,Copper,1608,華榮,copper_wire_cable,STRONG,0.78,POSITIVE,Copper price pass-through and inventory valuation exposure; not proof of cable volume growth,copper pass-through / inventory position / cable ASP / margin evidence,SEED,NEEDS_SOURCE_BACKFILL,2026-12-31,1,THESIS,2026-12-31,False,True,False
20260919T131926+0800-ad2c247a,COPPER_COMMODITY_TRADE_INVENTORY,Copper commodity price / trade-inventory cycle,Copper,1605,華新,copper_and_metals,SECOND_ORDER,0.64,POSITIVE,Metals pricing and inventory exposure; downstream demand must be validated separately,segment mix / metal price sensitivity / inventory and margin evidence,SEED,NEEDS_SOURCE_BACKFILL,2026-12-31,1,THESIS,2026-12-31,False,True,False
20260919T131926+0800-ad2c247a,ENTERPRISE_CYBER_SPEND,Enterprise cybersecurity spending,Cybersecurity,3029,零壹,security_distribution,SECOND_ORDER,0.64,POSITIVE,Enterprise security spending may transmit through channel demand,security product mix / vendor exposure / orders,SEED,NEEDS_SOURCE_BACKFILL,2026-12-31,1,THESIS,2026-12-31,False,True,False
20260919T131926+0800-ad2c247a,ENTERPRISE_CYBER_SPEND,Enterprise cybersecurity spending,Cybersecurity,6140,訊達,enterprise_it_channel,SECOND_ORDER,0.58,POSITIVE,Enterprise IT/security spending may affect channel demand,security vendor mix / project orders,SEED,NEEDS_SOURCE_BACKFILL,2026-12-31,1,THESIS,2026-12-31,False,True,False
20260919T131926+0800-ad2c247a,BIOPHARMA_RISK_APPETITE,Biopharma risk appetite / clinical-commercial cycle,Biotech,6446,藥華藥,biopharma,SECOND_ORDER,0.55,POSITIVE,Global biotech risk appetite is only a weak factor transmission,company-specific clinical/commercial evidence mandatory,SEED,NEEDS_SOURCE_BACKFILL,2026-12-31,1,THESIS,2026-12-31,False,True,False
20260919T131926+0800-ad2c247a,BIOPHARMA_RISK_APPETITE,Biopharma risk appetite / clinical-commercial cycle,Biotech,6472,保瑞,pharma_cdmo,SECOND_ORDER,0.55,POSITIVE,Global biotech/pharma conditions are only a weak factor transmission,company-specific earnings / order evidence mandatory,SEED,NEEDS_SOURCE_BACKFILL,2026-12-31,1,THESIS,2026-12-31,False,True,False
20260919T131926+0800-ad2c247a,GENOMICS_RISK_APPETITE,Genomics risk appetite / platform cycle,Genomics,6446,藥華藥,biopharma,SPECULATIVE,0.3,POSITIVE,Genomics ETF strength does not directly map to this company,company-specific evidence mandatory,SEED,NEEDS_SOURCE_BACKFILL,2026-12-31,1,THESIS,2026-12-31,False,True,False
20260919T131926+0800-ad2c247a,FINANCIALS_RATE_CREDIT_CYCLE,Financials rate / credit / margin cycle,Financials,2881,富邦金,financials,DIRECT,0.8,POSITIVE,Financial conditions and capital-market cycle,rate / credit / investment income evidence,SEED,NEEDS_SOURCE_BACKFILL,2026-12-31,1,BASE,2026-12-31,False,True,False
20260919T131926+0800-ad2c247a,FINANCIALS_RATE_CREDIT_CYCLE,Financials rate / credit / margin cycle,Financials,2882,國泰金,financials,DIRECT,0.8,POSITIVE,Financial conditions and capital-market cycle,rate / credit / investment income evidence,SEED,NEEDS_SOURCE_BACKFILL,2026-12-31,1,BASE,2026-12-31,False,True,False
20260919T131926+0800-ad2c247a,FINANCIALS_RATE_CREDIT_CYCLE,Financials rate / credit / margin cycle,Financials,2891,中信金,financials,DIRECT,0.8,POSITIVE,Financial conditions and credit cycle,credit / NIM / fee-income evidence,SEED,NEEDS_SOURCE_BACKFILL,2026-12-31,1,BASE,2026-12-31,False,True,False
20260919T131926+0800-ad2c247a,FINANCIALS_RATE_CREDIT_CYCLE,Financials rate / credit / margin cycle,Financials,2886,兆豐金,financials,DIRECT,0.78,POSITIVE,Financial conditions and bank earnings cycle,NIM / credit / fee-income evidence,SEED,NEEDS_SOURCE_BACKFILL,2026-12-31,1,BASE,2026-12-31,False,True,False
20260919T131926+0800-ad2c247a,CONSUMER_ELECTRONICS_CYCLE,Consumer electronics demand cycle,Consumer_Tech,2317,鴻海,electronics_manufacturing,SECOND_ORDER,0.62,POSITIVE,Consumer electronics cycle may affect manufacturing demand,customer/product mix evidence required,SEED,NEEDS_SOURCE_BACKFILL,2026-12-31,1,BASE,2026-12-31,False,True,False
20260919T131926+0800-ad2c247a,CONSUMER_ELECTRONICS_CYCLE,Consumer electronics demand cycle,Consumer_Tech,4938,和碩,electronics_manufacturing,SECOND_ORDER,0.62,POSITIVE,Consumer electronics cycle may affect manufacturing demand,customer/product mix evidence required,SEED,NEEDS_SOURCE_BACKFILL,2026-12-31,1,BASE,2026-12-31,False,True,False
20260919T131926+0800-ad2c247a,ADVANCED_PACKAGING_TEST_CAPEX,Advanced packaging / test capex,Semiconductor_Equipment,6683,雍智科技,test_interface_load_board_probe_card,DIRECT,0.9,POSITIVE,AI ASIC HPC test demand increases load-board burn-in-board and probe-card interface demand,AI ASIC HPC test-interface orders / probe-card and load-board revenue mix,RESEARCH_VALIDATED,SOURCED_2026_09,2027-03-31,1,THESIS,2027-03-31,False,True,False
20260919T131926+0800-ad2c247a,AI_SERVER_RACK_BUILD,AI rack / server system buildout,AI_Server,3605,宏致,high_speed_server_interconnect,STRONG,0.88,POSITIVE,CSP ASIC and AI server platforms increase high-speed connector and internal cable content,CSP ASIC platform shipments / server high-speed connector and cable revenue,RESEARCH_VALIDATED,SOURCED_2026_09,2027-03-31,1,THESIS,2027-03-31,False,True,False
20260919T131926+0800-ad2c247a,DATACENTER_POWER_INFRA,Data-center power infrastructure capex,AI_Infrastructure,3605,宏致,datacenter_power_cable,STRONG,0.78,POSITIVE,AI infrastructure power buildout increases demand for high-power cable assemblies,data-center power cable orders / named platform revenue contribution,RESEARCH_VALIDATED,SOURCED_2026_09,2027-03-31,1,THESIS,2027-03-31,False,True,False
20260919T131926+0800-ad2c247a,DATACENTER_POWER_INFRA,Data-center power infrastructure capex,AI_Infrastructure,8103,瀚荃,ai_power_connectors,DIRECT,0.9,POSITIVE,AI data-center power-density growth increases HVDC busbar PDU PSU CBU BBU connector demand,AI power revenue mix / HVDC busbar PDU PSU CBU BBU shipments / order visibility,RESEARCH_VALIDATED,SOURCED_2026_09,2027-03-31,1,THESIS,2027-03-31,False,True,False
20260919T131926+0800-ad2c247a,SEMICONDUCTOR_FAB_UTILIZATION_CONSUMABLES,Semiconductor fab-utilization / consumables demand,Semiconductor_Consumables,1560,中砂,cmp_pad_conditioner_reclaim_wafer,DIRECT,0.96,POSITIVE,Advanced-node CMP step intensity and wafer starts drive diamond-disk consumption while fab utilization drives test and reclaim wafer demand,CMP diamond-disk node mix / wafer-start utilization / reclaim-wafer capacity and shipments,RESEARCH_VALIDATED,SOURCED_2026_09,2027-03-31,1,THESIS,2027-03-31,False,True,False
20260919T131926+0800-ad2c247a,ADVANCED_PACKAGING_TEST_CAPEX,Advanced packaging / test capex,Semiconductor_Equipment,1560,中砂,advanced_packaging_grinding_consumables,STRONG,0.72,POSITIVE,Advanced packaging adds grinding and CMP-related consumable demand,advanced-packaging grinding-wheel and CMP sales / customer qualification,RESEARCH_VALIDATED,SOURCED_2026_09,2027-03-31,1,THESIS,2027-03-31,False,True,False
20260919T131926+0800-ad2c247a,ADVANCED_PACKAGING_TEST_CAPEX,Advanced packaging / test capex,Semiconductor_Equipment,3264,欣銓,ai_asic_and_silicon_photonics_test,DIRECT,0.9,POSITIVE,AI ASIC production test and silicon-photonics PIC/EIC test demand raise advanced test utilization,AI ASIC production volume / PIC EIC project count / test utilization and pricing,RESEARCH_VALIDATED,SOURCED_2026_09,2027-03-31,1,THESIS,2027-03-31,False,True,False
20260919T131926+0800-ad2c247a,ADVANCED_PACKAGING_TEST_CAPEX,Advanced packaging / test capex,Semiconductor_Equipment,6257,矽格,advanced_ai_asic_siphotonics_test,DIRECT,0.88,POSITIVE,AI ASIC connectivity and silicon-photonics chips require higher-frequency higher-power advanced test,AI ASIC and SiPh test revenue / advanced tester utilization / burn-in demand,RESEARCH_VALIDATED,SOURCED_2026_09,2027-03-31,1,THESIS,2027-03-31,False,True,False
20260919T131926+0800-ad2c247a,LEO_SATCOM_DEPLOYMENT,LEO satellite / ground-infrastructure deployment,Satcom,3491,昇達科,leo_microwave_rf_components,DIRECT,0.97,POSITIVE,LEO constellation deployment directly drives microwave and high-frequency component shipments,LEO product revenue growth / named-customer capacity demand / shipment backlog,RESEARCH_VALIDATED,SOURCED_2026_09,2027-03-31,1,THESIS,2027-03-31,False,True,False
20260919T131926+0800-ad2c247a,SILICON_WAFER_DEMAND_PRICING,Silicon-wafer demand / pricing cycle,Silicon_Wafer,3532,台勝科,silicon_wafer_supplier,DIRECT,0.98,POSITIVE,Memory AI and mature-node wafer starts drive 300mm and 200mm silicon-wafer shipments utilization and pricing,200mm 300mm shipments / utilization / spot and contract pricing / customer inventory,RESEARCH_VALIDATED,SOURCED_2026_09,2027-03-31,1,BASE,2027-03-31,False,True,False
20260919T131926+0800-ad2c247a,OPTICAL_COMPONENT_DEMAND,Optical-component / photonics demand,Photonics,2455,全新,inp_epiwafer_optical,DIRECT,0.94,POSITIVE,AI data-center optical transceivers increase InP epi demand for CW laser and EML components,InP MOCVD capacity / optical revenue mix / AI datacenter customer shipments,RESEARCH_VALIDATED,SOURCED_2026_09,2027-03-31,1,THESIS,2027-03-31,False,True,False
20260919T131926+0800-ad2c247a,MOBILE_RF_FRONTEND_DEMAND,Mobile RF front-end demand,RF_Semiconductor,3105,穩懋,gaas_rf_foundry,DIRECT,0.82,POSITIVE,Handset RF content and GaAs PA demand transmit through foundry utilization,cellular PA revenue / GaAs utilization / handset RF orders,RESEARCH_VALIDATED,SOURCED_2026_09,2027-03-31,1,BASE,2027-03-31,False,True,False
20260919T131926+0800-ad2c247a,OPTICAL_COMPONENT_DEMAND,Optical-component / photonics demand,Photonics,3105,穩懋,inp_photodetector_foundry,STRONG,0.82,POSITIVE,1.6T optical receiver deployment increases InP photodetector and related foundry demand,1.6T PD shipments / optical revenue mix / customer qualification,RESEARCH_VALIDATED,SOURCED_2026_09,2027-03-31,1,THESIS,2027-03-31,False,True,False
20260919T131926+0800-ad2c247a,AI_SERVER_SHIPMENTS,AI server shipment / ODM cycle,AI_Server,7711,永擎,ai_server_systems,DIRECT,0.92,POSITIVE,B300 GB300 and ASIC server shipments directly drive system revenue,AI server shipment mix / platform orders / backlog,RESEARCH_VALIDATED,SOURCED_2026_09,2027-03-31,1,THESIS,2027-03-31,False,True,False
20260919T131926+0800-ad2c247a,AI_SERVER_SHIPMENTS,AI server shipment / ODM cycle,AI_Server,6933,AMAX-KY,ai_hpc_server_and_rack,DIRECT,0.9,POSITIVE,AI HPC server and liquid-cooled rack deployments directly drive system shipments,AI HPC server and rack orders / liquid cooling system revenue,RESEARCH_VALIDATED,SOURCED_2026_09,2027-03-31,1,THESIS,2027-03-31,False,True,False
20260919T131926+0800-ad2c247a,AI_SERVER_THERMAL_DENSITY,AI server thermal density / liquid cooling,AI_Server,6805,富世達,liquid_cooling_quick_disconnect,DIRECT,0.94,POSITIVE,Higher AI rack thermal density increases UQD quick-disconnect cold-plate and liquid-cooling module content,server revenue mix / UQD and cold-plate shipments / GPU ASIC platform qualification,RESEARCH_VALIDATED,SOURCED_2026_09,2027-03-31,1,THESIS,2027-03-31,False,True,False
20260919T131926+0800-ad2c247a,DATACENTER_COOLING_INFRA,Data-center cooling infrastructure capex,AI_Infrastructure,6805,富世達,liquid_cooling_module,DIRECT,0.92,POSITIVE,Data-center liquid-cooling adoption increases quick-disconnect and cold-plate module demand,liquid-cooling orders / server mix / rack platform shipments,RESEARCH_VALIDATED,SOURCED_2026_09,2027-03-31,1,THESIS,2027-03-31,False,True,False
20260919T131926+0800-ad2c247a,AI_SERVER_THERMAL_DENSITY,AI server thermal density / liquid cooling,AI_Server,2421,建準,server_fan_and_liquid_cooling,DIRECT,0.88,POSITIVE,Higher server power density increases fan count and liquid-cooling content per rack,AI server fan orders / cold-plate shipments / ASIC HGX platform mix,RESEARCH_VALIDATED,SOURCED_2026_09,2027-03-31,1,THESIS,2027-03-31,False,True,False
20260919T131926+0800-ad2c247a,AI_SERVER_RACK_BUILD,AI rack / server system buildout,AI_Server,8021,尖點,high_layer_pcb_drill_consumables,STRONG,0.86,POSITIVE,Higher-layer thicker AI server PCBs increase drill count aspect ratio and coated drill-bit consumption,HLC revenue mix / coated drill-bit sales / AI motherboard and ABF demand,RESEARCH_VALIDATED,SOURCED_2026_09,2027-03-31,1,THESIS,2027-03-31,False,True,False
20260919T131926+0800-ad2c247a,AI_SERVER_RACK_BUILD,AI rack / server system buildout,AI_Server,8358,金居,high_speed_copper_foil,STRONG,0.88,POSITIVE,AI server and PCIe high-speed boards increase HVLP copper-foil demand and thermal-performance requirements,HVLP3 HVLP4 shipment volume / AI platform qualification / high-speed board demand,RESEARCH_VALIDATED,SOURCED_2026_09,2027-03-31,1,THESIS,2027-03-31,False,True,False
20260919T131926+0800-ad2c247a,AI_SERVER_RACK_BUILD,AI rack / server system buildout,AI_Server,1815,富喬,low_dk_glass_fabric,STRONG,0.88,POSITIVE,AI server and high-speed networking PCBs require low-Dk low-CTE glass fabric,Low-Dk Low-CTE product mix / server and networking customer demand / pricing,RESEARCH_VALIDATED,SOURCED_2026_09,2027-03-31,1,THESIS,2027-03-31,False,True,False
20260919T131926+0800-ad2c247a,WAFER_FAB_EQUIPMENT_CAPEX,Wafer-fab equipment capex,Semiconductor_Equipment,6830,汎銓,advanced_node_material_analysis,STRONG,0.82,POSITIVE,Advanced-node AI chip development increases materials analysis and failure-analysis demand,AI chip analysis projects / advanced-node analysis utilization / customer capex,RESEARCH_VALIDATED,SOURCED_2026_09,2027-03-31,1,THESIS,2027-03-31,False,True,False
20260919T131926+0800-ad2c247a,OPTICAL_COMPONENT_DEMAND,Optical-component / photonics demand,Photonics,6830,汎銓,silicon_photonics_failure_analysis,STRONG,0.84,POSITIVE,Silicon-photonics and CPO development increases optical-loss localization and failure-analysis demand,SiPh CPO project count / optical analysis revenue / equipment utilization,RESEARCH_VALIDATED,SOURCED_2026_09,2027-03-31,1,THESIS,2027-03-31,False,True,False
20260919T131926+0800-ad2c247a,AI_SERVER_RACK_BUILD,AI rack / server system buildout,AI_Server,3044,健鼎,server_pcb,STRONG,0.76,POSITIVE,Server shipment growth raises multilayer PCB demand; current transmission is stronger in general servers than direct GPU ASIC boards,server PCB revenue / order visibility / product mix,RESEARCH_VALIDATED,SOURCED_2026_09,2027-03-31,1,THESIS,2027-03-31,False,True,False
20260919T131926+0800-ad2c247a,FINANCIALS_RATE_CREDIT_CYCLE,Financials rate / credit / margin cycle,Financials,2890,永豐金,financials,DIRECT,0.78,POSITIVE,Rates credit quality loan growth and capital-market activity transmit into bank and holding-company earnings,NIM / loan growth / credit cost / fee and investment income,RESEARCH_VALIDATED,SOURCED_2026_09,2027-03-31,1,BASE,2027-03-31,False,True,False
20260919T131926+0800-ad2c247a,FINANCIALS_RATE_CREDIT_CYCLE,Financials rate / credit / margin cycle,Financials,2887,台新新光金,financials,DIRECT,0.76,POSITIVE,Rates credit insurance investment income and capital-market conditions transmit into holding-company earnings,NIM / loan growth / credit cost / insurance and investment income,RESEARCH_VALIDATED,SOURCED_2026_09,2027-03-31,1,BASE,2027-03-31,False,True,False
20260919T131926+0800-ad2c247a,FINANCIALS_RATE_CREDIT_CYCLE,Financials rate / credit / margin cycle,Financials,2880,華南金,financials,DIRECT,0.78,POSITIVE,Rates credit quality and loan growth transmit into bank earnings,NIM / loan growth / credit cost / fee income,RESEARCH_VALIDATED,SOURCED_2026_09,2027-03-31,1,BASE,2027-03-31,False,True,False
20260919T131926+0800-ad2c247a,FINANCIALS_RATE_CREDIT_CYCLE,Financials rate / credit / margin cycle,Financials,2883,凱基金,financials,DIRECT,0.74,POSITIVE,Rates credit insurance and capital-market activity transmit into diversified financial earnings,NIM / credit / insurance / brokerage and investment income,RESEARCH_VALIDATED,SOURCED_2026_09,2027-03-31,1,BASE,2027-03-31,False,True,False
20260919T131926+0800-ad2c247a,FINANCIALS_RATE_CREDIT_CYCLE,Financials rate / credit / margin cycle,Financials,2801,彰銀,bank,DIRECT,0.78,POSITIVE,Rates credit quality and loan growth transmit into bank earnings,NIM / loan growth / credit cost / fee income,RESEARCH_VALIDATED,SOURCED_2026_09,2027-03-31,1,BASE,2027-03-31,False,True,False
20260919T131926+0800-ad2c247a,FINANCIALS_RATE_CREDIT_CYCLE,Financials rate / credit / margin cycle,Financials,5880,合庫金,financials,DIRECT,0.78,POSITIVE,Rates credit quality and loan growth transmit into bank-led holding-company earnings,NIM / loan growth / credit cost / fee income,RESEARCH_VALIDATED,SOURCED_2026_09,2027-03-31,1,BASE,2027-03-31,False,True,False
20260919T131926+0800-ad2c247a,FINANCIALS_RATE_CREDIT_CYCLE,Financials rate / credit / margin cycle,Financials,2892,第一金,financials,DIRECT,0.78,POSITIVE,Rates credit quality and loan growth transmit into bank-led holding-company earnings,NIM / loan growth / credit cost / fee income,RESEARCH_VALIDATED,SOURCED_2026_09,2027-03-31,1,BASE,2027-03-31,False,True,False
20260919T131926+0800-ad2c247a,FINANCIALS_RATE_CREDIT_CYCLE,Financials rate / credit / margin cycle,Financials,2885,元大金,financials,DIRECT,0.74,POSITIVE,Rates and capital-market turnover transmit into securities and bank earnings,brokerage turnover / NIM / investment income / credit cost,RESEARCH_VALIDATED,SOURCED_2026_09,2027-03-31,1,BASE,2027-03-31,False,True,False
20260919T131926+0800-ad2c247a,FINANCIALS_RATE_CREDIT_CYCLE,Financials rate / credit / margin cycle,Financials,2884,玉山金,financials,DIRECT,0.8,POSITIVE,Rates credit quality loan growth and fee activity transmit into bank-led holding-company earnings,NIM / loan growth / credit cost / fee income,RESEARCH_VALIDATED,SOURCED_2026_09,2027-03-31,1,BASE,2027-03-31,False,True,False
20260919T131926+0800-ad2c247a,FINANCIALS_RATE_CREDIT_CYCLE,Financials rate / credit / margin cycle,Financials,2889,國票金,financials,DIRECT,0.7,POSITIVE,Rates bond-market conditions and capital-market activity transmit into bills and securities earnings,bond carry / funding spread / brokerage and investment income,RESEARCH_VALIDATED,SOURCED_2026_09,2027-03-31,1,BASE,2027-03-31,False,True,False
20260919T131926+0800-ad2c247a,FINANCIALS_RATE_CREDIT_CYCLE,Financials rate / credit / margin cycle,Financials,2834,臺企銀,bank,DIRECT,0.78,POSITIVE,Rates credit quality and SME loan growth transmit into bank earnings,NIM / SME loan growth / credit cost / fee income,RESEARCH_VALIDATED,SOURCED_2026_09,2027-03-31,1,BASE,2027-03-31,False,True,False
20260919T131926+0800-ad2c247a,FINANCIALS_RATE_CREDIT_CYCLE,Financials rate / credit / margin cycle,Financials,2812,台中銀,bank,DIRECT,0.76,POSITIVE,Rates credit quality and loan growth transmit into bank earnings,NIM / loan growth / credit cost / fee income,RESEARCH_VALIDATED,SOURCED_2026_09,2027-03-31,1,BASE,2027-03-31,False,True,False
20260919T131926+0800-ad2c247a,FINANCIALS_RATE_CREDIT_CYCLE,Financials rate / credit / margin cycle,Financials,5876,上海商銀,bank,DIRECT,0.76,POSITIVE,Rates credit quality and loan growth transmit into bank earnings,NIM / loan growth / credit cost / fee income,RESEARCH_VALIDATED,SOURCED_2026_09,2027-03-31,1,BASE,2027-03-31,False,True,False
20260919T131926+0800-ad2c247a,LEADING_EDGE_FOUNDRY_AI_DEMAND,Leading-edge foundry AI/HPC node demand,Foundry,3443,創意,ai_asic_design_turnkey,DIRECT,0.94,POSITIVE,CSP AI ASIC programs drive advanced-node NRE turnkey wafer and packaging demand,CSP ASIC production revenue / 3nm 2nm project tape-outs / cloud revenue mix,RESEARCH_VALIDATED,SOURCED_2026_09,2027-03-31,1,THESIS,2027-03-31,False,True,False
20260919T131926+0800-ad2c247a,AI_NETWORKING_UPGRADE,800G/1.6T AI networking upgrade,AI_Networking,5269,祥碩,pcie_switch_high_speed_io,STRONG,0.86,POSITIVE,Rack-scale AI servers increase PCIe switch lane count and high-speed interconnect demand,PCIe switch shipments / high-lane-count product mix / server storage customer adoption,RESEARCH_VALIDATED,SOURCED_2026_09,2027-03-31,1,THESIS,2027-03-31,False,True,False
20260919T131926+0800-ad2c247a,AI_SERVER_SHIPMENTS,AI server shipment / ODM cycle,AI_Server,5274,信驊,server_bmc,DIRECT,0.94,POSITIVE,AI and CPU server shipments directly increase BMC unit demand,BMC unit shipments / AST2700 mix / book-to-bill / server customer orders,RESEARCH_VALIDATED,SOURCED_2026_09,2027-03-31,1,THESIS,2027-03-31,False,True,False
20260919T131926+0800-ad2c247a,AI_NETWORKING_UPGRADE,800G/1.6T AI networking upgrade,AI_Networking,6526,達發,oob_ethernet_phy_and_pon,STRONG,0.88,POSITIVE,AI server out-of-band management and data-center management networks increase Ethernet PHY and PON demand,CSP OOB design wins / Ethernet PHY shipments / PON deployment,RESEARCH_VALIDATED,SOURCED_2026_09,2027-03-31,1,THESIS,2027-03-31,False,True,False
20260919T131926+0800-ad2c247a,LEADING_EDGE_FOUNDRY_AI_DEMAND,Leading-edge foundry AI/HPC node demand,Foundry,2454,聯發科,datacenter_ai_asic,DIRECT,0.94,POSITIVE,North American CSP AI accelerator ASIC production drives leading-edge wafer and advanced packaging demand,datacenter ASIC revenue / production ramp / CSP program milestones,RESEARCH_VALIDATED,SOURCED_2026_09,2027-03-31,1,THESIS,2027-03-31,False,True,False
20260919T131926+0800-ad2c247a,OPTICAL_COMPONENT_DEMAND,Optical-component / photonics demand,Photonics,4908,前鼎,optical_transceiver_components,STRONG,0.86,POSITIVE,800G and 1.6T optical module deployment increases laser and optical component demand,800G 1.6T shipments / CW laser CoC capacity / CPO ELSFP qualification,RESEARCH_VALIDATED,SOURCED_2026_09,2027-03-31,1,THESIS,2027-03-31,False,True,False
20260919T131926+0800-ad2c247a,OPTICAL_COMPONENT_DEMAND,Optical-component / photonics demand,Photonics,6588,東典光電,optical_thin_film_filters,STRONG,0.72,POSITIVE,AI data-center optical transmission increases demand for high-end thin-film optical filters,AI datacenter filter revenue / customer qualification / optical filter shipments,RESEARCH_VALIDATED,SOURCED_2026_09,2027-03-31,1,THESIS,2027-03-31,False,True,False
20260919T131926+0800-ad2c247a,OPTICAL_COMPONENT_DEMAND,Optical-component / photonics demand,Photonics,6147,頎邦,silicon_photonics_bumping_test,STRONG,0.9,POSITIVE,Silicon-photonics transceiver scaling increases gold-bump and test demand for high-frequency optical devices,SiPh customer count / qualified products / gold-bump and test revenue / 200G-per-lane ramp,RESEARCH_VALIDATED,SOURCED_2026_09,2027-03-31,1,THESIS,2027-03-31,False,True,False
20260919T131926+0800-ad2c247a,SEMICONDUCTOR_FAB_UTILIZATION_CONSUMABLES,Semiconductor fab-utilization / consumables demand,Semiconductor_Consumables,3016,嘉晶,silicon_epi_wafer,DIRECT,0.9,POSITIVE,AI-related power and analog demand raises 8-inch silicon epi utilization and capacity requirements,8-inch epi orders / utilization / capacity additions / customer visibility,RESEARCH_VALIDATED,SOURCED_2026_09,2027-03-31,1,THESIS,2027-03-31,False,True,False
20260919T131926+0800-ad2c247a,OPTICAL_COMPONENT_DEMAND,Optical-component / photonics demand,Photonics,3016,嘉晶,ge_si_photodiode_epi,DIRECT,0.94,POSITIVE,AI high-speed optical links increase Ge Si photodiode epi demand,Ge Si PD qualification / optical customer volume / capacity expansion,RESEARCH_VALIDATED,SOURCED_2026_09,2027-03-31,1,THESIS,2027-03-31,False,True,False
20260919T131926+0800-ad2c247a,ADVANCED_PACKAGING_TEST_CAPEX,Advanced packaging / test capex,Semiconductor_Equipment,3374,精材,wafer_test_and_wlcsp,STRONG,0.82,POSITIVE,12-inch wafer test and advanced logic test demand increase wafer-level test utilization,wafer-test revenue mix / 12-inch capacity / AI HPC logic test orders,RESEARCH_VALIDATED,SOURCED_2026_09,2027-03-31,1,THESIS,2027-03-31,False,True,False
20260919T131926+0800-ad2c247a,OPTICAL_COMPONENT_DEMAND,Optical-component / photonics demand,Photonics,6271,同欣電,800g_optical_module,DIRECT,0.95,POSITIVE,North American CSP 800G optical deployments directly drive optical-module production,800G module shipments / CSP demand / automated alignment utilization / 1.6T qualification,RESEARCH_VALIDATED,SOURCED_2026_09,2027-03-31,1,THESIS,2027-03-31,False,True,False
20260919T131926+0800-ad2c247a,POWER_ELECTRONICS_CAPEX,Power equipment / electronics capex,Power,6271,同欣電,gan_sic_power_module_packaging,STRONG,0.78,POSITIVE,AI server power conversion raises demand for GaN and SiC high-power module and power-chip packaging,GaN SiC power-module qualification / server power shipments / production ramp,RESEARCH_VALIDATED,SOURCED_2026_09,2027-03-31,1,THESIS,2027-03-31,False,True,False
20260919T131926+0800-ad2c247a,OPTICAL_COMPONENT_DEMAND,Optical-component / photonics demand,Photonics,3714,富采,vcsel_cw_dfb_microled_optical,STRONG,0.86,POSITIVE,AI data-center interconnect scaling increases VCSEL CW-DFB and emerging CPO light-source demand,800G light-source qualification / VCSEL CW-DFB shipments / CPO project conversion,RESEARCH_VALIDATED,SOURCED_2026_09,2027-03-31,1,THESIS,2027-03-31,False,True,False
20260919T131926+0800-ad2c247a,LEADING_EDGE_FOUNDRY_AI_DEMAND,Leading-edge foundry AI/HPC node demand,Foundry,3529,力旺,advanced_node_security_ip,STRONG,0.88,POSITIVE,3nm to 7nm AI accelerator CPU CXL and BMC designs increase embedded security-IP licensing and wafer royalties,3nm 7nm project count / AI datacenter design wins / royalty-bearing wafer shipments,RESEARCH_VALIDATED,SOURCED_2026_09,2027-03-31,1,THESIS,2027-03-31,False,True,False
20260919T131926+0800-ad2c247a,ADVANCED_PACKAGING_TEST_CAPEX,Advanced packaging / test capex,Semiconductor_Equipment,3035,智原,advanced_packaging_asic_turnkey,STRONG,0.82,POSITIVE,ASIC design wins moving into advanced packaging production create NRE and turnkey production revenue,advanced-packaging design wins / NRE / mass-production revenue / customer wafer schedule,RESEARCH_VALIDATED,SOURCED_2026_09,2027-03-31,1,THESIS,2027-03-31,False,True,False
20260919T131926+0800-ad2c247a,AI_NETWORKING_UPGRADE,800G/1.6T AI networking upgrade,AI_Networking,2379,瑞昱,server_ethernet_optical_phy,STRONG,0.8,POSITIVE,AI server and high-speed networking upgrades increase Ethernet PHY switch and optical PHY content,10G server Ethernet / 100G optical PHY qualification / AI platform design-ins,RESEARCH_VALIDATED,SOURCED_2026_09,2027-03-31,1,THESIS,2027-03-31,False,True,False
20260919T131926+0800-ad2c247a,DATACENTER_POWER_INFRA,Data-center power infrastructure capex,AI_Infrastructure,7788,松川精密,hvdc_ai_power_relays,DIRECT,0.95,POSITIVE,AI data-center PSU PDU and 400V 800V HVDC architectures increase high-voltage relay and contactor value per rack,AI power revenue / 8kW 12kW PSU relay shipments / HVDC qualification and mass production,RESEARCH_VALIDATED,SOURCED_2026_09,2027-03-31,1,THESIS,2027-03-31,False,True,False
20260919T131926+0800-ad2c247a,MLCC_DEMAND_PRICING,MLCC demand / pricing cycle,MLCC,6173,信昌電,ai_server_high_voltage_mlcc,DIRECT,0.92,POSITIVE,AI server PSUs increase high-voltage NP0 and Mega Cap MLCC demand,AI revenue mix / NP0 utilization and shortages / Mega Cap shipment ramp,RESEARCH_VALIDATED,SOURCED_2026_09,2027-03-31,1,BASE,2027-03-31,False,True,False
20260919T131926+0800-ad2c247a,DATACENTER_POWER_INFRA,Data-center power infrastructure capex,AI_Infrastructure,6290,良維,high_current_datacenter_power_cord,DIRECT,0.96,POSITIVE,Higher AI rack power raises current rating and ASP of data-center power cords and PDU jumpers,AI data-center revenue mix / 100A high-current cable shipments / 800V HVDC projects / CSP forecast,RESEARCH_VALIDATED,SOURCED_2026_09,2027-03-31,1,THESIS,2027-03-31,False,True,False
20260919T131926+0800-ad2c247a,POWER_ELECTRONICS_CAPEX,Power equipment / electronics capex,Power,2481,強茂,server_power_discrete_semiconductors,STRONG,0.84,POSITIVE,AI server data-center and server PSU demand increases MOSFET Schottky rectifier TVS and SiC power-device content,AI application revenue / computing and PSU mix / MOSFET SiC shipments,RESEARCH_VALIDATED,SOURCED_2026_09,2027-03-31,1,THESIS,2027-03-31,False,True,False
20260919T131926+0800-ad2c247a,OPTICAL_COMPONENT_DEMAND,Optical-component / photonics demand,Photonics,6706,惠特,silicon_photonics_cpo_test_assembly,DIRECT,0.94,POSITIVE,CPO and silicon-photonics deployment requires photonic-device assembly testing FAU inspection and laser test equipment,SiPh CPO equipment orders / DFB EEL test and sorting / customer qualification and shipments,RESEARCH_VALIDATED,SOURCED_2026_09,2027-03-31,1,THESIS,2027-03-31,False,True,False
20260919T131926+0800-ad2c247a,AI_SERVER_RACK_BUILD,AI rack / server system buildout,AI_Server,1303,南亞,high_speed_ccl_glass_epoxy,DIRECT,0.94,POSITIVE,AI server and networking boards drive M8 M9 M10 high-speed CCL low-Df epoxy and specialty glass demand,electronic-material revenue / M8 M9 M10 qualification and mass production / CCL utilization and pricing,RESEARCH_VALIDATED,SOURCED_2026_09,2027-03-31,1,THESIS,2027-03-31,False,True,False
20260919T131926+0800-ad2c247a,AI_SERVER_RACK_BUILD,AI rack / server system buildout,AI_Server,2428,興勤,server_protection_and_thermal_sensors,STRONG,0.72,POSITIVE,Server rack expansion and liquid cooling increase protection-component temperature and pressure sensor demand,AI server product shipments / platinum and pressure-sensor ramp / server application revenue,RESEARCH_VALIDATED,SOURCED_2026_09,2027-03-31,1,THESIS,2027-03-31,False,True,False
20260919T131926+0800-ad2c247a,AI_SERVER_THERMAL_DENSITY,AI server thermal density / liquid cooling,AI_Server,2354,鴻準,ai_server_thermal_module,DIRECT,0.9,POSITIVE,AI server air and liquid cooling demand directly raises thermal-module shipments,AI server thermal revenue mix / liquid and air cooling module shipments / customer programs,RESEARCH_VALIDATED,SOURCED_2026_09,2027-03-31,1,THESIS,2027-03-31,False,True,False
20260919T131926+0800-ad2c247a,ENTERPRISE_CYBER_SPEND,Enterprise cybersecurity spending,Cybersecurity,6214,精誠,enterprise_security_cloud_integrator,STRONG,0.82,POSITIVE,Enterprise security and cloud budgets transmit through broad security-vendor distribution integration and managed services,security project bookings / vendor security mix / cloud and managed-service revenue,RESEARCH_VALIDATED,SOURCED_2026_09,2027-03-31,1,THESIS,2027-03-31,False,True,False
20260919T131926+0800-ad2c247a,AI_SERVER_RACK_BUILD,AI rack / server system buildout,AI_Server,2357,華碩,ai_server_infrastructure_systems,DIRECT,0.88,POSITIVE,AI server and infrastructure-system demand directly drives ISBG server rack and platform revenue,infrastructure revenue mix / AI server backlog / rack and GPU platform shipments,RESEARCH_VALIDATED,SOURCED_2026_09,2027-03-31,1,THESIS,2027-03-31,False,True,False
20260919T131926+0800-ad2c247a,OPTICAL_COMPONENT_DEMAND,Optical-component / photonics demand,Photonics,2409,友達,microled_cpo_optical_io,SPECULATIVE,0.58,POSITIVE,Micro LED CPO could provide low-power optical I O for AI racks but commercialization remains several years away,CPO customer qualification / commercial shipment timing / optical-module revenue,RESEARCH_VALIDATED,SOURCED_2026_09,2027-03-31,1,THESIS,2027-03-31,False,True,False
20260919T131926+0800-ad2c247a,CONSUMER_ELECTRONICS_CYCLE,Consumer electronics demand cycle,Consumer_Tech,3406,玉晶光,smartphone_and_smart_glasses_optics,DIRECT,0.9,POSITIVE,Smartphone camera upgrades and emerging smart-glasses volumes drive optical-lens shipments,flagship handset lens shipments / periscope mix / smart-glasses customer volume,RESEARCH_VALIDATED,SOURCED_2026_09,2027-03-31,1,BASE,2027-03-31,False,True,False
20260919T131926+0800-ad2c247a,PETROCHEMICAL_CYCLE,Petrochemical feedstock / product spread cycle,Petrochemicals,1301,台塑,pvc_pe_chlor_alkali,DIRECT,0.95,POSITIVE,PVC PE and chlor-alkali product spreads utilization and Asian demand directly transmit into earnings,PVC PE caustic-soda prices / naphtha ethylene feedstock / utilization / China Asia demand,RESEARCH_VALIDATED,SECTOR_BASE_2026_09,2027-03-31,1,BASE,2027-03-31,False,True,False
20260919T131926+0800-ad2c247a,PETROCHEMICAL_CYCLE,Petrochemical feedstock / product spread cycle,Petrochemicals,1326,台化,aromatics_abs_polyester,DIRECT,0.95,POSITIVE,Aromatics ABS and polyester product spreads utilization and Asian demand directly transmit into earnings,PX benzene styrene ABS polyester spreads / utilization / China Asia demand,RESEARCH_VALIDATED,SECTOR_BASE_2026_09,2027-03-31,1,BASE,2027-03-31,False,True,False
20260919T131926+0800-ad2c247a,REFINING_MARGIN_CYCLE,Refining margin / crack-spread cycle,Refining,6505,台塑化,refining_and_olefins,DIRECT,0.97,POSITIVE,Regional gasoline diesel jet crack spreads and refinery utilization directly drive refining earnings,Singapore regional crack spreads / product inventories / refinery utilization / maintenance,RESEARCH_VALIDATED,SECTOR_BASE_2026_09,2027-03-31,1,BASE,2027-03-31,False,True,False
20260919T131926+0800-ad2c247a,PETROCHEMICAL_CYCLE,Petrochemical feedstock / product spread cycle,Petrochemicals,6505,台塑化,olefin_cracker,DIRECT,0.9,POSITIVE,Ethylene propylene and naphtha cracker spreads directly drive olefin earnings,ethylene naphtha and propylene spreads / cracker utilization / Asian inventories,RESEARCH_VALIDATED,SECTOR_BASE_2026_09,2027-03-31,1,BASE,2027-03-31,False,True,False
20260919T131926+0800-ad2c247a,TELECOM_SERVICE_CYCLE,Telecom service / ARPU and enterprise ICT cycle,Telecom,2412,中華電,integrated_telecom,DIRECT,0.98,POSITIVE,Mobile fixed broadband and enterprise ICT trends directly drive telecom revenue and margins,mobile ARPU / subscriber mix / broadband ARPU / enterprise ICT cloud IDC bookings / capex,RESEARCH_VALIDATED,SECTOR_BASE_2026_09,2027-03-31,1,BASE,2027-03-31,False,True,False
20260919T131926+0800-ad2c247a,TELECOM_SERVICE_CYCLE,Telecom service / ARPU and enterprise ICT cycle,Telecom,3045,台灣大,integrated_telecom,DIRECT,0.98,POSITIVE,Mobile broadband and enterprise service trends directly drive telecom revenue and margins,mobile ARPU / subscriber mix / broadband / enterprise ICT / capex,RESEARCH_VALIDATED,SECTOR_BASE_2026_09,2027-03-31,1,BASE,2027-03-31,False,True,False
20260919T131926+0800-ad2c247a,TELECOM_SERVICE_CYCLE,Telecom service / ARPU and enterprise ICT cycle,Telecom,4904,遠傳,integrated_telecom,DIRECT,0.98,POSITIVE,Mobile and enterprise ICT trends directly drive telecom revenue and margins,mobile ARPU / subscriber mix / enterprise ICT cloud IDC / capex,RESEARCH_VALIDATED,SECTOR_BASE_2026_09,2027-03-31,1,BASE,2027-03-31,False,True,False
20260919T131926+0800-ad2c247a,PC_GAMING_HARDWARE_CYCLE,PC / gaming hardware replacement and GPU cycle,PC_Hardware,2377,微星,gaming_gpu_motherboard_notebook,DIRECT,0.98,POSITIVE,GPU add-in-board motherboard gaming notebook and PC replacement cycles directly drive core hardware sales,NVIDIA AMD GPU cycle / motherboard shipments / gaming notebook sell-through / channel inventory,RESEARCH_VALIDATED,SECTOR_BASE_2026_09,2027-03-31,1,BASE,2027-03-31,False,True,False
20260919T131926+0800-ad2c247a,PC_GAMING_HARDWARE_CYCLE,PC / gaming hardware replacement and GPU cycle,PC_Hardware,2353,宏碁,pc_notebook,DIRECT,0.95,POSITIVE,Global PC and notebook replacement demand directly drives unit shipments revenue and channel inventory,global PC units / notebook shipments / channel inventory / ASP,RESEARCH_VALIDATED,SECTOR_BASE_2026_09,2027-03-31,1,BASE,2027-03-31,False,True,False
20260919T131926+0800-ad2c247a,DISPLAY_DRIVER_IC_CYCLE,Display driver IC / TCON demand cycle,Display_IC,3034,聯詠,ddic_tcon,DIRECT,0.98,POSITIVE,Panel shipment demand DDIC TCON ASP and inventory directly transmit into revenue and margins,DDIC TCON units / ASP / panel shipments / inventory / mature-node foundry utilization,RESEARCH_VALIDATED,SECTOR_BASE_2026_09,2027-03-31,1,BASE,2027-03-31,False,True,False
20260919T131926+0800-ad2c247a,DISPLAY_PANEL_CYCLE,Display panel demand / pricing and utilization cycle,Display,2489,瑞軒,display_tv_monitor,STRONG,0.8,POSITIVE,TV and display product demand panel pricing and inventory transmit into display-system revenue and margins,TV monitor units / panel prices / inventory / customer demand,RESEARCH_VALIDATED,SECTOR_BASE_2026_09,2027-03-31,1,BASE,2027-03-31,False,True,False
20260919T131926+0800-ad2c247a,INDUSTRIAL_CHEMICAL_CYCLE,Industrial / specialty chemical demand cycle,Chemicals,1727,中華化,industrial_specialty_chemicals,DIRECT,0.85,POSITIVE,Chemical product pricing feedstock costs utilization and industrial demand directly drive earnings,key product prices / feedstock spreads / utilization / industrial customer orders,RESEARCH_VALIDATED,SECTOR_BASE_2026_09,2027-03-31,1,BASE,2027-03-31,False,True,False
20260919T131926+0800-ad2c247a,INDUSTRIAL_CHEMICAL_CYCLE,Industrial / specialty chemical demand cycle,Chemicals,1709,和益,industrial_chemicals,DIRECT,0.85,POSITIVE,Chemical product spreads utilization and downstream industrial demand directly drive earnings,key chemical prices / feedstock spreads / utilization / downstream orders,RESEARCH_VALIDATED,SECTOR_BASE_2026_09,2027-03-31,1,BASE,2027-03-31,False,True,False
20260919T131926+0800-ad2c247a,DISCRETE_POWER_SEMI_CYCLE,Discrete / power semiconductor demand cycle,Power_Semiconductor,6291,沛亨,analog_power_ic,STRONG,0.75,POSITIVE,Power-management and analog device demand inventory and electronics end-markets transmit into revenue,PMIC analog orders / channel inventory / ASP / utilization / end-market shipments,RESEARCH_VALIDATED,SECTOR_BASE_2026_09,2027-03-31,1,BASE,2027-03-31,False,True,False
20260919T131926+0800-ad2c247a,PASSIVE_COMPONENT_CYCLE,Passive component demand / inventory cycle,Passive_Components,3624,光頡,precision_resistor_inductor,DIRECT,0.9,POSITIVE,Precision resistor and inductor demand ASP utilization and electronics industrial end-markets directly transmit into revenue,resistor inductor orders / ASP / utilization / channel inventory / end-market mix,RESEARCH_VALIDATED,SECTOR_BASE_2026_09,2027-03-31,1,BASE,2027-03-31,False,True,False
20260919T131926+0800-ad2c247a,PASSIVE_COMPONENT_CYCLE,Passive component demand / inventory cycle,Passive_Components,8111,立碁,led_component,DIRECT,0.85,POSITIVE,LED component demand pricing utilization and downstream electronics demand directly transmit into revenue,LED orders / ASP / utilization / inventory / application mix,RESEARCH_VALIDATED,SECTOR_BASE_2026_09,2027-03-31,1,BASE,2027-03-31,False,True,False
20260919T131926+0800-ad2c247a,PASSIVE_COMPONENT_CYCLE,Passive component demand / inventory cycle,Passive_Components,2426,鼎元,led_sensor_component,DIRECT,0.85,POSITIVE,LED and sensor component demand utilization and pricing directly transmit into revenue,LED sensor orders / ASP / utilization / inventory / application mix,RESEARCH_VALIDATED,SECTOR_BASE_2026_09,2027-03-31,1,BASE,2027-03-31,False,True,False
20260919T131926+0800-ad2c247a,LED_COMPONENT_CYCLE,LED component / lighting demand cycle,LED,6226,光鼎,led_components_modules,DIRECT,0.95,POSITIVE,LED components modules lighting and indicator demand remain the core revenue base,LED component and module revenue / ASP / utilization / end-market orders,RESEARCH_VALIDATED,SECTOR_BASE_2026_09,2027-03-31,1,BASE,2027-03-31,False,True,False
20260919T131926+0800-ad2c247a,POWER_ELECTRONICS_CAPEX,Power equipment / electronics capex,Power,6226,光鼎,igbt_sic_power_devices,SPECULATIVE,0.55,POSITIVE,IGBT and SiC MOSFET expansion provides optionality to industrial energy storage UPS and server power demand but remains a small emerging revenue stream,power semiconductor revenue mix / customer qualification / volume ramp,RESEARCH_VALIDATED,SECTOR_BASE_2026_09,2027-03-31,1,THESIS,2027-03-31,False,True,False
20260919T131926+0800-ad2c247a,OPTICAL_COMPONENT_DEMAND,Optical-component / photonics demand,Photonics,6426,統新,wdm_and_transceiver_filters,DIRECT,0.98,POSITIVE,800G 1.6T transceivers and DCI WDM scaling directly increase thin-film optical filter content,800G 1.6T filter shipments / WDM filter orders / DCI customer demand,RESEARCH_VALIDATED,SECTOR_BASE_2026_09,2027-03-31,1,THESIS,2027-03-31,False,True,False
20260919T131926+0800-ad2c247a,EMBEDDED_ETHERNET_IC_CYCLE,Embedded Ethernet / connectivity IC demand cycle,Networking_IC,3094,聯傑,embedded_ethernet_controller_phy,DIRECT,0.98,POSITIVE,Embedded Ethernet controller PHY and switch demand directly drives the company's core networking IC shipments,Ethernet controller PHY switch shipments / ASP / channel inventory / industrial networking demand,RESEARCH_VALIDATED,SECTOR_BASE_2026_09,2027-03-31,1,BASE,2027-03-31,False,True,False
20260919T131926+0800-ad2c247a,SEMICONDUCTOR_FACILITY_BUILDOUT,Semiconductor fab facility / clean utility buildout,Semiconductor_Infrastructure,2221,大甲,high_purity_piping_fittings,DIRECT,0.96,POSITIVE,Fab and packaging facility expansion directly increases clean high-purity piping and utility fitting demand,clean-grade revenue mix / fab project backlog / order schedule / customer capex,RESEARCH_VALIDATED,SECTOR_BASE_2026_09,2027-03-31,1,THESIS,2027-03-31,False,True,False
20260919T131926+0800-ad2c247a,OPTICAL_COMPONENT_DEMAND,Optical-component / photonics demand,Photonics,7717,萊德光電-KY,fiber_optic_passive_components,DIRECT,0.98,POSITIVE,Fiber communication and high-power laser systems directly consume passive optical components,fiber-optic passive revenue / laser passive shipments / optical customer orders,RESEARCH_VALIDATED,SECTOR_BASE_2026_09,2027-03-31,1,THESIS,2027-03-31,False,True,False
20260919T131926+0800-ad2c247a,LEO_SATCOM_DEPLOYMENT,LEO satellite / ground-infrastructure deployment,Satcom,7717,萊德光電-KY,satellite_laser_passives,DIRECT,0.92,POSITIVE,Satellite laser terminals and optical ground stations increase demand for laser passive components,satellite laser passive revenue / optical ground-station orders / shipment growth,RESEARCH_VALIDATED,SECTOR_BASE_2026_09,2027-03-31,1,THESIS,2027-03-31,False,True,False
20260919T131926+0800-ad2c247a,ADVANCED_PACKAGING_TEST_CAPEX,Advanced packaging / test capex,Semiconductor_Equipment,7828,創新服務,probe_card_automation,DIRECT,0.98,POSITIVE,Probe-card production automation repair and advanced packaging copper-pillar TGV demand directly drive equipment and service revenue,probe-card equipment shipments / repair material revenue / TGV copper-pillar qualification,RESEARCH_VALIDATED,SECTOR_BASE_2026_09,2027-03-31,1,THESIS,2027-03-31,False,True,False
20260919T131926+0800-ad2c247a,PHARMA_505B2_GENERIC_COMMERCIALIZATION,505(b)(2) / complex-generic regulatory and commercialization cycle,Pharma,6620,漢達,505b2_complex_generics,DIRECT,0.98,POSITIVE,FDA regulatory milestones licensing and launches of 505(b)(2) and complex generic products directly determine commercialization value,FDA approvals / launches / licensing milestones / product revenue / competition,RESEARCH_VALIDATED,SECTOR_BASE_2026_09,2027-03-31,1,BASE,2027-03-31,False,True,False
20260919T131926+0800-ad2c247a,SOLAR_CELL_CAPEX_TECH_UPGRADE,Solar-cell manufacturing capex / technology upgrade,Solar,6538,倉和,solar_screen_printing,DIRECT,0.98,POSITIVE,TOPCon and BC metallization fine-line printing upgrades directly drive high-end screen and consumable demand,TOPCon BC customer adoption / screen shipments / India capacity / silver-paste reduction technology,RESEARCH_VALIDATED,SECTOR_BASE_2026_09,2027-03-31,1,THESIS,2027-03-31,False,True,False
20260919T131926+0800-ad2c247a,VACCINE_COMMERCIALIZATION,Vaccine commercialization / regulatory cycle,Biotech,6547,高端疫苗,ev71_influenza_vaccine,DIRECT,0.98,POSITIVE,EV71 and influenza vaccine approvals tenders overseas registrations and shipments directly determine commercial revenue,EV71 domestic and overseas shipments / influenza tenders / ASEAN approvals / second-generation vaccine milestones,RESEARCH_VALIDATED,SECTOR_BASE_2026_09,2027-03-31,1,BASE,2027-03-31,False,True,False
20260919T131926+0800-ad2c247a,OPTOELECTRONIC_IMAGING_EQUIPMENT_CYCLE,Optoelectronic imaging / scanner equipment cycle,Optoelectronic_Equipment,2305,全友,optoelectronic_imaging_equipment,DIRECT,0.9,POSITIVE,Optoelectronic equipment and imaging-scanner demand directly drive the reported product mix,optoelectronic equipment revenue / scanner units / imaging-equipment orders / product mix,RESEARCH_VALIDATED,SECTOR_BASE_2026_09,2027-03-31,1,BASE,2027-03-31,False,True,False
20260919T131926+0800-ad2c247a,RENEWABLE_ENERGY_EPC_BUILDOUT,Renewable energy EPC / power infrastructure buildout,Renewable_Energy,6179,亞通,renewable_energy_engineering_epc,DIRECT,0.9,POSITIVE,Renewable and power engineering project awards construction progress and commissioning directly drive recognized engineering revenue,project backlog / monthly engineering progress / renewable capacity under construction / receivables and EPC margin,RESEARCH_VALIDATED,SECTOR_BASE_2026_09,2027-03-31,1,BASE,2027-03-31,False,True,False
20260919T131926+0800-ad2c247a,PCB_MATERIALS_CYCLE,PCB / laminate / interconnect materials cycle,Base_Industry,1303,南亞,electronic_materials,DIRECT,0.9,POSITIVE,Durable base-industry exposure independent of the current thematic catalyst,Industry orders shipments utilization pricing inventory and company product mix,RESEARCH_VALIDATED,BASE_LAYER_2026_09,2027-03-31,1,BASE,2027-03-31,False,True,False
20260919T131926+0800-ad2c247a,SEMICONDUCTOR_INFRA_SERVICES_CYCLE,Semiconductor infrastructure / analysis service cycle,Base_Industry,1560,中砂,semiconductor_consumables,DIRECT,0.9,POSITIVE,Durable base-industry exposure independent of the current thematic catalyst,Industry orders shipments utilization pricing inventory and company product mix,RESEARCH_VALIDATED,BASE_LAYER_2026_09,2027-03-31,1,BASE,2027-03-31,False,True,False
20260919T131926+0800-ad2c247a,PCB_MATERIALS_CYCLE,PCB / laminate / interconnect materials cycle,Base_Industry,1815,富喬,glass_fabric,DIRECT,0.9,POSITIVE,Durable base-industry exposure independent of the current thematic catalyst,Industry orders shipments utilization pricing inventory and company product mix,RESEARCH_VALIDATED,BASE_LAYER_2026_09,2027-03-31,1,BASE,2027-03-31,False,True,False
20260919T131926+0800-ad2c247a,SEMICONDUCTOR_INFRA_SERVICES_CYCLE,Semiconductor infrastructure / analysis service cycle,Base_Industry,2221,大甲,fab_facility_components,DIRECT,0.9,POSITIVE,Durable base-industry exposure independent of the current thematic catalyst,Industry orders shipments utilization pricing inventory and company product mix,RESEARCH_VALIDATED,BASE_LAYER_2026_09,2027-03-31,1,BASE,2027-03-31,False,True,False
20260919T131926+0800-ad2c247a,THERMAL_MANAGEMENT_CYCLE,Thermal-management component cycle,Base_Industry,2354,鴻準,thermal_modules,DIRECT,0.9,POSITIVE,Durable base-industry exposure independent of the current thematic catalyst,Industry orders shipments utilization pricing inventory and company product mix,RESEARCH_VALIDATED,BASE_LAYER_2026_09,2027-03-31,1,BASE,2027-03-31,False,True,False
20260919T131926+0800-ad2c247a,PC_GAMING_HARDWARE_CYCLE,PC_GAMING_HARDWARE_CYCLE,Base_Industry,2357,華碩,pc_gaming_hardware,DIRECT,0.9,POSITIVE,Durable base-industry exposure independent of the current thematic catalyst,Industry orders shipments utilization pricing inventory and company product mix,RESEARCH_VALIDATED,BASE_LAYER_2026_09,2027-03-31,1,BASE,2027-03-31,False,True,False
20260919T131926+0800-ad2c247a,PC_GAMING_HARDWARE_CYCLE,PC_GAMING_HARDWARE_CYCLE,Base_Industry,2376,技嘉,pc_server_hardware,DIRECT,0.9,POSITIVE,Durable base-industry exposure independent of the current thematic catalyst,Industry orders shipments utilization pricing inventory and company product mix,RESEARCH_VALIDATED,BASE_LAYER_2026_09,2027-03-31,1,BASE,2027-03-31,False,True,False
20260919T131926+0800-ad2c247a,NETWORKING_CONNECTIVITY_CYCLE,Networking / connectivity semiconductor cycle,Base_Industry,2379,瑞昱,networking_ic,DIRECT,0.9,POSITIVE,Durable base-industry exposure independent of the current thematic catalyst,Industry orders shipments utilization pricing inventory and company product mix,RESEARCH_VALIDATED,BASE_LAYER_2026_09,2027-03-31,1,BASE,2027-03-31,False,True,False
20260919T131926+0800-ad2c247a,SERVER_HARDWARE_CYCLE,Server / enterprise compute hardware cycle,Base_Industry,2382,廣達,server_odm,DIRECT,0.9,POSITIVE,Durable base-industry exposure independent of the current thematic catalyst,Industry orders shipments utilization pricing inventory and company product mix,RESEARCH_VALIDATED,BASE_LAYER_2026_09,2027-03-31,1,BASE,2027-03-31,False,True,False
20260919T131926+0800-ad2c247a,DISPLAY_PANEL_CYCLE,DISPLAY_PANEL_CYCLE,Base_Industry,2409,友達,display_panel,DIRECT,0.9,POSITIVE,Durable base-industry exposure independent of the current thematic catalyst,Industry orders shipments utilization pricing inventory and company product mix,RESEARCH_VALIDATED,BASE_LAYER_2026_09,2027-03-31,1,BASE,2027-03-31,False,True,False
20260919T131926+0800-ad2c247a,THERMAL_MANAGEMENT_CYCLE,Thermal-management component cycle,Base_Industry,2421,建準,fans_thermal,DIRECT,0.9,POSITIVE,Durable base-industry exposure independent of the current thematic catalyst,Industry orders shipments utilization pricing inventory and company product mix,RESEARCH_VALIDATED,BASE_LAYER_2026_09,2027-03-31,1,BASE,2027-03-31,False,True,False
20260919T131926+0800-ad2c247a,POWER_CONNECTIVITY_CYCLE,Power interconnect / protection component cycle,Base_Industry,2428,興勤,protection_sensors,DIRECT,0.9,POSITIVE,Durable base-industry exposure independent of the current thematic catalyst,Industry orders shipments utilization pricing inventory and company product mix,RESEARCH_VALIDATED,BASE_LAYER_2026_09,2027-03-31,1,BASE,2027-03-31,False,True,False
20260919T131926+0800-ad2c247a,ASIC_DESIGN_SERVICE_CYCLE,ASIC design-service / turnkey cycle,Base_Industry,2454,聯發科,fabless_soc_asic,DIRECT,0.9,POSITIVE,Durable base-industry exposure independent of the current thematic catalyst,Industry orders shipments utilization pricing inventory and company product mix,RESEARCH_VALIDATED,BASE_LAYER_2026_09,2027-03-31,1,BASE,2027-03-31,False,True,False
20260919T131926+0800-ad2c247a,OPTICAL_PHOTONICS_CYCLE,Optical / photonics component cycle,Base_Industry,2455,全新,iii_v_photonics_epi,DIRECT,0.9,POSITIVE,Durable base-industry exposure independent of the current thematic catalyst,Industry orders shipments utilization pricing inventory and company product mix,RESEARCH_VALIDATED,BASE_LAYER_2026_09,2027-03-31,1,BASE,2027-03-31,False,True,False
20260919T131926+0800-ad2c247a,DISCRETE_POWER_SEMI_CYCLE,DISCRETE_POWER_SEMI_CYCLE,Base_Industry,2481,強茂,discrete_power_semiconductor,DIRECT,0.9,POSITIVE,Durable base-industry exposure independent of the current thematic catalyst,Industry orders shipments utilization pricing inventory and company product mix,RESEARCH_VALIDATED,BASE_LAYER_2026_09,2027-03-31,1,BASE,2027-03-31,False,True,False
20260919T131926+0800-ad2c247a,SEMICONDUCTOR_INFRA_SERVICES_CYCLE,Semiconductor infrastructure / analysis service cycle,Base_Industry,3016,嘉晶,epi_wafer,DIRECT,0.9,POSITIVE,Durable base-industry exposure independent of the current thematic catalyst,Industry orders shipments utilization pricing inventory and company product mix,RESEARCH_VALIDATED,BASE_LAYER_2026_09,2027-03-31,1,BASE,2027-03-31,False,True,False
20260919T131926+0800-ad2c247a,ASIC_DESIGN_SERVICE_CYCLE,ASIC design-service / turnkey cycle,Base_Industry,3035,智原,asic_design_turnkey,DIRECT,0.9,POSITIVE,Durable base-industry exposure independent of the current thematic catalyst,Industry orders shipments utilization pricing inventory and company product mix,RESEARCH_VALIDATED,BASE_LAYER_2026_09,2027-03-31,1,BASE,2027-03-31,False,True,False
20260919T131926+0800-ad2c247a,PCB_MATERIALS_CYCLE,PCB / laminate / interconnect materials cycle,Base_Industry,3044,健鼎,pcb,DIRECT,0.9,POSITIVE,Durable base-industry exposure independent of the current thematic catalyst,Industry orders shipments utilization pricing inventory and company product mix,RESEARCH_VALIDATED,BASE_LAYER_2026_09,2027-03-31,1,BASE,2027-03-31,False,True,False
20260919T131926+0800-ad2c247a,SEMICONDUCTOR_TEST_CYCLE,Semiconductor test / OSAT utilization cycle,Base_Industry,3264,欣銓,wafer_final_test,DIRECT,0.9,POSITIVE,Durable base-industry exposure independent of the current thematic catalyst,Industry orders shipments utilization pricing inventory and company product mix,RESEARCH_VALIDATED,BASE_LAYER_2026_09,2027-03-31,1,BASE,2027-03-31,False,True,False
20260919T131926+0800-ad2c247a,THERMAL_MANAGEMENT_CYCLE,Thermal-management component cycle,Base_Industry,3324,雙鴻,thermal_modules,DIRECT,0.9,POSITIVE,Durable base-industry exposure independent of the current thematic catalyst,Industry orders shipments utilization pricing inventory and company product mix,RESEARCH_VALIDATED,BASE_LAYER_2026_09,2027-03-31,1,BASE,2027-03-31,False,True,False
20260919T131926+0800-ad2c247a,SEMICONDUCTOR_TEST_CYCLE,Semiconductor test / OSAT utilization cycle,Base_Industry,3374,精材,wafer_level_test_packaging,DIRECT,0.9,POSITIVE,Durable base-industry exposure independent of the current thematic catalyst,Industry orders shipments utilization pricing inventory and company product mix,RESEARCH_VALIDATED,BASE_LAYER_2026_09,2027-03-31,1,BASE,2027-03-31,False,True,False
20260919T131926+0800-ad2c247a,ASIC_DESIGN_SERVICE_CYCLE,ASIC design-service / turnkey cycle,Base_Industry,3443,創意,asic_design_turnkey,DIRECT,0.9,POSITIVE,Durable base-industry exposure independent of the current thematic catalyst,Industry orders shipments utilization pricing inventory and company product mix,RESEARCH_VALIDATED,BASE_LAYER_2026_09,2027-03-31,1,BASE,2027-03-31,False,True,False
20260919T131926+0800-ad2c247a,OPTICAL_PHOTONICS_CYCLE,Optical / photonics component cycle,Base_Industry,3491,昇達科,microwave_rf_components,DIRECT,0.9,POSITIVE,Durable base-industry exposure independent of the current thematic catalyst,Industry orders shipments utilization pricing inventory and company product mix,RESEARCH_VALIDATED,BASE_LAYER_2026_09,2027-03-31,1,BASE,2027-03-31,False,True,False
20260919T131926+0800-ad2c247a,ASIC_DESIGN_SERVICE_CYCLE,ASIC design-service / turnkey cycle,Base_Industry,3529,力旺,semiconductor_ip,DIRECT,0.9,POSITIVE,Durable base-industry exposure independent of the current thematic catalyst,Industry orders shipments utilization pricing inventory and company product mix,RESEARCH_VALIDATED,BASE_LAYER_2026_09,2027-03-31,1,BASE,2027-03-31,False,True,False
20260919T131926+0800-ad2c247a,POWER_CONNECTIVITY_CYCLE,Power interconnect / protection component cycle,Base_Industry,3605,宏致,connectors_cables,DIRECT,0.9,POSITIVE,Durable base-industry exposure independent of the current thematic catalyst,Industry orders shipments utilization pricing inventory and company product mix,RESEARCH_VALIDATED,BASE_LAYER_2026_09,2027-03-31,1,BASE,2027-03-31,False,True,False
20260919T131926+0800-ad2c247a,SEMICONDUCTOR_INFRA_SERVICES_CYCLE,Semiconductor infrastructure / analysis service cycle,Base_Industry,3680,家登,fab_material_handling,DIRECT,0.9,POSITIVE,Durable base-industry exposure independent of the current thematic catalyst,Industry orders shipments utilization pricing inventory and company product mix,RESEARCH_VALIDATED,BASE_LAYER_2026_09,2027-03-31,1,BASE,2027-03-31,False,True,False
20260919T131926+0800-ad2c247a,SERVER_HARDWARE_CYCLE,Server / enterprise compute hardware cycle,Base_Industry,3693,營邦,server_chassis,DIRECT,0.9,POSITIVE,Durable base-industry exposure independent of the current thematic catalyst,Industry orders shipments utilization pricing inventory and company product mix,RESEARCH_VALIDATED,BASE_LAYER_2026_09,2027-03-31,1,BASE,2027-03-31,False,True,False
20260919T131926+0800-ad2c247a,OPTICAL_PHOTONICS_CYCLE,Optical / photonics component cycle,Base_Industry,3714,富采,led_photonics_components,DIRECT,0.9,POSITIVE,Durable base-industry exposure independent of the current thematic catalyst,Industry orders shipments utilization pricing inventory and company product mix,RESEARCH_VALIDATED,BASE_LAYER_2026_09,2027-03-31,1,BASE,2027-03-31,False,True,False
20260919T131926+0800-ad2c247a,OPTICAL_PHOTONICS_CYCLE,Optical / photonics component cycle,Base_Industry,4908,前鼎,optical_components,DIRECT,0.9,POSITIVE,Durable base-industry exposure independent of the current thematic catalyst,Industry orders shipments utilization pricing inventory and company product mix,RESEARCH_VALIDATED,BASE_LAYER_2026_09,2027-03-31,1,BASE,2027-03-31,False,True,False
20260919T131926+0800-ad2c247a,NETWORKING_CONNECTIVITY_CYCLE,Networking / connectivity semiconductor cycle,Base_Industry,5269,祥碩,pcie_connectivity_ic,DIRECT,0.9,POSITIVE,Durable base-industry exposure independent of the current thematic catalyst,Industry orders shipments utilization pricing inventory and company product mix,RESEARCH_VALIDATED,BASE_LAYER_2026_09,2027-03-31,1,BASE,2027-03-31,False,True,False
20260919T131926+0800-ad2c247a,SERVER_HARDWARE_CYCLE,Server / enterprise compute hardware cycle,Base_Industry,5274,信驊,server_bmc,DIRECT,0.9,POSITIVE,Durable base-industry exposure independent of the current thematic catalyst,Industry orders shipments utilization pricing inventory and company product mix,RESEARCH_VALIDATED,BASE_LAYER_2026_09,2027-03-31,1,BASE,2027-03-31,False,True,False
20260919T131926+0800-ad2c247a,SEMICONDUCTOR_TEST_CYCLE,Semiconductor test / OSAT utilization cycle,Base_Industry,6147,頎邦,osat_bumping_test,DIRECT,0.9,POSITIVE,Durable base-industry exposure independent of the current thematic catalyst,Industry orders shipments utilization pricing inventory and company product mix,RESEARCH_VALIDATED,BASE_LAYER_2026_09,2027-03-31,1,BASE,2027-03-31,False,True,False
20260919T131926+0800-ad2c247a,TELECOM_SERVICE_CYCLE,TELECOM_SERVICE_CYCLE,Base_Industry,6214,精誠,enterprise_ict_services,DIRECT,0.9,POSITIVE,Durable base-industry exposure independent of the current thematic catalyst,Industry orders shipments utilization pricing inventory and company product mix,RESEARCH_VALIDATED,BASE_LAYER_2026_09,2027-03-31,1,BASE,2027-03-31,False,True,False
20260919T131926+0800-ad2c247a,SEMICONDUCTOR_TEST_CYCLE,Semiconductor test / OSAT utilization cycle,Base_Industry,6257,矽格,osat_test,DIRECT,0.9,POSITIVE,Durable base-industry exposure independent of the current thematic catalyst,Industry orders shipments utilization pricing inventory and company product mix,RESEARCH_VALIDATED,BASE_LAYER_2026_09,2027-03-31,1,BASE,2027-03-31,False,True,False
20260919T131926+0800-ad2c247a,OPTICAL_PHOTONICS_CYCLE,Optical / photonics component cycle,Base_Industry,6271,同欣電,optoelectronic_packaging,DIRECT,0.9,POSITIVE,Durable base-industry exposure independent of the current thematic catalyst,Industry orders shipments utilization pricing inventory and company product mix,RESEARCH_VALIDATED,BASE_LAYER_2026_09,2027-03-31,1,BASE,2027-03-31,False,True,False
20260919T131926+0800-ad2c247a,POWER_CONNECTIVITY_CYCLE,Power interconnect / protection component cycle,Base_Industry,6290,良維,power_cords,DIRECT,0.9,POSITIVE,Durable base-industry exposure independent of the current thematic catalyst,Industry orders shipments utilization pricing inventory and company product mix,RESEARCH_VALIDATED,BASE_LAYER_2026_09,2027-03-31,1,BASE,2027-03-31,False,True,False
20260919T131926+0800-ad2c247a,OPTICAL_PHOTONICS_CYCLE,Optical / photonics component cycle,Base_Industry,6426,統新,optical_filters,DIRECT,0.9,POSITIVE,Durable base-industry exposure independent of the current thematic catalyst,Industry orders shipments utilization pricing inventory and company product mix,RESEARCH_VALIDATED,BASE_LAYER_2026_09,2027-03-31,1,BASE,2027-03-31,False,True,False
20260919T131926+0800-ad2c247a,NETWORKING_CONNECTIVITY_CYCLE,Networking / connectivity semiconductor cycle,Base_Industry,6526,達發,networking_connectivity_ic,DIRECT,0.9,POSITIVE,Durable base-industry exposure independent of the current thematic catalyst,Industry orders shipments utilization pricing inventory and company product mix,RESEARCH_VALIDATED,BASE_LAYER_2026_09,2027-03-31,1,BASE,2027-03-31,False,True,False
20260919T131926+0800-ad2c247a,SOLAR_MANUFACTURING_CYCLE,Solar manufacturing / equipment cycle,Base_Industry,6538,倉和,solar_printing_screens,DIRECT,0.9,POSITIVE,Durable base-industry exposure independent of the current thematic catalyst,Industry orders shipments utilization pricing inventory and company product mix,RESEARCH_VALIDATED,BASE_LAYER_2026_09,2027-03-31,1,BASE,2027-03-31,False,True,False
20260919T131926+0800-ad2c247a,OPTICAL_PHOTONICS_CYCLE,Optical / photonics component cycle,Base_Industry,6588,東典光電,optical_filters,DIRECT,0.9,POSITIVE,Durable base-industry exposure independent of the current thematic catalyst,Industry orders shipments utilization pricing inventory and company product mix,RESEARCH_VALIDATED,BASE_LAYER_2026_09,2027-03-31,1,BASE,2027-03-31,False,True,False
20260919T131926+0800-ad2c247a,SEMICONDUCTOR_TEST_CYCLE,Semiconductor test / OSAT utilization cycle,Base_Industry,6683,雍智科技,semiconductor_test_interface,DIRECT,0.9,POSITIVE,Durable base-industry exposure independent of the current thematic catalyst,Industry orders shipments utilization pricing inventory and company product mix,RESEARCH_VALIDATED,BASE_LAYER_2026_09,2027-03-31,1,BASE,2027-03-31,False,True,False
20260919T131926+0800-ad2c247a,OPTICAL_PHOTONICS_CYCLE,Optical / photonics component cycle,Base_Industry,6706,惠特,opto_test_equipment,DIRECT,0.9,POSITIVE,Durable base-industry exposure independent of the current thematic catalyst,Industry orders shipments utilization pricing inventory and company product mix,RESEARCH_VALIDATED,BASE_LAYER_2026_09,2027-03-31,1,BASE,2027-03-31,False,True,False
20260919T131926+0800-ad2c247a,THERMAL_MANAGEMENT_CYCLE,Thermal-management component cycle,Base_Industry,6805,富世達,thermal_mechanical,DIRECT,0.9,POSITIVE,Durable base-industry exposure independent of the current thematic catalyst,Industry orders shipments utilization pricing inventory and company product mix,RESEARCH_VALIDATED,BASE_LAYER_2026_09,2027-03-31,1,BASE,2027-03-31,False,True,False
20260919T131926+0800-ad2c247a,SEMICONDUCTOR_INFRA_SERVICES_CYCLE,Semiconductor infrastructure / analysis service cycle,Base_Industry,6830,汎銓,material_failure_analysis,DIRECT,0.9,POSITIVE,Durable base-industry exposure independent of the current thematic catalyst,Industry orders shipments utilization pricing inventory and company product mix,RESEARCH_VALIDATED,BASE_LAYER_2026_09,2027-03-31,1,BASE,2027-03-31,False,True,False
20260919T131926+0800-ad2c247a,SERVER_HARDWARE_CYCLE,Server / enterprise compute hardware cycle,Base_Industry,6933,AMAX-KY,server_systems,DIRECT,0.9,POSITIVE,Durable base-industry exposure independent of the current thematic catalyst,Industry orders shipments utilization pricing inventory and company product mix,RESEARCH_VALIDATED,BASE_LAYER_2026_09,2027-03-31,1,BASE,2027-03-31,False,True,False
20260919T131926+0800-ad2c247a,SERVER_HARDWARE_CYCLE,Server / enterprise compute hardware cycle,Base_Industry,7711,永擎,server_systems,DIRECT,0.9,POSITIVE,Durable base-industry exposure independent of the current thematic catalyst,Industry orders shipments utilization pricing inventory and company product mix,RESEARCH_VALIDATED,BASE_LAYER_2026_09,2027-03-31,1,BASE,2027-03-31,False,True,False
20260919T131926+0800-ad2c247a,OPTICAL_PHOTONICS_CYCLE,Optical / photonics component cycle,Base_Industry,7717,萊德光電-KY,fiber_optic_passives,DIRECT,0.9,POSITIVE,Durable base-industry exposure independent of the current thematic catalyst,Industry orders shipments utilization pricing inventory and company product mix,RESEARCH_VALIDATED,BASE_LAYER_2026_09,2027-03-31,1,BASE,2027-03-31,False,True,False
20260919T131926+0800-ad2c247a,POWER_CONNECTIVITY_CYCLE,Power interconnect / protection component cycle,Base_Industry,7788,松川精密,power_relays,DIRECT,0.9,POSITIVE,Durable base-industry exposure independent of the current thematic catalyst,Industry orders shipments utilization pricing inventory and company product mix,RESEARCH_VALIDATED,BASE_LAYER_2026_09,2027-03-31,1,BASE,2027-03-31,False,True,False
20260919T131926+0800-ad2c247a,SEMICONDUCTOR_TEST_CYCLE,Semiconductor test / OSAT utilization cycle,Base_Industry,7828,創新服務,probe_card_equipment,DIRECT,0.9,POSITIVE,Durable base-industry exposure independent of the current thematic catalyst,Industry orders shipments utilization pricing inventory and company product mix,RESEARCH_VALIDATED,BASE_LAYER_2026_09,2027-03-31,1,BASE,2027-03-31,False,True,False
20260919T131926+0800-ad2c247a,PCB_MATERIALS_CYCLE,PCB / laminate / interconnect materials cycle,Base_Industry,8021,尖點,pcb_drill_consumables,DIRECT,0.9,POSITIVE,Durable base-industry exposure independent of the current thematic catalyst,Industry orders shipments utilization pricing inventory and company product mix,RESEARCH_VALIDATED,BASE_LAYER_2026_09,2027-03-31,1,BASE,2027-03-31,False,True,False
20260919T131926+0800-ad2c247a,POWER_CONNECTIVITY_CYCLE,Power interconnect / protection component cycle,Base_Industry,8103,瀚荃,connectors_power_components,DIRECT,0.9,POSITIVE,Durable base-industry exposure independent of the current thematic catalyst,Industry orders shipments utilization pricing inventory and company product mix,RESEARCH_VALIDATED,BASE_LAYER_2026_09,2027-03-31,1,BASE,2027-03-31,False,True,False
20260919T131926+0800-ad2c247a,PCB_MATERIALS_CYCLE,PCB / laminate / interconnect materials cycle,Base_Industry,8358,金居,copper_foil,DIRECT,0.9,POSITIVE,Durable base-industry exposure independent of the current thematic catalyst,Industry orders shipments utilization pricing inventory and company product mix,RESEARCH_VALIDATED,BASE_LAYER_2026_09,2027-03-31,1,BASE,2027-03-31,False,True,False
20260919T131926+0800-ad2c247a,THERMAL_MANAGEMENT_CYCLE,Thermal-management component cycle,Base_Industry,8996,高力,heat_exchange,DIRECT,0.9,POSITIVE,Durable base-industry exposure independent of the current thematic catalyst,Industry orders shipments utilization pricing inventory and company product mix,RESEARCH_VALIDATED,BASE_LAYER_2026_09,2027-03-31,1,BASE,2027-03-31,False,True,False
20260919T131926+0800-ad2c247a,GRID_ELECTRICAL_EQUIPMENT_CYCLE,Grid electrical equipment / transformer cycle,Base_Industry,1503,士電,grid_equipment,DIRECT,0.9,POSITIVE,Durable base-industry exposure independent of the current thematic catalyst,Industry orders shipments utilization pricing inventory and company product mix,RESEARCH_VALIDATED,LEGACY_BASE_BACKFILL_2026_09,2027-03-31,1,BASE,2027-03-31,False,True,False
20260919T131926+0800-ad2c247a,GRID_ELECTRICAL_EQUIPMENT_CYCLE,Grid electrical equipment / transformer cycle,Base_Industry,1513,中興電,grid_equipment,DIRECT,0.9,POSITIVE,Durable base-industry exposure independent of the current thematic catalyst,Industry orders shipments utilization pricing inventory and company product mix,RESEARCH_VALIDATED,LEGACY_BASE_BACKFILL_2026_09,2027-03-31,1,BASE,2027-03-31,False,True,False
20260919T131926+0800-ad2c247a,GRID_ELECTRICAL_EQUIPMENT_CYCLE,Grid electrical equipment / transformer cycle,Base_Industry,1519,華城,transformers_grid_equipment,DIRECT,0.9,POSITIVE,Durable base-industry exposure independent of the current thematic catalyst,Industry orders shipments utilization pricing inventory and company product mix,RESEARCH_VALIDATED,LEGACY_BASE_BACKFILL_2026_09,2027-03-31,1,BASE,2027-03-31,False,True,False
20260919T131926+0800-ad2c247a,WIRE_CABLE_CYCLE,Wire / cable demand and copper pass-through cycle,Base_Industry,1605,華新,wire_cable,DIRECT,0.9,POSITIVE,Durable base-industry exposure independent of the current thematic catalyst,Industry orders shipments utilization pricing inventory and company product mix,RESEARCH_VALIDATED,LEGACY_BASE_BACKFILL_2026_09,2027-03-31,1,BASE,2027-03-31,False,True,False
20260919T131926+0800-ad2c247a,WIRE_CABLE_CYCLE,Wire / cable demand and copper pass-through cycle,Base_Industry,1608,華榮,wire_cable,DIRECT,0.9,POSITIVE,Durable base-industry exposure independent of the current thematic catalyst,Industry orders shipments utilization pricing inventory and company product mix,RESEARCH_VALIDATED,LEGACY_BASE_BACKFILL_2026_09,2027-03-31,1,BASE,2027-03-31,False,True,False
20260919T131926+0800-ad2c247a,WIRE_CABLE_CYCLE,Wire / cable demand and copper pass-through cycle,Base_Industry,1609,大亞,wire_cable,DIRECT,0.9,POSITIVE,Durable base-industry exposure independent of the current thematic catalyst,Industry orders shipments utilization pricing inventory and company product mix,RESEARCH_VALIDATED,LEGACY_BASE_BACKFILL_2026_09,2027-03-31,1,BASE,2027-03-31,False,True,False
20260919T131926+0800-ad2c247a,UPS_POWER_SYSTEMS_CYCLE,UPS / power conversion systems cycle,Base_Industry,2308,台達電,power_conversion_systems,DIRECT,0.9,POSITIVE,Durable base-industry exposure independent of the current thematic catalyst,Industry orders shipments utilization pricing inventory and company product mix,RESEARCH_VALIDATED,LEGACY_BASE_BACKFILL_2026_09,2027-03-31,1,BASE,2027-03-31,False,True,False
20260919T131926+0800-ad2c247a,FOUNDRY_CYCLE,Semiconductor foundry utilization / wafer cycle,Base_Industry,2330,台積電,semiconductor_foundry,DIRECT,0.9,POSITIVE,Durable base-industry exposure independent of the current thematic catalyst,Industry orders shipments utilization pricing inventory and company product mix,RESEARCH_VALIDATED,LEGACY_BASE_BACKFILL_2026_09,2027-03-31,1,BASE,2027-03-31,False,True,False
20260919T131926+0800-ad2c247a,MEMORY_SEMICONDUCTOR_CYCLE,Memory semiconductor demand / pricing cycle,Base_Industry,2337,旺宏,memory_semiconductor,DIRECT,0.9,POSITIVE,Durable base-industry exposure independent of the current thematic catalyst,Industry orders shipments utilization pricing inventory and company product mix,RESEARCH_VALIDATED,LEGACY_BASE_BACKFILL_2026_09,2027-03-31,1,BASE,2027-03-31,False,True,False
20260919T131926+0800-ad2c247a,MEMORY_SEMICONDUCTOR_CYCLE,Memory semiconductor demand / pricing cycle,Base_Industry,2344,華邦電,memory_semiconductor,DIRECT,0.9,POSITIVE,Durable base-industry exposure independent of the current thematic catalyst,Industry orders shipments utilization pricing inventory and company product mix,RESEARCH_VALIDATED,LEGACY_BASE_BACKFILL_2026_09,2027-03-31,1,BASE,2027-03-31,False,True,False
20260919T131926+0800-ad2c247a,NETWORK_EQUIPMENT_CYCLE,Networking equipment / broadband CPE cycle,Base_Industry,2345,智邦,networking_equipment,DIRECT,0.9,POSITIVE,Durable base-industry exposure independent of the current thematic catalyst,Industry orders shipments utilization pricing inventory and company product mix,RESEARCH_VALIDATED,LEGACY_BASE_BACKFILL_2026_09,2027-03-31,1,BASE,2027-03-31,False,True,False
20260919T131926+0800-ad2c247a,SERVER_HARDWARE_CYCLE,SERVER_HARDWARE_CYCLE,Base_Industry,2356,英業達,server_odm,DIRECT,0.9,POSITIVE,Durable base-industry exposure independent of the current thematic catalyst,Industry orders shipments utilization pricing inventory and company product mix,RESEARCH_VALIDATED,LEGACY_BASE_BACKFILL_2026_09,2027-03-31,1,BASE,2027-03-31,False,True,False
20260919T131926+0800-ad2c247a,MEMORY_SEMICONDUCTOR_CYCLE,Memory semiconductor demand / pricing cycle,Base_Industry,2408,南亞科,dram,DIRECT,0.9,POSITIVE,Durable base-industry exposure independent of the current thematic catalyst,Industry orders shipments utilization pricing inventory and company product mix,RESEARCH_VALIDATED,LEGACY_BASE_BACKFILL_2026_09,2027-03-31,1,BASE,2027-03-31,False,True,False
20260919T131926+0800-ad2c247a,DRY_BULK_SHIPPING_CYCLE,Dry-bulk shipping / fleet cycle,Base_Industry,2605,新興,dry_bulk_shipping,DIRECT,0.9,POSITIVE,Durable base-industry exposure independent of the current thematic catalyst,Industry orders shipments utilization pricing inventory and company product mix,RESEARCH_VALIDATED,LEGACY_BASE_BACKFILL_2026_09,2027-03-31,1,BASE,2027-03-31,False,True,False
20260919T131926+0800-ad2c247a,DRY_BULK_SHIPPING_CYCLE,Dry-bulk shipping / fleet cycle,Base_Industry,2606,裕民,dry_bulk_shipping,DIRECT,0.9,POSITIVE,Durable base-industry exposure independent of the current thematic catalyst,Industry orders shipments utilization pricing inventory and company product mix,RESEARCH_VALIDATED,LEGACY_BASE_BACKFILL_2026_09,2027-03-31,1,BASE,2027-03-31,False,True,False
20260919T131926+0800-ad2c247a,DRY_BULK_SHIPPING_CYCLE,Dry-bulk shipping / fleet cycle,Base_Industry,2617,台航,dry_bulk_shipping,DIRECT,0.9,POSITIVE,Durable base-industry exposure independent of the current thematic catalyst,Industry orders shipments utilization pricing inventory and company product mix,RESEARCH_VALIDATED,LEGACY_BASE_BACKFILL_2026_09,2027-03-31,1,BASE,2027-03-31,False,True,False
20260919T131926+0800-ad2c247a,DRY_BULK_SHIPPING_CYCLE,Dry-bulk shipping / fleet cycle,Base_Industry,2637,慧洋-KY,dry_bulk_shipping,DIRECT,0.9,POSITIVE,Durable base-industry exposure independent of the current thematic catalyst,Industry orders shipments utilization pricing inventory and company product mix,RESEARCH_VALIDATED,LEGACY_BASE_BACKFILL_2026_09,2027-03-31,1,BASE,2027-03-31,False,True,False
20260919T131926+0800-ad2c247a,MEMORY_SEMICONDUCTOR_CYCLE,Memory semiconductor demand / pricing cycle,Base_Industry,3006,晶豪科,memory_ic,DIRECT,0.9,POSITIVE,Durable base-industry exposure independent of the current thematic catalyst,Industry orders shipments utilization pricing inventory and company product mix,RESEARCH_VALIDATED,LEGACY_BASE_BACKFILL_2026_09,2027-03-31,1,BASE,2027-03-31,False,True,False
20260919T131926+0800-ad2c247a,THERMAL_MANAGEMENT_CYCLE,THERMAL_MANAGEMENT_CYCLE,Base_Industry,3017,奇鋐,thermal_modules,DIRECT,0.9,POSITIVE,Durable base-industry exposure independent of the current thematic catalyst,Industry orders shipments utilization pricing inventory and company product mix,RESEARCH_VALIDATED,LEGACY_BASE_BACKFILL_2026_09,2027-03-31,1,BASE,2027-03-31,False,True,False
20260919T131926+0800-ad2c247a,CYBERSECURITY_IT_SERVICES_CYCLE,Cybersecurity / enterprise IT services cycle,Base_Industry,3029,零壹,cybersecurity_distribution,DIRECT,0.9,POSITIVE,Durable base-industry exposure independent of the current thematic catalyst,Industry orders shipments utilization pricing inventory and company product mix,RESEARCH_VALIDATED,LEGACY_BASE_BACKFILL_2026_09,2027-03-31,1,BASE,2027-03-31,False,True,False
20260919T131926+0800-ad2c247a,SEMICONDUCTOR_EQUIPMENT_CYCLE,Semiconductor equipment / process-tool cycle,Base_Industry,3131,弘塑,semiconductor_equipment,DIRECT,0.9,POSITIVE,Durable base-industry exposure independent of the current thematic catalyst,Industry orders shipments utilization pricing inventory and company product mix,RESEARCH_VALIDATED,LEGACY_BASE_BACKFILL_2026_09,2027-03-31,1,BASE,2027-03-31,False,True,False
20260919T131926+0800-ad2c247a,SERVER_HARDWARE_CYCLE,SERVER_HARDWARE_CYCLE,Base_Industry,3231,緯創,server_odm,DIRECT,0.9,POSITIVE,Durable base-industry exposure independent of the current thematic catalyst,Industry orders shipments utilization pricing inventory and company product mix,RESEARCH_VALIDATED,LEGACY_BASE_BACKFILL_2026_09,2027-03-31,1,BASE,2027-03-31,False,True,False
20260919T131926+0800-ad2c247a,STORAGE_MEMORY_PRODUCTS_CYCLE,Storage / memory module product cycle,Base_Industry,3260,威剛,storage_memory_products,DIRECT,0.9,POSITIVE,Durable base-industry exposure independent of the current thematic catalyst,Industry orders shipments utilization pricing inventory and company product mix,RESEARCH_VALIDATED,LEGACY_BASE_BACKFILL_2026_09,2027-03-31,1,BASE,2027-03-31,False,True,False
20260919T131926+0800-ad2c247a,SEMICONDUCTOR_EQUIPMENT_CYCLE,Semiconductor equipment / process-tool cycle,Base_Industry,3583,辛耘,semiconductor_equipment,DIRECT,0.9,POSITIVE,Durable base-industry exposure independent of the current thematic catalyst,Industry orders shipments utilization pricing inventory and company product mix,RESEARCH_VALIDATED,LEGACY_BASE_BACKFILL_2026_09,2027-03-31,1,BASE,2027-03-31,False,True,False
20260919T131926+0800-ad2c247a,NETWORK_EQUIPMENT_CYCLE,Networking equipment / broadband CPE cycle,Base_Industry,3596,智易,broadband_networking,DIRECT,0.9,POSITIVE,Durable base-industry exposure independent of the current thematic catalyst,Industry orders shipments utilization pricing inventory and company product mix,RESEARCH_VALIDATED,LEGACY_BASE_BACKFILL_2026_09,2027-03-31,1,BASE,2027-03-31,False,True,False
20260919T131926+0800-ad2c247a,NETWORK_EQUIPMENT_CYCLE,Networking equipment / broadband CPE cycle,Base_Industry,3704,合勤控,networking_equipment,DIRECT,0.9,POSITIVE,Durable base-industry exposure independent of the current thematic catalyst,Industry orders shipments utilization pricing inventory and company product mix,RESEARCH_VALIDATED,LEGACY_BASE_BACKFILL_2026_09,2027-03-31,1,BASE,2027-03-31,False,True,False
20260919T131926+0800-ad2c247a,STORAGE_MEMORY_PRODUCTS_CYCLE,Storage / memory module product cycle,Base_Industry,4967,十銓,memory_modules,DIRECT,0.9,POSITIVE,Durable base-industry exposure independent of the current thematic catalyst,Industry orders shipments utilization pricing inventory and company product mix,RESEARCH_VALIDATED,LEGACY_BASE_BACKFILL_2026_09,2027-03-31,1,BASE,2027-03-31,False,True,False
20260919T131926+0800-ad2c247a,STORAGE_MEMORY_PRODUCTS_CYCLE,Storage / memory module product cycle,Base_Industry,5289,宜鼎,industrial_storage,DIRECT,0.9,POSITIVE,Durable base-industry exposure independent of the current thematic catalyst,Industry orders shipments utilization pricing inventory and company product mix,RESEARCH_VALIDATED,LEGACY_BASE_BACKFILL_2026_09,2027-03-31,1,BASE,2027-03-31,False,True,False
20260919T131926+0800-ad2c247a,MEMORY_SEMICONDUCTOR_CYCLE,Memory semiconductor demand / pricing cycle,Base_Industry,5351,鈺創,memory_ic,DIRECT,0.9,POSITIVE,Durable base-industry exposure independent of the current thematic catalyst,Industry orders shipments utilization pricing inventory and company product mix,RESEARCH_VALIDATED,LEGACY_BASE_BACKFILL_2026_09,2027-03-31,1,BASE,2027-03-31,False,True,False
20260919T131926+0800-ad2c247a,NETWORK_EQUIPMENT_CYCLE,Networking equipment / broadband CPE cycle,Base_Industry,5388,中磊,networking_equipment,DIRECT,0.9,POSITIVE,Durable base-industry exposure independent of the current thematic catalyst,Industry orders shipments utilization pricing inventory and company product mix,RESEARCH_VALIDATED,LEGACY_BASE_BACKFILL_2026_09,2027-03-31,1,BASE,2027-03-31,False,True,False
20260919T131926+0800-ad2c247a,CYBERSECURITY_IT_SERVICES_CYCLE,Cybersecurity / enterprise IT services cycle,Base_Industry,6140,訊達,enterprise_it_security,DIRECT,0.9,POSITIVE,Durable base-industry exposure independent of the current thematic catalyst,Industry orders shipments utilization pricing inventory and company product mix,RESEARCH_VALIDATED,LEGACY_BASE_BACKFILL_2026_09,2027-03-31,1,BASE,2027-03-31,False,True,False
20260919T131926+0800-ad2c247a,SEMICONDUCTOR_EQUIPMENT_CYCLE,Semiconductor equipment / process-tool cycle,Base_Industry,6187,萬潤,semiconductor_equipment,DIRECT,0.9,POSITIVE,Durable base-industry exposure independent of the current thematic catalyst,Industry orders shipments utilization pricing inventory and company product mix,RESEARCH_VALIDATED,LEGACY_BASE_BACKFILL_2026_09,2027-03-31,1,BASE,2027-03-31,False,True,False
20260919T131926+0800-ad2c247a,SEMICONDUCTOR_TEST_CYCLE,SEMICONDUCTOR_TEST_CYCLE,Base_Industry,6223,旺矽,probe_card_test,DIRECT,0.9,POSITIVE,Durable base-industry exposure independent of the current thematic catalyst,Industry orders shipments utilization pricing inventory and company product mix,RESEARCH_VALIDATED,LEGACY_BASE_BACKFILL_2026_09,2027-03-31,1,BASE,2027-03-31,False,True,False
20260919T131926+0800-ad2c247a,THERMAL_MANAGEMENT_CYCLE,THERMAL_MANAGEMENT_CYCLE,Base_Industry,6230,尼得科超眾,thermal_modules,DIRECT,0.9,POSITIVE,Durable base-industry exposure independent of the current thematic catalyst,Industry orders shipments utilization pricing inventory and company product mix,RESEARCH_VALIDATED,LEGACY_BASE_BACKFILL_2026_09,2027-03-31,1,BASE,2027-03-31,False,True,False
20260919T131926+0800-ad2c247a,NETWORK_EQUIPMENT_CYCLE,Networking equipment / broadband CPE cycle,Base_Industry,6285,啟碁,networking_equipment,DIRECT,0.9,POSITIVE,Durable base-industry exposure independent of the current thematic catalyst,Industry orders shipments utilization pricing inventory and company product mix,RESEARCH_VALIDATED,LEGACY_BASE_BACKFILL_2026_09,2027-03-31,1,BASE,2027-03-31,False,True,False
20260919T131926+0800-ad2c247a,UPS_POWER_SYSTEMS_CYCLE,UPS / power conversion systems cycle,Base_Industry,6409,旭隼,ups_power_systems,DIRECT,0.9,POSITIVE,Durable base-industry exposure independent of the current thematic catalyst,Industry orders shipments utilization pricing inventory and company product mix,RESEARCH_VALIDATED,LEGACY_BASE_BACKFILL_2026_09,2027-03-31,1,BASE,2027-03-31,False,True,False
20260919T131926+0800-ad2c247a,BIOPHARMA_COMMERCIALIZATION_CYCLE,Biopharma commercialization / pipeline cycle,Base_Industry,6446,藥華藥,biopharma,DIRECT,0.9,POSITIVE,Durable base-industry exposure independent of the current thematic catalyst,Industry orders shipments utilization pricing inventory and company product mix,RESEARCH_VALIDATED,LEGACY_BASE_BACKFILL_2026_09,2027-03-31,1,BASE,2027-03-31,False,True,False
20260919T131926+0800-ad2c247a,BIOPHARMA_COMMERCIALIZATION_CYCLE,Biopharma commercialization / pipeline cycle,Base_Industry,6472,保瑞,pharma_cdmo_commercialization,DIRECT,0.9,POSITIVE,Durable base-industry exposure independent of the current thematic catalyst,Industry orders shipments utilization pricing inventory and company product mix,RESEARCH_VALIDATED,LEGACY_BASE_BACKFILL_2026_09,2027-03-31,1,BASE,2027-03-31,False,True,False
20260919T131926+0800-ad2c247a,SEMICONDUCTOR_TEST_CYCLE,SEMICONDUCTOR_TEST_CYCLE,Base_Industry,6510,精測,test_interface,DIRECT,0.9,POSITIVE,Durable base-industry exposure independent of the current thematic catalyst,Industry orders shipments utilization pricing inventory and company product mix,RESEARCH_VALIDATED,LEGACY_BASE_BACKFILL_2026_09,2027-03-31,1,BASE,2027-03-31,False,True,False
20260919T131926+0800-ad2c247a,SEMICONDUCTOR_EQUIPMENT_CYCLE,Semiconductor equipment / process-tool cycle,Base_Industry,6640,均華,advanced_packaging_equipment,DIRECT,0.9,POSITIVE,Durable base-industry exposure independent of the current thematic catalyst,Industry orders shipments utilization pricing inventory and company product mix,RESEARCH_VALIDATED,LEGACY_BASE_BACKFILL_2026_09,2027-03-31,1,BASE,2027-03-31,False,True,False
20260919T131926+0800-ad2c247a,SERVER_HARDWARE_CYCLE,SERVER_HARDWARE_CYCLE,Base_Industry,6669,緯穎,server_odm,DIRECT,0.9,POSITIVE,Durable base-industry exposure independent of the current thematic catalyst,Industry orders shipments utilization pricing inventory and company product mix,RESEARCH_VALIDATED,LEGACY_BASE_BACKFILL_2026_09,2027-03-31,1,BASE,2027-03-31,False,True,False
20260919T131926+0800-ad2c247a,STORAGE_MEMORY_PRODUCTS_CYCLE,Storage / memory module product cycle,Base_Industry,8299,群聯,nand_controller_storage,DIRECT,0.9,POSITIVE,Durable base-industry exposure independent of the current thematic catalyst,Industry orders shipments utilization pricing inventory and company product mix,RESEARCH_VALIDATED,LEGACY_BASE_BACKFILL_2026_09,2027-03-31,1,BASE,2027-03-31,False,True,False
20260919T131926+0800-ad2c247a,SEMICONDUCTOR_EQUIPMENT_CYCLE,Semiconductor equipment / process-tool cycle,Semiconductor_Equipment,8064,東捷,semiconductor_display_process_equipment,DIRECT,0.82,POSITIVE,Semiconductor process and inspection equipment demand directly supports equipment shipments,semiconductor equipment orders / backlog / product mix / utilization,RESEARCH_VALIDATED,CURRENT_CANDIDATE_BACKFILL_2026_09,2027-03-31,1,BASE,2027-03-31,False,True,False
20260919T131926+0800-ad2c247a,SEMICONDUCTOR_TEST_CYCLE,Semiconductor test / OSAT utilization cycle,Semiconductor_Test,2449,京元電子,wafer_final_burnin_system_level_test,DIRECT,0.98,POSITIVE,Wafer probe final test burn-in and system-level test volumes directly drive utilization and revenue,test utilization / AI HPC chip volume / customer mix / capacity loading,RESEARCH_VALIDATED,CURRENT_CANDIDATE_BACKFILL_2026_09,2027-03-31,1,BASE,2027-03-31,False,True,False
20260919T131926+0800-ad2c247a,ASIC_DESIGN_SERVICE_CYCLE,ASIC design-service / turnkey cycle,ASIC_Design,6533,晶心科,riscv_cpu_ip,DIRECT,0.95,POSITIVE,RISC-V CPU IP licensing and SoC design activity directly drive royalty and licensing demand,IP licensing / design wins / royalty mix / customer tape-outs,RESEARCH_VALIDATED,CURRENT_CANDIDATE_BACKFILL_2026_09,2027-03-31,1,BASE,2027-03-31,False,True,False
20260919T131926+0800-ad2c247a,SEMICONDUCTOR_EQUIPMENT_CYCLE,Semiconductor equipment / process-tool cycle,Semiconductor_Equipment,3455,由田,aoi_machine_vision_equipment,STRONG,0.82,POSITIVE,AOI and machine-vision inspection equipment demand follows electronics and semiconductor manufacturing capex,AOI orders / semiconductor and PCB mix / backlog / utilization,RESEARCH_VALIDATED,CURRENT_CANDIDATE_BACKFILL_2026_09,2027-03-31,1,BASE,2027-03-31,False,True,False
20260919T131926+0800-ad2c247a,SEMICONDUCTOR_FACILITY_BUILDOUT,Semiconductor fab facility / clean utility buildout,Semiconductor_Infrastructure,6196,帆宣,fab_facility_system_integration,DIRECT,0.95,POSITIVE,High-tech facility turnkey systems automation and equipment integration rise with fab and advanced-facility buildout,fab project backlog / system integration orders / customer capex / completion schedule,RESEARCH_VALIDATED,CURRENT_CANDIDATE_BACKFILL_2026_09,2027-03-31,1,BASE,2027-03-31,False,True,False
20260919T131926+0800-ad2c247a,OPTICAL_PHOTONICS_CYCLE,Optical / photonics component cycle,Photonics,4979,華星光,optical_chip_tocan_osa,DIRECT,0.95,POSITIVE,Optical chips TO-CAN and optical sub-assemblies track datacom and telecom optical component demand,optical component orders / transceiver demand / product mix / utilization,RESEARCH_VALIDATED,CURRENT_CANDIDATE_BACKFILL_2026_09,2027-03-31,1,BASE,2027-03-31,False,True,False
20260919T131926+0800-ad2c247a,OPTICAL_COMPONENT_DEMAND,Optical-component / photonics demand,Photonics,4979,華星光,datacom_optical_components,DIRECT,0.92,POSITIVE,Higher-speed datacom and optical module deployments increase optical component demand,800G 1.6T optical orders / customer qualification / shipment mix,RESEARCH_VALIDATED,CURRENT_CANDIDATE_BACKFILL_2026_09,2027-03-31,1,THESIS,2027-03-31,False,True,False
20260919T131926+0800-ad2c247a,ELECTRONICS_MANUFACTURING_SERVICES_CYCLE,Electronics manufacturing services / SMT cycle,Electronics_Manufacturing,6278,台表科,smt_electronics_assembly,DIRECT,0.92,POSITIVE,SMT assembly volume and customer electronics demand directly drive utilization and revenue,SMT orders / utilization / customer product mix / end-market shipments,RESEARCH_VALIDATED,CURRENT_CANDIDATE_BACKFILL_2026_09,2027-03-31,1,BASE,2027-03-31,False,True,False
20260919T131926+0800-ad2c247a,SEMICONDUCTOR_TEST_CYCLE,Semiconductor test / OSAT utilization cycle,Semiconductor_Test,6239,力成,packaging_probe_test,DIRECT,0.97,POSITIVE,Chip probing packaging and testing volumes directly drive OSAT utilization and earnings,package and test utilization / memory logic mix / customer volume / ASP,RESEARCH_VALIDATED,CURRENT_CANDIDATE_BACKFILL_2026_09,2027-03-31,1,BASE,2027-03-31,False,True,False
20260919T131926+0800-ad2c247a,SEMICONDUCTOR_EQUIPMENT_CYCLE,Semiconductor equipment / process-tool cycle,Semiconductor_Equipment,2464,盟立,semiconductor_factory_automation,DIRECT,0.92,POSITIVE,AMHS OHT EFEM stocker and factory-automation demand follows semiconductor and advanced-packaging capacity buildout,semiconductor automation orders / AMHS backlog / advanced packaging projects / customer capex,RESEARCH_VALIDATED,CURRENT_CANDIDATE_BACKFILL_2026_09,2027-03-31,1,BASE,2027-03-31,False,True,False
20260919T131926+0800-ad2c247a,SEMICONDUCTOR_TEST_CYCLE,Semiconductor test / OSAT utilization cycle,Semiconductor_Test,2360,致茂,test_measurement_ate,STRONG,0.88,POSITIVE,Semiconductor and electronics test-system demand directly supports ATE and measurement equipment sales,ATE orders / semiconductor test mix / power electronics test demand / backlog,RESEARCH_VALIDATED,CURRENT_CANDIDATE_BACKFILL_2026_09,2027-03-31,1,BASE,2027-03-31,False,True,False
20260919T131926+0800-ad2c247a,PCB_MATERIALS_CYCLE,PCB / laminate / interconnect materials cycle,PCB,2313,華通,multilayer_pcb,DIRECT,0.97,POSITIVE,Multilayer PCB shipment demand utilization and pricing directly drive revenue,PCB orders / utilization / layer count / customer end-market mix,RESEARCH_VALIDATED,CURRENT_CANDIDATE_BACKFILL_2026_09,2027-03-31,1,BASE,2027-03-31,False,True,False
20260919T131926+0800-ad2c247a,PCB_MATERIALS_CYCLE,PCB / laminate / interconnect materials cycle,PCB,6672,騰輝電子-KY,ccl_prepreg_ims,DIRECT,0.97,POSITIVE,CCL prepreg and IMS demand tracks PCB production and high-performance electronics end markets,CCL prepreg IMS orders / utilization / pricing / end-market mix,RESEARCH_VALIDATED,CURRENT_CANDIDATE_BACKFILL_2026_09,2027-03-31,1,BASE,2027-03-31,False,True,False
20260919T131926+0800-ad2c247a,INDUSTRIAL_EDGE_COMPUTING_CYCLE,Industrial edge computing / automation hardware cycle,Industrial_Computing,2395,研華,industrial_edge_computing,DIRECT,0.98,POSITIVE,Industrial edge computers embedded systems and automation deployments directly drive core demand,edge computing orders / industrial automation demand / embedded-system backlog / regional demand,RESEARCH_VALIDATED,CURRENT_CANDIDATE_BACKFILL_2026_09,2027-03-31,1,BASE,2027-03-31,False,True,False
20260919T131926+0800-ad2c247a,ENTERPRISE_SOFTWARE_CYCLE,Enterprise software / digital transformation cycle,Enterprise_Software,8932,智通*,enterprise_software_platforms,STRONG,0.85,POSITIVE,Enterprise software and digital-platform demand is a major current earnings driver alongside legacy manufacturing,software revenue mix / recurring revenue / implementation bookings / fintech platform activity,RESEARCH_VALIDATED,CURRENT_CANDIDATE_BACKFILL_2026_09,2027-03-31,1,BASE,2027-03-31,False,True,False
