run_id,driver_id,taiwan_code,ticker,name,reaction_state,candidate_action,decision_stage,stock_vs_etf_state,entry_trigger_state,recorded_at,decision_session
20260906T101337+0800-760da842,NAND_STORAGE_CYCLE,4967,4967.TW,十銓,PRE_CONFIRMATION,WATCH_ENTRY,GATE_5_ENTRY,STOCK_ALPHA_RESEARCH,NOT_TRIGGERED,2026-09-06T02:16:53.266279+00:00,
20260906T101337+0800-760da842,AI_SERVER_SHIPMENTS,2317,2317.TW,鴻海,PRE_CONFIRMATION,WATCH_ENTRY,GATE_5_ENTRY,STOCK_ALPHA_RESEARCH,NOT_TRIGGERED,2026-09-06T02:16:53.266279+00:00,
20260906T101337+0800-760da842,AI_SERVER_RACK_BUILD,2376,2376.TW,技嘉,PRE_CONFIRMATION,WATCH_ENTRY,GATE_5_ENTRY,STOCK_ALPHA_RESEARCH,NOT_TRIGGERED,2026-09-06T02:16:53.266279+00:00,
20260906T101337+0800-760da842,CONTAINER_FREIGHT,2615,2615.TW,萬海,PERSISTENT,WATCH_RESEARCH,GATE_1_CAUSAL,ETF_CORE_PREFERRED,NOT_TRIGGERED,2026-09-06T02:16:53.266279+00:00,
20260906T101337+0800-760da842,CONTAINER_FREIGHT,2603,2603.TW,長榮,PERSISTENT,WATCH_RESEARCH,GATE_1_CAUSAL,ETF_CORE_PREFERRED,NOT_TRIGGERED,2026-09-06T02:16:53.266279+00:00,
20260906T101337+0800-760da842,CONTAINER_FREIGHT,2609,2609.TW,陽明,PERSISTENT,WATCH_RESEARCH,GATE_1_CAUSAL,ETF_CORE_PREFERRED,NOT_TRIGGERED,2026-09-06T02:16:53.266279+00:00,
20260906T101337+0800-760da842,DRY_BULK_FREIGHT,2606,2606.TW,裕民,PERSISTENT,WATCH_RESEARCH,GATE_1_CAUSAL,STOCK_BLOCKED_WEAK_EDGE,NOT_TRIGGERED,2026-09-06T02:16:53.266279+00:00,
20260906T101337+0800-760da842,DRY_BULK_FREIGHT,2637,2637.TW,慧洋-KY,PERSISTENT,WATCH_RESEARCH,GATE_1_CAUSAL,STOCK_BLOCKED_WEAK_EDGE,NOT_TRIGGERED,2026-09-06T02:16:53.266279+00:00,
20260906T101337+0800-760da842,DRY_BULK_FREIGHT,2605,2605.TW,新興,PERSISTENT,WATCH_RESEARCH,GATE_1_CAUSAL,STOCK_BLOCKED_WEAK_EDGE,NOT_TRIGGERED,2026-09-06T02:16:53.266279+00:00,
20260906T101337+0800-760da842,DRY_BULK_FREIGHT,2617,2617.TW,台航,PERSISTENT,WATCH_RESEARCH,GATE_1_CAUSAL,STOCK_BLOCKED_WEAK_EDGE,NOT_TRIGGERED,2026-09-06T02:16:53.266279+00:00,
20260906T101337+0800-760da842,AI_SERVER_SHIPMENTS,6669,6669.TW,緯穎,PERSISTENT,WATCH_RESEARCH,GATE_2_TRANSMISSION,STOCK_BLOCKED_WEAK_EDGE,NOT_TRIGGERED,2026-09-06T02:16:53.266279+00:00,
20260906T101337+0800-760da842,AI_SERVER_SHIPMENTS,3231,3231.TW,緯創,PERSISTENT,WATCH_RESEARCH,GATE_2_TRANSMISSION,STOCK_BLOCKED_WEAK_EDGE,NOT_TRIGGERED,2026-09-06T02:16:53.266279+00:00,
20260906T101337+0800-760da842,MEMORY_IC_CYCLE,3006,3006.TW,晶豪科,PERSISTENT,WATCH_RESEARCH,GATE_1_CAUSAL,STOCK_BLOCKED_WEAK_EDGE,NOT_TRIGGERED,2026-09-06T02:16:53.266279+00:00,
20260906T101337+0800-760da842,FINANCIALS_RATE_CREDIT_CYCLE,2882,2882.TW,國泰金,PERSISTENT,WATCH_RESEARCH,GATE_1_CAUSAL,ETF_CORE_PREFERRED,NOT_TRIGGERED,2026-09-06T02:16:53.266279+00:00,
20260906T101337+0800-760da842,FINANCIALS_RATE_CREDIT_CYCLE,2881,2881.TW,富邦金,PERSISTENT,WATCH_RESEARCH,GATE_1_CAUSAL,ETF_CORE_PREFERRED,NOT_TRIGGERED,2026-09-06T02:16:53.266279+00:00,
20260906T101337+0800-760da842,DRAM_PRICING,2408,2408.TW,南亞科,PULLBACK,WATCH_RESEARCH,GATE_1_CAUSAL,STOCK_BLOCKED_WEAK_EDGE,NOT_TRIGGERED,2026-09-06T02:16:53.266279+00:00,
20260906T101337+0800-760da842,AI_SERVER_THERMAL_DENSITY,3017,3017.TW,奇鋐,PERSISTENT,WATCH_RESEARCH,GATE_1_CAUSAL,STOCK_BLOCKED_WEAK_EDGE,NOT_TRIGGERED,2026-09-06T02:16:53.266279+00:00,
20260906T101337+0800-760da842,FINANCIALS_RATE_CREDIT_CYCLE,2891,2891.TW,中信金,PRE_CONFIRMATION,WATCH_RESEARCH,GATE_1_CAUSAL,ETF_CORE_PREFERRED,NOT_TRIGGERED,2026-09-06T02:16:53.266279+00:00,
20260906T101337+0800-760da842,AI_SERVER_SHIPMENTS,2356,2356.TW,英業達,CONFIRMING,WATCH_RESEARCH,GATE_2_TRANSMISSION,STOCK_BLOCKED_WEAK_EDGE,NOT_TRIGGERED,2026-09-06T02:16:53.266279+00:00,
20260906T101337+0800-760da842,FINANCIALS_RATE_CREDIT_CYCLE,2886,2886.TW,兆豐金,PRE_CONFIRMATION,WATCH_RESEARCH,GATE_1_CAUSAL,ETF_CORE_PREFERRED,NOT_TRIGGERED,2026-09-06T02:16:53.266279+00:00,
20260906T101337+0800-760da842,AI_SERVER_SHIPMENTS,2382,2382.TW,廣達,UNKNOWN,WATCH_RESEARCH,GATE_2_TRANSMISSION,STOCK_BLOCKED_WEAK_EDGE,NOT_TRIGGERED,2026-09-06T02:16:53.266279+00:00,
20260906T101337+0800-760da842,DATACENTER_COOLING_INFRA,3017,3017.TW,奇鋐,PERSISTENT,WATCH_RESEARCH,GATE_1_CAUSAL,STOCK_BLOCKED_WEAK_EDGE,NOT_TRIGGERED,2026-09-06T02:16:53.266279+00:00,
20260906T101337+0800-760da842,SPECIALTY_MEMORY_PRICING,2344,2344.TW,華邦電,UNKNOWN,WATCH_RESEARCH,GATE_1_CAUSAL,STOCK_BLOCKED_WEAK_EDGE,NOT_TRIGGERED,2026-09-06T02:16:53.266279+00:00,
20260906T101337+0800-760da842,LEADING_EDGE_FOUNDRY_AI_DEMAND,2330,2330.TW,台積電,UNKNOWN,WATCH_RESEARCH,GATE_1_CAUSAL,ETF_CORE_PREFERRED,NOT_TRIGGERED,2026-09-06T02:16:53.266279+00:00,
20260906T101337+0800-760da842,MATURE_NODE_FOUNDRY_UTILIZATION,2303,2303.TW,聯電,UNKNOWN,WATCH_RESEARCH,GATE_1_CAUSAL,STOCK_BLOCKED_WEAK_EDGE,NOT_TRIGGERED,2026-09-06T02:16:53.266279+00:00,
20260906T101337+0800-760da842,MEMORY_IC_CYCLE,5351,5351.TWO,鈺創,PULLBACK,WATCH_RESEARCH,GATE_1_CAUSAL,STOCK_BLOCKED_WEAK_EDGE,NOT_TRIGGERED,2026-09-06T02:16:53.266279+00:00,
20260906T101337+0800-760da842,NAND_STORAGE_CYCLE,8299,8299.TWO,群聯,BROKEN,WATCH_RESEARCH,GATE_2_TRANSMISSION,STOCK_BLOCKED_WEAK_EDGE,NOT_TRIGGERED,2026-09-06T02:16:53.266279+00:00,
20260906T101337+0800-760da842,SPECIALTY_MEMORY_PRICING,2337,2337.TW,旺宏,BROKEN,WATCH_RESEARCH,GATE_1_CAUSAL,STOCK_BLOCKED_WEAK_EDGE,NOT_TRIGGERED,2026-09-06T02:16:53.266279+00:00,
20260906T101337+0800-760da842,NAND_STORAGE_CYCLE,3260,3260.TWO,威剛,BROKEN,WATCH_RESEARCH,GATE_2_TRANSMISSION,STOCK_BLOCKED_WEAK_EDGE,NOT_TRIGGERED,2026-09-06T02:16:53.266279+00:00,
20260906T101337+0800-760da842,MATURE_NODE_FOUNDRY_UTILIZATION,5347,5347.TWO,世界,BROKEN,WATCH_RESEARCH,GATE_1_CAUSAL,STOCK_BLOCKED_WEAK_EDGE,NOT_TRIGGERED,2026-09-06T02:16:53.266279+00:00,
20260906T101337+0800-760da842,MATURE_NODE_FOUNDRY_UTILIZATION,6770,6770.TW,力積電,BROKEN,WATCH_RESEARCH,GATE_1_CAUSAL,STOCK_BLOCKED_WEAK_EDGE,NOT_TRIGGERED,2026-09-06T02:16:53.266279+00:00,
20260906T101337+0800-760da842,AI_NETWORKING_UPGRADE,2345,2345.TW,智邦,BROKEN,WATCH_RESEARCH,GATE_1_CAUSAL,STOCK_BLOCKED_WEAK_EDGE,NOT_TRIGGERED,2026-09-06T02:16:53.266279+00:00,
20260906T101337+0800-760da842,POWER_ELECTRONICS_CAPEX,1519,1519.TW,華城,UNKNOWN,WATCH_RESEARCH,GATE_1_CAUSAL,STOCK_BLOCKED_WEAK_EDGE,NOT_TRIGGERED,2026-09-06T02:16:53.266279+00:00,
20260906T101337+0800-760da842,NAND_STORAGE_CYCLE,5289,5289.TWO,宜鼎,BROKEN,WATCH_RESEARCH,GATE_2_TRANSMISSION,STOCK_BLOCKED_WEAK_EDGE,NOT_TRIGGERED,2026-09-06T02:16:53.266279+00:00,
20260906T101337+0800-760da842,POWER_ELECTRONICS_CAPEX,2308,2308.TW,台達電,UNKNOWN,WATCH_RESEARCH,GATE_1_CAUSAL,STOCK_BLOCKED_WEAK_EDGE,NOT_TRIGGERED,2026-09-06T02:16:53.266279+00:00,
20260906T101337+0800-760da842,POWER_ELECTRONICS_CAPEX,1513,1513.TW,中興電,UNKNOWN,WATCH_RESEARCH,GATE_1_CAUSAL,STOCK_BLOCKED_WEAK_EDGE,NOT_TRIGGERED,2026-09-06T02:16:53.266279+00:00,
20260906T101337+0800-760da842,DATACENTER_POWER_INFRA,2308,2308.TW,台達電,UNKNOWN,WATCH_RESEARCH,GATE_1_CAUSAL,STOCK_BLOCKED_WEAK_EDGE,NOT_TRIGGERED,2026-09-06T02:16:53.266279+00:00,
20260906T101337+0800-760da842,AI_SERVER_THERMAL_DENSITY,8996,8996.TW,高力,UNKNOWN,WATCH_RESEARCH,GATE_1_CAUSAL,STOCK_BLOCKED_WEAK_EDGE,NOT_TRIGGERED,2026-09-06T02:16:53.266279+00:00,
20260906T101337+0800-760da842,COPPER_COMMODITY_TRADE_INVENTORY,1605,1605.TW,華新,PERSISTENT,WATCH_RESEARCH,GATE_1_CAUSAL,STOCK_BLOCKED_WEAK_EDGE,NOT_TRIGGERED,2026-09-06T02:16:53.266279+00:00,
20260906T101337+0800-760da842,DATACENTER_COOLING_INFRA,8996,8996.TW,高力,UNKNOWN,WATCH_RESEARCH,GATE_1_CAUSAL,STOCK_BLOCKED_WEAK_EDGE,NOT_TRIGGERED,2026-09-06T02:16:53.266279+00:00,
20260906T101337+0800-760da842,COPPER_COMMODITY_TRADE_INVENTORY,1608,1608.TW,華榮,UNKNOWN,WATCH_RESEARCH,GATE_1_CAUSAL,STOCK_BLOCKED_WEAK_EDGE,NOT_TRIGGERED,2026-09-06T02:16:53.266279+00:00,
20260906T101337+0800-760da842,CONSUMER_ELECTRONICS_CYCLE,4938,4938.TW,和碩,CONFIRMING,WATCH_RESEARCH,GATE_1_CAUSAL,STOCK_BLOCKED_WEAK_EDGE,NOT_TRIGGERED,2026-09-06T02:16:53.266279+00:00,
20260906T101337+0800-760da842,AI_SERVER_THERMAL_DENSITY,6230,6230.TW,尼得科超眾,BROKEN,WATCH_RESEARCH,GATE_1_CAUSAL,STOCK_BLOCKED_WEAK_EDGE,NOT_TRIGGERED,2026-09-06T02:16:53.266279+00:00,
20260906T101337+0800-760da842,COPPER_COMMODITY_TRADE_INVENTORY,1609,1609.TW,大亞,BROKEN,WATCH_RESEARCH,GATE_1_CAUSAL,STOCK_BLOCKED_WEAK_EDGE,NOT_TRIGGERED,2026-09-06T02:16:53.266279+00:00,
20260906T101337+0800-760da842,DATACENTER_POWER_INFRA,6409,6409.TW,旭隼,BROKEN,WATCH_RESEARCH,GATE_1_CAUSAL,STOCK_BLOCKED_WEAK_EDGE,NOT_TRIGGERED,2026-09-06T02:16:53.266279+00:00,
20260906T101337+0800-760da842,AI_NETWORKING_UPGRADE,6285,6285.TW,啟碁,BROKEN,WATCH_RESEARCH,GATE_1_CAUSAL,STOCK_BLOCKED_WEAK_EDGE,NOT_TRIGGERED,2026-09-06T02:16:53.266279+00:00,
20260906T101337+0800-760da842,AI_SERVER_THERMAL_DENSITY,3324,3324.TWO,雙鴻,EXTENDED,WATCH_RESEARCH,GATE_1_CAUSAL,STOCK_BLOCKED_WEAK_EDGE,NOT_TRIGGERED,2026-09-06T02:16:53.266279+00:00,
20260906T101337+0800-760da842,AI_NETWORKING_UPGRADE,3596,3596.TW,智易,BROKEN,WATCH_RESEARCH,GATE_1_CAUSAL,STOCK_BLOCKED_WEAK_EDGE,NOT_TRIGGERED,2026-09-06T02:16:53.266279+00:00,
20260906T101337+0800-760da842,AI_NETWORKING_UPGRADE,5388,5388.TW,中磊,BROKEN,WATCH_RESEARCH,GATE_1_CAUSAL,STOCK_BLOCKED_WEAK_EDGE,NOT_TRIGGERED,2026-09-06T02:16:53.266279+00:00,
20260906T101337+0800-760da842,CONSUMER_ELECTRONICS_CYCLE,2317,2317.TW,鴻海,PRE_CONFIRMATION,WATCH_RESEARCH,GATE_1_CAUSAL,STOCK_BLOCKED_WEAK_EDGE,NOT_TRIGGERED,2026-09-06T02:16:53.266279+00:00,
20260906T101337+0800-760da842,BIOPHARMA_RISK_APPETITE,6446,6446.TW,藥華藥,PULLBACK,WATCH_RESEARCH,GATE_1_CAUSAL,ETF_CORE_PREFERRED,NOT_TRIGGERED,2026-09-06T02:16:53.266279+00:00,
20260906T101337+0800-760da842,AI_SERVER_RACK_BUILD,3693,3693.TWO,營邦,EXTENDED,WATCH_RESEARCH,GATE_2_TRANSMISSION,STOCK_BLOCKED_WEAK_EDGE,NOT_TRIGGERED,2026-09-06T02:16:53.266279+00:00,
20260906T101337+0800-760da842,DATACENTER_COOLING_INFRA,3324,3324.TWO,雙鴻,EXTENDED,WATCH_RESEARCH,GATE_1_CAUSAL,STOCK_BLOCKED_WEAK_EDGE,NOT_TRIGGERED,2026-09-06T02:16:53.266279+00:00,
20260906T101337+0800-760da842,BIOPHARMA_RISK_APPETITE,6472,6472.TW,保瑞,UNKNOWN,WATCH_RESEARCH,GATE_1_CAUSAL,ETF_CORE_PREFERRED,NOT_TRIGGERED,2026-09-06T02:16:53.266279+00:00,
20260906T101337+0800-760da842,AI_NETWORKING_UPGRADE,3704,3704.TW,合勤控,BROKEN,WATCH_RESEARCH,GATE_1_CAUSAL,STOCK_BLOCKED_WEAK_EDGE,NOT_TRIGGERED,2026-09-06T02:16:53.266279+00:00,
20260906T102742+0800-8e1355c0,NAND_STORAGE_CYCLE,4967,4967.TW,十銓,PRE_CONFIRMATION,WATCH_ENTRY,GATE_5_ENTRY,STOCK_ALPHA_RESEARCH,NOT_TRIGGERED,2026-09-06T02:30:46.727693+00:00,
20260906T102742+0800-8e1355c0,AI_SERVER_SHIPMENTS,2317,2317.TW,鴻海,PRE_CONFIRMATION,WATCH_ENTRY,GATE_5_ENTRY,STOCK_ALPHA_RESEARCH,NOT_TRIGGERED,2026-09-06T02:30:46.727693+00:00,
20260906T102742+0800-8e1355c0,AI_SERVER_RACK_BUILD,2376,2376.TW,技嘉,PRE_CONFIRMATION,WATCH_ENTRY,GATE_5_ENTRY,STOCK_ALPHA_RESEARCH,NOT_TRIGGERED,2026-09-06T02:30:46.727693+00:00,
20260906T102742+0800-8e1355c0,CONTAINER_FREIGHT,2615,2615.TW,萬海,PERSISTENT,WATCH_RESEARCH,GATE_1_CAUSAL,ETF_CORE_PREFERRED,NOT_TRIGGERED,2026-09-06T02:30:46.727693+00:00,
20260906T102742+0800-8e1355c0,CONTAINER_FREIGHT,2603,2603.TW,長榮,PERSISTENT,WATCH_RESEARCH,GATE_1_CAUSAL,ETF_CORE_PREFERRED,NOT_TRIGGERED,2026-09-06T02:30:46.727693+00:00,
20260906T102742+0800-8e1355c0,CONTAINER_FREIGHT,2609,2609.TW,陽明,PERSISTENT,WATCH_RESEARCH,GATE_1_CAUSAL,ETF_CORE_PREFERRED,NOT_TRIGGERED,2026-09-06T02:30:46.727693+00:00,
20260906T102742+0800-8e1355c0,DRY_BULK_FREIGHT,2606,2606.TW,裕民,PERSISTENT,WATCH_RESEARCH,GATE_1_CAUSAL,STOCK_BLOCKED_WEAK_EDGE,NOT_TRIGGERED,2026-09-06T02:30:46.727693+00:00,
20260906T102742+0800-8e1355c0,DRY_BULK_FREIGHT,2637,2637.TW,慧洋-KY,PERSISTENT,WATCH_RESEARCH,GATE_1_CAUSAL,STOCK_BLOCKED_WEAK_EDGE,NOT_TRIGGERED,2026-09-06T02:30:46.727693+00:00,
20260906T102742+0800-8e1355c0,DRY_BULK_FREIGHT,2605,2605.TW,新興,PERSISTENT,WATCH_RESEARCH,GATE_1_CAUSAL,STOCK_BLOCKED_WEAK_EDGE,NOT_TRIGGERED,2026-09-06T02:30:46.727693+00:00,
20260906T102742+0800-8e1355c0,DRY_BULK_FREIGHT,2617,2617.TW,台航,PERSISTENT,WATCH_RESEARCH,GATE_1_CAUSAL,STOCK_BLOCKED_WEAK_EDGE,NOT_TRIGGERED,2026-09-06T02:30:46.727693+00:00,
20260906T102742+0800-8e1355c0,AI_SERVER_SHIPMENTS,6669,6669.TW,緯穎,PERSISTENT,WATCH_RESEARCH,GATE_2_TRANSMISSION,STOCK_BLOCKED_WEAK_EDGE,NOT_TRIGGERED,2026-09-06T02:30:46.727693+00:00,
20260906T102742+0800-8e1355c0,AI_SERVER_SHIPMENTS,3231,3231.TW,緯創,PERSISTENT,WATCH_RESEARCH,GATE_2_TRANSMISSION,STOCK_BLOCKED_WEAK_EDGE,NOT_TRIGGERED,2026-09-06T02:30:46.727693+00:00,
20260906T102742+0800-8e1355c0,MEMORY_IC_CYCLE,3006,3006.TW,晶豪科,PERSISTENT,WATCH_RESEARCH,GATE_1_CAUSAL,STOCK_BLOCKED_WEAK_EDGE,NOT_TRIGGERED,2026-09-06T02:30:46.727693+00:00,
20260906T102742+0800-8e1355c0,FINANCIALS_RATE_CREDIT_CYCLE,2882,2882.TW,國泰金,PERSISTENT,WATCH_RESEARCH,GATE_1_CAUSAL,ETF_CORE_PREFERRED,NOT_TRIGGERED,2026-09-06T02:30:46.727693+00:00,
20260906T102742+0800-8e1355c0,FINANCIALS_RATE_CREDIT_CYCLE,2881,2881.TW,富邦金,PERSISTENT,WATCH_RESEARCH,GATE_1_CAUSAL,ETF_CORE_PREFERRED,NOT_TRIGGERED,2026-09-06T02:30:46.727693+00:00,
20260906T102742+0800-8e1355c0,DRAM_PRICING,2408,2408.TW,南亞科,PULLBACK,WATCH_RESEARCH,GATE_1_CAUSAL,STOCK_BLOCKED_WEAK_EDGE,NOT_TRIGGERED,2026-09-06T02:30:46.727693+00:00,
20260906T102742+0800-8e1355c0,AI_SERVER_THERMAL_DENSITY,3017,3017.TW,奇鋐,PERSISTENT,WATCH_RESEARCH,GATE_1_CAUSAL,STOCK_BLOCKED_WEAK_EDGE,NOT_TRIGGERED,2026-09-06T02:30:46.727693+00:00,
20260906T102742+0800-8e1355c0,FINANCIALS_RATE_CREDIT_CYCLE,2891,2891.TW,中信金,PRE_CONFIRMATION,WATCH_RESEARCH,GATE_1_CAUSAL,ETF_CORE_PREFERRED,NOT_TRIGGERED,2026-09-06T02:30:46.727693+00:00,
20260906T102742+0800-8e1355c0,AI_SERVER_SHIPMENTS,2356,2356.TW,英業達,CONFIRMING,WATCH_RESEARCH,GATE_2_TRANSMISSION,STOCK_BLOCKED_WEAK_EDGE,NOT_TRIGGERED,2026-09-06T02:30:46.727693+00:00,
20260906T102742+0800-8e1355c0,FINANCIALS_RATE_CREDIT_CYCLE,2886,2886.TW,兆豐金,PRE_CONFIRMATION,WATCH_RESEARCH,GATE_1_CAUSAL,ETF_CORE_PREFERRED,NOT_TRIGGERED,2026-09-06T02:30:46.727693+00:00,
20260906T102742+0800-8e1355c0,AI_SERVER_SHIPMENTS,2382,2382.TW,廣達,UNKNOWN,WATCH_RESEARCH,GATE_2_TRANSMISSION,STOCK_BLOCKED_WEAK_EDGE,NOT_TRIGGERED,2026-09-06T02:30:46.727693+00:00,
20260906T102742+0800-8e1355c0,DATACENTER_COOLING_INFRA,3017,3017.TW,奇鋐,PERSISTENT,WATCH_RESEARCH,GATE_1_CAUSAL,STOCK_BLOCKED_WEAK_EDGE,NOT_TRIGGERED,2026-09-06T02:30:46.727693+00:00,
20260906T102742+0800-8e1355c0,SPECIALTY_MEMORY_PRICING,2344,2344.TW,華邦電,UNKNOWN,WATCH_RESEARCH,GATE_1_CAUSAL,STOCK_BLOCKED_WEAK_EDGE,NOT_TRIGGERED,2026-09-06T02:30:46.727693+00:00,
20260906T102742+0800-8e1355c0,LEADING_EDGE_FOUNDRY_AI_DEMAND,2330,2330.TW,台積電,UNKNOWN,WATCH_RESEARCH,GATE_1_CAUSAL,ETF_CORE_PREFERRED,NOT_TRIGGERED,2026-09-06T02:30:46.727693+00:00,
20260906T102742+0800-8e1355c0,MATURE_NODE_FOUNDRY_UTILIZATION,2303,2303.TW,聯電,UNKNOWN,WATCH_RESEARCH,GATE_1_CAUSAL,STOCK_BLOCKED_WEAK_EDGE,NOT_TRIGGERED,2026-09-06T02:30:46.727693+00:00,
20260906T102742+0800-8e1355c0,MEMORY_IC_CYCLE,5351,5351.TWO,鈺創,PULLBACK,WATCH_RESEARCH,GATE_1_CAUSAL,STOCK_BLOCKED_WEAK_EDGE,NOT_TRIGGERED,2026-09-06T02:30:46.727693+00:00,
20260906T102742+0800-8e1355c0,NAND_STORAGE_CYCLE,8299,8299.TWO,群聯,BROKEN,WATCH_RESEARCH,GATE_2_TRANSMISSION,STOCK_BLOCKED_WEAK_EDGE,NOT_TRIGGERED,2026-09-06T02:30:46.727693+00:00,
20260906T102742+0800-8e1355c0,SPECIALTY_MEMORY_PRICING,2337,2337.TW,旺宏,BROKEN,WATCH_RESEARCH,GATE_1_CAUSAL,STOCK_BLOCKED_WEAK_EDGE,NOT_TRIGGERED,2026-09-06T02:30:46.727693+00:00,
20260906T102742+0800-8e1355c0,NAND_STORAGE_CYCLE,3260,3260.TWO,威剛,BROKEN,WATCH_RESEARCH,GATE_2_TRANSMISSION,STOCK_BLOCKED_WEAK_EDGE,NOT_TRIGGERED,2026-09-06T02:30:46.727693+00:00,
20260906T102742+0800-8e1355c0,MATURE_NODE_FOUNDRY_UTILIZATION,5347,5347.TWO,世界,BROKEN,WATCH_RESEARCH,GATE_1_CAUSAL,STOCK_BLOCKED_WEAK_EDGE,NOT_TRIGGERED,2026-09-06T02:30:46.727693+00:00,
20260906T102742+0800-8e1355c0,MATURE_NODE_FOUNDRY_UTILIZATION,6770,6770.TW,力積電,BROKEN,WATCH_RESEARCH,GATE_1_CAUSAL,STOCK_BLOCKED_WEAK_EDGE,NOT_TRIGGERED,2026-09-06T02:30:46.727693+00:00,
20260906T102742+0800-8e1355c0,AI_NETWORKING_UPGRADE,2345,2345.TW,智邦,BROKEN,WATCH_RESEARCH,GATE_1_CAUSAL,STOCK_BLOCKED_WEAK_EDGE,NOT_TRIGGERED,2026-09-06T02:30:46.727693+00:00,
20260906T102742+0800-8e1355c0,POWER_ELECTRONICS_CAPEX,1519,1519.TW,華城,UNKNOWN,WATCH_RESEARCH,GATE_1_CAUSAL,STOCK_BLOCKED_WEAK_EDGE,NOT_TRIGGERED,2026-09-06T02:30:46.727693+00:00,
20260906T102742+0800-8e1355c0,NAND_STORAGE_CYCLE,5289,5289.TWO,宜鼎,BROKEN,WATCH_RESEARCH,GATE_2_TRANSMISSION,STOCK_BLOCKED_WEAK_EDGE,NOT_TRIGGERED,2026-09-06T02:30:46.727693+00:00,
20260906T102742+0800-8e1355c0,POWER_ELECTRONICS_CAPEX,2308,2308.TW,台達電,UNKNOWN,WATCH_RESEARCH,GATE_1_CAUSAL,STOCK_BLOCKED_WEAK_EDGE,NOT_TRIGGERED,2026-09-06T02:30:46.727693+00:00,
20260906T102742+0800-8e1355c0,POWER_ELECTRONICS_CAPEX,1513,1513.TW,中興電,UNKNOWN,WATCH_RESEARCH,GATE_1_CAUSAL,STOCK_BLOCKED_WEAK_EDGE,NOT_TRIGGERED,2026-09-06T02:30:46.727693+00:00,
20260906T102742+0800-8e1355c0,DATACENTER_POWER_INFRA,2308,2308.TW,台達電,UNKNOWN,WATCH_RESEARCH,GATE_1_CAUSAL,STOCK_BLOCKED_WEAK_EDGE,NOT_TRIGGERED,2026-09-06T02:30:46.727693+00:00,
20260906T102742+0800-8e1355c0,AI_SERVER_THERMAL_DENSITY,8996,8996.TW,高力,UNKNOWN,WATCH_RESEARCH,GATE_1_CAUSAL,STOCK_BLOCKED_WEAK_EDGE,NOT_TRIGGERED,2026-09-06T02:30:46.727693+00:00,
20260906T102742+0800-8e1355c0,COPPER_COMMODITY_TRADE_INVENTORY,1605,1605.TW,華新,PERSISTENT,WATCH_RESEARCH,GATE_1_CAUSAL,STOCK_BLOCKED_WEAK_EDGE,NOT_TRIGGERED,2026-09-06T02:30:46.727693+00:00,
20260906T102742+0800-8e1355c0,DATACENTER_COOLING_INFRA,8996,8996.TW,高力,UNKNOWN,WATCH_RESEARCH,GATE_1_CAUSAL,STOCK_BLOCKED_WEAK_EDGE,NOT_TRIGGERED,2026-09-06T02:30:46.727693+00:00,
20260906T102742+0800-8e1355c0,COPPER_COMMODITY_TRADE_INVENTORY,1608,1608.TW,華榮,UNKNOWN,WATCH_RESEARCH,GATE_1_CAUSAL,STOCK_BLOCKED_WEAK_EDGE,NOT_TRIGGERED,2026-09-06T02:30:46.727693+00:00,
20260906T102742+0800-8e1355c0,CONSUMER_ELECTRONICS_CYCLE,4938,4938.TW,和碩,CONFIRMING,WATCH_RESEARCH,GATE_1_CAUSAL,STOCK_BLOCKED_WEAK_EDGE,NOT_TRIGGERED,2026-09-06T02:30:46.727693+00:00,
20260906T102742+0800-8e1355c0,AI_SERVER_THERMAL_DENSITY,6230,6230.TW,尼得科超眾,BROKEN,WATCH_RESEARCH,GATE_1_CAUSAL,STOCK_BLOCKED_WEAK_EDGE,NOT_TRIGGERED,2026-09-06T02:30:46.727693+00:00,
20260906T102742+0800-8e1355c0,COPPER_COMMODITY_TRADE_INVENTORY,1609,1609.TW,大亞,BROKEN,WATCH_RESEARCH,GATE_1_CAUSAL,STOCK_BLOCKED_WEAK_EDGE,NOT_TRIGGERED,2026-09-06T02:30:46.727693+00:00,
20260906T102742+0800-8e1355c0,DATACENTER_POWER_INFRA,6409,6409.TW,旭隼,BROKEN,WATCH_RESEARCH,GATE_1_CAUSAL,STOCK_BLOCKED_WEAK_EDGE,NOT_TRIGGERED,2026-09-06T02:30:46.727693+00:00,
20260906T102742+0800-8e1355c0,AI_NETWORKING_UPGRADE,6285,6285.TW,啟碁,BROKEN,WATCH_RESEARCH,GATE_1_CAUSAL,STOCK_BLOCKED_WEAK_EDGE,NOT_TRIGGERED,2026-09-06T02:30:46.727693+00:00,
20260906T102742+0800-8e1355c0,AI_SERVER_THERMAL_DENSITY,3324,3324.TWO,雙鴻,EXTENDED,WATCH_RESEARCH,GATE_1_CAUSAL,STOCK_BLOCKED_WEAK_EDGE,NOT_TRIGGERED,2026-09-06T02:30:46.727693+00:00,
20260906T102742+0800-8e1355c0,AI_NETWORKING_UPGRADE,3596,3596.TW,智易,BROKEN,WATCH_RESEARCH,GATE_1_CAUSAL,STOCK_BLOCKED_WEAK_EDGE,NOT_TRIGGERED,2026-09-06T02:30:46.727693+00:00,
20260906T102742+0800-8e1355c0,AI_NETWORKING_UPGRADE,5388,5388.TW,中磊,BROKEN,WATCH_RESEARCH,GATE_1_CAUSAL,STOCK_BLOCKED_WEAK_EDGE,NOT_TRIGGERED,2026-09-06T02:30:46.727693+00:00,
20260906T102742+0800-8e1355c0,CONSUMER_ELECTRONICS_CYCLE,2317,2317.TW,鴻海,PRE_CONFIRMATION,WATCH_RESEARCH,GATE_1_CAUSAL,STOCK_BLOCKED_WEAK_EDGE,NOT_TRIGGERED,2026-09-06T02:30:46.727693+00:00,
20260906T102742+0800-8e1355c0,BIOPHARMA_RISK_APPETITE,6446,6446.TW,藥華藥,PULLBACK,WATCH_RESEARCH,GATE_1_CAUSAL,ETF_CORE_PREFERRED,NOT_TRIGGERED,2026-09-06T02:30:46.727693+00:00,
20260906T102742+0800-8e1355c0,AI_SERVER_RACK_BUILD,3693,3693.TWO,營邦,EXTENDED,WATCH_RESEARCH,GATE_2_TRANSMISSION,STOCK_BLOCKED_WEAK_EDGE,NOT_TRIGGERED,2026-09-06T02:30:46.727693+00:00,
20260906T102742+0800-8e1355c0,DATACENTER_COOLING_INFRA,3324,3324.TWO,雙鴻,EXTENDED,WATCH_RESEARCH,GATE_1_CAUSAL,STOCK_BLOCKED_WEAK_EDGE,NOT_TRIGGERED,2026-09-06T02:30:46.727693+00:00,
20260906T102742+0800-8e1355c0,BIOPHARMA_RISK_APPETITE,6472,6472.TW,保瑞,UNKNOWN,WATCH_RESEARCH,GATE_1_CAUSAL,ETF_CORE_PREFERRED,NOT_TRIGGERED,2026-09-06T02:30:46.727693+00:00,
20260906T102742+0800-8e1355c0,AI_NETWORKING_UPGRADE,3704,3704.TW,合勤控,BROKEN,WATCH_RESEARCH,GATE_1_CAUSAL,STOCK_BLOCKED_WEAK_EDGE,NOT_TRIGGERED,2026-09-06T02:30:46.727693+00:00,
20260906T122431+0800-4938c44d,NAND_STORAGE_CYCLE,4967,4967.TW,十銓,PRE_CONFIRMATION,WATCH_ENTRY,GATE_5_ENTRY,STOCK_ALPHA_RESEARCH,NOT_TRIGGERED,2026-09-06T04:26:54.215507+00:00,
20260906T122431+0800-4938c44d,AI_SERVER_SHIPMENTS,2317,2317.TW,鴻海,PRE_CONFIRMATION,WATCH_ENTRY,GATE_5_ENTRY,STOCK_ALPHA_RESEARCH,NOT_TRIGGERED,2026-09-06T04:26:54.215507+00:00,
20260906T122431+0800-4938c44d,AI_SERVER_RACK_BUILD,2376,2376.TW,技嘉,PRE_CONFIRMATION,WATCH_ENTRY,GATE_5_ENTRY,STOCK_ALPHA_RESEARCH,NOT_TRIGGERED,2026-09-06T04:26:54.215507+00:00,
20260906T122431+0800-4938c44d,CONTAINER_FREIGHT,2615,2615.TW,萬海,PERSISTENT,WATCH_RESEARCH,GATE_1_CAUSAL,ETF_CORE_PREFERRED,NOT_TRIGGERED,2026-09-06T04:26:54.215507+00:00,
20260906T122431+0800-4938c44d,CONTAINER_FREIGHT,2603,2603.TW,長榮,PERSISTENT,WATCH_RESEARCH,GATE_1_CAUSAL,ETF_CORE_PREFERRED,NOT_TRIGGERED,2026-09-06T04:26:54.215507+00:00,
20260906T122431+0800-4938c44d,CONTAINER_FREIGHT,2609,2609.TW,陽明,PERSISTENT,WATCH_RESEARCH,GATE_1_CAUSAL,ETF_CORE_PREFERRED,NOT_TRIGGERED,2026-09-06T04:26:54.215507+00:00,
20260906T122431+0800-4938c44d,DRY_BULK_FREIGHT,2606,2606.TW,裕民,PERSISTENT,WATCH_RESEARCH,GATE_1_CAUSAL,STOCK_BLOCKED_WEAK_EDGE,NOT_TRIGGERED,2026-09-06T04:26:54.215507+00:00,
20260906T122431+0800-4938c44d,DRY_BULK_FREIGHT,2637,2637.TW,慧洋-KY,PERSISTENT,WATCH_RESEARCH,GATE_1_CAUSAL,STOCK_BLOCKED_WEAK_EDGE,NOT_TRIGGERED,2026-09-06T04:26:54.215507+00:00,
20260906T122431+0800-4938c44d,DRY_BULK_FREIGHT,2605,2605.TW,新興,PERSISTENT,WATCH_RESEARCH,GATE_1_CAUSAL,STOCK_BLOCKED_WEAK_EDGE,NOT_TRIGGERED,2026-09-06T04:26:54.215507+00:00,
20260906T122431+0800-4938c44d,DRY_BULK_FREIGHT,2617,2617.TW,台航,PERSISTENT,WATCH_RESEARCH,GATE_1_CAUSAL,STOCK_BLOCKED_WEAK_EDGE,NOT_TRIGGERED,2026-09-06T04:26:54.215507+00:00,
20260906T122431+0800-4938c44d,AI_SERVER_SHIPMENTS,6669,6669.TW,緯穎,PERSISTENT,WATCH_RESEARCH,GATE_2_TRANSMISSION,STOCK_BLOCKED_WEAK_EDGE,NOT_TRIGGERED,2026-09-06T04:26:54.215507+00:00,
20260906T122431+0800-4938c44d,AI_SERVER_SHIPMENTS,3231,3231.TW,緯創,PERSISTENT,WATCH_RESEARCH,GATE_2_TRANSMISSION,STOCK_BLOCKED_WEAK_EDGE,NOT_TRIGGERED,2026-09-06T04:26:54.215507+00:00,
20260906T122431+0800-4938c44d,MEMORY_IC_CYCLE,3006,3006.TW,晶豪科,PERSISTENT,WATCH_RESEARCH,GATE_1_CAUSAL,STOCK_BLOCKED_WEAK_EDGE,NOT_TRIGGERED,2026-09-06T04:26:54.215507+00:00,
20260906T122431+0800-4938c44d,FINANCIALS_RATE_CREDIT_CYCLE,2882,2882.TW,國泰金,PERSISTENT,WATCH_RESEARCH,GATE_1_CAUSAL,ETF_CORE_PREFERRED,NOT_TRIGGERED,2026-09-06T04:26:54.215507+00:00,
20260906T122431+0800-4938c44d,FINANCIALS_RATE_CREDIT_CYCLE,2881,2881.TW,富邦金,PERSISTENT,WATCH_RESEARCH,GATE_1_CAUSAL,ETF_CORE_PREFERRED,NOT_TRIGGERED,2026-09-06T04:26:54.215507+00:00,
20260906T122431+0800-4938c44d,DRAM_PRICING,2408,2408.TW,南亞科,PULLBACK,WATCH_RESEARCH,GATE_1_CAUSAL,STOCK_BLOCKED_WEAK_EDGE,NOT_TRIGGERED,2026-09-06T04:26:54.215507+00:00,
20260906T122431+0800-4938c44d,AI_SERVER_THERMAL_DENSITY,3017,3017.TW,奇鋐,PERSISTENT,WATCH_RESEARCH,GATE_1_CAUSAL,STOCK_BLOCKED_WEAK_EDGE,NOT_TRIGGERED,2026-09-06T04:26:54.215507+00:00,
20260906T122431+0800-4938c44d,FINANCIALS_RATE_CREDIT_CYCLE,2891,2891.TW,中信金,PRE_CONFIRMATION,WATCH_RESEARCH,GATE_1_CAUSAL,ETF_CORE_PREFERRED,NOT_TRIGGERED,2026-09-06T04:26:54.215507+00:00,
20260906T122431+0800-4938c44d,AI_SERVER_SHIPMENTS,2356,2356.TW,英業達,CONFIRMING,WATCH_RESEARCH,GATE_2_TRANSMISSION,STOCK_BLOCKED_WEAK_EDGE,NOT_TRIGGERED,2026-09-06T04:26:54.215507+00:00,
20260906T122431+0800-4938c44d,FINANCIALS_RATE_CREDIT_CYCLE,2886,2886.TW,兆豐金,PRE_CONFIRMATION,WATCH_RESEARCH,GATE_1_CAUSAL,ETF_CORE_PREFERRED,NOT_TRIGGERED,2026-09-06T04:26:54.215507+00:00,
20260906T122431+0800-4938c44d,AI_SERVER_SHIPMENTS,2382,2382.TW,廣達,UNKNOWN,WATCH_RESEARCH,GATE_2_TRANSMISSION,STOCK_BLOCKED_WEAK_EDGE,NOT_TRIGGERED,2026-09-06T04:26:54.215507+00:00,
20260906T122431+0800-4938c44d,DATACENTER_COOLING_INFRA,3017,3017.TW,奇鋐,PERSISTENT,WATCH_RESEARCH,GATE_1_CAUSAL,STOCK_BLOCKED_WEAK_EDGE,NOT_TRIGGERED,2026-09-06T04:26:54.215507+00:00,
20260906T122431+0800-4938c44d,SPECIALTY_MEMORY_PRICING,2344,2344.TW,華邦電,UNKNOWN,WATCH_RESEARCH,GATE_1_CAUSAL,STOCK_BLOCKED_WEAK_EDGE,NOT_TRIGGERED,2026-09-06T04:26:54.215507+00:00,
20260906T122431+0800-4938c44d,LEADING_EDGE_FOUNDRY_AI_DEMAND,2330,2330.TW,台積電,UNKNOWN,WATCH_RESEARCH,GATE_1_CAUSAL,ETF_CORE_PREFERRED,NOT_TRIGGERED,2026-09-06T04:26:54.215507+00:00,
20260906T122431+0800-4938c44d,MATURE_NODE_FOUNDRY_UTILIZATION,2303,2303.TW,聯電,UNKNOWN,WATCH_RESEARCH,GATE_1_CAUSAL,STOCK_BLOCKED_WEAK_EDGE,NOT_TRIGGERED,2026-09-06T04:26:54.215507+00:00,
20260906T122431+0800-4938c44d,MEMORY_IC_CYCLE,5351,5351.TWO,鈺創,PULLBACK,WATCH_RESEARCH,GATE_1_CAUSAL,STOCK_BLOCKED_WEAK_EDGE,NOT_TRIGGERED,2026-09-06T04:26:54.215507+00:00,
20260906T122431+0800-4938c44d,NAND_STORAGE_CYCLE,8299,8299.TWO,群聯,BROKEN,WATCH_RESEARCH,GATE_2_TRANSMISSION,STOCK_BLOCKED_WEAK_EDGE,NOT_TRIGGERED,2026-09-06T04:26:54.215507+00:00,
20260906T122431+0800-4938c44d,SPECIALTY_MEMORY_PRICING,2337,2337.TW,旺宏,BROKEN,WATCH_RESEARCH,GATE_1_CAUSAL,STOCK_BLOCKED_WEAK_EDGE,NOT_TRIGGERED,2026-09-06T04:26:54.215507+00:00,
20260906T122431+0800-4938c44d,NAND_STORAGE_CYCLE,3260,3260.TWO,威剛,BROKEN,WATCH_RESEARCH,GATE_2_TRANSMISSION,STOCK_BLOCKED_WEAK_EDGE,NOT_TRIGGERED,2026-09-06T04:26:54.215507+00:00,
20260906T122431+0800-4938c44d,MATURE_NODE_FOUNDRY_UTILIZATION,5347,5347.TWO,世界,BROKEN,WATCH_RESEARCH,GATE_1_CAUSAL,STOCK_BLOCKED_WEAK_EDGE,NOT_TRIGGERED,2026-09-06T04:26:54.215507+00:00,
20260906T122431+0800-4938c44d,MATURE_NODE_FOUNDRY_UTILIZATION,6770,6770.TW,力積電,BROKEN,WATCH_RESEARCH,GATE_1_CAUSAL,STOCK_BLOCKED_WEAK_EDGE,NOT_TRIGGERED,2026-09-06T04:26:54.215507+00:00,
20260906T122431+0800-4938c44d,AI_NETWORKING_UPGRADE,2345,2345.TW,智邦,BROKEN,WATCH_RESEARCH,GATE_1_CAUSAL,STOCK_BLOCKED_WEAK_EDGE,NOT_TRIGGERED,2026-09-06T04:26:54.215507+00:00,
20260906T122431+0800-4938c44d,POWER_ELECTRONICS_CAPEX,1519,1519.TW,華城,UNKNOWN,WATCH_RESEARCH,GATE_1_CAUSAL,STOCK_BLOCKED_WEAK_EDGE,NOT_TRIGGERED,2026-09-06T04:26:54.215507+00:00,
20260906T122431+0800-4938c44d,NAND_STORAGE_CYCLE,5289,5289.TWO,宜鼎,BROKEN,WATCH_RESEARCH,GATE_2_TRANSMISSION,STOCK_BLOCKED_WEAK_EDGE,NOT_TRIGGERED,2026-09-06T04:26:54.215507+00:00,
20260906T122431+0800-4938c44d,POWER_ELECTRONICS_CAPEX,2308,2308.TW,台達電,UNKNOWN,WATCH_RESEARCH,GATE_1_CAUSAL,STOCK_BLOCKED_WEAK_EDGE,NOT_TRIGGERED,2026-09-06T04:26:54.215507+00:00,
20260906T122431+0800-4938c44d,POWER_ELECTRONICS_CAPEX,1513,1513.TW,中興電,UNKNOWN,WATCH_RESEARCH,GATE_1_CAUSAL,STOCK_BLOCKED_WEAK_EDGE,NOT_TRIGGERED,2026-09-06T04:26:54.215507+00:00,
20260906T122431+0800-4938c44d,DATACENTER_POWER_INFRA,2308,2308.TW,台達電,UNKNOWN,WATCH_RESEARCH,GATE_1_CAUSAL,STOCK_BLOCKED_WEAK_EDGE,NOT_TRIGGERED,2026-09-06T04:26:54.215507+00:00,
20260906T122431+0800-4938c44d,AI_SERVER_THERMAL_DENSITY,8996,8996.TW,高力,UNKNOWN,WATCH_RESEARCH,GATE_1_CAUSAL,STOCK_BLOCKED_WEAK_EDGE,NOT_TRIGGERED,2026-09-06T04:26:54.215507+00:00,
20260906T122431+0800-4938c44d,COPPER_COMMODITY_TRADE_INVENTORY,1605,1605.TW,華新,PERSISTENT,WATCH_RESEARCH,GATE_1_CAUSAL,STOCK_BLOCKED_WEAK_EDGE,NOT_TRIGGERED,2026-09-06T04:26:54.215507+00:00,
20260906T122431+0800-4938c44d,DATACENTER_COOLING_INFRA,8996,8996.TW,高力,UNKNOWN,WATCH_RESEARCH,GATE_1_CAUSAL,STOCK_BLOCKED_WEAK_EDGE,NOT_TRIGGERED,2026-09-06T04:26:54.215507+00:00,
20260906T122431+0800-4938c44d,COPPER_COMMODITY_TRADE_INVENTORY,1608,1608.TW,華榮,UNKNOWN,WATCH_RESEARCH,GATE_1_CAUSAL,STOCK_BLOCKED_WEAK_EDGE,NOT_TRIGGERED,2026-09-06T04:26:54.215507+00:00,
20260906T122431+0800-4938c44d,CONSUMER_ELECTRONICS_CYCLE,4938,4938.TW,和碩,CONFIRMING,WATCH_RESEARCH,GATE_1_CAUSAL,STOCK_BLOCKED_WEAK_EDGE,NOT_TRIGGERED,2026-09-06T04:26:54.215507+00:00,
20260906T122431+0800-4938c44d,AI_SERVER_THERMAL_DENSITY,6230,6230.TW,尼得科超眾,BROKEN,WATCH_RESEARCH,GATE_1_CAUSAL,STOCK_BLOCKED_WEAK_EDGE,NOT_TRIGGERED,2026-09-06T04:26:54.215507+00:00,
20260906T122431+0800-4938c44d,COPPER_COMMODITY_TRADE_INVENTORY,1609,1609.TW,大亞,BROKEN,WATCH_RESEARCH,GATE_1_CAUSAL,STOCK_BLOCKED_WEAK_EDGE,NOT_TRIGGERED,2026-09-06T04:26:54.215507+00:00,
20260906T122431+0800-4938c44d,DATACENTER_POWER_INFRA,6409,6409.TW,旭隼,BROKEN,WATCH_RESEARCH,GATE_1_CAUSAL,STOCK_BLOCKED_WEAK_EDGE,NOT_TRIGGERED,2026-09-06T04:26:54.215507+00:00,
20260906T122431+0800-4938c44d,AI_NETWORKING_UPGRADE,6285,6285.TW,啟碁,BROKEN,WATCH_RESEARCH,GATE_1_CAUSAL,STOCK_BLOCKED_WEAK_EDGE,NOT_TRIGGERED,2026-09-06T04:26:54.215507+00:00,
20260906T122431+0800-4938c44d,AI_SERVER_THERMAL_DENSITY,3324,3324.TWO,雙鴻,EXTENDED,WATCH_RESEARCH,GATE_1_CAUSAL,STOCK_BLOCKED_WEAK_EDGE,NOT_TRIGGERED,2026-09-06T04:26:54.215507+00:00,
20260906T122431+0800-4938c44d,AI_NETWORKING_UPGRADE,3596,3596.TW,智易,BROKEN,WATCH_RESEARCH,GATE_1_CAUSAL,STOCK_BLOCKED_WEAK_EDGE,NOT_TRIGGERED,2026-09-06T04:26:54.215507+00:00,
20260906T122431+0800-4938c44d,AI_NETWORKING_UPGRADE,5388,5388.TW,中磊,BROKEN,WATCH_RESEARCH,GATE_1_CAUSAL,STOCK_BLOCKED_WEAK_EDGE,NOT_TRIGGERED,2026-09-06T04:26:54.215507+00:00,
20260906T122431+0800-4938c44d,CONSUMER_ELECTRONICS_CYCLE,2317,2317.TW,鴻海,PRE_CONFIRMATION,WATCH_RESEARCH,GATE_1_CAUSAL,STOCK_BLOCKED_WEAK_EDGE,NOT_TRIGGERED,2026-09-06T04:26:54.215507+00:00,
20260906T122431+0800-4938c44d,BIOPHARMA_RISK_APPETITE,6446,6446.TW,藥華藥,PULLBACK,WATCH_RESEARCH,GATE_1_CAUSAL,ETF_CORE_PREFERRED,NOT_TRIGGERED,2026-09-06T04:26:54.215507+00:00,
20260906T122431+0800-4938c44d,AI_SERVER_RACK_BUILD,3693,3693.TWO,營邦,EXTENDED,WATCH_RESEARCH,GATE_2_TRANSMISSION,STOCK_BLOCKED_WEAK_EDGE,NOT_TRIGGERED,2026-09-06T04:26:54.215507+00:00,
20260906T122431+0800-4938c44d,DATACENTER_COOLING_INFRA,3324,3324.TWO,雙鴻,EXTENDED,WATCH_RESEARCH,GATE_1_CAUSAL,STOCK_BLOCKED_WEAK_EDGE,NOT_TRIGGERED,2026-09-06T04:26:54.215507+00:00,
20260906T122431+0800-4938c44d,BIOPHARMA_RISK_APPETITE,6472,6472.TW,保瑞,UNKNOWN,WATCH_RESEARCH,GATE_1_CAUSAL,ETF_CORE_PREFERRED,NOT_TRIGGERED,2026-09-06T04:26:54.215507+00:00,
20260906T122431+0800-4938c44d,AI_NETWORKING_UPGRADE,3704,3704.TW,合勤控,BROKEN,WATCH_RESEARCH,GATE_1_CAUSAL,STOCK_BLOCKED_WEAK_EDGE,NOT_TRIGGERED,2026-09-06T04:26:54.215507+00:00,
20260906T123633+0800-2b17a286,NAND_STORAGE_CYCLE,4967,4967.TW,十銓,PRE_CONFIRMATION,WATCH_ENTRY,GATE_5_ENTRY,STOCK_ALPHA_RESEARCH,NOT_TRIGGERED,2026-09-06T04:40:11.652235+00:00,
20260906T123633+0800-2b17a286,AI_SERVER_SHIPMENTS,2317,2317.TW,鴻海,PRE_CONFIRMATION,WATCH_ENTRY,GATE_5_ENTRY,STOCK_ALPHA_RESEARCH,NOT_TRIGGERED,2026-09-06T04:40:11.652235+00:00,
20260906T123633+0800-2b17a286,AI_SERVER_RACK_BUILD,2376,2376.TW,技嘉,PRE_CONFIRMATION,WATCH_ENTRY,GATE_5_ENTRY,STOCK_ALPHA_RESEARCH,NOT_TRIGGERED,2026-09-06T04:40:11.652235+00:00,
20260906T123633+0800-2b17a286,CONTAINER_FREIGHT,2615,2615.TW,萬海,PERSISTENT,WATCH_RESEARCH,GATE_1_CAUSAL,ETF_CORE_PREFERRED,NOT_TRIGGERED,2026-09-06T04:40:11.652235+00:00,
20260906T123633+0800-2b17a286,CONTAINER_FREIGHT,2603,2603.TW,長榮,PERSISTENT,WATCH_RESEARCH,GATE_1_CAUSAL,ETF_CORE_PREFERRED,NOT_TRIGGERED,2026-09-06T04:40:11.652235+00:00,
20260906T123633+0800-2b17a286,CONTAINER_FREIGHT,2609,2609.TW,陽明,PERSISTENT,WATCH_RESEARCH,GATE_1_CAUSAL,ETF_CORE_PREFERRED,NOT_TRIGGERED,2026-09-06T04:40:11.652235+00:00,
20260906T123633+0800-2b17a286,DRY_BULK_FREIGHT,2606,2606.TW,裕民,PERSISTENT,WATCH_RESEARCH,GATE_1_CAUSAL,STOCK_BLOCKED_WEAK_EDGE,NOT_TRIGGERED,2026-09-06T04:40:11.652235+00:00,
20260906T123633+0800-2b17a286,DRY_BULK_FREIGHT,2637,2637.TW,慧洋-KY,PERSISTENT,WATCH_RESEARCH,GATE_1_CAUSAL,STOCK_BLOCKED_WEAK_EDGE,NOT_TRIGGERED,2026-09-06T04:40:11.652235+00:00,
20260906T123633+0800-2b17a286,DRY_BULK_FREIGHT,2605,2605.TW,新興,PERSISTENT,WATCH_RESEARCH,GATE_1_CAUSAL,STOCK_BLOCKED_WEAK_EDGE,NOT_TRIGGERED,2026-09-06T04:40:11.652235+00:00,
20260906T123633+0800-2b17a286,DRY_BULK_FREIGHT,2617,2617.TW,台航,PERSISTENT,WATCH_RESEARCH,GATE_1_CAUSAL,STOCK_BLOCKED_WEAK_EDGE,NOT_TRIGGERED,2026-09-06T04:40:11.652235+00:00,
20260906T123633+0800-2b17a286,AI_SERVER_SHIPMENTS,6669,6669.TW,緯穎,PERSISTENT,WATCH_RESEARCH,GATE_2_TRANSMISSION,STOCK_BLOCKED_WEAK_EDGE,NOT_TRIGGERED,2026-09-06T04:40:11.652235+00:00,
20260906T123633+0800-2b17a286,AI_SERVER_SHIPMENTS,3231,3231.TW,緯創,PERSISTENT,WATCH_RESEARCH,GATE_2_TRANSMISSION,STOCK_BLOCKED_WEAK_EDGE,NOT_TRIGGERED,2026-09-06T04:40:11.652235+00:00,
20260906T123633+0800-2b17a286,MEMORY_IC_CYCLE,3006,3006.TW,晶豪科,PERSISTENT,WATCH_RESEARCH,GATE_1_CAUSAL,STOCK_BLOCKED_WEAK_EDGE,NOT_TRIGGERED,2026-09-06T04:40:11.652235+00:00,
20260906T123633+0800-2b17a286,FINANCIALS_RATE_CREDIT_CYCLE,2882,2882.TW,國泰金,PERSISTENT,WATCH_RESEARCH,GATE_1_CAUSAL,ETF_CORE_PREFERRED,NOT_TRIGGERED,2026-09-06T04:40:11.652235+00:00,
20260906T123633+0800-2b17a286,FINANCIALS_RATE_CREDIT_CYCLE,2881,2881.TW,富邦金,PERSISTENT,WATCH_RESEARCH,GATE_1_CAUSAL,ETF_CORE_PREFERRED,NOT_TRIGGERED,2026-09-06T04:40:11.652235+00:00,
20260906T123633+0800-2b17a286,DRAM_PRICING,2408,2408.TW,南亞科,PULLBACK,WATCH_RESEARCH,GATE_1_CAUSAL,STOCK_BLOCKED_WEAK_EDGE,NOT_TRIGGERED,2026-09-06T04:40:11.652235+00:00,
20260906T123633+0800-2b17a286,AI_SERVER_THERMAL_DENSITY,3017,3017.TW,奇鋐,PERSISTENT,WATCH_RESEARCH,GATE_1_CAUSAL,STOCK_BLOCKED_WEAK_EDGE,NOT_TRIGGERED,2026-09-06T04:40:11.652235+00:00,
20260906T123633+0800-2b17a286,FINANCIALS_RATE_CREDIT_CYCLE,2891,2891.TW,中信金,PRE_CONFIRMATION,WATCH_RESEARCH,GATE_1_CAUSAL,ETF_CORE_PREFERRED,NOT_TRIGGERED,2026-09-06T04:40:11.652235+00:00,
20260906T123633+0800-2b17a286,AI_SERVER_SHIPMENTS,2356,2356.TW,英業達,CONFIRMING,WATCH_RESEARCH,GATE_2_TRANSMISSION,STOCK_BLOCKED_WEAK_EDGE,NOT_TRIGGERED,2026-09-06T04:40:11.652235+00:00,
20260906T123633+0800-2b17a286,FINANCIALS_RATE_CREDIT_CYCLE,2886,2886.TW,兆豐金,PRE_CONFIRMATION,WATCH_RESEARCH,GATE_1_CAUSAL,ETF_CORE_PREFERRED,NOT_TRIGGERED,2026-09-06T04:40:11.652235+00:00,
20260906T123633+0800-2b17a286,AI_SERVER_SHIPMENTS,2382,2382.TW,廣達,UNKNOWN,WATCH_RESEARCH,GATE_2_TRANSMISSION,STOCK_BLOCKED_WEAK_EDGE,NOT_TRIGGERED,2026-09-06T04:40:11.652235+00:00,
20260906T123633+0800-2b17a286,DATACENTER_COOLING_INFRA,3017,3017.TW,奇鋐,PERSISTENT,WATCH_RESEARCH,GATE_1_CAUSAL,STOCK_BLOCKED_WEAK_EDGE,NOT_TRIGGERED,2026-09-06T04:40:11.652235+00:00,
20260906T123633+0800-2b17a286,SPECIALTY_MEMORY_PRICING,2344,2344.TW,華邦電,UNKNOWN,WATCH_RESEARCH,GATE_1_CAUSAL,STOCK_BLOCKED_WEAK_EDGE,NOT_TRIGGERED,2026-09-06T04:40:11.652235+00:00,
20260906T123633+0800-2b17a286,LEADING_EDGE_FOUNDRY_AI_DEMAND,2330,2330.TW,台積電,UNKNOWN,WATCH_RESEARCH,GATE_1_CAUSAL,ETF_CORE_PREFERRED,NOT_TRIGGERED,2026-09-06T04:40:11.652235+00:00,
20260906T123633+0800-2b17a286,MATURE_NODE_FOUNDRY_UTILIZATION,2303,2303.TW,聯電,UNKNOWN,WATCH_RESEARCH,GATE_1_CAUSAL,STOCK_BLOCKED_WEAK_EDGE,NOT_TRIGGERED,2026-09-06T04:40:11.652235+00:00,
20260906T123633+0800-2b17a286,MEMORY_IC_CYCLE,5351,5351.TWO,鈺創,PULLBACK,WATCH_RESEARCH,GATE_1_CAUSAL,STOCK_BLOCKED_WEAK_EDGE,NOT_TRIGGERED,2026-09-06T04:40:11.652235+00:00,
20260906T123633+0800-2b17a286,NAND_STORAGE_CYCLE,8299,8299.TWO,群聯,BROKEN,WATCH_RESEARCH,GATE_2_TRANSMISSION,STOCK_BLOCKED_WEAK_EDGE,NOT_TRIGGERED,2026-09-06T04:40:11.652235+00:00,
20260906T123633+0800-2b17a286,SPECIALTY_MEMORY_PRICING,2337,2337.TW,旺宏,BROKEN,WATCH_RESEARCH,GATE_1_CAUSAL,STOCK_BLOCKED_WEAK_EDGE,NOT_TRIGGERED,2026-09-06T04:40:11.652235+00:00,
20260906T123633+0800-2b17a286,NAND_STORAGE_CYCLE,3260,3260.TWO,威剛,BROKEN,WATCH_RESEARCH,GATE_2_TRANSMISSION,STOCK_BLOCKED_WEAK_EDGE,NOT_TRIGGERED,2026-09-06T04:40:11.652235+00:00,
20260906T123633+0800-2b17a286,MATURE_NODE_FOUNDRY_UTILIZATION,5347,5347.TWO,世界,BROKEN,WATCH_RESEARCH,GATE_1_CAUSAL,STOCK_BLOCKED_WEAK_EDGE,NOT_TRIGGERED,2026-09-06T04:40:11.652235+00:00,
20260906T123633+0800-2b17a286,MATURE_NODE_FOUNDRY_UTILIZATION,6770,6770.TW,力積電,BROKEN,WATCH_RESEARCH,GATE_1_CAUSAL,STOCK_BLOCKED_WEAK_EDGE,NOT_TRIGGERED,2026-09-06T04:40:11.652235+00:00,
20260906T123633+0800-2b17a286,AI_NETWORKING_UPGRADE,2345,2345.TW,智邦,BROKEN,WATCH_RESEARCH,GATE_1_CAUSAL,STOCK_BLOCKED_WEAK_EDGE,NOT_TRIGGERED,2026-09-06T04:40:11.652235+00:00,
20260906T123633+0800-2b17a286,POWER_ELECTRONICS_CAPEX,1519,1519.TW,華城,UNKNOWN,WATCH_RESEARCH,GATE_1_CAUSAL,STOCK_BLOCKED_WEAK_EDGE,NOT_TRIGGERED,2026-09-06T04:40:11.652235+00:00,
20260906T123633+0800-2b17a286,NAND_STORAGE_CYCLE,5289,5289.TWO,宜鼎,BROKEN,WATCH_RESEARCH,GATE_2_TRANSMISSION,STOCK_BLOCKED_WEAK_EDGE,NOT_TRIGGERED,2026-09-06T04:40:11.652235+00:00,
20260906T123633+0800-2b17a286,POWER_ELECTRONICS_CAPEX,2308,2308.TW,台達電,UNKNOWN,WATCH_RESEARCH,GATE_1_CAUSAL,STOCK_BLOCKED_WEAK_EDGE,NOT_TRIGGERED,2026-09-06T04:40:11.652235+00:00,
20260906T123633+0800-2b17a286,POWER_ELECTRONICS_CAPEX,1513,1513.TW,中興電,UNKNOWN,WATCH_RESEARCH,GATE_1_CAUSAL,STOCK_BLOCKED_WEAK_EDGE,NOT_TRIGGERED,2026-09-06T04:40:11.652235+00:00,
20260906T123633+0800-2b17a286,DATACENTER_POWER_INFRA,2308,2308.TW,台達電,UNKNOWN,WATCH_RESEARCH,GATE_1_CAUSAL,STOCK_BLOCKED_WEAK_EDGE,NOT_TRIGGERED,2026-09-06T04:40:11.652235+00:00,
20260906T123633+0800-2b17a286,AI_SERVER_THERMAL_DENSITY,8996,8996.TW,高力,UNKNOWN,WATCH_RESEARCH,GATE_1_CAUSAL,STOCK_BLOCKED_WEAK_EDGE,NOT_TRIGGERED,2026-09-06T04:40:11.652235+00:00,
20260906T123633+0800-2b17a286,COPPER_COMMODITY_TRADE_INVENTORY,1605,1605.TW,華新,PERSISTENT,WATCH_RESEARCH,GATE_1_CAUSAL,STOCK_BLOCKED_WEAK_EDGE,NOT_TRIGGERED,2026-09-06T04:40:11.652235+00:00,
20260906T123633+0800-2b17a286,DATACENTER_COOLING_INFRA,8996,8996.TW,高力,UNKNOWN,WATCH_RESEARCH,GATE_1_CAUSAL,STOCK_BLOCKED_WEAK_EDGE,NOT_TRIGGERED,2026-09-06T04:40:11.652235+00:00,
20260906T123633+0800-2b17a286,COPPER_COMMODITY_TRADE_INVENTORY,1608,1608.TW,華榮,UNKNOWN,WATCH_RESEARCH,GATE_1_CAUSAL,STOCK_BLOCKED_WEAK_EDGE,NOT_TRIGGERED,2026-09-06T04:40:11.652235+00:00,
20260906T123633+0800-2b17a286,CONSUMER_ELECTRONICS_CYCLE,4938,4938.TW,和碩,CONFIRMING,WATCH_RESEARCH,GATE_1_CAUSAL,STOCK_BLOCKED_WEAK_EDGE,NOT_TRIGGERED,2026-09-06T04:40:11.652235+00:00,
20260906T123633+0800-2b17a286,AI_SERVER_THERMAL_DENSITY,6230,6230.TW,尼得科超眾,BROKEN,WATCH_RESEARCH,GATE_1_CAUSAL,STOCK_BLOCKED_WEAK_EDGE,NOT_TRIGGERED,2026-09-06T04:40:11.652235+00:00,
20260906T123633+0800-2b17a286,COPPER_COMMODITY_TRADE_INVENTORY,1609,1609.TW,大亞,BROKEN,WATCH_RESEARCH,GATE_1_CAUSAL,STOCK_BLOCKED_WEAK_EDGE,NOT_TRIGGERED,2026-09-06T04:40:11.652235+00:00,
20260906T123633+0800-2b17a286,DATACENTER_POWER_INFRA,6409,6409.TW,旭隼,BROKEN,WATCH_RESEARCH,GATE_1_CAUSAL,STOCK_BLOCKED_WEAK_EDGE,NOT_TRIGGERED,2026-09-06T04:40:11.652235+00:00,
20260906T123633+0800-2b17a286,AI_NETWORKING_UPGRADE,6285,6285.TW,啟碁,BROKEN,WATCH_RESEARCH,GATE_1_CAUSAL,STOCK_BLOCKED_WEAK_EDGE,NOT_TRIGGERED,2026-09-06T04:40:11.652235+00:00,
20260906T123633+0800-2b17a286,AI_SERVER_THERMAL_DENSITY,3324,3324.TWO,雙鴻,EXTENDED,WATCH_RESEARCH,GATE_1_CAUSAL,STOCK_BLOCKED_WEAK_EDGE,NOT_TRIGGERED,2026-09-06T04:40:11.652235+00:00,
20260906T123633+0800-2b17a286,AI_NETWORKING_UPGRADE,3596,3596.TW,智易,BROKEN,WATCH_RESEARCH,GATE_1_CAUSAL,STOCK_BLOCKED_WEAK_EDGE,NOT_TRIGGERED,2026-09-06T04:40:11.652235+00:00,
20260906T123633+0800-2b17a286,AI_NETWORKING_UPGRADE,5388,5388.TW,中磊,BROKEN,WATCH_RESEARCH,GATE_1_CAUSAL,STOCK_BLOCKED_WEAK_EDGE,NOT_TRIGGERED,2026-09-06T04:40:11.652235+00:00,
20260906T123633+0800-2b17a286,CONSUMER_ELECTRONICS_CYCLE,2317,2317.TW,鴻海,PRE_CONFIRMATION,WATCH_RESEARCH,GATE_1_CAUSAL,STOCK_BLOCKED_WEAK_EDGE,NOT_TRIGGERED,2026-09-06T04:40:11.652235+00:00,
20260906T123633+0800-2b17a286,BIOPHARMA_RISK_APPETITE,6446,6446.TW,藥華藥,PULLBACK,WATCH_RESEARCH,GATE_1_CAUSAL,ETF_CORE_PREFERRED,NOT_TRIGGERED,2026-09-06T04:40:11.652235+00:00,
20260906T123633+0800-2b17a286,AI_SERVER_RACK_BUILD,3693,3693.TWO,營邦,EXTENDED,WATCH_RESEARCH,GATE_2_TRANSMISSION,STOCK_BLOCKED_WEAK_EDGE,NOT_TRIGGERED,2026-09-06T04:40:11.652235+00:00,
20260906T123633+0800-2b17a286,DATACENTER_COOLING_INFRA,3324,3324.TWO,雙鴻,EXTENDED,WATCH_RESEARCH,GATE_1_CAUSAL,STOCK_BLOCKED_WEAK_EDGE,NOT_TRIGGERED,2026-09-06T04:40:11.652235+00:00,
20260906T123633+0800-2b17a286,BIOPHARMA_RISK_APPETITE,6472,6472.TW,保瑞,UNKNOWN,WATCH_RESEARCH,GATE_1_CAUSAL,ETF_CORE_PREFERRED,NOT_TRIGGERED,2026-09-06T04:40:11.652235+00:00,
20260906T123633+0800-2b17a286,AI_NETWORKING_UPGRADE,3704,3704.TW,合勤控,BROKEN,WATCH_RESEARCH,GATE_1_CAUSAL,STOCK_BLOCKED_WEAK_EDGE,NOT_TRIGGERED,2026-09-06T04:40:11.652235+00:00,
20260906T130002+0800-dd80dd63,CONTAINER_FREIGHT,2615,2615.TW,萬海,PERSISTENT,WATCH_ENTRY,GATE_4_REACTION,ETF_CORE_PREFERRED,NOT_TRIGGERED,2026-09-06T23:08:51.986911+00:00,
20260906T130002+0800-dd80dd63,CONTAINER_FREIGHT,2603,2603.TW,長榮,PERSISTENT,WATCH_ENTRY,GATE_4_REACTION,ETF_CORE_PREFERRED,NOT_TRIGGERED,2026-09-06T23:08:51.986911+00:00,
20260906T130002+0800-dd80dd63,CONTAINER_FREIGHT,2609,2609.TW,陽明,PERSISTENT,WATCH_ENTRY,GATE_4_REACTION,ETF_CORE_PREFERRED,NOT_TRIGGERED,2026-09-06T23:08:51.986911+00:00,
20260906T130002+0800-dd80dd63,DRY_BULK_FREIGHT,2606,2606.TW,裕民,PERSISTENT,WATCH_ENTRY,GATE_4_REACTION,STOCK_ALPHA_RESEARCH,NOT_TRIGGERED,2026-09-06T23:08:51.986911+00:00,
20260906T130002+0800-dd80dd63,DRY_BULK_FREIGHT,2637,2637.TW,慧洋-KY,PERSISTENT,WATCH_ENTRY,GATE_4_REACTION,STOCK_ALPHA_RESEARCH,NOT_TRIGGERED,2026-09-06T23:08:51.986911+00:00,
20260906T130002+0800-dd80dd63,DRY_BULK_FREIGHT,2605,2605.TW,新興,PERSISTENT,WATCH_ENTRY,GATE_4_REACTION,STOCK_ALPHA_RESEARCH,NOT_TRIGGERED,2026-09-06T23:08:51.986911+00:00,
20260906T130002+0800-dd80dd63,DRY_BULK_FREIGHT,2617,2617.TW,台航,PERSISTENT,WATCH_ENTRY,GATE_4_REACTION,STOCK_ALPHA_RESEARCH,NOT_TRIGGERED,2026-09-06T23:08:51.986911+00:00,
20260906T130002+0800-dd80dd63,AI_SERVER_SHIPMENTS,6669,6669.TW,緯穎,PERSISTENT,WATCH_ENTRY,GATE_4_REACTION,STOCK_ALPHA_RESEARCH,NOT_TRIGGERED,2026-09-06T23:08:51.986911+00:00,
20260906T130002+0800-dd80dd63,AI_SERVER_SHIPMENTS,3231,3231.TW,緯創,PERSISTENT,WATCH_ENTRY,GATE_4_REACTION,STOCK_ALPHA_RESEARCH,NOT_TRIGGERED,2026-09-06T23:08:51.986911+00:00,
20260906T130002+0800-dd80dd63,AI_SERVER_SHIPMENTS,2317,2317.TW,鴻海,PRE_CONFIRMATION,WATCH_ENTRY,GATE_5_ENTRY,STOCK_ALPHA_RESEARCH,NOT_TRIGGERED,2026-09-06T23:08:51.986911+00:00,
20260906T130002+0800-dd80dd63,MEMORY_IC_CYCLE,3006,3006.TW,晶豪科,PERSISTENT,WATCH_RESEARCH,GATE_1_CAUSAL,STOCK_BLOCKED_WEAK_EDGE,NOT_TRIGGERED,2026-09-06T23:08:51.986911+00:00,
20260906T130002+0800-dd80dd63,FINANCIALS_RATE_CREDIT_CYCLE,2882,2882.TW,國泰金,PERSISTENT,WATCH_RESEARCH,GATE_1_CAUSAL,ETF_CORE_PREFERRED,NOT_TRIGGERED,2026-09-06T23:08:51.986911+00:00,
20260906T130002+0800-dd80dd63,FINANCIALS_RATE_CREDIT_CYCLE,2881,2881.TW,富邦金,PERSISTENT,WATCH_RESEARCH,GATE_1_CAUSAL,ETF_CORE_PREFERRED,NOT_TRIGGERED,2026-09-06T23:08:51.986911+00:00,
20260906T130002+0800-dd80dd63,DRAM_PRICING,2408,2408.TW,南亞科,PULLBACK,WATCH_RESEARCH,GATE_1_CAUSAL,STOCK_BLOCKED_WEAK_EDGE,NOT_TRIGGERED,2026-09-06T23:08:51.986911+00:00,
20260906T130002+0800-dd80dd63,AI_SERVER_THERMAL_DENSITY,3017,3017.TW,奇鋐,PERSISTENT,WATCH_RESEARCH,GATE_1_CAUSAL,STOCK_BLOCKED_WEAK_EDGE,NOT_TRIGGERED,2026-09-06T23:08:51.986911+00:00,
20260906T130002+0800-dd80dd63,FINANCIALS_RATE_CREDIT_CYCLE,2891,2891.TW,中信金,PRE_CONFIRMATION,WATCH_RESEARCH,GATE_1_CAUSAL,ETF_CORE_PREFERRED,NOT_TRIGGERED,2026-09-06T23:08:51.986911+00:00,
20260906T130002+0800-dd80dd63,AI_SERVER_SHIPMENTS,2356,2356.TW,英業達,CONFIRMING,WATCH_RESEARCH,GATE_2_TRANSMISSION,STOCK_BLOCKED_WEAK_EDGE,NOT_TRIGGERED,2026-09-06T23:08:51.986911+00:00,
20260906T130002+0800-dd80dd63,NAND_STORAGE_CYCLE,4967,4967.TW,十銓,PRE_CONFIRMATION,WATCH_RESEARCH,GATE_1_CAUSAL,STOCK_ALPHA_RESEARCH,NOT_TRIGGERED,2026-09-06T23:08:51.986911+00:00,
20260906T130002+0800-dd80dd63,FINANCIALS_RATE_CREDIT_CYCLE,2886,2886.TW,兆豐金,PRE_CONFIRMATION,WATCH_RESEARCH,GATE_1_CAUSAL,ETF_CORE_PREFERRED,NOT_TRIGGERED,2026-09-06T23:08:51.986911+00:00,
20260906T130002+0800-dd80dd63,AI_SERVER_SHIPMENTS,2382,2382.TW,廣達,UNKNOWN,WATCH_RESEARCH,GATE_2_TRANSMISSION,STOCK_BLOCKED_WEAK_EDGE,NOT_TRIGGERED,2026-09-06T23:08:51.986911+00:00,
20260906T130002+0800-dd80dd63,DATACENTER_COOLING_INFRA,3017,3017.TW,奇鋐,PERSISTENT,WATCH_RESEARCH,GATE_1_CAUSAL,STOCK_BLOCKED_WEAK_EDGE,NOT_TRIGGERED,2026-09-06T23:08:51.986911+00:00,
20260906T130002+0800-dd80dd63,SPECIALTY_MEMORY_PRICING,2344,2344.TW,華邦電,UNKNOWN,WATCH_RESEARCH,GATE_1_CAUSAL,STOCK_BLOCKED_WEAK_EDGE,NOT_TRIGGERED,2026-09-06T23:08:51.986911+00:00,
20260906T130002+0800-dd80dd63,LEADING_EDGE_FOUNDRY_AI_DEMAND,2330,2330.TW,台積電,UNKNOWN,WATCH_RESEARCH,GATE_1_CAUSAL,ETF_CORE_PREFERRED,NOT_TRIGGERED,2026-09-06T23:08:51.986911+00:00,
20260906T130002+0800-dd80dd63,MATURE_NODE_FOUNDRY_UTILIZATION,2303,2303.TW,聯電,UNKNOWN,WATCH_RESEARCH,GATE_1_CAUSAL,STOCK_BLOCKED_WEAK_EDGE,NOT_TRIGGERED,2026-09-06T23:08:51.986911+00:00,
20260906T130002+0800-dd80dd63,AI_SERVER_RACK_BUILD,2376,2376.TW,技嘉,PRE_CONFIRMATION,WATCH_RESEARCH,GATE_1_CAUSAL,STOCK_ALPHA_RESEARCH,NOT_TRIGGERED,2026-09-06T23:08:51.986911+00:00,
20260906T130002+0800-dd80dd63,MEMORY_IC_CYCLE,5351,5351.TWO,鈺創,PULLBACK,WATCH_RESEARCH,GATE_1_CAUSAL,STOCK_BLOCKED_WEAK_EDGE,NOT_TRIGGERED,2026-09-06T23:08:51.986911+00:00,
20260906T130002+0800-dd80dd63,NAND_STORAGE_CYCLE,8299,8299.TWO,群聯,BROKEN,WATCH_RESEARCH,GATE_1_CAUSAL,STOCK_BLOCKED_WEAK_EDGE,NOT_TRIGGERED,2026-09-06T23:08:51.986911+00:00,
20260906T130002+0800-dd80dd63,SPECIALTY_MEMORY_PRICING,2337,2337.TW,旺宏,BROKEN,WATCH_RESEARCH,GATE_1_CAUSAL,STOCK_BLOCKED_WEAK_EDGE,NOT_TRIGGERED,2026-09-06T23:08:51.986911+00:00,
20260906T130002+0800-dd80dd63,NAND_STORAGE_CYCLE,3260,3260.TWO,威剛,BROKEN,WATCH_RESEARCH,GATE_1_CAUSAL,STOCK_BLOCKED_WEAK_EDGE,NOT_TRIGGERED,2026-09-06T23:08:51.986911+00:00,
20260906T130002+0800-dd80dd63,MATURE_NODE_FOUNDRY_UTILIZATION,5347,5347.TWO,世界,BROKEN,WATCH_RESEARCH,GATE_1_CAUSAL,STOCK_BLOCKED_WEAK_EDGE,NOT_TRIGGERED,2026-09-06T23:08:51.986911+00:00,
20260906T130002+0800-dd80dd63,MATURE_NODE_FOUNDRY_UTILIZATION,6770,6770.TW,力積電,BROKEN,WATCH_RESEARCH,GATE_1_CAUSAL,STOCK_BLOCKED_WEAK_EDGE,NOT_TRIGGERED,2026-09-06T23:08:51.986911+00:00,
20260906T130002+0800-dd80dd63,AI_NETWORKING_UPGRADE,2345,2345.TW,智邦,BROKEN,WATCH_RESEARCH,GATE_1_CAUSAL,STOCK_BLOCKED_WEAK_EDGE,NOT_TRIGGERED,2026-09-06T23:08:51.986911+00:00,
20260906T130002+0800-dd80dd63,POWER_ELECTRONICS_CAPEX,1519,1519.TW,華城,UNKNOWN,WATCH_RESEARCH,GATE_4_REACTION,STOCK_ALPHA_RESEARCH,NOT_TRIGGERED,2026-09-06T23:08:51.986911+00:00,
20260906T130002+0800-dd80dd63,NAND_STORAGE_CYCLE,5289,5289.TWO,宜鼎,BROKEN,WATCH_RESEARCH,GATE_1_CAUSAL,STOCK_BLOCKED_WEAK_EDGE,NOT_TRIGGERED,2026-09-06T23:08:51.986911+00:00,
20260906T130002+0800-dd80dd63,POWER_ELECTRONICS_CAPEX,2308,2308.TW,台達電,UNKNOWN,WATCH_RESEARCH,GATE_4_REACTION,STOCK_ALPHA_RESEARCH,NOT_TRIGGERED,2026-09-06T23:08:51.986911+00:00,
20260906T130002+0800-dd80dd63,POWER_ELECTRONICS_CAPEX,1513,1513.TW,中興電,UNKNOWN,WATCH_RESEARCH,GATE_4_REACTION,STOCK_ALPHA_RESEARCH,NOT_TRIGGERED,2026-09-06T23:08:51.986911+00:00,
20260906T130002+0800-dd80dd63,DATACENTER_POWER_INFRA,2308,2308.TW,台達電,UNKNOWN,WATCH_RESEARCH,GATE_1_CAUSAL,STOCK_BLOCKED_WEAK_EDGE,NOT_TRIGGERED,2026-09-06T23:08:51.986911+00:00,
20260906T130002+0800-dd80dd63,AI_SERVER_THERMAL_DENSITY,8996,8996.TW,高力,UNKNOWN,WATCH_RESEARCH,GATE_1_CAUSAL,STOCK_BLOCKED_WEAK_EDGE,NOT_TRIGGERED,2026-09-06T23:08:51.986911+00:00,
20260906T130002+0800-dd80dd63,COPPER_COMMODITY_TRADE_INVENTORY,1605,1605.TW,華新,PERSISTENT,WATCH_RESEARCH,GATE_1_CAUSAL,STOCK_BLOCKED_WEAK_EDGE,NOT_TRIGGERED,2026-09-06T23:08:51.986911+00:00,
20260906T130002+0800-dd80dd63,DATACENTER_COOLING_INFRA,8996,8996.TW,高力,UNKNOWN,WATCH_RESEARCH,GATE_1_CAUSAL,STOCK_BLOCKED_WEAK_EDGE,NOT_TRIGGERED,2026-09-06T23:08:51.986911+00:00,
20260906T130002+0800-dd80dd63,COPPER_COMMODITY_TRADE_INVENTORY,1608,1608.TW,華榮,UNKNOWN,WATCH_RESEARCH,GATE_1_CAUSAL,STOCK_BLOCKED_WEAK_EDGE,NOT_TRIGGERED,2026-09-06T23:08:51.986911+00:00,
20260906T130002+0800-dd80dd63,CONSUMER_ELECTRONICS_CYCLE,4938,4938.TW,和碩,CONFIRMING,WATCH_RESEARCH,GATE_1_CAUSAL,STOCK_BLOCKED_WEAK_EDGE,NOT_TRIGGERED,2026-09-06T23:08:51.986911+00:00,
20260906T130002+0800-dd80dd63,AI_SERVER_THERMAL_DENSITY,6230,6230.TW,尼得科超眾,BROKEN,WATCH_RESEARCH,GATE_1_CAUSAL,STOCK_BLOCKED_WEAK_EDGE,NOT_TRIGGERED,2026-09-06T23:08:51.986911+00:00,
20260906T130002+0800-dd80dd63,COPPER_COMMODITY_TRADE_INVENTORY,1609,1609.TW,大亞,BROKEN,WATCH_RESEARCH,GATE_1_CAUSAL,STOCK_BLOCKED_WEAK_EDGE,NOT_TRIGGERED,2026-09-06T23:08:51.986911+00:00,
20260906T130002+0800-dd80dd63,DATACENTER_POWER_INFRA,6409,6409.TW,旭隼,BROKEN,WATCH_RESEARCH,GATE_1_CAUSAL,STOCK_BLOCKED_WEAK_EDGE,NOT_TRIGGERED,2026-09-06T23:08:51.986911+00:00,
20260906T130002+0800-dd80dd63,AI_NETWORKING_UPGRADE,6285,6285.TW,啟碁,BROKEN,WATCH_RESEARCH,GATE_1_CAUSAL,STOCK_BLOCKED_WEAK_EDGE,NOT_TRIGGERED,2026-09-06T23:08:51.986911+00:00,
20260906T130002+0800-dd80dd63,AI_SERVER_THERMAL_DENSITY,3324,3324.TWO,雙鴻,EXTENDED,WATCH_RESEARCH,GATE_1_CAUSAL,STOCK_BLOCKED_WEAK_EDGE,NOT_TRIGGERED,2026-09-06T23:08:51.986911+00:00,
20260906T130002+0800-dd80dd63,AI_NETWORKING_UPGRADE,3596,3596.TW,智易,BROKEN,WATCH_RESEARCH,GATE_1_CAUSAL,STOCK_BLOCKED_WEAK_EDGE,NOT_TRIGGERED,2026-09-06T23:08:51.986911+00:00,
20260906T130002+0800-dd80dd63,AI_NETWORKING_UPGRADE,5388,5388.TW,中磊,BROKEN,WATCH_RESEARCH,GATE_1_CAUSAL,STOCK_BLOCKED_WEAK_EDGE,NOT_TRIGGERED,2026-09-06T23:08:51.986911+00:00,
20260906T130002+0800-dd80dd63,CONSUMER_ELECTRONICS_CYCLE,2317,2317.TW,鴻海,PRE_CONFIRMATION,WATCH_RESEARCH,GATE_1_CAUSAL,STOCK_BLOCKED_WEAK_EDGE,NOT_TRIGGERED,2026-09-06T23:08:51.986911+00:00,
20260906T130002+0800-dd80dd63,BIOPHARMA_RISK_APPETITE,6446,6446.TW,藥華藥,PULLBACK,WATCH_RESEARCH,GATE_1_CAUSAL,ETF_CORE_PREFERRED,NOT_TRIGGERED,2026-09-06T23:08:51.986911+00:00,
20260906T130002+0800-dd80dd63,AI_SERVER_RACK_BUILD,3693,3693.TWO,營邦,EXTENDED,WATCH_RESEARCH,GATE_1_CAUSAL,STOCK_BLOCKED_WEAK_EDGE,NOT_TRIGGERED,2026-09-06T23:08:51.986911+00:00,
20260906T130002+0800-dd80dd63,DATACENTER_COOLING_INFRA,3324,3324.TWO,雙鴻,EXTENDED,WATCH_RESEARCH,GATE_1_CAUSAL,STOCK_BLOCKED_WEAK_EDGE,NOT_TRIGGERED,2026-09-06T23:08:51.986911+00:00,
20260906T130002+0800-dd80dd63,BIOPHARMA_RISK_APPETITE,6472,6472.TW,保瑞,UNKNOWN,WATCH_RESEARCH,GATE_1_CAUSAL,ETF_CORE_PREFERRED,NOT_TRIGGERED,2026-09-06T23:08:51.986911+00:00,
20260906T130002+0800-dd80dd63,AI_NETWORKING_UPGRADE,3704,3704.TW,合勤控,BROKEN,WATCH_RESEARCH,GATE_1_CAUSAL,STOCK_BLOCKED_WEAK_EDGE,NOT_TRIGGERED,2026-09-06T23:08:51.986911+00:00,
20260907T083423+0800-0e24be27,CONTAINER_FREIGHT,2615,2615.TW,萬海,PERSISTENT,WATCH_ENTRY,GATE_4_REACTION,ETF_CORE_PREFERRED,NOT_TRIGGERED,2026-09-07T03:04:27.792857+00:00,2026-09-04
20260907T083423+0800-0e24be27,CONTAINER_FREIGHT,2603,2603.TW,長榮,PERSISTENT,WATCH_ENTRY,GATE_4_REACTION,ETF_CORE_PREFERRED,NOT_TRIGGERED,2026-09-07T03:04:27.792857+00:00,2026-09-04
20260907T083423+0800-0e24be27,CONTAINER_FREIGHT,2609,2609.TW,陽明,PERSISTENT,WATCH_ENTRY,GATE_4_REACTION,ETF_CORE_PREFERRED,NOT_TRIGGERED,2026-09-07T03:04:27.792857+00:00,2026-09-04
20260907T083423+0800-0e24be27,DRY_BULK_FREIGHT,2606,2606.TW,裕民,PERSISTENT,WATCH_ENTRY,GATE_4_REACTION,STOCK_ALPHA_RESEARCH,NOT_TRIGGERED,2026-09-07T03:04:27.792857+00:00,2026-09-04
20260907T083423+0800-0e24be27,DRY_BULK_FREIGHT,2637,2637.TW,慧洋-KY,PERSISTENT,WATCH_ENTRY,GATE_4_REACTION,STOCK_ALPHA_RESEARCH,NOT_TRIGGERED,2026-09-07T03:04:27.792857+00:00,2026-09-04
20260907T083423+0800-0e24be27,DRY_BULK_FREIGHT,2605,2605.TW,新興,PERSISTENT,WATCH_ENTRY,GATE_4_REACTION,STOCK_ALPHA_RESEARCH,NOT_TRIGGERED,2026-09-07T03:04:27.792857+00:00,2026-09-04
20260907T083423+0800-0e24be27,DRY_BULK_FREIGHT,2617,2617.TW,台航,PERSISTENT,WATCH_ENTRY,GATE_4_REACTION,STOCK_ALPHA_RESEARCH,NOT_TRIGGERED,2026-09-07T03:04:27.792857+00:00,2026-09-04
20260907T083423+0800-0e24be27,AI_SERVER_SHIPMENTS,6669,6669.TW,緯穎,PERSISTENT,WATCH_ENTRY,GATE_4_REACTION,STOCK_ALPHA_RESEARCH,NOT_TRIGGERED,2026-09-07T03:04:27.792857+00:00,2026-09-04
20260907T083423+0800-0e24be27,AI_SERVER_SHIPMENTS,3231,3231.TW,緯創,PERSISTENT,WATCH_ENTRY,GATE_4_REACTION,STOCK_ALPHA_RESEARCH,NOT_TRIGGERED,2026-09-07T03:04:27.792857+00:00,2026-09-04
20260907T083423+0800-0e24be27,AI_SERVER_SHIPMENTS,2317,2317.TW,鴻海,PRE_CONFIRMATION,WATCH_ENTRY,GATE_5_ENTRY,STOCK_ALPHA_RESEARCH,NOT_TRIGGERED,2026-09-07T03:04:27.792857+00:00,2026-09-04
20260907T083423+0800-0e24be27,MEMORY_IC_CYCLE,3006,3006.TW,晶豪科,PERSISTENT,WATCH_RESEARCH,GATE_1_CAUSAL,STOCK_BLOCKED_WEAK_EDGE,NOT_TRIGGERED,2026-09-07T03:04:27.792857+00:00,2026-09-04
20260907T083423+0800-0e24be27,FINANCIALS_RATE_CREDIT_CYCLE,2882,2882.TW,國泰金,PERSISTENT,WATCH_RESEARCH,GATE_1_CAUSAL,ETF_CORE_PREFERRED,NOT_TRIGGERED,2026-09-07T03:04:27.792857+00:00,2026-09-04
20260907T083423+0800-0e24be27,FINANCIALS_RATE_CREDIT_CYCLE,2881,2881.TW,富邦金,PERSISTENT,WATCH_RESEARCH,GATE_1_CAUSAL,ETF_CORE_PREFERRED,NOT_TRIGGERED,2026-09-07T03:04:27.792857+00:00,2026-09-04
20260907T083423+0800-0e24be27,DRAM_PRICING,2408,2408.TW,南亞科,PULLBACK,WATCH_RESEARCH,GATE_1_CAUSAL,STOCK_BLOCKED_WEAK_EDGE,NOT_TRIGGERED,2026-09-07T03:04:27.792857+00:00,2026-09-04
20260907T083423+0800-0e24be27,AI_SERVER_THERMAL_DENSITY,3017,3017.TW,奇鋐,PERSISTENT,WATCH_RESEARCH,GATE_1_CAUSAL,STOCK_BLOCKED_WEAK_EDGE,NOT_TRIGGERED,2026-09-07T03:04:27.792857+00:00,2026-09-04
20260907T083423+0800-0e24be27,FINANCIALS_RATE_CREDIT_CYCLE,2891,2891.TW,中信金,PRE_CONFIRMATION,WATCH_RESEARCH,GATE_1_CAUSAL,ETF_CORE_PREFERRED,NOT_TRIGGERED,2026-09-07T03:04:27.792857+00:00,2026-09-04
20260907T083423+0800-0e24be27,NAND_STORAGE_CYCLE,4967,4967.TW,十銓,PRE_CONFIRMATION,WATCH_RESEARCH,GATE_1_CAUSAL,STOCK_ALPHA_RESEARCH,NOT_TRIGGERED,2026-09-07T03:04:27.792857+00:00,2026-09-04
20260907T083423+0800-0e24be27,AI_SERVER_SHIPMENTS,2356,2356.TW,英業達,CONFIRMING,WATCH_RESEARCH,GATE_2_TRANSMISSION,STOCK_BLOCKED_WEAK_EDGE,NOT_TRIGGERED,2026-09-07T03:04:27.792857+00:00,2026-09-04
20260907T083423+0800-0e24be27,FINANCIALS_RATE_CREDIT_CYCLE,2886,2886.TW,兆豐金,PRE_CONFIRMATION,WATCH_RESEARCH,GATE_1_CAUSAL,ETF_CORE_PREFERRED,NOT_TRIGGERED,2026-09-07T03:04:27.792857+00:00,2026-09-04
20260907T083423+0800-0e24be27,AI_SERVER_SHIPMENTS,2382,2382.TW,廣達,UNKNOWN,WATCH_RESEARCH,GATE_2_TRANSMISSION,STOCK_BLOCKED_WEAK_EDGE,NOT_TRIGGERED,2026-09-07T03:04:27.792857+00:00,2026-09-04
20260907T083423+0800-0e24be27,DATACENTER_COOLING_INFRA,3017,3017.TW,奇鋐,PERSISTENT,WATCH_RESEARCH,GATE_1_CAUSAL,STOCK_BLOCKED_WEAK_EDGE,NOT_TRIGGERED,2026-09-07T03:04:27.792857+00:00,2026-09-04
20260907T083423+0800-0e24be27,SPECIALTY_MEMORY_PRICING,2344,2344.TW,華邦電,UNKNOWN,WATCH_RESEARCH,GATE_1_CAUSAL,STOCK_BLOCKED_WEAK_EDGE,NOT_TRIGGERED,2026-09-07T03:04:27.792857+00:00,2026-09-04
20260907T083423+0800-0e24be27,LEADING_EDGE_FOUNDRY_AI_DEMAND,2330,2330.TW,台積電,UNKNOWN,WATCH_RESEARCH,GATE_1_CAUSAL,ETF_CORE_PREFERRED,NOT_TRIGGERED,2026-09-07T03:04:27.792857+00:00,2026-09-04
20260907T083423+0800-0e24be27,MATURE_NODE_FOUNDRY_UTILIZATION,2303,2303.TW,聯電,UNKNOWN,WATCH_RESEARCH,GATE_1_CAUSAL,STOCK_BLOCKED_WEAK_EDGE,NOT_TRIGGERED,2026-09-07T03:04:27.792857+00:00,2026-09-04
20260907T083423+0800-0e24be27,AI_SERVER_RACK_BUILD,2376,2376.TW,技嘉,PRE_CONFIRMATION,WATCH_RESEARCH,GATE_1_CAUSAL,STOCK_ALPHA_RESEARCH,NOT_TRIGGERED,2026-09-07T03:04:27.792857+00:00,2026-09-04
20260907T083423+0800-0e24be27,MEMORY_IC_CYCLE,5351,5351.TWO,鈺創,PULLBACK,WATCH_RESEARCH,GATE_1_CAUSAL,STOCK_BLOCKED_WEAK_EDGE,NOT_TRIGGERED,2026-09-07T03:04:27.792857+00:00,2026-09-04
20260907T083423+0800-0e24be27,NAND_STORAGE_CYCLE,8299,8299.TWO,群聯,BROKEN,WATCH_RESEARCH,GATE_1_CAUSAL,STOCK_BLOCKED_WEAK_EDGE,NOT_TRIGGERED,2026-09-07T03:04:27.792857+00:00,2026-09-04
20260907T083423+0800-0e24be27,SPECIALTY_MEMORY_PRICING,2337,2337.TW,旺宏,BROKEN,WATCH_RESEARCH,GATE_1_CAUSAL,STOCK_BLOCKED_WEAK_EDGE,NOT_TRIGGERED,2026-09-07T03:04:27.792857+00:00,2026-09-04
20260907T083423+0800-0e24be27,NAND_STORAGE_CYCLE,3260,3260.TWO,威剛,BROKEN,WATCH_RESEARCH,GATE_1_CAUSAL,STOCK_BLOCKED_WEAK_EDGE,NOT_TRIGGERED,2026-09-07T03:04:27.792857+00:00,2026-09-04
20260907T083423+0800-0e24be27,MATURE_NODE_FOUNDRY_UTILIZATION,5347,5347.TWO,世界,BROKEN,WATCH_RESEARCH,GATE_1_CAUSAL,STOCK_BLOCKED_WEAK_EDGE,NOT_TRIGGERED,2026-09-07T03:04:27.792857+00:00,2026-09-04
20260907T083423+0800-0e24be27,MATURE_NODE_FOUNDRY_UTILIZATION,6770,6770.TW,力積電,BROKEN,WATCH_RESEARCH,GATE_1_CAUSAL,STOCK_BLOCKED_WEAK_EDGE,NOT_TRIGGERED,2026-09-07T03:04:27.792857+00:00,2026-09-04
20260907T083423+0800-0e24be27,NAND_STORAGE_CYCLE,5289,5289.TWO,宜鼎,BROKEN,WATCH_RESEARCH,GATE_1_CAUSAL,STOCK_BLOCKED_WEAK_EDGE,NOT_TRIGGERED,2026-09-07T03:04:27.792857+00:00,2026-09-04
20260907T083423+0800-0e24be27,POWER_ELECTRONICS_CAPEX,1519,1519.TW,華城,UNKNOWN,WATCH_RESEARCH,GATE_4_REACTION,STOCK_ALPHA_RESEARCH,NOT_TRIGGERED,2026-09-07T03:04:27.792857+00:00,2026-09-04
20260907T083423+0800-0e24be27,AI_NETWORKING_UPGRADE,2345,2345.TW,智邦,BROKEN,WATCH_RESEARCH,GATE_1_CAUSAL,STOCK_BLOCKED_WEAK_EDGE,NOT_TRIGGERED,2026-09-07T03:04:27.792857+00:00,2026-09-04
20260907T083423+0800-0e24be27,POWER_ELECTRONICS_CAPEX,2308,2308.TW,台達電,UNKNOWN,WATCH_RESEARCH,GATE_4_REACTION,STOCK_ALPHA_RESEARCH,NOT_TRIGGERED,2026-09-07T03:04:27.792857+00:00,2026-09-04
20260907T083423+0800-0e24be27,DATACENTER_POWER_INFRA,2308,2308.TW,台達電,UNKNOWN,WATCH_RESEARCH,GATE_1_CAUSAL,STOCK_BLOCKED_WEAK_EDGE,NOT_TRIGGERED,2026-09-07T03:04:27.792857+00:00,2026-09-04
20260907T083423+0800-0e24be27,POWER_ELECTRONICS_CAPEX,1513,1513.TW,中興電,UNKNOWN,WATCH_RESEARCH,GATE_4_REACTION,STOCK_ALPHA_RESEARCH,NOT_TRIGGERED,2026-09-07T03:04:27.792857+00:00,2026-09-04
20260907T083423+0800-0e24be27,AI_SERVER_THERMAL_DENSITY,8996,8996.TW,高力,UNKNOWN,WATCH_RESEARCH,GATE_1_CAUSAL,STOCK_BLOCKED_WEAK_EDGE,NOT_TRIGGERED,2026-09-07T03:04:27.792857+00:00,2026-09-04
20260907T083423+0800-0e24be27,COPPER_COMMODITY_TRADE_INVENTORY,1605,1605.TW,華新,PERSISTENT,WATCH_RESEARCH,GATE_1_CAUSAL,STOCK_BLOCKED_WEAK_EDGE,NOT_TRIGGERED,2026-09-07T03:04:27.792857+00:00,2026-09-04
20260907T083423+0800-0e24be27,DATACENTER_COOLING_INFRA,8996,8996.TW,高力,UNKNOWN,WATCH_RESEARCH,GATE_1_CAUSAL,STOCK_BLOCKED_WEAK_EDGE,NOT_TRIGGERED,2026-09-07T03:04:27.792857+00:00,2026-09-04
20260907T083423+0800-0e24be27,COPPER_COMMODITY_TRADE_INVENTORY,1608,1608.TW,華榮,UNKNOWN,WATCH_RESEARCH,GATE_1_CAUSAL,STOCK_BLOCKED_WEAK_EDGE,NOT_TRIGGERED,2026-09-07T03:04:27.792857+00:00,2026-09-04
20260907T083423+0800-0e24be27,CONSUMER_ELECTRONICS_CYCLE,4938,4938.TW,和碩,CONFIRMING,WATCH_RESEARCH,GATE_1_CAUSAL,STOCK_BLOCKED_WEAK_EDGE,NOT_TRIGGERED,2026-09-07T03:04:27.792857+00:00,2026-09-04
20260907T083423+0800-0e24be27,AI_SERVER_THERMAL_DENSITY,6230,6230.TW,尼得科超眾,BROKEN,WATCH_RESEARCH,GATE_1_CAUSAL,STOCK_BLOCKED_WEAK_EDGE,NOT_TRIGGERED,2026-09-07T03:04:27.792857+00:00,2026-09-04
20260907T083423+0800-0e24be27,COPPER_COMMODITY_TRADE_INVENTORY,1609,1609.TW,大亞,BROKEN,WATCH_RESEARCH,GATE_1_CAUSAL,STOCK_BLOCKED_WEAK_EDGE,NOT_TRIGGERED,2026-09-07T03:04:27.792857+00:00,2026-09-04
20260907T083423+0800-0e24be27,DATACENTER_POWER_INFRA,6409,6409.TW,旭隼,BROKEN,WATCH_RESEARCH,GATE_1_CAUSAL,STOCK_BLOCKED_WEAK_EDGE,NOT_TRIGGERED,2026-09-07T03:04:27.792857+00:00,2026-09-04
20260907T083423+0800-0e24be27,AI_NETWORKING_UPGRADE,6285,6285.TW,啟碁,BROKEN,WATCH_RESEARCH,GATE_1_CAUSAL,STOCK_BLOCKED_WEAK_EDGE,NOT_TRIGGERED,2026-09-07T03:04:27.792857+00:00,2026-09-04
20260907T083423+0800-0e24be27,AI_SERVER_THERMAL_DENSITY,3324,3324.TWO,雙鴻,EXTENDED,WATCH_RESEARCH,GATE_1_CAUSAL,STOCK_BLOCKED_WEAK_EDGE,NOT_TRIGGERED,2026-09-07T03:04:27.792857+00:00,2026-09-04
20260907T083423+0800-0e24be27,AI_NETWORKING_UPGRADE,3596,3596.TW,智易,BROKEN,WATCH_RESEARCH,GATE_1_CAUSAL,STOCK_BLOCKED_WEAK_EDGE,NOT_TRIGGERED,2026-09-07T03:04:27.792857+00:00,2026-09-04
20260907T083423+0800-0e24be27,AI_NETWORKING_UPGRADE,5388,5388.TW,中磊,BROKEN,WATCH_RESEARCH,GATE_1_CAUSAL,STOCK_BLOCKED_WEAK_EDGE,NOT_TRIGGERED,2026-09-07T03:04:27.792857+00:00,2026-09-04
20260907T083423+0800-0e24be27,CONSUMER_ELECTRONICS_CYCLE,2317,2317.TW,鴻海,PRE_CONFIRMATION,WATCH_RESEARCH,GATE_1_CAUSAL,STOCK_BLOCKED_WEAK_EDGE,NOT_TRIGGERED,2026-09-07T03:04:27.792857+00:00,2026-09-04
20260907T083423+0800-0e24be27,BIOPHARMA_RISK_APPETITE,6446,6446.TW,藥華藥,PULLBACK,WATCH_RESEARCH,GATE_1_CAUSAL,ETF_CORE_PREFERRED,NOT_TRIGGERED,2026-09-07T03:04:27.792857+00:00,2026-09-04
20260907T083423+0800-0e24be27,AI_SERVER_RACK_BUILD,3693,3693.TWO,營邦,EXTENDED,WATCH_RESEARCH,GATE_1_CAUSAL,STOCK_BLOCKED_WEAK_EDGE,NOT_TRIGGERED,2026-09-07T03:04:27.792857+00:00,2026-09-04
20260907T083423+0800-0e24be27,DATACENTER_COOLING_INFRA,3324,3324.TWO,雙鴻,EXTENDED,WATCH_RESEARCH,GATE_1_CAUSAL,STOCK_BLOCKED_WEAK_EDGE,NOT_TRIGGERED,2026-09-07T03:04:27.792857+00:00,2026-09-04
20260907T083423+0800-0e24be27,BIOPHARMA_RISK_APPETITE,6472,6472.TW,保瑞,UNKNOWN,WATCH_RESEARCH,GATE_1_CAUSAL,ETF_CORE_PREFERRED,NOT_TRIGGERED,2026-09-07T03:04:27.792857+00:00,2026-09-04
20260907T083423+0800-0e24be27,AI_NETWORKING_UPGRADE,3704,3704.TW,合勤控,BROKEN,WATCH_RESEARCH,GATE_1_CAUSAL,STOCK_BLOCKED_WEAK_EDGE,NOT_TRIGGERED,2026-09-07T03:04:27.792857+00:00,2026-09-04
20260908T080641+0800-3df4fce0,DRY_BULK_FREIGHT,2606,2606.TW,裕民,PERSISTENT,WATCH_ENTRY,GATE_4_REACTION,STOCK_ALPHA_RESEARCH,NOT_TRIGGERED,2026-09-08T00:13:18.726167+00:00,2026-09-07
20260908T080641+0800-3df4fce0,DRY_BULK_FREIGHT,2637,2637.TW,慧洋-KY,PERSISTENT,WATCH_ENTRY,GATE_4_REACTION,STOCK_ALPHA_RESEARCH,NOT_TRIGGERED,2026-09-08T00:13:18.726167+00:00,2026-09-07
20260908T080641+0800-3df4fce0,DRY_BULK_FREIGHT,2605,2605.TW,新興,PERSISTENT,WATCH_ENTRY,GATE_4_REACTION,STOCK_ALPHA_RESEARCH,NOT_TRIGGERED,2026-09-08T00:13:18.726167+00:00,2026-09-07
20260908T080641+0800-3df4fce0,DRY_BULK_FREIGHT,2617,2617.TW,台航,PERSISTENT,WATCH_ENTRY,GATE_4_REACTION,STOCK_ALPHA_RESEARCH,NOT_TRIGGERED,2026-09-08T00:13:18.726167+00:00,2026-09-07
20260908T080641+0800-3df4fce0,CONTAINER_FREIGHT,2609,2609.TW,陽明,PERSISTENT,WATCH_RESEARCH,GATE_1_CAUSAL,ETF_CORE_PREFERRED,NOT_TRIGGERED,2026-09-08T00:13:18.726167+00:00,2026-09-07
20260908T080641+0800-3df4fce0,CONTAINER_FREIGHT,2615,2615.TW,萬海,PERSISTENT,WATCH_RESEARCH,GATE_1_CAUSAL,ETF_CORE_PREFERRED,NOT_TRIGGERED,2026-09-08T00:13:18.726167+00:00,2026-09-07
20260908T080641+0800-3df4fce0,DRAM_PRICING,2408,2408.TW,南亞科,PERSISTENT,WATCH_RESEARCH,GATE_1_CAUSAL,STOCK_BLOCKED_WEAK_EDGE,NOT_TRIGGERED,2026-09-08T00:13:18.726167+00:00,2026-09-07
20260908T080641+0800-3df4fce0,AI_SERVER_SHIPMENTS,6669,6669.TW,緯穎,PERSISTENT,WATCH_RESEARCH,GATE_1_CAUSAL,STOCK_ALPHA_RESEARCH,NOT_TRIGGERED,2026-09-08T00:13:18.726167+00:00,2026-09-07
20260908T080641+0800-3df4fce0,SPECIALTY_MEMORY_PRICING,2344,2344.TW,華邦電,PERSISTENT,WATCH_RESEARCH,GATE_1_CAUSAL,STOCK_BLOCKED_WEAK_EDGE,NOT_TRIGGERED,2026-09-08T00:13:18.726167+00:00,2026-09-07
20260908T080641+0800-3df4fce0,AI_SERVER_SHIPMENTS,3231,3231.TW,緯創,PERSISTENT,WATCH_RESEARCH,GATE_1_CAUSAL,STOCK_ALPHA_RESEARCH,NOT_TRIGGERED,2026-09-08T00:13:18.726167+00:00,2026-09-07
20260908T080641+0800-3df4fce0,MEMORY_IC_CYCLE,3006,3006.TW,晶豪科,PERSISTENT,WATCH_RESEARCH,GATE_1_CAUSAL,STOCK_BLOCKED_WEAK_EDGE,NOT_TRIGGERED,2026-09-08T00:13:18.726167+00:00,2026-09-07
20260908T080641+0800-3df4fce0,FINANCIALS_RATE_CREDIT_CYCLE,2882,2882.TW,國泰金,PERSISTENT,WATCH_RESEARCH,GATE_1_CAUSAL,ETF_CORE_PREFERRED,NOT_TRIGGERED,2026-09-08T00:13:18.726167+00:00,2026-09-07
20260908T080641+0800-3df4fce0,FINANCIALS_RATE_CREDIT_CYCLE,2881,2881.TW,富邦金,PERSISTENT,WATCH_RESEARCH,GATE_1_CAUSAL,ETF_CORE_PREFERRED,NOT_TRIGGERED,2026-09-08T00:13:18.726167+00:00,2026-09-07
20260908T080641+0800-3df4fce0,MATURE_NODE_FOUNDRY_UTILIZATION,2303,2303.TW,聯電,CONFIRMING,WATCH_RESEARCH,GATE_1_CAUSAL,STOCK_BLOCKED_WEAK_EDGE,NOT_TRIGGERED,2026-09-08T00:13:18.726167+00:00,2026-09-07
20260908T080641+0800-3df4fce0,CONTAINER_FREIGHT,2603,2603.TW,長榮,PULLBACK,WATCH_RESEARCH,GATE_1_CAUSAL,ETF_CORE_PREFERRED,NOT_TRIGGERED,2026-09-08T00:13:18.726167+00:00,2026-09-07
20260908T080641+0800-3df4fce0,LEADING_EDGE_FOUNDRY_AI_DEMAND,2330,2330.TW,台積電,PRE_CONFIRMATION,WATCH_RESEARCH,GATE_1_CAUSAL,ETF_CORE_PREFERRED,NOT_TRIGGERED,2026-09-08T00:13:18.726167+00:00,2026-09-07
20260908T080641+0800-3df4fce0,AI_SERVER_THERMAL_DENSITY,3017,3017.TW,奇鋐,PERSISTENT,WATCH_RESEARCH,GATE_1_CAUSAL,STOCK_BLOCKED_WEAK_EDGE,NOT_TRIGGERED,2026-09-08T00:13:18.726167+00:00,2026-09-07
20260908T080641+0800-3df4fce0,NAND_STORAGE_CYCLE,4967,4967.TW,十銓,PRE_CONFIRMATION,WATCH_RESEARCH,GATE_1_CAUSAL,STOCK_ALPHA_RESEARCH,NOT_TRIGGERED,2026-09-08T00:13:18.726167+00:00,2026-09-07
20260908T080641+0800-3df4fce0,POWER_ELECTRONICS_CAPEX,2308,2308.TW,台達電,CONFIRMING,WATCH_RESEARCH,GATE_1_CAUSAL,STOCK_ALPHA_RESEARCH,NOT_TRIGGERED,2026-09-08T00:13:18.726167+00:00,2026-09-07
20260908T080641+0800-3df4fce0,DATACENTER_POWER_INFRA,2308,2308.TW,台達電,CONFIRMING,WATCH_RESEARCH,GATE_1_CAUSAL,STOCK_BLOCKED_WEAK_EDGE,NOT_TRIGGERED,2026-09-08T00:13:18.726167+00:00,2026-09-07
20260908T080641+0800-3df4fce0,FINANCIALS_RATE_CREDIT_CYCLE,2891,2891.TW,中信金,PRE_CONFIRMATION,WATCH_RESEARCH,GATE_1_CAUSAL,ETF_CORE_PREFERRED,NOT_TRIGGERED,2026-09-08T00:13:18.726167+00:00,2026-09-07
20260908T080641+0800-3df4fce0,FINANCIALS_RATE_CREDIT_CYCLE,2886,2886.TW,兆豐金,PRE_CONFIRMATION,WATCH_RESEARCH,GATE_1_CAUSAL,ETF_CORE_PREFERRED,NOT_TRIGGERED,2026-09-08T00:13:18.726167+00:00,2026-09-07
20260908T080641+0800-3df4fce0,AI_SERVER_SHIPMENTS,2382,2382.TW,廣達,UNKNOWN,WATCH_RESEARCH,GATE_1_CAUSAL,STOCK_BLOCKED_WEAK_EDGE,NOT_TRIGGERED,2026-09-08T00:13:18.726167+00:00,2026-09-07
20260908T080641+0800-3df4fce0,NAND_STORAGE_CYCLE,8299,8299.TWO,群聯,UNKNOWN,WATCH_RESEARCH,GATE_1_CAUSAL,STOCK_BLOCKED_WEAK_EDGE,NOT_TRIGGERED,2026-09-08T00:13:18.726167+00:00,2026-09-07
20260908T080641+0800-3df4fce0,AI_SERVER_THERMAL_DENSITY,8996,8996.TW,高力,CONFIRMING,WATCH_RESEARCH,GATE_1_CAUSAL,STOCK_BLOCKED_WEAK_EDGE,NOT_TRIGGERED,2026-09-08T00:13:18.726167+00:00,2026-09-07
20260908T080641+0800-3df4fce0,DATACENTER_COOLING_INFRA,3017,3017.TW,奇鋐,PERSISTENT,WATCH_RESEARCH,GATE_1_CAUSAL,STOCK_BLOCKED_WEAK_EDGE,NOT_TRIGGERED,2026-09-08T00:13:18.726167+00:00,2026-09-07
20260908T080641+0800-3df4fce0,NAND_STORAGE_CYCLE,3260,3260.TWO,威剛,UNKNOWN,WATCH_RESEARCH,GATE_1_CAUSAL,STOCK_BLOCKED_WEAK_EDGE,NOT_TRIGGERED,2026-09-08T00:13:18.726167+00:00,2026-09-07
20260908T080641+0800-3df4fce0,DATACENTER_COOLING_INFRA,8996,8996.TW,高力,CONFIRMING,WATCH_RESEARCH,GATE_1_CAUSAL,STOCK_BLOCKED_WEAK_EDGE,NOT_TRIGGERED,2026-09-08T00:13:18.726167+00:00,2026-09-07
20260908T080641+0800-3df4fce0,AI_SERVER_SHIPMENTS,2317,2317.TW,鴻海,PRE_CONFIRMATION,WATCH_RESEARCH,GATE_1_CAUSAL,STOCK_ALPHA_RESEARCH,NOT_TRIGGERED,2026-09-08T00:13:18.726167+00:00,2026-09-07
20260908T080641+0800-3df4fce0,MATURE_NODE_FOUNDRY_UTILIZATION,6770,6770.TW,力積電,UNKNOWN,WATCH_RESEARCH,GATE_1_CAUSAL,STOCK_BLOCKED_WEAK_EDGE,NOT_TRIGGERED,2026-09-08T00:13:18.726167+00:00,2026-09-07
20260908T080641+0800-3df4fce0,POWER_ELECTRONICS_CAPEX,1513,1513.TW,中興電,PRE_CONFIRMATION,WATCH_RESEARCH,GATE_1_CAUSAL,STOCK_ALPHA_RESEARCH,NOT_TRIGGERED,2026-09-08T00:13:18.726167+00:00,2026-09-07
20260908T080641+0800-3df4fce0,MEMORY_IC_CYCLE,5351,5351.TWO,鈺創,PULLBACK,WATCH_RESEARCH,GATE_1_CAUSAL,STOCK_BLOCKED_WEAK_EDGE,NOT_TRIGGERED,2026-09-08T00:13:18.726167+00:00,2026-09-07
20260908T080641+0800-3df4fce0,SPECIALTY_MEMORY_PRICING,2337,2337.TW,旺宏,BROKEN,WATCH_RESEARCH,GATE_1_CAUSAL,STOCK_BLOCKED_WEAK_EDGE,NOT_TRIGGERED,2026-09-08T00:13:18.726167+00:00,2026-09-07
20260908T080641+0800-3df4fce0,AI_SERVER_RACK_BUILD,2376,2376.TW,技嘉,PRE_CONFIRMATION,WATCH_RESEARCH,GATE_1_CAUSAL,STOCK_ALPHA_RESEARCH,NOT_TRIGGERED,2026-09-08T00:13:18.726167+00:00,2026-09-07
20260908T080641+0800-3df4fce0,AI_SERVER_SHIPMENTS,2356,2356.TW,英業達,PULLBACK,WATCH_RESEARCH,GATE_1_CAUSAL,STOCK_BLOCKED_WEAK_EDGE,NOT_TRIGGERED,2026-09-08T00:13:18.726167+00:00,2026-09-07
20260908T080641+0800-3df4fce0,MATURE_NODE_FOUNDRY_UTILIZATION,5347,5347.TWO,世界,BROKEN,WATCH_RESEARCH,GATE_1_CAUSAL,STOCK_BLOCKED_WEAK_EDGE,NOT_TRIGGERED,2026-09-08T00:13:18.726167+00:00,2026-09-07
20260908T080641+0800-3df4fce0,NAND_STORAGE_CYCLE,5289,5289.TWO,宜鼎,BROKEN,WATCH_RESEARCH,GATE_1_CAUSAL,STOCK_BLOCKED_WEAK_EDGE,NOT_TRIGGERED,2026-09-08T00:13:18.726167+00:00,2026-09-07
20260908T080641+0800-3df4fce0,POWER_ELECTRONICS_CAPEX,1519,1519.TW,華城,UNKNOWN,WATCH_RESEARCH,GATE_1_CAUSAL,STOCK_ALPHA_RESEARCH,NOT_TRIGGERED,2026-09-08T00:13:18.726167+00:00,2026-09-07
20260908T080641+0800-3df4fce0,AI_NETWORKING_UPGRADE,2345,2345.TW,智邦,BROKEN,WATCH_RESEARCH,GATE_1_CAUSAL,STOCK_BLOCKED_WEAK_EDGE,NOT_TRIGGERED,2026-09-08T00:13:18.726167+00:00,2026-09-07
20260908T080641+0800-3df4fce0,COPPER_COMMODITY_TRADE_INVENTORY,1608,1608.TW,華榮,UNKNOWN,WATCH_RESEARCH,GATE_1_CAUSAL,STOCK_BLOCKED_WEAK_EDGE,NOT_TRIGGERED,2026-09-08T00:13:18.726167+00:00,2026-09-07
20260908T080641+0800-3df4fce0,CONSUMER_ELECTRONICS_CYCLE,4938,4938.TW,和碩,CONFIRMING,WATCH_RESEARCH,GATE_1_CAUSAL,STOCK_BLOCKED_WEAK_EDGE,NOT_TRIGGERED,2026-09-08T00:13:18.726167+00:00,2026-09-07
20260908T080641+0800-3df4fce0,AI_SERVER_THERMAL_DENSITY,6230,6230.TW,尼得科超眾,BROKEN,WATCH_RESEARCH,GATE_1_CAUSAL,STOCK_BLOCKED_WEAK_EDGE,NOT_TRIGGERED,2026-09-08T00:13:18.726167+00:00,2026-09-07
20260908T080641+0800-3df4fce0,DATACENTER_POWER_INFRA,6409,6409.TW,旭隼,BROKEN,WATCH_RESEARCH,GATE_1_CAUSAL,STOCK_BLOCKED_WEAK_EDGE,NOT_TRIGGERED,2026-09-08T00:13:18.726167+00:00,2026-09-07
20260908T080641+0800-3df4fce0,COPPER_COMMODITY_TRADE_INVENTORY,1609,1609.TW,大亞,BROKEN,WATCH_RESEARCH,GATE_1_CAUSAL,STOCK_BLOCKED_WEAK_EDGE,NOT_TRIGGERED,2026-09-08T00:13:18.726167+00:00,2026-09-07
20260908T080641+0800-3df4fce0,AI_SERVER_THERMAL_DENSITY,3324,3324.TWO,雙鴻,EXTENDED,WATCH_RESEARCH,GATE_1_CAUSAL,STOCK_BLOCKED_WEAK_EDGE,NOT_TRIGGERED,2026-09-08T00:13:18.726167+00:00,2026-09-07
20260908T080641+0800-3df4fce0,AI_NETWORKING_UPGRADE,6285,6285.TW,啟碁,BROKEN,WATCH_RESEARCH,GATE_1_CAUSAL,STOCK_BLOCKED_WEAK_EDGE,NOT_TRIGGERED,2026-09-08T00:13:18.726167+00:00,2026-09-07
20260908T080641+0800-3df4fce0,CONSUMER_ELECTRONICS_CYCLE,2317,2317.TW,鴻海,PRE_CONFIRMATION,WATCH_RESEARCH,GATE_1_CAUSAL,STOCK_BLOCKED_WEAK_EDGE,NOT_TRIGGERED,2026-09-08T00:13:18.726167+00:00,2026-09-07
20260908T080641+0800-3df4fce0,BIOPHARMA_RISK_APPETITE,6446,6446.TW,藥華藥,PULLBACK,WATCH_RESEARCH,GATE_1_CAUSAL,ETF_CORE_PREFERRED,NOT_TRIGGERED,2026-09-08T00:13:18.726167+00:00,2026-09-07
20260908T080641+0800-3df4fce0,AI_NETWORKING_UPGRADE,3596,3596.TW,智易,BROKEN,WATCH_RESEARCH,GATE_1_CAUSAL,STOCK_BLOCKED_WEAK_EDGE,NOT_TRIGGERED,2026-09-08T00:13:18.726167+00:00,2026-09-07
20260908T080641+0800-3df4fce0,AI_NETWORKING_UPGRADE,5388,5388.TW,中磊,BROKEN,WATCH_RESEARCH,GATE_1_CAUSAL,STOCK_BLOCKED_WEAK_EDGE,NOT_TRIGGERED,2026-09-08T00:13:18.726167+00:00,2026-09-07
20260908T080641+0800-3df4fce0,COPPER_COMMODITY_TRADE_INVENTORY,1605,1605.TW,華新,PULLBACK,WATCH_RESEARCH,GATE_1_CAUSAL,STOCK_BLOCKED_WEAK_EDGE,NOT_TRIGGERED,2026-09-08T00:13:18.726167+00:00,2026-09-07
20260908T080641+0800-3df4fce0,AI_SERVER_RACK_BUILD,3693,3693.TWO,營邦,EXTENDED,WATCH_RESEARCH,GATE_1_CAUSAL,STOCK_BLOCKED_WEAK_EDGE,NOT_TRIGGERED,2026-09-08T00:13:18.726167+00:00,2026-09-07
20260908T080641+0800-3df4fce0,DATACENTER_COOLING_INFRA,3324,3324.TWO,雙鴻,EXTENDED,WATCH_RESEARCH,GATE_1_CAUSAL,STOCK_BLOCKED_WEAK_EDGE,NOT_TRIGGERED,2026-09-08T00:13:18.726167+00:00,2026-09-07
20260908T080641+0800-3df4fce0,BIOPHARMA_RISK_APPETITE,6472,6472.TW,保瑞,UNKNOWN,WATCH_RESEARCH,GATE_1_CAUSAL,ETF_CORE_PREFERRED,NOT_TRIGGERED,2026-09-08T00:13:18.726167+00:00,2026-09-07
20260908T080641+0800-3df4fce0,AI_NETWORKING_UPGRADE,3704,3704.TW,合勤控,BROKEN,WATCH_RESEARCH,GATE_1_CAUSAL,STOCK_BLOCKED_WEAK_EDGE,NOT_TRIGGERED,2026-09-08T00:13:18.726167+00:00,2026-09-07
20260908T085056+0800-7bed948e,CONTAINER_FREIGHT,2609,2609.TW,陽明,PERSISTENT,WATCH_RESEARCH,GATE_1_CAUSAL,ETF_CORE_PREFERRED,NOT_TRIGGERED,2026-09-08T00:59:33.417566+00:00,2026-09-07
20260908T085056+0800-7bed948e,CONTAINER_FREIGHT,2615,2615.TW,萬海,PERSISTENT,WATCH_RESEARCH,GATE_1_CAUSAL,ETF_CORE_PREFERRED,NOT_TRIGGERED,2026-09-08T00:59:33.417566+00:00,2026-09-07
20260908T085056+0800-7bed948e,DRY_BULK_FREIGHT,2606,2606.TW,裕民,PERSISTENT,WATCH_RESEARCH,GATE_1_CAUSAL,STOCK_ALPHA_RESEARCH,NOT_TRIGGERED,2026-09-08T00:59:33.417566+00:00,2026-09-07
20260908T085056+0800-7bed948e,DRY_BULK_FREIGHT,2637,2637.TW,慧洋-KY,PERSISTENT,WATCH_RESEARCH,GATE_1_CAUSAL,STOCK_ALPHA_RESEARCH,NOT_TRIGGERED,2026-09-08T00:59:33.417566+00:00,2026-09-07
20260908T085056+0800-7bed948e,DRY_BULK_FREIGHT,2605,2605.TW,新興,PERSISTENT,WATCH_RESEARCH,GATE_1_CAUSAL,STOCK_ALPHA_RESEARCH,NOT_TRIGGERED,2026-09-08T00:59:33.417566+00:00,2026-09-07
20260908T085056+0800-7bed948e,DRY_BULK_FREIGHT,2617,2617.TW,台航,PERSISTENT,WATCH_RESEARCH,GATE_1_CAUSAL,STOCK_ALPHA_RESEARCH,NOT_TRIGGERED,2026-09-08T00:59:33.417566+00:00,2026-09-07
20260908T085056+0800-7bed948e,AI_SERVER_SHIPMENTS,6669,6669.TW,緯穎,PERSISTENT,WATCH_RESEARCH,GATE_1_CAUSAL,STOCK_ALPHA_RESEARCH,NOT_TRIGGERED,2026-09-08T00:59:33.417566+00:00,2026-09-07
20260908T085056+0800-7bed948e,MEMORY_IC_CYCLE,3006,3006.TW,晶豪科,PERSISTENT,WATCH_RESEARCH,GATE_1_CAUSAL,STOCK_BLOCKED_WEAK_EDGE,NOT_TRIGGERED,2026-09-08T00:59:33.417566+00:00,2026-09-07
20260908T085056+0800-7bed948e,MATURE_NODE_FOUNDRY_UTILIZATION,6770,6770.TW,力積電,PERSISTENT,WATCH_RESEARCH,GATE_1_CAUSAL,STOCK_BLOCKED_WEAK_EDGE,NOT_TRIGGERED,2026-09-08T00:59:33.417566+00:00,2026-09-07
20260908T085056+0800-7bed948e,FINANCIALS_RATE_CREDIT_CYCLE,2881,2881.TW,富邦金,PERSISTENT,WATCH_RESEARCH,GATE_1_CAUSAL,ETF_CORE_PREFERRED,NOT_TRIGGERED,2026-09-08T00:59:33.417566+00:00,2026-09-07
20260908T085056+0800-7bed948e,FINANCIALS_RATE_CREDIT_CYCLE,2882,2882.TW,國泰金,PERSISTENT,WATCH_RESEARCH,GATE_1_CAUSAL,ETF_CORE_PREFERRED,NOT_TRIGGERED,2026-09-08T00:59:33.417566+00:00,2026-09-07
20260908T085056+0800-7bed948e,MATURE_NODE_FOUNDRY_UTILIZATION,2303,2303.TW,聯電,CONFIRMING,WATCH_RESEARCH,GATE_1_CAUSAL,STOCK_BLOCKED_WEAK_EDGE,NOT_TRIGGERED,2026-09-08T00:59:33.417566+00:00,2026-09-07
20260908T085056+0800-7bed948e,CONTAINER_FREIGHT,2603,2603.TW,長榮,PULLBACK,WATCH_RESEARCH,GATE_1_CAUSAL,ETF_CORE_PREFERRED,NOT_TRIGGERED,2026-09-08T00:59:33.417566+00:00,2026-09-07
20260908T085056+0800-7bed948e,LEADING_EDGE_FOUNDRY_AI_DEMAND,2330,2330.TW,台積電,PRE_CONFIRMATION,WATCH_RESEARCH,GATE_1_CAUSAL,ETF_CORE_PREFERRED,NOT_TRIGGERED,2026-09-08T00:59:33.417566+00:00,2026-09-07
20260908T085056+0800-7bed948e,AI_SERVER_SHIPMENTS,3231,3231.TW,緯創,PRE_CONFIRMATION,WATCH_RESEARCH,GATE_1_CAUSAL,STOCK_ALPHA_RESEARCH,NOT_TRIGGERED,2026-09-08T00:59:33.417566+00:00,2026-09-07
20260908T085056+0800-7bed948e,NAND_STORAGE_CYCLE,4967,4967.TW,十銓,PRE_CONFIRMATION,WATCH_RESEARCH,GATE_1_CAUSAL,STOCK_ALPHA_RESEARCH,NOT_TRIGGERED,2026-09-08T00:59:33.417566+00:00,2026-09-07
20260908T085056+0800-7bed948e,DRAM_PRICING,2408,2408.TW,南亞科,UNKNOWN,WATCH_RESEARCH,GATE_1_CAUSAL,STOCK_BLOCKED_WEAK_EDGE,NOT_TRIGGERED,2026-09-08T00:59:33.417566+00:00,2026-09-07
20260908T085056+0800-7bed948e,AI_SERVER_THERMAL_DENSITY,3017,3017.TW,奇鋐,PERSISTENT,WATCH_RESEARCH,GATE_1_CAUSAL,STOCK_BLOCKED_WEAK_EDGE,NOT_TRIGGERED,2026-09-08T00:59:33.417566+00:00,2026-09-07
20260908T085056+0800-7bed948e,SPECIALTY_MEMORY_PRICING,2344,2344.TW,華邦電,UNKNOWN,WATCH_RESEARCH,GATE_1_CAUSAL,STOCK_BLOCKED_WEAK_EDGE,NOT_TRIGGERED,2026-09-08T00:59:33.417566+00:00,2026-09-07
20260908T085056+0800-7bed948e,FINANCIALS_RATE_CREDIT_CYCLE,2891,2891.TW,中信金,PRE_CONFIRMATION,WATCH_RESEARCH,GATE_1_CAUSAL,ETF_CORE_PREFERRED,NOT_TRIGGERED,2026-09-08T00:59:33.417566+00:00,2026-09-07
20260908T085056+0800-7bed948e,FINANCIALS_RATE_CREDIT_CYCLE,2886,2886.TW,兆豐金,PRE_CONFIRMATION,WATCH_RESEARCH,GATE_1_CAUSAL,ETF_CORE_PREFERRED,NOT_TRIGGERED,2026-09-08T00:59:33.417566+00:00,2026-09-07
20260908T085056+0800-7bed948e,NAND_STORAGE_CYCLE,8299,8299.TWO,群聯,UNKNOWN,WATCH_RESEARCH,GATE_1_CAUSAL,STOCK_BLOCKED_WEAK_EDGE,NOT_TRIGGERED,2026-09-08T00:59:33.417566+00:00,2026-09-07
20260908T085056+0800-7bed948e,AI_SERVER_THERMAL_DENSITY,8996,8996.TW,高力,CONFIRMING,WATCH_RESEARCH,GATE_1_CAUSAL,STOCK_BLOCKED_WEAK_EDGE,NOT_TRIGGERED,2026-09-08T00:59:33.417566+00:00,2026-09-07
20260908T085056+0800-7bed948e,AI_SERVER_SHIPMENTS,2382,2382.TW,廣達,UNKNOWN,WATCH_RESEARCH,GATE_1_CAUSAL,STOCK_BLOCKED_WEAK_EDGE,NOT_TRIGGERED,2026-09-08T00:59:33.417566+00:00,2026-09-07
20260908T085056+0800-7bed948e,NAND_STORAGE_CYCLE,3260,3260.TWO,威剛,UNKNOWN,WATCH_RESEARCH,GATE_1_CAUSAL,STOCK_BLOCKED_WEAK_EDGE,NOT_TRIGGERED,2026-09-08T00:59:33.417566+00:00,2026-09-07
20260908T085056+0800-7bed948e,DATACENTER_COOLING_INFRA,3017,3017.TW,奇鋐,PERSISTENT,WATCH_RESEARCH,GATE_1_CAUSAL,STOCK_BLOCKED_WEAK_EDGE,NOT_TRIGGERED,2026-09-08T00:59:33.417566+00:00,2026-09-07
20260908T085056+0800-7bed948e,DATACENTER_COOLING_INFRA,8996,8996.TW,高力,CONFIRMING,WATCH_RESEARCH,GATE_1_CAUSAL,STOCK_BLOCKED_WEAK_EDGE,NOT_TRIGGERED,2026-09-08T00:59:33.417566+00:00,2026-09-07
20260908T085056+0800-7bed948e,AI_SERVER_SHIPMENTS,2317,2317.TW,鴻海,PRE_CONFIRMATION,WATCH_RESEARCH,GATE_1_CAUSAL,STOCK_ALPHA_RESEARCH,NOT_TRIGGERED,2026-09-08T00:59:33.417566+00:00,2026-09-07
20260908T085056+0800-7bed948e,POWER_ELECTRONICS_CAPEX,2308,2308.TW,台達電,PRE_CONFIRMATION,WATCH_RESEARCH,GATE_1_CAUSAL,STOCK_ALPHA_RESEARCH,NOT_TRIGGERED,2026-09-08T00:59:33.417566+00:00,2026-09-07
20260908T085056+0800-7bed948e,POWER_ELECTRONICS_CAPEX,1513,1513.TW,中興電,PRE_CONFIRMATION,WATCH_RESEARCH,GATE_1_CAUSAL,STOCK_ALPHA_RESEARCH,NOT_TRIGGERED,2026-09-08T00:59:33.417566+00:00,2026-09-07
20260908T085056+0800-7bed948e,SPECIALTY_MEMORY_PRICING,2337,2337.TW,旺宏,BROKEN,WATCH_RESEARCH,GATE_1_CAUSAL,STOCK_BLOCKED_WEAK_EDGE,NOT_TRIGGERED,2026-09-08T00:59:33.417566+00:00,2026-09-07
20260908T085056+0800-7bed948e,DATACENTER_POWER_INFRA,2308,2308.TW,台達電,PRE_CONFIRMATION,WATCH_RESEARCH,GATE_1_CAUSAL,STOCK_BLOCKED_WEAK_EDGE,NOT_TRIGGERED,2026-09-08T00:59:33.417566+00:00,2026-09-07
20260908T085056+0800-7bed948e,AI_SERVER_RACK_BUILD,2376,2376.TW,技嘉,PRE_CONFIRMATION,WATCH_RESEARCH,GATE_1_CAUSAL,STOCK_ALPHA_RESEARCH,NOT_TRIGGERED,2026-09-08T00:59:33.417566+00:00,2026-09-07
20260908T085056+0800-7bed948e,MEMORY_IC_CYCLE,5351,5351.TWO,鈺創,UNKNOWN,WATCH_RESEARCH,GATE_1_CAUSAL,STOCK_BLOCKED_WEAK_EDGE,NOT_TRIGGERED,2026-09-08T00:59:33.417566+00:00,2026-09-07
20260908T085056+0800-7bed948e,MATURE_NODE_FOUNDRY_UTILIZATION,5347,5347.TWO,世界,BROKEN,WATCH_RESEARCH,GATE_1_CAUSAL,STOCK_BLOCKED_WEAK_EDGE,NOT_TRIGGERED,2026-09-08T00:59:33.417566+00:00,2026-09-07
20260908T085056+0800-7bed948e,NAND_STORAGE_CYCLE,5289,5289.TWO,宜鼎,BROKEN,WATCH_RESEARCH,GATE_1_CAUSAL,STOCK_BLOCKED_WEAK_EDGE,NOT_TRIGGERED,2026-09-08T00:59:33.417566+00:00,2026-09-07
20260908T085056+0800-7bed948e,POWER_ELECTRONICS_CAPEX,1519,1519.TW,華城,UNKNOWN,WATCH_RESEARCH,GATE_1_CAUSAL,STOCK_ALPHA_RESEARCH,NOT_TRIGGERED,2026-09-08T00:59:33.417566+00:00,2026-09-07
20260908T085056+0800-7bed948e,AI_NETWORKING_UPGRADE,2345,2345.TW,智邦,BROKEN,WATCH_RESEARCH,GATE_1_CAUSAL,STOCK_BLOCKED_WEAK_EDGE,NOT_TRIGGERED,2026-09-08T00:59:33.417566+00:00,2026-09-07
20260908T085056+0800-7bed948e,AI_SERVER_SHIPMENTS,2356,2356.TW,英業達,UNKNOWN,WATCH_RESEARCH,GATE_1_CAUSAL,STOCK_BLOCKED_WEAK_EDGE,NOT_TRIGGERED,2026-09-08T00:59:33.417566+00:00,2026-09-07
20260908T085056+0800-7bed948e,COPPER_COMMODITY_TRADE_INVENTORY,1608,1608.TW,華榮,UNKNOWN,WATCH_RESEARCH,GATE_1_CAUSAL,STOCK_BLOCKED_WEAK_EDGE,NOT_TRIGGERED,2026-09-08T00:59:33.417566+00:00,2026-09-07
20260908T085056+0800-7bed948e,AI_SERVER_THERMAL_DENSITY,6230,6230.TW,尼得科超眾,BROKEN,WATCH_RESEARCH,GATE_1_CAUSAL,STOCK_BLOCKED_WEAK_EDGE,NOT_TRIGGERED,2026-09-08T00:59:33.417566+00:00,2026-09-07
20260908T085056+0800-7bed948e,DATACENTER_POWER_INFRA,6409,6409.TW,旭隼,BROKEN,WATCH_RESEARCH,GATE_1_CAUSAL,STOCK_BLOCKED_WEAK_EDGE,NOT_TRIGGERED,2026-09-08T00:59:33.417566+00:00,2026-09-07
20260908T085056+0800-7bed948e,COPPER_COMMODITY_TRADE_INVENTORY,1609,1609.TW,大亞,BROKEN,WATCH_RESEARCH,GATE_1_CAUSAL,STOCK_BLOCKED_WEAK_EDGE,NOT_TRIGGERED,2026-09-08T00:59:33.417566+00:00,2026-09-07
20260908T085056+0800-7bed948e,AI_SERVER_THERMAL_DENSITY,3324,3324.TWO,雙鴻,EXTENDED,WATCH_RESEARCH,GATE_1_CAUSAL,STOCK_BLOCKED_WEAK_EDGE,NOT_TRIGGERED,2026-09-08T00:59:33.417566+00:00,2026-09-07
20260908T085056+0800-7bed948e,AI_NETWORKING_UPGRADE,6285,6285.TW,啟碁,BROKEN,WATCH_RESEARCH,GATE_1_CAUSAL,STOCK_BLOCKED_WEAK_EDGE,NOT_TRIGGERED,2026-09-08T00:59:33.417566+00:00,2026-09-07
20260908T085056+0800-7bed948e,CONSUMER_ELECTRONICS_CYCLE,2317,2317.TW,鴻海,PRE_CONFIRMATION,WATCH_RESEARCH,GATE_1_CAUSAL,STOCK_BLOCKED_WEAK_EDGE,NOT_TRIGGERED,2026-09-08T00:59:33.417566+00:00,2026-09-07
20260908T085056+0800-7bed948e,AI_NETWORKING_UPGRADE,3596,3596.TW,智易,BROKEN,WATCH_RESEARCH,GATE_1_CAUSAL,STOCK_BLOCKED_WEAK_EDGE,NOT_TRIGGERED,2026-09-08T00:59:33.417566+00:00,2026-09-07
20260908T085056+0800-7bed948e,AI_NETWORKING_UPGRADE,5388,5388.TW,中磊,BROKEN,WATCH_RESEARCH,GATE_1_CAUSAL,STOCK_BLOCKED_WEAK_EDGE,NOT_TRIGGERED,2026-09-08T00:59:33.417566+00:00,2026-09-07
20260908T085056+0800-7bed948e,AI_SERVER_RACK_BUILD,3693,3693.TWO,營邦,EXTENDED,WATCH_RESEARCH,GATE_1_CAUSAL,STOCK_BLOCKED_WEAK_EDGE,NOT_TRIGGERED,2026-09-08T00:59:33.417566+00:00,2026-09-07
20260908T085056+0800-7bed948e,DATACENTER_COOLING_INFRA,3324,3324.TWO,雙鴻,EXTENDED,WATCH_RESEARCH,GATE_1_CAUSAL,STOCK_BLOCKED_WEAK_EDGE,NOT_TRIGGERED,2026-09-08T00:59:33.417566+00:00,2026-09-07
20260908T085056+0800-7bed948e,CONSUMER_ELECTRONICS_CYCLE,4938,4938.TW,和碩,PRE_CONFIRMATION,WATCH_RESEARCH,GATE_1_CAUSAL,STOCK_BLOCKED_WEAK_EDGE,NOT_TRIGGERED,2026-09-08T00:59:33.417566+00:00,2026-09-07
20260908T085056+0800-7bed948e,BIOPHARMA_RISK_APPETITE,6472,6472.TW,保瑞,UNKNOWN,WATCH_RESEARCH,GATE_1_CAUSAL,ETF_CORE_PREFERRED,NOT_TRIGGERED,2026-09-08T00:59:33.417566+00:00,2026-09-07
20260908T085056+0800-7bed948e,BIOPHARMA_RISK_APPETITE,6446,6446.TW,藥華藥,UNKNOWN,WATCH_RESEARCH,GATE_1_CAUSAL,ETF_CORE_PREFERRED,NOT_TRIGGERED,2026-09-08T00:59:33.417566+00:00,2026-09-07
20260908T085056+0800-7bed948e,COPPER_COMMODITY_TRADE_INVENTORY,1605,1605.TW,華新,UNKNOWN,WATCH_RESEARCH,GATE_1_CAUSAL,STOCK_BLOCKED_WEAK_EDGE,NOT_TRIGGERED,2026-09-08T00:59:33.417566+00:00,2026-09-07
20260908T085056+0800-7bed948e,AI_NETWORKING_UPGRADE,3704,3704.TW,合勤控,BROKEN,WATCH_RESEARCH,GATE_1_CAUSAL,STOCK_BLOCKED_WEAK_EDGE,NOT_TRIGGERED,2026-09-08T00:59:33.417566+00:00,2026-09-07
20260909T082137+0800-65b75d0b,CONTAINER_FREIGHT,2615,2615.TW,萬海,PERSISTENT,WATCH_RESEARCH,GATE_1_CAUSAL,ETF_CORE_PREFERRED,NOT_TRIGGERED,2026-09-09T00:52:14.067013+00:00,2026-09-08
20260909T082137+0800-65b75d0b,DRY_BULK_FREIGHT,2606,2606.TW,裕民,PERSISTENT,WATCH_RESEARCH,GATE_1_CAUSAL,STOCK_ALPHA_RESEARCH,NOT_TRIGGERED,2026-09-09T00:52:14.067013+00:00,2026-09-08
20260909T082137+0800-65b75d0b,DRY_BULK_FREIGHT,2637,2637.TW,慧洋-KY,PERSISTENT,WATCH_RESEARCH,GATE_1_CAUSAL,STOCK_ALPHA_RESEARCH,NOT_TRIGGERED,2026-09-09T00:52:14.067013+00:00,2026-09-08
20260909T082137+0800-65b75d0b,DRY_BULK_FREIGHT,2605,2605.TW,新興,PERSISTENT,WATCH_RESEARCH,GATE_1_CAUSAL,STOCK_ALPHA_RESEARCH,NOT_TRIGGERED,2026-09-09T00:52:14.067013+00:00,2026-09-08
20260909T082137+0800-65b75d0b,DRY_BULK_FREIGHT,2617,2617.TW,台航,PERSISTENT,WATCH_RESEARCH,GATE_1_CAUSAL,STOCK_ALPHA_RESEARCH,NOT_TRIGGERED,2026-09-09T00:52:14.067013+00:00,2026-09-08
20260909T082137+0800-65b75d0b,MEMORY_IC_CYCLE,3006,3006.TW,晶豪科,PERSISTENT,WATCH_RESEARCH,GATE_1_CAUSAL,STOCK_BLOCKED_WEAK_EDGE,NOT_TRIGGERED,2026-09-09T00:52:14.067013+00:00,2026-09-08
20260909T082137+0800-65b75d0b,AI_SERVER_SHIPMENTS,6669,6669.TW,緯穎,PERSISTENT,WATCH_RESEARCH,GATE_1_CAUSAL,STOCK_ALPHA_RESEARCH,NOT_TRIGGERED,2026-09-09T00:52:14.067013+00:00,2026-09-08
20260909T082137+0800-65b75d0b,FINANCIALS_RATE_CREDIT_CYCLE,2881,2881.TW,富邦金,PERSISTENT,WATCH_RESEARCH,GATE_1_CAUSAL,ETF_CORE_PREFERRED,NOT_TRIGGERED,2026-09-09T00:52:14.067013+00:00,2026-09-08
20260909T082137+0800-65b75d0b,FINANCIALS_RATE_CREDIT_CYCLE,2882,2882.TW,國泰金,PERSISTENT,WATCH_RESEARCH,GATE_1_CAUSAL,ETF_CORE_PREFERRED,NOT_TRIGGERED,2026-09-09T00:52:14.067013+00:00,2026-09-08
20260909T082137+0800-65b75d0b,MATURE_NODE_FOUNDRY_UTILIZATION,6770,6770.TW,力積電,PERSISTENT,WATCH_RESEARCH,GATE_1_CAUSAL,STOCK_BLOCKED_WEAK_EDGE,NOT_TRIGGERED,2026-09-09T00:52:14.067013+00:00,2026-09-08
20260909T082137+0800-65b75d0b,MATURE_NODE_FOUNDRY_UTILIZATION,2303,2303.TW,聯電,CONFIRMING,WATCH_RESEARCH,GATE_1_CAUSAL,STOCK_BLOCKED_WEAK_EDGE,NOT_TRIGGERED,2026-09-09T00:52:14.067013+00:00,2026-09-08
20260909T082137+0800-65b75d0b,CONTAINER_FREIGHT,2603,2603.TW,長榮,PULLBACK,WATCH_RESEARCH,GATE_1_CAUSAL,ETF_CORE_PREFERRED,NOT_TRIGGERED,2026-09-09T00:52:14.067013+00:00,2026-09-08
20260909T082137+0800-65b75d0b,CONTAINER_FREIGHT,2609,2609.TW,陽明,PULLBACK,WATCH_RESEARCH,GATE_1_CAUSAL,ETF_CORE_PREFERRED,NOT_TRIGGERED,2026-09-09T00:52:14.067013+00:00,2026-09-08
20260909T082137+0800-65b75d0b,DRAM_PRICING,2408,2408.TW,南亞科,PRE_CONFIRMATION,WATCH_RESEARCH,GATE_1_CAUSAL,STOCK_BLOCKED_WEAK_EDGE,NOT_TRIGGERED,2026-09-09T00:52:14.067013+00:00,2026-09-08
20260909T082137+0800-65b75d0b,SPECIALTY_MEMORY_PRICING,2344,2344.TW,華邦電,PRE_CONFIRMATION,WATCH_RESEARCH,GATE_1_CAUSAL,STOCK_BLOCKED_WEAK_EDGE,NOT_TRIGGERED,2026-09-09T00:52:14.067013+00:00,2026-09-08
20260909T082137+0800-65b75d0b,NAND_STORAGE_CYCLE,4967,4967.TW,十銓,PRE_CONFIRMATION,WATCH_RESEARCH,GATE_1_CAUSAL,STOCK_ALPHA_RESEARCH,NOT_TRIGGERED,2026-09-09T00:52:14.067013+00:00,2026-09-08
20260909T082137+0800-65b75d0b,LEADING_EDGE_FOUNDRY_AI_DEMAND,2330,2330.TW,台積電,PRE_CONFIRMATION,WATCH_RESEARCH,GATE_1_CAUSAL,ETF_CORE_PREFERRED,NOT_TRIGGERED,2026-09-09T00:52:14.067013+00:00,2026-09-08
20260909T082137+0800-65b75d0b,AI_SERVER_THERMAL_DENSITY,3324,3324.TWO,雙鴻,PERSISTENT,WATCH_RESEARCH,GATE_1_CAUSAL,STOCK_BLOCKED_WEAK_EDGE,NOT_TRIGGERED,2026-09-09T00:52:14.067013+00:00,2026-09-08
20260909T082137+0800-65b75d0b,AI_SERVER_SHIPMENTS,3231,3231.TW,緯創,PRE_CONFIRMATION,WATCH_RESEARCH,GATE_1_CAUSAL,STOCK_ALPHA_RESEARCH,NOT_TRIGGERED,2026-09-09T00:52:14.067013+00:00,2026-09-08
20260909T082137+0800-65b75d0b,FINANCIALS_RATE_CREDIT_CYCLE,2891,2891.TW,中信金,PRE_CONFIRMATION,WATCH_RESEARCH,GATE_1_CAUSAL,ETF_CORE_PREFERRED,NOT_TRIGGERED,2026-09-09T00:52:14.067013+00:00,2026-09-08
20260909T082137+0800-65b75d0b,AI_SERVER_THERMAL_DENSITY,3017,3017.TW,奇鋐,PERSISTENT,WATCH_RESEARCH,GATE_1_CAUSAL,STOCK_BLOCKED_WEAK_EDGE,NOT_TRIGGERED,2026-09-09T00:52:14.067013+00:00,2026-09-08
20260909T082137+0800-65b75d0b,FINANCIALS_RATE_CREDIT_CYCLE,2886,2886.TW,兆豐金,PRE_CONFIRMATION,WATCH_RESEARCH,GATE_1_CAUSAL,ETF_CORE_PREFERRED,NOT_TRIGGERED,2026-09-09T00:52:14.067013+00:00,2026-09-08
20260909T082137+0800-65b75d0b,NAND_STORAGE_CYCLE,8299,8299.TWO,群聯,UNKNOWN,WATCH_RESEARCH,GATE_1_CAUSAL,STOCK_BLOCKED_WEAK_EDGE,NOT_TRIGGERED,2026-09-09T00:52:14.067013+00:00,2026-09-08
20260909T082137+0800-65b75d0b,DATACENTER_COOLING_INFRA,3324,3324.TWO,雙鴻,PERSISTENT,WATCH_RESEARCH,GATE_1_CAUSAL,STOCK_BLOCKED_WEAK_EDGE,NOT_TRIGGERED,2026-09-09T00:52:14.067013+00:00,2026-09-08
20260909T082137+0800-65b75d0b,NAND_STORAGE_CYCLE,3260,3260.TWO,威剛,UNKNOWN,WATCH_RESEARCH,GATE_1_CAUSAL,STOCK_BLOCKED_WEAK_EDGE,NOT_TRIGGERED,2026-09-09T00:52:14.067013+00:00,2026-09-08
20260909T082137+0800-65b75d0b,AI_SERVER_RACK_BUILD,3693,3693.TWO,營邦,PERSISTENT,WATCH_RESEARCH,GATE_1_CAUSAL,STOCK_BLOCKED_WEAK_EDGE,NOT_TRIGGERED,2026-09-09T00:52:14.067013+00:00,2026-09-08
20260909T082137+0800-65b75d0b,AI_SERVER_THERMAL_DENSITY,8996,8996.TW,高力,CONFIRMING,WATCH_RESEARCH,GATE_1_CAUSAL,STOCK_BLOCKED_WEAK_EDGE,NOT_TRIGGERED,2026-09-09T00:52:14.067013+00:00,2026-09-08
20260909T082137+0800-65b75d0b,DATACENTER_COOLING_INFRA,8996,8996.TW,高力,CONFIRMING,WATCH_RESEARCH,GATE_1_CAUSAL,STOCK_BLOCKED_WEAK_EDGE,NOT_TRIGGERED,2026-09-09T00:52:14.067013+00:00,2026-09-08
20260909T082137+0800-65b75d0b,AI_SERVER_SHIPMENTS,2382,2382.TW,廣達,UNKNOWN,WATCH_RESEARCH,GATE_1_CAUSAL,STOCK_BLOCKED_WEAK_EDGE,NOT_TRIGGERED,2026-09-09T00:52:14.067013+00:00,2026-09-08
20260909T082137+0800-65b75d0b,DATACENTER_COOLING_INFRA,3017,3017.TW,奇鋐,PERSISTENT,WATCH_RESEARCH,GATE_1_CAUSAL,STOCK_BLOCKED_WEAK_EDGE,NOT_TRIGGERED,2026-09-09T00:52:14.067013+00:00,2026-09-08
20260909T082137+0800-65b75d0b,SPECIALTY_MEMORY_PRICING,2337,2337.TW,旺宏,BROKEN,WATCH_RESEARCH,GATE_1_CAUSAL,STOCK_BLOCKED_WEAK_EDGE,NOT_TRIGGERED,2026-09-09T00:52:14.067013+00:00,2026-09-08
20260909T082137+0800-65b75d0b,POWER_ELECTRONICS_CAPEX,1519,1519.TW,華城,PULLBACK,WATCH_RESEARCH,GATE_1_CAUSAL,STOCK_ALPHA_RESEARCH,NOT_TRIGGERED,2026-09-09T00:52:14.067013+00:00,2026-09-08
20260909T082137+0800-65b75d0b,MEMORY_IC_CYCLE,5351,5351.TWO,鈺創,UNKNOWN,WATCH_RESEARCH,GATE_1_CAUSAL,STOCK_BLOCKED_WEAK_EDGE,NOT_TRIGGERED,2026-09-09T00:52:14.067013+00:00,2026-09-08
20260909T082137+0800-65b75d0b,AI_SERVER_SHIPMENTS,2317,2317.TW,鴻海,UNKNOWN,WATCH_RESEARCH,GATE_1_CAUSAL,STOCK_ALPHA_RESEARCH,NOT_TRIGGERED,2026-09-09T00:52:14.067013+00:00,2026-09-08
20260909T082137+0800-65b75d0b,NAND_STORAGE_CYCLE,5289,5289.TWO,宜鼎,BROKEN,WATCH_RESEARCH,GATE_1_CAUSAL,STOCK_BLOCKED_WEAK_EDGE,NOT_TRIGGERED,2026-09-09T00:52:14.067013+00:00,2026-09-08
20260909T082137+0800-65b75d0b,MATURE_NODE_FOUNDRY_UTILIZATION,5347,5347.TWO,世界,BROKEN,WATCH_RESEARCH,GATE_1_CAUSAL,STOCK_BLOCKED_WEAK_EDGE,NOT_TRIGGERED,2026-09-09T00:52:14.067013+00:00,2026-09-08
20260909T082137+0800-65b75d0b,AI_NETWORKING_UPGRADE,2345,2345.TW,智邦,BROKEN,WATCH_RESEARCH,GATE_1_CAUSAL,STOCK_BLOCKED_WEAK_EDGE,NOT_TRIGGERED,2026-09-09T00:52:14.067013+00:00,2026-09-08
20260909T082137+0800-65b75d0b,COPPER_COMMODITY_TRADE_INVENTORY,1609,1609.TW,大亞,PRE_CONFIRMATION,WATCH_RESEARCH,GATE_1_CAUSAL,STOCK_BLOCKED_WEAK_EDGE,NOT_TRIGGERED,2026-09-09T00:52:14.067013+00:00,2026-09-08
20260909T082137+0800-65b75d0b,AI_SERVER_RACK_BUILD,2376,2376.TW,技嘉,UNKNOWN,WATCH_RESEARCH,GATE_1_CAUSAL,STOCK_ALPHA_RESEARCH,NOT_TRIGGERED,2026-09-09T00:52:14.067013+00:00,2026-09-08
20260909T082137+0800-65b75d0b,POWER_ELECTRONICS_CAPEX,1513,1513.TW,中興電,BROKEN,WATCH_RESEARCH,GATE_1_CAUSAL,STOCK_ALPHA_RESEARCH,NOT_TRIGGERED,2026-09-09T00:52:14.067013+00:00,2026-09-08
20260909T082137+0800-65b75d0b,POWER_ELECTRONICS_CAPEX,2308,2308.TW,台達電,BROKEN,WATCH_RESEARCH,GATE_1_CAUSAL,STOCK_ALPHA_RESEARCH,NOT_TRIGGERED,2026-09-09T00:52:14.067013+00:00,2026-09-08
20260909T082137+0800-65b75d0b,DATACENTER_POWER_INFRA,2308,2308.TW,台達電,BROKEN,WATCH_RESEARCH,GATE_1_CAUSAL,STOCK_BLOCKED_WEAK_EDGE,NOT_TRIGGERED,2026-09-09T00:52:14.067013+00:00,2026-09-08
20260909T082137+0800-65b75d0b,COPPER_COMMODITY_TRADE_INVENTORY,1608,1608.TW,華榮,UNKNOWN,WATCH_RESEARCH,GATE_1_CAUSAL,STOCK_BLOCKED_WEAK_EDGE,NOT_TRIGGERED,2026-09-09T00:52:14.067013+00:00,2026-09-08
20260909T082137+0800-65b75d0b,AI_SERVER_SHIPMENTS,2356,2356.TW,英業達,BROKEN,WATCH_RESEARCH,GATE_1_CAUSAL,STOCK_BLOCKED_WEAK_EDGE,NOT_TRIGGERED,2026-09-09T00:52:14.067013+00:00,2026-09-08
20260909T082137+0800-65b75d0b,DATACENTER_POWER_INFRA,6409,6409.TW,旭隼,BROKEN,WATCH_RESEARCH,GATE_1_CAUSAL,STOCK_BLOCKED_WEAK_EDGE,NOT_TRIGGERED,2026-09-09T00:52:14.067013+00:00,2026-09-08
20260909T082137+0800-65b75d0b,AI_SERVER_THERMAL_DENSITY,6230,6230.TW,尼得科超眾,BROKEN,WATCH_RESEARCH,GATE_1_CAUSAL,STOCK_BLOCKED_WEAK_EDGE,NOT_TRIGGERED,2026-09-09T00:52:14.067013+00:00,2026-09-08
20260909T082137+0800-65b75d0b,BIOPHARMA_RISK_APPETITE,6446,6446.TW,藥華藥,PRE_CONFIRMATION,WATCH_RESEARCH,GATE_1_CAUSAL,ETF_CORE_PREFERRED,NOT_TRIGGERED,2026-09-09T00:52:14.067013+00:00,2026-09-08
20260909T082137+0800-65b75d0b,AI_NETWORKING_UPGRADE,6285,6285.TW,啟碁,BROKEN,WATCH_RESEARCH,GATE_1_CAUSAL,STOCK_BLOCKED_WEAK_EDGE,NOT_TRIGGERED,2026-09-09T00:52:14.067013+00:00,2026-09-08
20260909T082137+0800-65b75d0b,AI_NETWORKING_UPGRADE,5388,5388.TW,中磊,BROKEN,WATCH_RESEARCH,GATE_1_CAUSAL,STOCK_BLOCKED_WEAK_EDGE,NOT_TRIGGERED,2026-09-09T00:52:14.067013+00:00,2026-09-08
20260909T082137+0800-65b75d0b,AI_NETWORKING_UPGRADE,3596,3596.TW,智易,BROKEN,WATCH_RESEARCH,GATE_1_CAUSAL,STOCK_BLOCKED_WEAK_EDGE,NOT_TRIGGERED,2026-09-09T00:52:14.067013+00:00,2026-09-08
20260909T082137+0800-65b75d0b,CONSUMER_ELECTRONICS_CYCLE,4938,4938.TW,和碩,PRE_CONFIRMATION,WATCH_RESEARCH,GATE_1_CAUSAL,STOCK_BLOCKED_WEAK_EDGE,NOT_TRIGGERED,2026-09-09T00:52:14.067013+00:00,2026-09-08
20260909T082137+0800-65b75d0b,COPPER_COMMODITY_TRADE_INVENTORY,1605,1605.TW,華新,UNKNOWN,WATCH_RESEARCH,GATE_1_CAUSAL,STOCK_BLOCKED_WEAK_EDGE,NOT_TRIGGERED,2026-09-09T00:52:14.067013+00:00,2026-09-08
20260909T082137+0800-65b75d0b,CONSUMER_ELECTRONICS_CYCLE,2317,2317.TW,鴻海,UNKNOWN,WATCH_RESEARCH,GATE_1_CAUSAL,STOCK_BLOCKED_WEAK_EDGE,NOT_TRIGGERED,2026-09-09T00:52:14.067013+00:00,2026-09-08
20260909T082137+0800-65b75d0b,BIOPHARMA_RISK_APPETITE,6472,6472.TW,保瑞,BROKEN,WATCH_RESEARCH,GATE_1_CAUSAL,ETF_CORE_PREFERRED,NOT_TRIGGERED,2026-09-09T00:52:14.067013+00:00,2026-09-08
20260909T082137+0800-65b75d0b,AI_NETWORKING_UPGRADE,3704,3704.TW,合勤控,BROKEN,WATCH_RESEARCH,GATE_1_CAUSAL,STOCK_BLOCKED_WEAK_EDGE,NOT_TRIGGERED,2026-09-09T00:52:14.067013+00:00,2026-09-08
20260909T085627+0800-a2dba6ce,CONTAINER_FREIGHT,2615,2615.TW,萬海,PERSISTENT,WATCH_RESEARCH,GATE_1_CAUSAL,ETF_CORE_PREFERRED,NOT_TRIGGERED,2026-09-09T01:59:30.748097+00:00,2026-09-08
20260909T085627+0800-a2dba6ce,DRY_BULK_FREIGHT,2606,2606.TW,裕民,PERSISTENT,WATCH_RESEARCH,GATE_1_CAUSAL,STOCK_ALPHA_RESEARCH,NOT_TRIGGERED,2026-09-09T01:59:30.748097+00:00,2026-09-08
20260909T085627+0800-a2dba6ce,DRY_BULK_FREIGHT,2637,2637.TW,慧洋-KY,PERSISTENT,WATCH_RESEARCH,GATE_1_CAUSAL,STOCK_ALPHA_RESEARCH,NOT_TRIGGERED,2026-09-09T01:59:30.748097+00:00,2026-09-08
20260909T085627+0800-a2dba6ce,DRY_BULK_FREIGHT,2605,2605.TW,新興,PERSISTENT,WATCH_RESEARCH,GATE_1_CAUSAL,STOCK_ALPHA_RESEARCH,NOT_TRIGGERED,2026-09-09T01:59:30.748097+00:00,2026-09-08
20260909T085627+0800-a2dba6ce,DRY_BULK_FREIGHT,2617,2617.TW,台航,PERSISTENT,WATCH_RESEARCH,GATE_1_CAUSAL,STOCK_ALPHA_RESEARCH,NOT_TRIGGERED,2026-09-09T01:59:30.748097+00:00,2026-09-08
20260909T085627+0800-a2dba6ce,MEMORY_IC_CYCLE,3006,3006.TW,晶豪科,PERSISTENT,WATCH_RESEARCH,GATE_1_CAUSAL,STOCK_BLOCKED_WEAK_EDGE,NOT_TRIGGERED,2026-09-09T01:59:30.748097+00:00,2026-09-08
20260909T085627+0800-a2dba6ce,AI_SERVER_SHIPMENTS,6669,6669.TW,緯穎,PERSISTENT,WATCH_RESEARCH,GATE_1_CAUSAL,STOCK_ALPHA_RESEARCH,NOT_TRIGGERED,2026-09-09T01:59:30.748097+00:00,2026-09-08
20260909T085627+0800-a2dba6ce,FINANCIALS_RATE_CREDIT_CYCLE,2881,2881.TW,富邦金,PERSISTENT,WATCH_RESEARCH,GATE_1_CAUSAL,ETF_CORE_PREFERRED,NOT_TRIGGERED,2026-09-09T01:59:30.748097+00:00,2026-09-08
20260909T085627+0800-a2dba6ce,FINANCIALS_RATE_CREDIT_CYCLE,2882,2882.TW,國泰金,PERSISTENT,WATCH_RESEARCH,GATE_1_CAUSAL,ETF_CORE_PREFERRED,NOT_TRIGGERED,2026-09-09T01:59:30.748097+00:00,2026-09-08
20260909T085627+0800-a2dba6ce,MATURE_NODE_FOUNDRY_UTILIZATION,6770,6770.TW,力積電,PERSISTENT,WATCH_RESEARCH,GATE_1_CAUSAL,STOCK_BLOCKED_WEAK_EDGE,NOT_TRIGGERED,2026-09-09T01:59:30.748097+00:00,2026-09-08
20260909T085627+0800-a2dba6ce,MATURE_NODE_FOUNDRY_UTILIZATION,2303,2303.TW,聯電,CONFIRMING,WATCH_RESEARCH,GATE_1_CAUSAL,STOCK_BLOCKED_WEAK_EDGE,NOT_TRIGGERED,2026-09-09T01:59:30.748097+00:00,2026-09-08
20260909T085627+0800-a2dba6ce,CONTAINER_FREIGHT,2603,2603.TW,長榮,PULLBACK,WATCH_RESEARCH,GATE_1_CAUSAL,ETF_CORE_PREFERRED,NOT_TRIGGERED,2026-09-09T01:59:30.748097+00:00,2026-09-08
20260909T085627+0800-a2dba6ce,CONTAINER_FREIGHT,2609,2609.TW,陽明,PULLBACK,WATCH_RESEARCH,GATE_1_CAUSAL,ETF_CORE_PREFERRED,NOT_TRIGGERED,2026-09-09T01:59:30.748097+00:00,2026-09-08
20260909T085627+0800-a2dba6ce,DRAM_PRICING,2408,2408.TW,南亞科,PRE_CONFIRMATION,WATCH_RESEARCH,GATE_1_CAUSAL,STOCK_BLOCKED_WEAK_EDGE,NOT_TRIGGERED,2026-09-09T01:59:30.748097+00:00,2026-09-08
20260909T085627+0800-a2dba6ce,SPECIALTY_MEMORY_PRICING,2344,2344.TW,華邦電,PRE_CONFIRMATION,WATCH_RESEARCH,GATE_1_CAUSAL,STOCK_BLOCKED_WEAK_EDGE,NOT_TRIGGERED,2026-09-09T01:59:30.748097+00:00,2026-09-08
20260909T085627+0800-a2dba6ce,NAND_STORAGE_CYCLE,4967,4967.TW,十銓,PRE_CONFIRMATION,WATCH_RESEARCH,GATE_1_CAUSAL,STOCK_ALPHA_RESEARCH,NOT_TRIGGERED,2026-09-09T01:59:30.748097+00:00,2026-09-08
20260909T085627+0800-a2dba6ce,LEADING_EDGE_FOUNDRY_AI_DEMAND,2330,2330.TW,台積電,PRE_CONFIRMATION,WATCH_RESEARCH,GATE_1_CAUSAL,ETF_CORE_PREFERRED,NOT_TRIGGERED,2026-09-09T01:59:30.748097+00:00,2026-09-08
20260909T085627+0800-a2dba6ce,AI_SERVER_THERMAL_DENSITY,3324,3324.TWO,雙鴻,PERSISTENT,WATCH_RESEARCH,GATE_1_CAUSAL,STOCK_BLOCKED_WEAK_EDGE,NOT_TRIGGERED,2026-09-09T01:59:30.748097+00:00,2026-09-08
20260909T085627+0800-a2dba6ce,AI_SERVER_SHIPMENTS,3231,3231.TW,緯創,PRE_CONFIRMATION,WATCH_RESEARCH,GATE_1_CAUSAL,STOCK_ALPHA_RESEARCH,NOT_TRIGGERED,2026-09-09T01:59:30.748097+00:00,2026-09-08
20260909T085627+0800-a2dba6ce,FINANCIALS_RATE_CREDIT_CYCLE,2891,2891.TW,中信金,PRE_CONFIRMATION,WATCH_RESEARCH,GATE_1_CAUSAL,ETF_CORE_PREFERRED,NOT_TRIGGERED,2026-09-09T01:59:30.748097+00:00,2026-09-08
20260909T085627+0800-a2dba6ce,AI_SERVER_THERMAL_DENSITY,3017,3017.TW,奇鋐,PERSISTENT,WATCH_RESEARCH,GATE_1_CAUSAL,STOCK_BLOCKED_WEAK_EDGE,NOT_TRIGGERED,2026-09-09T01:59:30.748097+00:00,2026-09-08
20260909T085627+0800-a2dba6ce,FINANCIALS_RATE_CREDIT_CYCLE,2886,2886.TW,兆豐金,PRE_CONFIRMATION,WATCH_RESEARCH,GATE_1_CAUSAL,ETF_CORE_PREFERRED,NOT_TRIGGERED,2026-09-09T01:59:30.748097+00:00,2026-09-08
20260909T085627+0800-a2dba6ce,NAND_STORAGE_CYCLE,8299,8299.TWO,群聯,UNKNOWN,WATCH_RESEARCH,GATE_1_CAUSAL,STOCK_BLOCKED_WEAK_EDGE,NOT_TRIGGERED,2026-09-09T01:59:30.748097+00:00,2026-09-08
20260909T085627+0800-a2dba6ce,DATACENTER_COOLING_INFRA,3324,3324.TWO,雙鴻,PERSISTENT,WATCH_RESEARCH,GATE_1_CAUSAL,STOCK_BLOCKED_WEAK_EDGE,NOT_TRIGGERED,2026-09-09T01:59:30.748097+00:00,2026-09-08
20260909T085627+0800-a2dba6ce,NAND_STORAGE_CYCLE,3260,3260.TWO,威剛,UNKNOWN,WATCH_RESEARCH,GATE_1_CAUSAL,STOCK_BLOCKED_WEAK_EDGE,NOT_TRIGGERED,2026-09-09T01:59:30.748097+00:00,2026-09-08
20260909T085627+0800-a2dba6ce,AI_SERVER_RACK_BUILD,3693,3693.TWO,營邦,PERSISTENT,WATCH_RESEARCH,GATE_1_CAUSAL,STOCK_BLOCKED_WEAK_EDGE,NOT_TRIGGERED,2026-09-09T01:59:30.748097+00:00,2026-09-08
20260909T085627+0800-a2dba6ce,AI_SERVER_THERMAL_DENSITY,8996,8996.TW,高力,CONFIRMING,WATCH_RESEARCH,GATE_1_CAUSAL,STOCK_BLOCKED_WEAK_EDGE,NOT_TRIGGERED,2026-09-09T01:59:30.748097+00:00,2026-09-08
20260909T085627+0800-a2dba6ce,DATACENTER_COOLING_INFRA,8996,8996.TW,高力,CONFIRMING,WATCH_RESEARCH,GATE_1_CAUSAL,STOCK_BLOCKED_WEAK_EDGE,NOT_TRIGGERED,2026-09-09T01:59:30.748097+00:00,2026-09-08
20260909T085627+0800-a2dba6ce,AI_SERVER_SHIPMENTS,2382,2382.TW,廣達,UNKNOWN,WATCH_RESEARCH,GATE_1_CAUSAL,STOCK_BLOCKED_WEAK_EDGE,NOT_TRIGGERED,2026-09-09T01:59:30.748097+00:00,2026-09-08
20260909T085627+0800-a2dba6ce,DATACENTER_COOLING_INFRA,3017,3017.TW,奇鋐,PERSISTENT,WATCH_RESEARCH,GATE_1_CAUSAL,STOCK_BLOCKED_WEAK_EDGE,NOT_TRIGGERED,2026-09-09T01:59:30.748097+00:00,2026-09-08
20260909T085627+0800-a2dba6ce,SPECIALTY_MEMORY_PRICING,2337,2337.TW,旺宏,BROKEN,WATCH_RESEARCH,GATE_1_CAUSAL,STOCK_BLOCKED_WEAK_EDGE,NOT_TRIGGERED,2026-09-09T01:59:30.748097+00:00,2026-09-08
20260909T085627+0800-a2dba6ce,POWER_ELECTRONICS_CAPEX,1519,1519.TW,華城,PULLBACK,WATCH_RESEARCH,GATE_1_CAUSAL,STOCK_ALPHA_RESEARCH,NOT_TRIGGERED,2026-09-09T01:59:30.748097+00:00,2026-09-08
20260909T085627+0800-a2dba6ce,MEMORY_IC_CYCLE,5351,5351.TWO,鈺創,UNKNOWN,WATCH_RESEARCH,GATE_1_CAUSAL,STOCK_BLOCKED_WEAK_EDGE,NOT_TRIGGERED,2026-09-09T01:59:30.748097+00:00,2026-09-08
20260909T085627+0800-a2dba6ce,AI_SERVER_SHIPMENTS,2317,2317.TW,鴻海,UNKNOWN,WATCH_RESEARCH,GATE_1_CAUSAL,STOCK_ALPHA_RESEARCH,NOT_TRIGGERED,2026-09-09T01:59:30.748097+00:00,2026-09-08
20260909T085627+0800-a2dba6ce,NAND_STORAGE_CYCLE,5289,5289.TWO,宜鼎,BROKEN,WATCH_RESEARCH,GATE_1_CAUSAL,STOCK_BLOCKED_WEAK_EDGE,NOT_TRIGGERED,2026-09-09T01:59:30.748097+00:00,2026-09-08
20260909T085627+0800-a2dba6ce,MATURE_NODE_FOUNDRY_UTILIZATION,5347,5347.TWO,世界,BROKEN,WATCH_RESEARCH,GATE_1_CAUSAL,STOCK_BLOCKED_WEAK_EDGE,NOT_TRIGGERED,2026-09-09T01:59:30.748097+00:00,2026-09-08
20260909T085627+0800-a2dba6ce,AI_NETWORKING_UPGRADE,2345,2345.TW,智邦,BROKEN,WATCH_RESEARCH,GATE_1_CAUSAL,STOCK_BLOCKED_WEAK_EDGE,NOT_TRIGGERED,2026-09-09T01:59:30.748097+00:00,2026-09-08
20260909T085627+0800-a2dba6ce,COPPER_COMMODITY_TRADE_INVENTORY,1609,1609.TW,大亞,PRE_CONFIRMATION,WATCH_RESEARCH,GATE_1_CAUSAL,STOCK_BLOCKED_WEAK_EDGE,NOT_TRIGGERED,2026-09-09T01:59:30.748097+00:00,2026-09-08
20260909T085627+0800-a2dba6ce,AI_SERVER_RACK_BUILD,2376,2376.TW,技嘉,UNKNOWN,WATCH_RESEARCH,GATE_1_CAUSAL,STOCK_ALPHA_RESEARCH,NOT_TRIGGERED,2026-09-09T01:59:30.748097+00:00,2026-09-08
20260909T085627+0800-a2dba6ce,POWER_ELECTRONICS_CAPEX,1513,1513.TW,中興電,BROKEN,WATCH_RESEARCH,GATE_1_CAUSAL,STOCK_ALPHA_RESEARCH,NOT_TRIGGERED,2026-09-09T01:59:30.748097+00:00,2026-09-08
20260909T085627+0800-a2dba6ce,POWER_ELECTRONICS_CAPEX,2308,2308.TW,台達電,BROKEN,WATCH_RESEARCH,GATE_1_CAUSAL,STOCK_ALPHA_RESEARCH,NOT_TRIGGERED,2026-09-09T01:59:30.748097+00:00,2026-09-08
20260909T085627+0800-a2dba6ce,DATACENTER_POWER_INFRA,2308,2308.TW,台達電,BROKEN,WATCH_RESEARCH,GATE_1_CAUSAL,STOCK_BLOCKED_WEAK_EDGE,NOT_TRIGGERED,2026-09-09T01:59:30.748097+00:00,2026-09-08
20260909T085627+0800-a2dba6ce,COPPER_COMMODITY_TRADE_INVENTORY,1608,1608.TW,華榮,UNKNOWN,WATCH_RESEARCH,GATE_1_CAUSAL,STOCK_BLOCKED_WEAK_EDGE,NOT_TRIGGERED,2026-09-09T01:59:30.748097+00:00,2026-09-08
20260909T085627+0800-a2dba6ce,AI_SERVER_SHIPMENTS,2356,2356.TW,英業達,BROKEN,WATCH_RESEARCH,GATE_1_CAUSAL,STOCK_BLOCKED_WEAK_EDGE,NOT_TRIGGERED,2026-09-09T01:59:30.748097+00:00,2026-09-08
20260909T085627+0800-a2dba6ce,DATACENTER_POWER_INFRA,6409,6409.TW,旭隼,BROKEN,WATCH_RESEARCH,GATE_1_CAUSAL,STOCK_BLOCKED_WEAK_EDGE,NOT_TRIGGERED,2026-09-09T01:59:30.748097+00:00,2026-09-08
20260909T085627+0800-a2dba6ce,AI_SERVER_THERMAL_DENSITY,6230,6230.TW,尼得科超眾,BROKEN,WATCH_RESEARCH,GATE_1_CAUSAL,STOCK_BLOCKED_WEAK_EDGE,NOT_TRIGGERED,2026-09-09T01:59:30.748097+00:00,2026-09-08
20260909T085627+0800-a2dba6ce,BIOPHARMA_RISK_APPETITE,6446,6446.TW,藥華藥,PRE_CONFIRMATION,WATCH_RESEARCH,GATE_1_CAUSAL,ETF_CORE_PREFERRED,NOT_TRIGGERED,2026-09-09T01:59:30.748097+00:00,2026-09-08
20260909T085627+0800-a2dba6ce,AI_NETWORKING_UPGRADE,6285,6285.TW,啟碁,BROKEN,WATCH_RESEARCH,GATE_1_CAUSAL,STOCK_BLOCKED_WEAK_EDGE,NOT_TRIGGERED,2026-09-09T01:59:30.748097+00:00,2026-09-08
20260909T085627+0800-a2dba6ce,AI_NETWORKING_UPGRADE,5388,5388.TW,中磊,BROKEN,WATCH_RESEARCH,GATE_1_CAUSAL,STOCK_BLOCKED_WEAK_EDGE,NOT_TRIGGERED,2026-09-09T01:59:30.748097+00:00,2026-09-08
20260909T085627+0800-a2dba6ce,AI_NETWORKING_UPGRADE,3596,3596.TW,智易,BROKEN,WATCH_RESEARCH,GATE_1_CAUSAL,STOCK_BLOCKED_WEAK_EDGE,NOT_TRIGGERED,2026-09-09T01:59:30.748097+00:00,2026-09-08
20260909T085627+0800-a2dba6ce,CONSUMER_ELECTRONICS_CYCLE,4938,4938.TW,和碩,PRE_CONFIRMATION,WATCH_RESEARCH,GATE_1_CAUSAL,STOCK_BLOCKED_WEAK_EDGE,NOT_TRIGGERED,2026-09-09T01:59:30.748097+00:00,2026-09-08
20260909T085627+0800-a2dba6ce,COPPER_COMMODITY_TRADE_INVENTORY,1605,1605.TW,華新,UNKNOWN,WATCH_RESEARCH,GATE_1_CAUSAL,STOCK_BLOCKED_WEAK_EDGE,NOT_TRIGGERED,2026-09-09T01:59:30.748097+00:00,2026-09-08
20260909T085627+0800-a2dba6ce,CONSUMER_ELECTRONICS_CYCLE,2317,2317.TW,鴻海,UNKNOWN,WATCH_RESEARCH,GATE_1_CAUSAL,STOCK_BLOCKED_WEAK_EDGE,NOT_TRIGGERED,2026-09-09T01:59:30.748097+00:00,2026-09-08
20260909T085627+0800-a2dba6ce,BIOPHARMA_RISK_APPETITE,6472,6472.TW,保瑞,BROKEN,WATCH_RESEARCH,GATE_1_CAUSAL,ETF_CORE_PREFERRED,NOT_TRIGGERED,2026-09-09T01:59:30.748097+00:00,2026-09-08
20260909T085627+0800-a2dba6ce,AI_NETWORKING_UPGRADE,3704,3704.TW,合勤控,BROKEN,WATCH_RESEARCH,GATE_1_CAUSAL,STOCK_BLOCKED_WEAK_EDGE,NOT_TRIGGERED,2026-09-09T01:59:30.748097+00:00,2026-09-08
20260910T062934+0800-c5bf2fe0,AI_SERVER_SHIPMENTS,6669,6669.TW,緯穎,PERSISTENT,WATCH_RESEARCH,GATE_1_CAUSAL,STOCK_ALPHA_RESEARCH,NOT_TRIGGERED,2026-09-10T12:30:32.569221+00:00,2026-09-09
20260910T062934+0800-c5bf2fe0,CONTAINER_FREIGHT,2609,2609.TW,陽明,PERSISTENT,WATCH_RESEARCH,GATE_1_CAUSAL,ETF_CORE_PREFERRED,NOT_TRIGGERED,2026-09-10T12:30:32.569221+00:00,2026-09-09
20260910T062934+0800-c5bf2fe0,CONTAINER_FREIGHT,2615,2615.TW,萬海,PERSISTENT,WATCH_RESEARCH,GATE_1_CAUSAL,ETF_CORE_PREFERRED,NOT_TRIGGERED,2026-09-10T12:30:32.569221+00:00,2026-09-09
20260910T062934+0800-c5bf2fe0,DRAM_PRICING,2408,2408.TW,南亞科,PERSISTENT,WATCH_RESEARCH,GATE_1_CAUSAL,STOCK_BLOCKED_WEAK_EDGE,NOT_TRIGGERED,2026-09-10T12:30:32.569221+00:00,2026-09-09
20260910T062934+0800-c5bf2fe0,DRY_BULK_FREIGHT,2606,2606.TW,裕民,PERSISTENT,WATCH_RESEARCH,GATE_1_CAUSAL,STOCK_ALPHA_RESEARCH,NOT_TRIGGERED,2026-09-10T12:30:32.569221+00:00,2026-09-09
20260910T062934+0800-c5bf2fe0,DRY_BULK_FREIGHT,2637,2637.TW,慧洋-KY,PERSISTENT,WATCH_RESEARCH,GATE_1_CAUSAL,STOCK_ALPHA_RESEARCH,NOT_TRIGGERED,2026-09-10T12:30:32.569221+00:00,2026-09-09
20260910T062934+0800-c5bf2fe0,SPECIALTY_MEMORY_PRICING,2344,2344.TW,華邦電,PERSISTENT,WATCH_RESEARCH,GATE_1_CAUSAL,STOCK_BLOCKED_WEAK_EDGE,NOT_TRIGGERED,2026-09-10T12:30:32.569221+00:00,2026-09-09
20260910T062934+0800-c5bf2fe0,DRY_BULK_FREIGHT,2617,2617.TW,台航,PERSISTENT,WATCH_RESEARCH,GATE_1_CAUSAL,STOCK_ALPHA_RESEARCH,NOT_TRIGGERED,2026-09-10T12:30:32.569221+00:00,2026-09-09
20260910T062934+0800-c5bf2fe0,DRY_BULK_FREIGHT,2605,2605.TW,新興,PERSISTENT,WATCH_RESEARCH,GATE_1_CAUSAL,STOCK_ALPHA_RESEARCH,NOT_TRIGGERED,2026-09-10T12:30:32.569221+00:00,2026-09-09
20260910T062934+0800-c5bf2fe0,MEMORY_IC_CYCLE,3006,3006.TW,晶豪科,PERSISTENT,WATCH_RESEARCH,GATE_1_CAUSAL,STOCK_BLOCKED_WEAK_EDGE,NOT_TRIGGERED,2026-09-10T12:30:32.569221+00:00,2026-09-09
20260910T062934+0800-c5bf2fe0,NAND_STORAGE_CYCLE,4967,4967.TW,十銓,CONFIRMING,WATCH_RESEARCH,GATE_1_CAUSAL,STOCK_ALPHA_RESEARCH,BREAKOUT_CONFIRMATION_TRIGGER,2026-09-10T12:30:32.569221+00:00,2026-09-09
20260910T062934+0800-c5bf2fe0,MATURE_NODE_FOUNDRY_UTILIZATION,6770,6770.TW,力積電,PERSISTENT,WATCH_RESEARCH,GATE_1_CAUSAL,STOCK_BLOCKED_WEAK_EDGE,NOT_TRIGGERED,2026-09-10T12:30:32.569221+00:00,2026-09-09
20260910T062934+0800-c5bf2fe0,MATURE_NODE_FOUNDRY_UTILIZATION,2303,2303.TW,聯電,CONFIRMING,WATCH_RESEARCH,GATE_1_CAUSAL,STOCK_BLOCKED_WEAK_EDGE,NOT_TRIGGERED,2026-09-10T12:30:32.569221+00:00,2026-09-09
20260910T062934+0800-c5bf2fe0,AI_SERVER_THERMAL_DENSITY,3324,3324.TWO,雙鴻,PERSISTENT,WATCH_RESEARCH,GATE_2_TRANSMISSION,STOCK_BLOCKED_WEAK_EDGE,NOT_TRIGGERED,2026-09-10T12:30:32.569221+00:00,2026-09-09
20260910T062934+0800-c5bf2fe0,AI_SERVER_SHIPMENTS,2382,2382.TW,廣達,PRE_CONFIRMATION,WATCH_RESEARCH,GATE_1_CAUSAL,STOCK_BLOCKED_WEAK_EDGE,NOT_TRIGGERED,2026-09-10T12:30:32.569221+00:00,2026-09-09
20260910T062934+0800-c5bf2fe0,AI_SERVER_SHIPMENTS,3231,3231.TW,緯創,PRE_CONFIRMATION,WATCH_RESEARCH,GATE_1_CAUSAL,STOCK_ALPHA_RESEARCH,NOT_TRIGGERED,2026-09-10T12:30:32.569221+00:00,2026-09-09
20260910T062934+0800-c5bf2fe0,CONTAINER_FREIGHT,2603,2603.TW,長榮,PULLBACK,WATCH_RESEARCH,GATE_1_CAUSAL,ETF_CORE_PREFERRED,NOT_TRIGGERED,2026-09-10T12:30:32.569221+00:00,2026-09-09
20260910T062934+0800-c5bf2fe0,NAND_STORAGE_CYCLE,8299,8299.TWO,群聯,PRE_CONFIRMATION,WATCH_RESEARCH,GATE_1_CAUSAL,STOCK_BLOCKED_WEAK_EDGE,NOT_TRIGGERED,2026-09-10T12:30:32.569221+00:00,2026-09-09
20260910T062934+0800-c5bf2fe0,AI_SERVER_THERMAL_DENSITY,3017,3017.TW,奇鋐,PERSISTENT,WATCH_RESEARCH,GATE_2_TRANSMISSION,STOCK_BLOCKED_WEAK_EDGE,NOT_TRIGGERED,2026-09-10T12:30:32.569221+00:00,2026-09-09
20260910T062934+0800-c5bf2fe0,AI_SERVER_THERMAL_DENSITY,8996,8996.TW,高力,PERSISTENT,WATCH_RESEARCH,GATE_2_TRANSMISSION,STOCK_BLOCKED_WEAK_EDGE,NOT_TRIGGERED,2026-09-10T12:30:32.569221+00:00,2026-09-09
20260910T062934+0800-c5bf2fe0,NAND_STORAGE_CYCLE,3260,3260.TWO,威剛,PRE_CONFIRMATION,WATCH_RESEARCH,GATE_1_CAUSAL,STOCK_BLOCKED_WEAK_EDGE,NOT_TRIGGERED,2026-09-10T12:30:32.569221+00:00,2026-09-09
20260910T062934+0800-c5bf2fe0,LEADING_EDGE_FOUNDRY_AI_DEMAND,2330,2330.TW,台積電,PRE_CONFIRMATION,WATCH_RESEARCH,GATE_1_CAUSAL,ETF_CORE_PREFERRED,NOT_TRIGGERED,2026-09-10T12:30:32.569221+00:00,2026-09-09
20260910T062934+0800-c5bf2fe0,AI_SERVER_SHIPMENTS,2317,2317.TW,鴻海,PRE_CONFIRMATION,WATCH_RESEARCH,GATE_1_CAUSAL,STOCK_ALPHA_RESEARCH,NOT_TRIGGERED,2026-09-10T12:30:32.569221+00:00,2026-09-09
20260910T062934+0800-c5bf2fe0,MEMORY_IC_CYCLE,5351,5351.TWO,鈺創,PRE_CONFIRMATION,WATCH_RESEARCH,GATE_1_CAUSAL,STOCK_BLOCKED_WEAK_EDGE,NOT_TRIGGERED,2026-09-10T12:30:32.569221+00:00,2026-09-09
20260910T062934+0800-c5bf2fe0,SPECIALTY_MEMORY_PRICING,2337,2337.TW,旺宏,BROKEN,WATCH_RESEARCH,GATE_1_CAUSAL,STOCK_BLOCKED_WEAK_EDGE,NOT_TRIGGERED,2026-09-10T12:30:32.569221+00:00,2026-09-09
20260910T062934+0800-c5bf2fe0,COPPER_COMMODITY_TRADE_INVENTORY,1609,1609.TW,大亞,PRE_CONFIRMATION,WATCH_RESEARCH,GATE_1_CAUSAL,STOCK_BLOCKED_WEAK_EDGE,NOT_TRIGGERED,2026-09-10T12:30:32.569221+00:00,2026-09-09
20260910T062934+0800-c5bf2fe0,COPPER_COMMODITY_TRADE_INVENTORY,1608,1608.TW,華榮,PRE_CONFIRMATION,WATCH_RESEARCH,GATE_1_CAUSAL,STOCK_BLOCKED_WEAK_EDGE,NOT_TRIGGERED,2026-09-10T12:30:32.569221+00:00,2026-09-09
20260910T062934+0800-c5bf2fe0,AI_SERVER_RACK_BUILD,2376,2376.TW,技嘉,UNKNOWN,WATCH_RESEARCH,GATE_1_CAUSAL,STOCK_ALPHA_RESEARCH,NOT_TRIGGERED,2026-09-10T12:30:32.569221+00:00,2026-09-09
20260910T062934+0800-c5bf2fe0,NAND_STORAGE_CYCLE,5289,5289.TWO,宜鼎,BROKEN,WATCH_RESEARCH,GATE_1_CAUSAL,STOCK_BLOCKED_WEAK_EDGE,NOT_TRIGGERED,2026-09-10T12:30:32.569221+00:00,2026-09-09
20260910T062934+0800-c5bf2fe0,MATURE_NODE_FOUNDRY_UTILIZATION,5347,5347.TWO,世界,BROKEN,WATCH_RESEARCH,GATE_1_CAUSAL,STOCK_BLOCKED_WEAK_EDGE,NOT_TRIGGERED,2026-09-10T12:30:32.569221+00:00,2026-09-09
20260910T062934+0800-c5bf2fe0,POWER_ELECTRONICS_CAPEX,1513,1513.TW,中興電,PRE_CONFIRMATION,WATCH_RESEARCH,GATE_1_CAUSAL,STOCK_ALPHA_RESEARCH,NOT_TRIGGERED,2026-09-10T12:30:32.569221+00:00,2026-09-09
20260910T062934+0800-c5bf2fe0,AI_SERVER_SHIPMENTS,2356,2356.TW,英業達,BROKEN,WATCH_RESEARCH,GATE_1_CAUSAL,STOCK_BLOCKED_WEAK_EDGE,NOT_TRIGGERED,2026-09-10T12:30:32.569221+00:00,2026-09-09
20260910T062934+0800-c5bf2fe0,POWER_ELECTRONICS_CAPEX,1519,1519.TW,華城,UNKNOWN,WATCH_RESEARCH,GATE_1_CAUSAL,STOCK_ALPHA_RESEARCH,NOT_TRIGGERED,2026-09-10T12:30:32.569221+00:00,2026-09-09
20260910T062934+0800-c5bf2fe0,AI_SERVER_THERMAL_DENSITY,6230,6230.TW,尼得科超眾,BROKEN,WATCH_RESEARCH,GATE_2_TRANSMISSION,STOCK_BLOCKED_WEAK_EDGE,NOT_TRIGGERED,2026-09-10T12:30:32.569221+00:00,2026-09-09
20260910T062934+0800-c5bf2fe0,COPPER_COMMODITY_TRADE_INVENTORY,1605,1605.TW,華新,PRE_CONFIRMATION,WATCH_RESEARCH,GATE_1_CAUSAL,STOCK_BLOCKED_WEAK_EDGE,NOT_TRIGGERED,2026-09-10T12:30:32.569221+00:00,2026-09-09
20260910T062934+0800-c5bf2fe0,POWER_ELECTRONICS_CAPEX,2308,2308.TW,台達電,BROKEN,WATCH_RESEARCH,GATE_1_CAUSAL,STOCK_ALPHA_RESEARCH,NOT_TRIGGERED,2026-09-10T12:30:32.569221+00:00,2026-09-09
20260910T062934+0800-c5bf2fe0,AI_SERVER_RACK_BUILD,3693,3693.TWO,營邦,EXTENDED,WATCH_RESEARCH,GATE_1_CAUSAL,STOCK_BLOCKED_WEAK_EDGE,NOT_TRIGGERED,2026-09-10T12:30:32.569221+00:00,2026-09-09
20260910T062934+0800-c5bf2fe0,CONSUMER_ELECTRONICS_CYCLE,2317,2317.TW,鴻海,PRE_CONFIRMATION,WATCH_RESEARCH,GATE_1_CAUSAL,STOCK_BLOCKED_WEAK_EDGE,NOT_TRIGGERED,2026-09-10T12:30:32.569221+00:00,2026-09-09
20260910T062934+0800-c5bf2fe0,BIOPHARMA_RISK_APPETITE,6446,6446.TW,藥華藥,PRE_CONFIRMATION,WATCH_RESEARCH,GATE_1_CAUSAL,ETF_CORE_PREFERRED,NOT_TRIGGERED,2026-09-10T12:30:32.569221+00:00,2026-09-09
20260910T062934+0800-c5bf2fe0,CONSUMER_ELECTRONICS_CYCLE,4938,4938.TW,和碩,UNKNOWN,WATCH_RESEARCH,GATE_1_CAUSAL,STOCK_BLOCKED_WEAK_EDGE,NOT_TRIGGERED,2026-09-10T12:30:32.569221+00:00,2026-09-09
20260910T062934+0800-c5bf2fe0,BIOPHARMA_RISK_APPETITE,6472,6472.TW,保瑞,BROKEN,WATCH_RESEARCH,GATE_1_CAUSAL,ETF_CORE_PREFERRED,NOT_TRIGGERED,2026-09-10T12:30:32.569221+00:00,2026-09-09
20260910T205947+0800-52cc1184,AI_SERVER_SHIPMENTS,6669,6669.TW,緯穎,PERSISTENT,WATCH_RESEARCH,GATE_1_CAUSAL,STOCK_ALPHA_RESEARCH,NOT_TRIGGERED,2026-09-10T13:30:54.254030+00:00,2026-09-10
20260910T205947+0800-52cc1184,DRY_BULK_FREIGHT,2606,2606.TW,裕民,PERSISTENT,WATCH_RESEARCH,GATE_1_CAUSAL,STOCK_ALPHA_RESEARCH,NOT_TRIGGERED,2026-09-10T13:30:54.254030+00:00,2026-09-10
20260910T205947+0800-52cc1184,DRY_BULK_FREIGHT,2637,2637.TW,慧洋-KY,PERSISTENT,WATCH_RESEARCH,GATE_1_CAUSAL,STOCK_ALPHA_RESEARCH,NOT_TRIGGERED,2026-09-10T13:30:54.254030+00:00,2026-09-10
20260910T205947+0800-52cc1184,DRY_BULK_FREIGHT,2617,2617.TW,台航,PERSISTENT,WATCH_RESEARCH,GATE_1_CAUSAL,STOCK_ALPHA_RESEARCH,NOT_TRIGGERED,2026-09-10T13:30:54.254030+00:00,2026-09-10
20260910T205947+0800-52cc1184,DRY_BULK_FREIGHT,2605,2605.TW,新興,PERSISTENT,WATCH_RESEARCH,GATE_1_CAUSAL,STOCK_ALPHA_RESEARCH,NOT_TRIGGERED,2026-09-10T13:30:54.254030+00:00,2026-09-10
20260910T205947+0800-52cc1184,MEMORY_IC_CYCLE,3006,3006.TW,晶豪科,PERSISTENT,WATCH_RESEARCH,GATE_1_CAUSAL,STOCK_BLOCKED_WEAK_EDGE,NOT_TRIGGERED,2026-09-10T13:30:54.254030+00:00,2026-09-10
20260910T205947+0800-52cc1184,MATURE_NODE_FOUNDRY_UTILIZATION,2303,2303.TW,聯電,CONFIRMING,WATCH_RESEARCH,GATE_1_CAUSAL,STOCK_BLOCKED_WEAK_EDGE,NOT_TRIGGERED,2026-09-10T13:30:54.254030+00:00,2026-09-10
20260910T205947+0800-52cc1184,DRAM_PRICING,2408,2408.TW,南亞科,PRE_CONFIRMATION,WATCH_RESEARCH,GATE_1_CAUSAL,STOCK_BLOCKED_WEAK_EDGE,NOT_TRIGGERED,2026-09-10T13:30:54.254030+00:00,2026-09-10
20260910T205947+0800-52cc1184,SPECIALTY_MEMORY_PRICING,2344,2344.TW,華邦電,PRE_CONFIRMATION,WATCH_RESEARCH,GATE_1_CAUSAL,STOCK_BLOCKED_WEAK_EDGE,NOT_TRIGGERED,2026-09-10T13:30:54.254030+00:00,2026-09-10
20260910T205947+0800-52cc1184,CONTAINER_FREIGHT,2615,2615.TW,萬海,PULLBACK,WATCH_RESEARCH,GATE_1_CAUSAL,ETF_CORE_PREFERRED,NOT_TRIGGERED,2026-09-10T13:30:54.254030+00:00,2026-09-10
20260910T205947+0800-52cc1184,CONTAINER_FREIGHT,2609,2609.TW,陽明,PULLBACK,WATCH_RESEARCH,GATE_1_CAUSAL,ETF_CORE_PREFERRED,NOT_TRIGGERED,2026-09-10T13:30:54.254030+00:00,2026-09-10
20260910T205947+0800-52cc1184,CONTAINER_FREIGHT,2603,2603.TW,長榮,PULLBACK,WATCH_RESEARCH,GATE_1_CAUSAL,ETF_CORE_PREFERRED,NOT_TRIGGERED,2026-09-10T13:30:54.254030+00:00,2026-09-10
20260910T205947+0800-52cc1184,AI_SERVER_THERMAL_DENSITY,3017,3017.TW,奇鋐,PERSISTENT,WATCH_RESEARCH,GATE_2_TRANSMISSION,STOCK_BLOCKED_WEAK_EDGE,NOT_TRIGGERED,2026-09-10T13:30:54.254030+00:00,2026-09-10
20260910T205947+0800-52cc1184,AI_SERVER_RACK_BUILD,3693,3693.TWO,營邦,PERSISTENT,WATCH_RESEARCH,GATE_1_CAUSAL,STOCK_BLOCKED_WEAK_EDGE,NOT_TRIGGERED,2026-09-10T13:30:54.254030+00:00,2026-09-10
20260910T205947+0800-52cc1184,NAND_STORAGE_CYCLE,3260,3260.TWO,威剛,PRE_CONFIRMATION,WATCH_RESEARCH,GATE_1_CAUSAL,STOCK_BLOCKED_WEAK_EDGE,NOT_TRIGGERED,2026-09-10T13:30:54.254030+00:00,2026-09-10
20260910T205947+0800-52cc1184,LEADING_EDGE_FOUNDRY_AI_DEMAND,2330,2330.TW,台積電,PRE_CONFIRMATION,WATCH_RESEARCH,GATE_1_CAUSAL,ETF_CORE_PREFERRED,NOT_TRIGGERED,2026-09-10T13:30:54.254030+00:00,2026-09-10
20260910T205947+0800-52cc1184,NAND_STORAGE_CYCLE,4967,4967.TW,十銓,PRE_CONFIRMATION,WATCH_RESEARCH,GATE_1_CAUSAL,STOCK_ALPHA_RESEARCH,NOT_TRIGGERED,2026-09-10T13:30:54.254030+00:00,2026-09-10
20260910T205947+0800-52cc1184,AI_SERVER_SHIPMENTS,3231,3231.TW,緯創,UNKNOWN,WATCH_RESEARCH,GATE_1_CAUSAL,STOCK_ALPHA_RESEARCH,NOT_TRIGGERED,2026-09-10T13:30:54.254030+00:00,2026-09-10
20260910T205947+0800-52cc1184,AI_SERVER_SHIPMENTS,2382,2382.TW,廣達,UNKNOWN,WATCH_RESEARCH,GATE_1_CAUSAL,STOCK_BLOCKED_WEAK_EDGE,NOT_TRIGGERED,2026-09-10T13:30:54.254030+00:00,2026-09-10
20260910T205947+0800-52cc1184,AI_SERVER_SHIPMENTS,2317,2317.TW,鴻海,PRE_CONFIRMATION,WATCH_RESEARCH,GATE_1_CAUSAL,STOCK_ALPHA_RESEARCH,NOT_TRIGGERED,2026-09-10T13:30:54.254030+00:00,2026-09-10
20260910T205947+0800-52cc1184,MATURE_NODE_FOUNDRY_UTILIZATION,6770,6770.TW,力積電,PRE_CONFIRMATION,WATCH_RESEARCH,GATE_1_CAUSAL,STOCK_BLOCKED_WEAK_EDGE,NOT_TRIGGERED,2026-09-10T13:30:54.254030+00:00,2026-09-10
20260910T205947+0800-52cc1184,AI_SERVER_RACK_BUILD,2376,2376.TW,技嘉,PRE_CONFIRMATION,WATCH_RESEARCH,GATE_1_CAUSAL,STOCK_ALPHA_RESEARCH,NOT_TRIGGERED,2026-09-10T13:30:54.254030+00:00,2026-09-10
20260910T205947+0800-52cc1184,MEMORY_IC_CYCLE,5351,5351.TWO,鈺創,PRE_CONFIRMATION,WATCH_RESEARCH,GATE_1_CAUSAL,STOCK_BLOCKED_WEAK_EDGE,NOT_TRIGGERED,2026-09-10T13:30:54.254030+00:00,2026-09-10
20260910T205947+0800-52cc1184,AI_SERVER_THERMAL_DENSITY,8996,8996.TW,高力,PRE_CONFIRMATION,WATCH_RESEARCH,GATE_2_TRANSMISSION,STOCK_BLOCKED_WEAK_EDGE,NOT_TRIGGERED,2026-09-10T13:30:54.254030+00:00,2026-09-10
20260910T205947+0800-52cc1184,COPPER_COMMODITY_TRADE_INVENTORY,1609,1609.TW,大亞,PRE_CONFIRMATION,WATCH_RESEARCH,GATE_1_CAUSAL,STOCK_BLOCKED_WEAK_EDGE,NOT_TRIGGERED,2026-09-10T13:30:54.254030+00:00,2026-09-10
20260910T205947+0800-52cc1184,NAND_STORAGE_CYCLE,8299,8299.TWO,群聯,BROKEN,WATCH_RESEARCH,GATE_1_CAUSAL,STOCK_BLOCKED_WEAK_EDGE,NOT_TRIGGERED,2026-09-10T13:30:54.254030+00:00,2026-09-10
20260910T205947+0800-52cc1184,SPECIALTY_MEMORY_PRICING,2337,2337.TW,旺宏,BROKEN,WATCH_RESEARCH,GATE_1_CAUSAL,STOCK_BLOCKED_WEAK_EDGE,NOT_TRIGGERED,2026-09-10T13:30:54.254030+00:00,2026-09-10
20260910T205947+0800-52cc1184,COPPER_COMMODITY_TRADE_INVENTORY,1608,1608.TW,華榮,PRE_CONFIRMATION,WATCH_RESEARCH,GATE_1_CAUSAL,STOCK_BLOCKED_WEAK_EDGE,NOT_TRIGGERED,2026-09-10T13:30:54.254030+00:00,2026-09-10
20260910T205947+0800-52cc1184,NAND_STORAGE_CYCLE,5289,5289.TWO,宜鼎,BROKEN,WATCH_RESEARCH,GATE_1_CAUSAL,STOCK_BLOCKED_WEAK_EDGE,NOT_TRIGGERED,2026-09-10T13:30:54.254030+00:00,2026-09-10
20260910T205947+0800-52cc1184,MATURE_NODE_FOUNDRY_UTILIZATION,5347,5347.TWO,世界,BROKEN,WATCH_RESEARCH,GATE_1_CAUSAL,STOCK_BLOCKED_WEAK_EDGE,NOT_TRIGGERED,2026-09-10T13:30:54.254030+00:00,2026-09-10
20260910T205947+0800-52cc1184,POWER_ELECTRONICS_CAPEX,1513,1513.TW,中興電,PRE_CONFIRMATION,WATCH_RESEARCH,GATE_1_CAUSAL,STOCK_ALPHA_RESEARCH,NOT_TRIGGERED,2026-09-10T13:30:54.254030+00:00,2026-09-10
20260910T205947+0800-52cc1184,AI_SERVER_SHIPMENTS,2356,2356.TW,英業達,BROKEN,WATCH_RESEARCH,GATE_1_CAUSAL,STOCK_BLOCKED_WEAK_EDGE,NOT_TRIGGERED,2026-09-10T13:30:54.254030+00:00,2026-09-10
20260910T205947+0800-52cc1184,POWER_ELECTRONICS_CAPEX,1519,1519.TW,華城,UNKNOWN,WATCH_RESEARCH,GATE_1_CAUSAL,STOCK_ALPHA_RESEARCH,NOT_TRIGGERED,2026-09-10T13:30:54.254030+00:00,2026-09-10
20260910T205947+0800-52cc1184,AI_SERVER_THERMAL_DENSITY,6230,6230.TW,尼得科超眾,BROKEN,WATCH_RESEARCH,GATE_2_TRANSMISSION,STOCK_BLOCKED_WEAK_EDGE,NOT_TRIGGERED,2026-09-10T13:30:54.254030+00:00,2026-09-10
20260910T205947+0800-52cc1184,COPPER_COMMODITY_TRADE_INVENTORY,1605,1605.TW,華新,PRE_CONFIRMATION,WATCH_RESEARCH,GATE_1_CAUSAL,STOCK_BLOCKED_WEAK_EDGE,NOT_TRIGGERED,2026-09-10T13:30:54.254030+00:00,2026-09-10
20260910T205947+0800-52cc1184,AI_SERVER_THERMAL_DENSITY,3324,3324.TWO,雙鴻,EXTENDED,WATCH_RESEARCH,GATE_2_TRANSMISSION,STOCK_BLOCKED_WEAK_EDGE,NOT_TRIGGERED,2026-09-10T13:30:54.254030+00:00,2026-09-10
20260910T205947+0800-52cc1184,POWER_ELECTRONICS_CAPEX,2308,2308.TW,台達電,BROKEN,WATCH_RESEARCH,GATE_1_CAUSAL,STOCK_ALPHA_RESEARCH,NOT_TRIGGERED,2026-09-10T13:30:54.254030+00:00,2026-09-10
20260910T205947+0800-52cc1184,CONSUMER_ELECTRONICS_CYCLE,2317,2317.TW,鴻海,PRE_CONFIRMATION,WATCH_RESEARCH,GATE_1_CAUSAL,STOCK_BLOCKED_WEAK_EDGE,NOT_TRIGGERED,2026-09-10T13:30:54.254030+00:00,2026-09-10
20260910T205947+0800-52cc1184,CONSUMER_ELECTRONICS_CYCLE,4938,4938.TW,和碩,PRE_CONFIRMATION,WATCH_RESEARCH,GATE_1_CAUSAL,STOCK_BLOCKED_WEAK_EDGE,NOT_TRIGGERED,2026-09-10T13:30:54.254030+00:00,2026-09-10
20260910T205947+0800-52cc1184,BIOPHARMA_RISK_APPETITE,6446,6446.TW,藥華藥,UNKNOWN,WATCH_RESEARCH,GATE_1_CAUSAL,ETF_CORE_PREFERRED,NOT_TRIGGERED,2026-09-10T13:30:54.254030+00:00,2026-09-10
20260910T205947+0800-52cc1184,BIOPHARMA_RISK_APPETITE,6472,6472.TW,保瑞,BROKEN,WATCH_RESEARCH,GATE_1_CAUSAL,ETF_CORE_PREFERRED,NOT_TRIGGERED,2026-09-10T13:30:54.254030+00:00,2026-09-10
20260911T063144+0800-1b683761,DRY_BULK_FREIGHT,2606,2606.TW,裕民,PERSISTENT,WATCH_RESEARCH,GATE_1_CAUSAL,STOCK_ALPHA_RESEARCH,NOT_TRIGGERED,2026-09-11T00:35:12.107482+00:00,2026-09-10
20260911T063144+0800-1b683761,DRY_BULK_FREIGHT,2637,2637.TW,慧洋-KY,PERSISTENT,WATCH_RESEARCH,GATE_1_CAUSAL,STOCK_ALPHA_RESEARCH,NOT_TRIGGERED,2026-09-11T00:35:12.107482+00:00,2026-09-10
20260911T063144+0800-1b683761,DRY_BULK_FREIGHT,2617,2617.TW,台航,PERSISTENT,WATCH_RESEARCH,GATE_1_CAUSAL,STOCK_ALPHA_RESEARCH,NOT_TRIGGERED,2026-09-11T00:35:12.107482+00:00,2026-09-10
20260911T063144+0800-1b683761,DRY_BULK_FREIGHT,2605,2605.TW,新興,PERSISTENT,WATCH_RESEARCH,GATE_1_CAUSAL,STOCK_ALPHA_RESEARCH,NOT_TRIGGERED,2026-09-11T00:35:12.107482+00:00,2026-09-10
20260911T063144+0800-1b683761,DRAM_PRICING,2408,2408.TW,南亞科,CONFIRMING,WATCH_RESEARCH,GATE_1_CAUSAL,STOCK_BLOCKED_WEAK_EDGE,NOT_TRIGGERED,2026-09-11T00:35:12.107482+00:00,2026-09-10
20260911T063144+0800-1b683761,MEMORY_IC_CYCLE,3006,3006.TW,晶豪科,PERSISTENT,WATCH_RESEARCH,GATE_1_CAUSAL,STOCK_BLOCKED_WEAK_EDGE,NOT_TRIGGERED,2026-09-11T00:35:12.107482+00:00,2026-09-10
20260911T063144+0800-1b683761,NAND_STORAGE_CYCLE,4967,4967.TW,十銓,PERSISTENT,WATCH_RESEARCH,GATE_1_CAUSAL,STOCK_ALPHA_RESEARCH,NOT_TRIGGERED,2026-09-11T00:35:12.107482+00:00,2026-09-10
20260911T063144+0800-1b683761,AI_SERVER_SHIPMENTS,6669,6669.TW,緯穎,PERSISTENT,WATCH_RESEARCH,GATE_1_CAUSAL,STOCK_ALPHA_RESEARCH,NOT_TRIGGERED,2026-09-11T00:35:12.107482+00:00,2026-09-10
20260911T063144+0800-1b683761,MATURE_NODE_FOUNDRY_UTILIZATION,2303,2303.TW,聯電,CONFIRMING,WATCH_RESEARCH,GATE_1_CAUSAL,STOCK_BLOCKED_WEAK_EDGE,NOT_TRIGGERED,2026-09-11T00:35:12.107482+00:00,2026-09-10
20260911T063144+0800-1b683761,CONTAINER_FREIGHT,2603,2603.TW,長榮,PULLBACK,WATCH_RESEARCH,GATE_1_CAUSAL,ETF_CORE_PREFERRED,NOT_TRIGGERED,2026-09-11T00:35:12.107482+00:00,2026-09-10
20260911T063144+0800-1b683761,CONTAINER_FREIGHT,2609,2609.TW,陽明,PULLBACK,WATCH_RESEARCH,GATE_1_CAUSAL,ETF_CORE_PREFERRED,NOT_TRIGGERED,2026-09-11T00:35:12.107482+00:00,2026-09-10
20260911T063144+0800-1b683761,CONTAINER_FREIGHT,2615,2615.TW,萬海,PULLBACK,WATCH_RESEARCH,GATE_1_CAUSAL,ETF_CORE_PREFERRED,NOT_TRIGGERED,2026-09-11T00:35:12.107482+00:00,2026-09-10
20260911T063144+0800-1b683761,MLCC_DEMAND_PRICING,2492,2492.TW,華新科,CONFIRMING,WATCH_RESEARCH,GATE_1_CAUSAL,UNRESOLVED_NO_ETF_MAP,NOT_TRIGGERED,2026-09-11T00:35:12.107482+00:00,2026-09-10
20260911T063144+0800-1b683761,SPECIALTY_MEMORY_PRICING,2344,2344.TW,華邦電,PRE_CONFIRMATION,WATCH_RESEARCH,GATE_1_CAUSAL,STOCK_BLOCKED_WEAK_EDGE,NOT_TRIGGERED,2026-09-11T00:35:12.107482+00:00,2026-09-10
20260911T063144+0800-1b683761,NAND_STORAGE_CYCLE,3260,3260.TWO,威剛,PRE_CONFIRMATION,WATCH_RESEARCH,GATE_1_CAUSAL,STOCK_BLOCKED_WEAK_EDGE,NOT_TRIGGERED,2026-09-11T00:35:12.107482+00:00,2026-09-10
20260911T063144+0800-1b683761,LEADING_EDGE_FOUNDRY_AI_DEMAND,2330,2330.TW,台積電,PRE_CONFIRMATION,WATCH_RESEARCH,GATE_1_CAUSAL,ETF_CORE_PREFERRED,NOT_TRIGGERED,2026-09-11T00:35:12.107482+00:00,2026-09-10
20260911T063144+0800-1b683761,MATURE_NODE_FOUNDRY_UTILIZATION,6770,6770.TW,力積電,PRE_CONFIRMATION,WATCH_RESEARCH,GATE_1_CAUSAL,STOCK_BLOCKED_WEAK_EDGE,NOT_TRIGGERED,2026-09-11T00:35:12.107482+00:00,2026-09-10
20260911T063144+0800-1b683761,AI_SERVER_THERMAL_DENSITY,3017,3017.TW,奇鋐,PERSISTENT,WATCH_RESEARCH,GATE_1_CAUSAL,STOCK_BLOCKED_WEAK_EDGE,NOT_TRIGGERED,2026-09-11T00:35:12.107482+00:00,2026-09-10
20260911T063144+0800-1b683761,AI_SERVER_THERMAL_DENSITY,8996,8996.TW,高力,PERSISTENT,WATCH_RESEARCH,GATE_1_CAUSAL,STOCK_BLOCKED_WEAK_EDGE,NOT_TRIGGERED,2026-09-11T00:35:12.107482+00:00,2026-09-10
20260911T063144+0800-1b683761,AI_SERVER_RACK_BUILD,3693,3693.TWO,營邦,PERSISTENT,WATCH_RESEARCH,GATE_1_CAUSAL,STOCK_BLOCKED_WEAK_EDGE,NOT_TRIGGERED,2026-09-11T00:35:12.107482+00:00,2026-09-10
20260911T063144+0800-1b683761,MEMORY_IC_CYCLE,5351,5351.TWO,鈺創,PRE_CONFIRMATION,WATCH_RESEARCH,GATE_1_CAUSAL,STOCK_BLOCKED_WEAK_EDGE,NOT_TRIGGERED,2026-09-11T00:35:12.107482+00:00,2026-09-10
20260911T063144+0800-1b683761,SPECIALTY_MEMORY_PRICING,2337,2337.TW,旺宏,BROKEN,WATCH_RESEARCH,GATE_1_CAUSAL,STOCK_BLOCKED_WEAK_EDGE,NOT_TRIGGERED,2026-09-11T00:35:12.107482+00:00,2026-09-10
20260911T063144+0800-1b683761,NAND_STORAGE_CYCLE,8299,8299.TWO,群聯,BROKEN,WATCH_RESEARCH,GATE_1_CAUSAL,STOCK_BLOCKED_WEAK_EDGE,NOT_TRIGGERED,2026-09-11T00:35:12.107482+00:00,2026-09-10
20260911T063144+0800-1b683761,AI_SERVER_SHIPMENTS,2382,2382.TW,廣達,UNKNOWN,WATCH_RESEARCH,GATE_1_CAUSAL,STOCK_BLOCKED_WEAK_EDGE,NOT_TRIGGERED,2026-09-11T00:35:12.107482+00:00,2026-09-10
20260911T063144+0800-1b683761,AI_SERVER_SHIPMENTS,3231,3231.TW,緯創,UNKNOWN,WATCH_RESEARCH,GATE_1_CAUSAL,STOCK_ALPHA_RESEARCH,NOT_TRIGGERED,2026-09-11T00:35:12.107482+00:00,2026-09-10
20260911T063144+0800-1b683761,AI_SERVER_SHIPMENTS,2317,2317.TW,鴻海,PRE_CONFIRMATION,WATCH_RESEARCH,GATE_1_CAUSAL,STOCK_ALPHA_RESEARCH,NOT_TRIGGERED,2026-09-11T00:35:12.107482+00:00,2026-09-10
20260911T063144+0800-1b683761,COPPER_COMMODITY_TRADE_INVENTORY,1609,1609.TW,大亞,PRE_CONFIRMATION,WATCH_RESEARCH,GATE_1_CAUSAL,STOCK_BLOCKED_WEAK_EDGE,NOT_TRIGGERED,2026-09-11T00:35:12.107482+00:00,2026-09-10
20260911T063144+0800-1b683761,NAND_STORAGE_CYCLE,5289,5289.TWO,宜鼎,BROKEN,WATCH_RESEARCH,GATE_1_CAUSAL,STOCK_BLOCKED_WEAK_EDGE,NOT_TRIGGERED,2026-09-11T00:35:12.107482+00:00,2026-09-10
20260911T063144+0800-1b683761,MLCC_DEMAND_PRICING,2327,2327.TW,國巨*,BROKEN,WATCH_RESEARCH,GATE_1_CAUSAL,UNRESOLVED_NO_ETF_MAP,NOT_TRIGGERED,2026-09-11T00:35:12.107482+00:00,2026-09-10
20260911T063144+0800-1b683761,MATURE_NODE_FOUNDRY_UTILIZATION,5347,5347.TWO,世界,BROKEN,WATCH_RESEARCH,GATE_1_CAUSAL,STOCK_BLOCKED_WEAK_EDGE,NOT_TRIGGERED,2026-09-11T00:35:12.107482+00:00,2026-09-10
20260911T063144+0800-1b683761,COPPER_COMMODITY_TRADE_INVENTORY,1608,1608.TW,華榮,PRE_CONFIRMATION,WATCH_RESEARCH,GATE_1_CAUSAL,STOCK_BLOCKED_WEAK_EDGE,NOT_TRIGGERED,2026-09-11T00:35:12.107482+00:00,2026-09-10
20260911T063144+0800-1b683761,AI_SERVER_RACK_BUILD,2376,2376.TW,技嘉,PRE_CONFIRMATION,WATCH_RESEARCH,GATE_1_CAUSAL,STOCK_ALPHA_RESEARCH,NOT_TRIGGERED,2026-09-11T00:35:12.107482+00:00,2026-09-10
20260911T063144+0800-1b683761,CONSUMER_ELECTRONICS_CYCLE,2317,2317.TW,鴻海,PRE_CONFIRMATION,WATCH_RESEARCH,GATE_1_CAUSAL,STOCK_BLOCKED_WEAK_EDGE,NOT_TRIGGERED,2026-09-11T00:35:12.107482+00:00,2026-09-10
20260911T063144+0800-1b683761,AI_SERVER_SHIPMENTS,2356,2356.TW,英業達,BROKEN,WATCH_RESEARCH,GATE_1_CAUSAL,STOCK_BLOCKED_WEAK_EDGE,NOT_TRIGGERED,2026-09-11T00:35:12.107482+00:00,2026-09-10
20260911T063144+0800-1b683761,COPPER_COMMODITY_TRADE_INVENTORY,1605,1605.TW,華新,PRE_CONFIRMATION,WATCH_RESEARCH,GATE_1_CAUSAL,STOCK_BLOCKED_WEAK_EDGE,NOT_TRIGGERED,2026-09-11T00:35:12.107482+00:00,2026-09-10
20260911T063144+0800-1b683761,CONSUMER_ELECTRONICS_CYCLE,4938,4938.TW,和碩,PRE_CONFIRMATION,WATCH_RESEARCH,GATE_1_CAUSAL,STOCK_BLOCKED_WEAK_EDGE,NOT_TRIGGERED,2026-09-11T00:35:12.107482+00:00,2026-09-10
20260911T063144+0800-1b683761,AI_SERVER_THERMAL_DENSITY,6230,6230.TW,尼得科超眾,BROKEN,WATCH_RESEARCH,GATE_1_CAUSAL,STOCK_BLOCKED_WEAK_EDGE,NOT_TRIGGERED,2026-09-11T00:35:12.107482+00:00,2026-09-10
20260911T063144+0800-1b683761,ENTERPRISE_CYBER_SPEND,3029,3029.TW,零壹,PRE_CONFIRMATION,WATCH_RESEARCH,GATE_1_CAUSAL,ETF_CORE_PREFERRED,NOT_TRIGGERED,2026-09-11T00:35:12.107482+00:00,2026-09-10
20260911T063144+0800-1b683761,AI_SERVER_THERMAL_DENSITY,3324,3324.TWO,雙鴻,EXTENDED,WATCH_RESEARCH,GATE_1_CAUSAL,STOCK_BLOCKED_WEAK_EDGE,NOT_TRIGGERED,2026-09-11T00:35:12.107482+00:00,2026-09-10
20260911T063144+0800-1b683761,MLCC_DEMAND_PRICING,3026,3026.TW,禾伸堂,EXTENDED,WATCH_RESEARCH,GATE_1_CAUSAL,UNRESOLVED_NO_ETF_MAP,NOT_TRIGGERED,2026-09-11T00:35:12.107482+00:00,2026-09-10
20260911T063144+0800-1b683761,BIOPHARMA_RISK_APPETITE,6446,6446.TW,藥華藥,UNKNOWN,WATCH_RESEARCH,GATE_1_CAUSAL,ETF_CORE_PREFERRED,NOT_TRIGGERED,2026-09-11T00:35:12.107482+00:00,2026-09-10
20260911T063144+0800-1b683761,ENTERPRISE_CYBER_SPEND,6140,6140.TWO,訊達,BROKEN,WATCH_RESEARCH,GATE_1_CAUSAL,ETF_CORE_PREFERRED,NOT_TRIGGERED,2026-09-11T00:35:12.107482+00:00,2026-09-10
20260911T063144+0800-1b683761,BIOPHARMA_RISK_APPETITE,6472,6472.TW,保瑞,BROKEN,WATCH_RESEARCH,GATE_1_CAUSAL,ETF_CORE_PREFERRED,NOT_TRIGGERED,2026-09-11T00:35:12.107482+00:00,2026-09-10
20260911T122401+0800-1e3f0c9d,DRY_BULK_FREIGHT,2606,2606.TW,裕民,PERSISTENT,WATCH_RESEARCH,GATE_1_CAUSAL,STOCK_ALPHA_RESEARCH,NOT_TRIGGERED,2026-09-11T04:28:16.225060+00:00,2026-09-10
20260911T122401+0800-1e3f0c9d,DRY_BULK_FREIGHT,2637,2637.TW,慧洋-KY,PERSISTENT,WATCH_RESEARCH,GATE_1_CAUSAL,STOCK_ALPHA_RESEARCH,NOT_TRIGGERED,2026-09-11T04:28:16.225060+00:00,2026-09-10
20260911T122401+0800-1e3f0c9d,DRY_BULK_FREIGHT,2617,2617.TW,台航,PERSISTENT,WATCH_RESEARCH,GATE_1_CAUSAL,STOCK_ALPHA_RESEARCH,NOT_TRIGGERED,2026-09-11T04:28:16.225060+00:00,2026-09-10
20260911T122401+0800-1e3f0c9d,DRY_BULK_FREIGHT,2605,2605.TW,新興,PERSISTENT,WATCH_RESEARCH,GATE_1_CAUSAL,STOCK_ALPHA_RESEARCH,NOT_TRIGGERED,2026-09-11T04:28:16.225060+00:00,2026-09-10
20260911T122401+0800-1e3f0c9d,MEMORY_IC_CYCLE,3006,3006.TW,晶豪科,PERSISTENT,WATCH_RESEARCH,GATE_1_CAUSAL,STOCK_BLOCKED_WEAK_EDGE,NOT_TRIGGERED,2026-09-11T04:28:16.225060+00:00,2026-09-10
20260911T122401+0800-1e3f0c9d,AI_SERVER_SHIPMENTS,6669,6669.TW,緯穎,PERSISTENT,WATCH_RESEARCH,GATE_1_CAUSAL,STOCK_ALPHA_RESEARCH,NOT_TRIGGERED,2026-09-11T04:28:16.225060+00:00,2026-09-10
20260911T122401+0800-1e3f0c9d,MATURE_NODE_FOUNDRY_UTILIZATION,2303,2303.TW,聯電,CONFIRMING,WATCH_RESEARCH,GATE_1_CAUSAL,STOCK_BLOCKED_WEAK_EDGE,NOT_TRIGGERED,2026-09-11T04:28:16.225060+00:00,2026-09-10
20260911T122401+0800-1e3f0c9d,DRAM_PRICING,2408,2408.TW,南亞科,PRE_CONFIRMATION,WATCH_RESEARCH,GATE_1_CAUSAL,STOCK_BLOCKED_WEAK_EDGE,NOT_TRIGGERED,2026-09-11T04:28:16.225060+00:00,2026-09-10
20260911T122401+0800-1e3f0c9d,MLCC_DEMAND_PRICING,2492,2492.TW,華新科,CONFIRMING,WATCH_RESEARCH,GATE_1_CAUSAL,UNRESOLVED_NO_ETF_MAP,NOT_TRIGGERED,2026-09-11T04:28:16.225060+00:00,2026-09-10
20260911T122401+0800-1e3f0c9d,CONTAINER_FREIGHT,2603,2603.TW,長榮,PULLBACK,WATCH_RESEARCH,GATE_1_CAUSAL,ETF_CORE_PREFERRED,NOT_TRIGGERED,2026-09-11T04:28:16.225060+00:00,2026-09-10
20260911T122401+0800-1e3f0c9d,CONTAINER_FREIGHT,2609,2609.TW,陽明,PULLBACK,WATCH_RESEARCH,GATE_1_CAUSAL,ETF_CORE_PREFERRED,NOT_TRIGGERED,2026-09-11T04:28:16.225060+00:00,2026-09-10
20260911T122401+0800-1e3f0c9d,CONTAINER_FREIGHT,2615,2615.TW,萬海,PULLBACK,WATCH_RESEARCH,GATE_1_CAUSAL,ETF_CORE_PREFERRED,NOT_TRIGGERED,2026-09-11T04:28:16.225060+00:00,2026-09-10
20260911T122401+0800-1e3f0c9d,SPECIALTY_MEMORY_PRICING,2344,2344.TW,華邦電,PRE_CONFIRMATION,WATCH_RESEARCH,GATE_1_CAUSAL,STOCK_BLOCKED_WEAK_EDGE,NOT_TRIGGERED,2026-09-11T04:28:16.225060+00:00,2026-09-10
20260911T122401+0800-1e3f0c9d,NAND_STORAGE_CYCLE,3260,3260.TWO,威剛,PRE_CONFIRMATION,WATCH_RESEARCH,GATE_1_CAUSAL,STOCK_BLOCKED_WEAK_EDGE,NOT_TRIGGERED,2026-09-11T04:28:16.225060+00:00,2026-09-10
20260911T122401+0800-1e3f0c9d,NAND_STORAGE_CYCLE,4967,4967.TW,十銓,PRE_CONFIRMATION,WATCH_RESEARCH,GATE_1_CAUSAL,STOCK_ALPHA_RESEARCH,NOT_TRIGGERED,2026-09-11T04:28:16.225060+00:00,2026-09-10
20260911T122401+0800-1e3f0c9d,LEADING_EDGE_FOUNDRY_AI_DEMAND,2330,2330.TW,台積電,PRE_CONFIRMATION,WATCH_RESEARCH,GATE_1_CAUSAL,ETF_CORE_PREFERRED,NOT_TRIGGERED,2026-09-11T04:28:16.225060+00:00,2026-09-10
20260911T122401+0800-1e3f0c9d,MATURE_NODE_FOUNDRY_UTILIZATION,6770,6770.TW,力積電,PRE_CONFIRMATION,WATCH_RESEARCH,GATE_1_CAUSAL,STOCK_BLOCKED_WEAK_EDGE,NOT_TRIGGERED,2026-09-11T04:28:16.225060+00:00,2026-09-10
20260911T122401+0800-1e3f0c9d,AI_SERVER_THERMAL_DENSITY,3017,3017.TW,奇鋐,PERSISTENT,WATCH_RESEARCH,GATE_1_CAUSAL,STOCK_BLOCKED_WEAK_EDGE,NOT_TRIGGERED,2026-09-11T04:28:16.225060+00:00,2026-09-10
20260911T122401+0800-1e3f0c9d,AI_SERVER_RACK_BUILD,3693,3693.TWO,營邦,PERSISTENT,WATCH_RESEARCH,GATE_1_CAUSAL,STOCK_BLOCKED_WEAK_EDGE,NOT_TRIGGERED,2026-09-11T04:28:16.225060+00:00,2026-09-10
20260911T122401+0800-1e3f0c9d,MEMORY_IC_CYCLE,5351,5351.TWO,鈺創,PRE_CONFIRMATION,WATCH_RESEARCH,GATE_1_CAUSAL,STOCK_BLOCKED_WEAK_EDGE,NOT_TRIGGERED,2026-09-11T04:28:16.225060+00:00,2026-09-10
20260911T122401+0800-1e3f0c9d,AI_SERVER_SHIPMENTS,3231,3231.TW,緯創,UNKNOWN,WATCH_RESEARCH,GATE_1_CAUSAL,STOCK_ALPHA_RESEARCH,NOT_TRIGGERED,2026-09-11T04:28:16.225060+00:00,2026-09-10
20260911T122401+0800-1e3f0c9d,AI_SERVER_SHIPMENTS,2382,2382.TW,廣達,UNKNOWN,WATCH_RESEARCH,GATE_1_CAUSAL,STOCK_BLOCKED_WEAK_EDGE,NOT_TRIGGERED,2026-09-11T04:28:16.225060+00:00,2026-09-10
20260911T122401+0800-1e3f0c9d,NAND_STORAGE_CYCLE,8299,8299.TWO,群聯,BROKEN,WATCH_RESEARCH,GATE_1_CAUSAL,STOCK_BLOCKED_WEAK_EDGE,NOT_TRIGGERED,2026-09-11T04:28:16.225060+00:00,2026-09-10
20260911T122401+0800-1e3f0c9d,SPECIALTY_MEMORY_PRICING,2337,2337.TW,旺宏,BROKEN,WATCH_RESEARCH,GATE_1_CAUSAL,STOCK_BLOCKED_WEAK_EDGE,NOT_TRIGGERED,2026-09-11T04:28:16.225060+00:00,2026-09-10
20260911T122401+0800-1e3f0c9d,AI_SERVER_SHIPMENTS,2317,2317.TW,鴻海,PRE_CONFIRMATION,WATCH_RESEARCH,GATE_1_CAUSAL,STOCK_ALPHA_RESEARCH,NOT_TRIGGERED,2026-09-11T04:28:16.225060+00:00,2026-09-10
20260911T122401+0800-1e3f0c9d,COPPER_COMMODITY_TRADE_INVENTORY,1609,1609.TW,大亞,PRE_CONFIRMATION,WATCH_RESEARCH,GATE_1_CAUSAL,STOCK_BLOCKED_WEAK_EDGE,NOT_TRIGGERED,2026-09-11T04:28:16.225060+00:00,2026-09-10
20260911T122401+0800-1e3f0c9d,NAND_STORAGE_CYCLE,5289,5289.TWO,宜鼎,BROKEN,WATCH_RESEARCH,GATE_1_CAUSAL,STOCK_BLOCKED_WEAK_EDGE,NOT_TRIGGERED,2026-09-11T04:28:16.225060+00:00,2026-09-10
20260911T122401+0800-1e3f0c9d,MLCC_DEMAND_PRICING,2327,2327.TW,國巨*,BROKEN,WATCH_RESEARCH,GATE_1_CAUSAL,UNRESOLVED_NO_ETF_MAP,NOT_TRIGGERED,2026-09-11T04:28:16.225060+00:00,2026-09-10
20260911T122401+0800-1e3f0c9d,COPPER_COMMODITY_TRADE_INVENTORY,1608,1608.TW,華榮,PRE_CONFIRMATION,WATCH_RESEARCH,GATE_1_CAUSAL,STOCK_BLOCKED_WEAK_EDGE,NOT_TRIGGERED,2026-09-11T04:28:16.225060+00:00,2026-09-10
20260911T122401+0800-1e3f0c9d,MATURE_NODE_FOUNDRY_UTILIZATION,5347,5347.TWO,世界,BROKEN,WATCH_RESEARCH,GATE_1_CAUSAL,STOCK_BLOCKED_WEAK_EDGE,NOT_TRIGGERED,2026-09-11T04:28:16.225060+00:00,2026-09-10
20260911T122401+0800-1e3f0c9d,AI_SERVER_RACK_BUILD,2376,2376.TW,技嘉,PRE_CONFIRMATION,WATCH_RESEARCH,GATE_1_CAUSAL,STOCK_ALPHA_RESEARCH,NOT_TRIGGERED,2026-09-11T04:28:16.225060+00:00,2026-09-10
20260911T122401+0800-1e3f0c9d,AI_SERVER_THERMAL_DENSITY,8996,8996.TW,高力,PRE_CONFIRMATION,WATCH_RESEARCH,GATE_1_CAUSAL,STOCK_BLOCKED_WEAK_EDGE,NOT_TRIGGERED,2026-09-11T04:28:16.225060+00:00,2026-09-10
20260911T122401+0800-1e3f0c9d,CONSUMER_ELECTRONICS_CYCLE,2317,2317.TW,鴻海,PRE_CONFIRMATION,WATCH_RESEARCH,GATE_1_CAUSAL,STOCK_BLOCKED_WEAK_EDGE,NOT_TRIGGERED,2026-09-11T04:28:16.225060+00:00,2026-09-10
20260911T122401+0800-1e3f0c9d,AI_SERVER_SHIPMENTS,2356,2356.TW,英業達,BROKEN,WATCH_RESEARCH,GATE_1_CAUSAL,STOCK_BLOCKED_WEAK_EDGE,NOT_TRIGGERED,2026-09-11T04:28:16.225060+00:00,2026-09-10
20260911T122401+0800-1e3f0c9d,COPPER_COMMODITY_TRADE_INVENTORY,1605,1605.TW,華新,PRE_CONFIRMATION,WATCH_RESEARCH,GATE_1_CAUSAL,STOCK_BLOCKED_WEAK_EDGE,NOT_TRIGGERED,2026-09-11T04:28:16.225060+00:00,2026-09-10
20260911T122401+0800-1e3f0c9d,CONSUMER_ELECTRONICS_CYCLE,4938,4938.TW,和碩,PRE_CONFIRMATION,WATCH_RESEARCH,GATE_1_CAUSAL,STOCK_BLOCKED_WEAK_EDGE,NOT_TRIGGERED,2026-09-11T04:28:16.225060+00:00,2026-09-10
20260911T122401+0800-1e3f0c9d,AI_SERVER_THERMAL_DENSITY,6230,6230.TW,尼得科超眾,BROKEN,WATCH_RESEARCH,GATE_1_CAUSAL,STOCK_BLOCKED_WEAK_EDGE,NOT_TRIGGERED,2026-09-11T04:28:16.225060+00:00,2026-09-10
20260911T122401+0800-1e3f0c9d,ENTERPRISE_CYBER_SPEND,3029,3029.TW,零壹,PRE_CONFIRMATION,WATCH_RESEARCH,GATE_1_CAUSAL,ETF_CORE_PREFERRED,NOT_TRIGGERED,2026-09-11T04:28:16.225060+00:00,2026-09-10
20260911T122401+0800-1e3f0c9d,AI_SERVER_THERMAL_DENSITY,3324,3324.TWO,雙鴻,EXTENDED,WATCH_RESEARCH,GATE_1_CAUSAL,STOCK_BLOCKED_WEAK_EDGE,NOT_TRIGGERED,2026-09-11T04:28:16.225060+00:00,2026-09-10
20260911T122401+0800-1e3f0c9d,MLCC_DEMAND_PRICING,3026,3026.TW,禾伸堂,EXTENDED,WATCH_RESEARCH,GATE_1_CAUSAL,UNRESOLVED_NO_ETF_MAP,NOT_TRIGGERED,2026-09-11T04:28:16.225060+00:00,2026-09-10
20260911T122401+0800-1e3f0c9d,BIOPHARMA_RISK_APPETITE,6446,6446.TW,藥華藥,UNKNOWN,WATCH_RESEARCH,GATE_1_CAUSAL,ETF_CORE_PREFERRED,NOT_TRIGGERED,2026-09-11T04:28:16.225060+00:00,2026-09-10
20260911T122401+0800-1e3f0c9d,ENTERPRISE_CYBER_SPEND,6140,6140.TWO,訊達,BROKEN,WATCH_RESEARCH,GATE_1_CAUSAL,ETF_CORE_PREFERRED,NOT_TRIGGERED,2026-09-11T04:28:16.225060+00:00,2026-09-10
20260911T122401+0800-1e3f0c9d,BIOPHARMA_RISK_APPETITE,6472,6472.TW,保瑞,BROKEN,WATCH_RESEARCH,GATE_1_CAUSAL,ETF_CORE_PREFERRED,NOT_TRIGGERED,2026-09-11T04:28:16.225060+00:00,2026-09-10
20260911T193650+0800-cd16558a,CONTAINER_FREIGHT,2609,2609.TW,陽明,PERSISTENT,WATCH_RESEARCH,GATE_1_CAUSAL,ETF_CORE_PREFERRED,NOT_TRIGGERED,2026-09-11T11:40:50.128618+00:00,2026-09-11
20260911T193650+0800-cd16558a,DRY_BULK_FREIGHT,2606,2606.TW,裕民,PERSISTENT,WATCH_RESEARCH,GATE_1_CAUSAL,STOCK_ALPHA_RESEARCH,NOT_TRIGGERED,2026-09-11T11:40:50.128618+00:00,2026-09-11
20260911T193650+0800-cd16558a,DRY_BULK_FREIGHT,2637,2637.TW,慧洋-KY,PERSISTENT,WATCH_RESEARCH,GATE_1_CAUSAL,STOCK_ALPHA_RESEARCH,NOT_TRIGGERED,2026-09-11T11:40:50.128618+00:00,2026-09-11
20260911T193650+0800-cd16558a,DRY_BULK_FREIGHT,2605,2605.TW,新興,PERSISTENT,WATCH_RESEARCH,GATE_1_CAUSAL,STOCK_ALPHA_RESEARCH,NOT_TRIGGERED,2026-09-11T11:40:50.128618+00:00,2026-09-11
20260911T193650+0800-cd16558a,DRY_BULK_FREIGHT,2617,2617.TW,台航,PERSISTENT,WATCH_RESEARCH,GATE_1_CAUSAL,STOCK_ALPHA_RESEARCH,NOT_TRIGGERED,2026-09-11T11:40:50.128618+00:00,2026-09-11
20260911T193650+0800-cd16558a,MEMORY_IC_CYCLE,3006,3006.TW,晶豪科,PERSISTENT,WATCH_RESEARCH,GATE_1_CAUSAL,STOCK_BLOCKED_WEAK_EDGE,NOT_TRIGGERED,2026-09-11T11:40:50.128618+00:00,2026-09-11
20260911T193650+0800-cd16558a,NAND_STORAGE_CYCLE,4967,4967.TW,十銓,PERSISTENT,WATCH_RESEARCH,GATE_1_CAUSAL,STOCK_ALPHA_RESEARCH,NOT_TRIGGERED,2026-09-11T11:40:50.128618+00:00,2026-09-11
20260911T193650+0800-cd16558a,MATURE_NODE_FOUNDRY_UTILIZATION,2303,2303.TW,聯電,CONFIRMING,WATCH_RESEARCH,GATE_1_CAUSAL,STOCK_BLOCKED_WEAK_EDGE,NOT_TRIGGERED,2026-09-11T11:40:50.128618+00:00,2026-09-11
20260911T193650+0800-cd16558a,CONTAINER_FREIGHT,2603,2603.TW,長榮,PULLBACK,WATCH_RESEARCH,GATE_1_CAUSAL,ETF_CORE_PREFERRED,NOT_TRIGGERED,2026-09-11T11:40:50.128618+00:00,2026-09-11
20260911T193650+0800-cd16558a,CONTAINER_FREIGHT,2615,2615.TW,萬海,PULLBACK,WATCH_RESEARCH,GATE_1_CAUSAL,ETF_CORE_PREFERRED,NOT_TRIGGERED,2026-09-11T11:40:50.128618+00:00,2026-09-11
20260911T193650+0800-cd16558a,DRAM_PRICING,2408,2408.TW,南亞科,PRE_CONFIRMATION,WATCH_RESEARCH,GATE_1_CAUSAL,STOCK_BLOCKED_WEAK_EDGE,NOT_TRIGGERED,2026-09-11T11:40:50.128618+00:00,2026-09-11
20260911T193650+0800-cd16558a,MLCC_DEMAND_PRICING,2492,2492.TW,華新科,CONFIRMING,WATCH_RESEARCH,GATE_1_CAUSAL,UNRESOLVED_NO_ETF_MAP,NOT_TRIGGERED,2026-09-11T11:40:50.128618+00:00,2026-09-11
20260911T193650+0800-cd16558a,MATURE_NODE_FOUNDRY_UTILIZATION,6770,6770.TW,力積電,PRE_CONFIRMATION,WATCH_RESEARCH,GATE_1_CAUSAL,STOCK_BLOCKED_WEAK_EDGE,NOT_TRIGGERED,2026-09-11T11:40:50.128618+00:00,2026-09-11
20260911T193650+0800-cd16558a,AI_SERVER_SHIPMENTS,6669,6669.TW,緯穎,PULLBACK,WATCH_RESEARCH,GATE_1_CAUSAL,STOCK_ALPHA_RESEARCH,NOT_TRIGGERED,2026-09-11T11:40:50.128618+00:00,2026-09-11
20260911T193650+0800-cd16558a,AI_SERVER_THERMAL_DENSITY,3324,3324.TWO,雙鴻,PERSISTENT,WATCH_RESEARCH,GATE_1_CAUSAL,STOCK_BLOCKED_WEAK_EDGE,NOT_TRIGGERED,2026-09-11T11:40:50.128618+00:00,2026-09-11
20260911T193650+0800-cd16558a,LEADING_EDGE_FOUNDRY_AI_DEMAND,2330,2330.TW,台積電,UNKNOWN,WATCH_RESEARCH,GATE_1_CAUSAL,ETF_CORE_PREFERRED,NOT_TRIGGERED,2026-09-11T11:40:50.128618+00:00,2026-09-11
20260911T193650+0800-cd16558a,AI_SERVER_THERMAL_DENSITY,3017,3017.TW,奇鋐,PERSISTENT,WATCH_RESEARCH,GATE_1_CAUSAL,STOCK_BLOCKED_WEAK_EDGE,NOT_TRIGGERED,2026-09-11T11:40:50.128618+00:00,2026-09-11
20260911T193650+0800-cd16558a,MLCC_DEMAND_PRICING,3026,3026.TW,禾伸堂,CONFIRMING,WATCH_RESEARCH,GATE_1_CAUSAL,UNRESOLVED_NO_ETF_MAP,NOT_TRIGGERED,2026-09-11T11:40:50.128618+00:00,2026-09-11
20260911T193650+0800-cd16558a,AI_SERVER_RACK_BUILD,3693,3693.TWO,營邦,PERSISTENT,WATCH_RESEARCH,GATE_1_CAUSAL,STOCK_BLOCKED_WEAK_EDGE,NOT_TRIGGERED,2026-09-11T11:40:50.128618+00:00,2026-09-11
20260911T193650+0800-cd16558a,MEMORY_IC_CYCLE,5351,5351.TWO,鈺創,PRE_CONFIRMATION,WATCH_RESEARCH,GATE_1_CAUSAL,STOCK_BLOCKED_WEAK_EDGE,NOT_TRIGGERED,2026-09-11T11:40:50.128618+00:00,2026-09-11
20260911T193650+0800-cd16558a,SPECIALTY_MEMORY_PRICING,2344,2344.TW,華邦電,BROKEN,WATCH_RESEARCH,GATE_1_CAUSAL,STOCK_BLOCKED_WEAK_EDGE,NOT_TRIGGERED,2026-09-11T11:40:50.128618+00:00,2026-09-11
20260911T193650+0800-cd16558a,AI_SERVER_THERMAL_DENSITY,8996,8996.TW,高力,CONFIRMING,WATCH_RESEARCH,GATE_1_CAUSAL,STOCK_BLOCKED_WEAK_EDGE,BREAKOUT_CONFIRMATION_TRIGGER,2026-09-11T11:40:50.128618+00:00,2026-09-11
20260911T193650+0800-cd16558a,AI_SERVER_SHIPMENTS,3231,3231.TW,緯創,UNKNOWN,WATCH_RESEARCH,GATE_1_CAUSAL,STOCK_ALPHA_RESEARCH,NOT_TRIGGERED,2026-09-11T11:40:50.128618+00:00,2026-09-11
20260911T193650+0800-cd16558a,AI_SERVER_SHIPMENTS,2382,2382.TW,廣達,UNKNOWN,WATCH_RESEARCH,GATE_1_CAUSAL,STOCK_BLOCKED_WEAK_EDGE,NOT_TRIGGERED,2026-09-11T11:40:50.128618+00:00,2026-09-11
20260911T193650+0800-cd16558a,SPECIALTY_MEMORY_PRICING,2337,2337.TW,旺宏,BROKEN,WATCH_RESEARCH,GATE_1_CAUSAL,STOCK_BLOCKED_WEAK_EDGE,NOT_TRIGGERED,2026-09-11T11:40:50.128618+00:00,2026-09-11
20260911T193650+0800-cd16558a,NAND_STORAGE_CYCLE,8299,8299.TWO,群聯,BROKEN,WATCH_RESEARCH,GATE_1_CAUSAL,STOCK_BLOCKED_WEAK_EDGE,NOT_TRIGGERED,2026-09-11T11:40:50.128618+00:00,2026-09-11
20260911T193650+0800-cd16558a,NAND_STORAGE_CYCLE,3260,3260.TWO,威剛,BROKEN,WATCH_RESEARCH,GATE_1_CAUSAL,STOCK_BLOCKED_WEAK_EDGE,NOT_TRIGGERED,2026-09-11T11:40:50.128618+00:00,2026-09-11
20260911T193650+0800-cd16558a,COPPER_COMMODITY_TRADE_INVENTORY,1609,1609.TW,大亞,PRE_CONFIRMATION,WATCH_RESEARCH,GATE_1_CAUSAL,STOCK_BLOCKED_WEAK_EDGE,NOT_TRIGGERED,2026-09-11T11:40:50.128618+00:00,2026-09-11
20260911T193650+0800-cd16558a,NAND_STORAGE_CYCLE,5289,5289.TWO,宜鼎,BROKEN,WATCH_RESEARCH,GATE_1_CAUSAL,STOCK_BLOCKED_WEAK_EDGE,NOT_TRIGGERED,2026-09-11T11:40:50.128618+00:00,2026-09-11
20260911T193650+0800-cd16558a,MLCC_DEMAND_PRICING,2327,2327.TW,國巨*,BROKEN,WATCH_RESEARCH,GATE_1_CAUSAL,UNRESOLVED_NO_ETF_MAP,NOT_TRIGGERED,2026-09-11T11:40:50.128618+00:00,2026-09-11
20260911T193650+0800-cd16558a,MATURE_NODE_FOUNDRY_UTILIZATION,5347,5347.TWO,世界,BROKEN,WATCH_RESEARCH,GATE_1_CAUSAL,STOCK_BLOCKED_WEAK_EDGE,NOT_TRIGGERED,2026-09-11T11:40:50.128618+00:00,2026-09-11
20260911T193650+0800-cd16558a,ENTERPRISE_CYBER_SPEND,3029,3029.TW,零壹,PERSISTENT,WATCH_RESEARCH,GATE_1_CAUSAL,ETF_CORE_PREFERRED,NOT_TRIGGERED,2026-09-11T11:40:50.128618+00:00,2026-09-11
20260911T193650+0800-cd16558a,COPPER_COMMODITY_TRADE_INVENTORY,1608,1608.TW,華榮,UNKNOWN,WATCH_RESEARCH,GATE_1_CAUSAL,STOCK_BLOCKED_WEAK_EDGE,NOT_TRIGGERED,2026-09-11T11:40:50.128618+00:00,2026-09-11
20260911T193650+0800-cd16558a,AI_SERVER_RACK_BUILD,2376,2376.TW,技嘉,UNKNOWN,WATCH_RESEARCH,GATE_1_CAUSAL,STOCK_ALPHA_RESEARCH,NOT_TRIGGERED,2026-09-11T11:40:50.128618+00:00,2026-09-11
20260911T193650+0800-cd16558a,AI_SERVER_SHIPMENTS,2317,2317.TW,鴻海,BROKEN,WATCH_RESEARCH,GATE_1_CAUSAL,STOCK_ALPHA_RESEARCH,NOT_TRIGGERED,2026-09-11T11:40:50.128618+00:00,2026-09-11
20260911T193650+0800-cd16558a,AI_SERVER_SHIPMENTS,2356,2356.TW,英業達,BROKEN,WATCH_RESEARCH,GATE_1_CAUSAL,STOCK_BLOCKED_WEAK_EDGE,NOT_TRIGGERED,2026-09-11T11:40:50.128618+00:00,2026-09-11
20260911T193650+0800-cd16558a,AI_SERVER_THERMAL_DENSITY,6230,6230.TW,尼得科超眾,BROKEN,WATCH_RESEARCH,GATE_1_CAUSAL,STOCK_BLOCKED_WEAK_EDGE,NOT_TRIGGERED,2026-09-11T11:40:50.128618+00:00,2026-09-11
20260911T193650+0800-cd16558a,COPPER_COMMODITY_TRADE_INVENTORY,1605,1605.TW,華新,UNKNOWN,WATCH_RESEARCH,GATE_1_CAUSAL,STOCK_BLOCKED_WEAK_EDGE,NOT_TRIGGERED,2026-09-11T11:40:50.128618+00:00,2026-09-11
20260911T193650+0800-cd16558a,BIOPHARMA_RISK_APPETITE,6446,6446.TW,藥華藥,PRE_CONFIRMATION,WATCH_RESEARCH,GATE_1_CAUSAL,ETF_CORE_PREFERRED,NOT_TRIGGERED,2026-09-11T11:40:50.128618+00:00,2026-09-11
20260911T193650+0800-cd16558a,CONSUMER_ELECTRONICS_CYCLE,4938,4938.TW,和碩,UNKNOWN,WATCH_RESEARCH,GATE_1_CAUSAL,STOCK_BLOCKED_WEAK_EDGE,NOT_TRIGGERED,2026-09-11T11:40:50.128618+00:00,2026-09-11
20260911T193650+0800-cd16558a,CONSUMER_ELECTRONICS_CYCLE,2317,2317.TW,鴻海,BROKEN,WATCH_RESEARCH,GATE_1_CAUSAL,STOCK_BLOCKED_WEAK_EDGE,NOT_TRIGGERED,2026-09-11T11:40:50.128618+00:00,2026-09-11
20260911T193650+0800-cd16558a,ENTERPRISE_CYBER_SPEND,6140,6140.TWO,訊達,BROKEN,WATCH_RESEARCH,GATE_1_CAUSAL,ETF_CORE_PREFERRED,NOT_TRIGGERED,2026-09-11T11:40:50.128618+00:00,2026-09-11
20260911T193650+0800-cd16558a,BIOPHARMA_RISK_APPETITE,6472,6472.TW,保瑞,BROKEN,WATCH_RESEARCH,GATE_1_CAUSAL,ETF_CORE_PREFERRED,NOT_TRIGGERED,2026-09-11T11:40:50.128618+00:00,2026-09-11
20260911T220954+0800-29a366dd,CONTAINER_FREIGHT,2609,2609.TW,陽明,PERSISTENT,WATCH_RESEARCH,GATE_1_CAUSAL,ETF_CORE_PREFERRED,NOT_TRIGGERED,2026-09-11T14:15:21.385020+00:00,2026-09-11
20260911T220954+0800-29a366dd,DRY_BULK_FREIGHT,2606,2606.TW,裕民,PERSISTENT,WATCH_RESEARCH,GATE_1_CAUSAL,STOCK_ALPHA_RESEARCH,NOT_TRIGGERED,2026-09-11T14:15:21.385020+00:00,2026-09-11
20260911T220954+0800-29a366dd,DRY_BULK_FREIGHT,2637,2637.TW,慧洋-KY,PERSISTENT,WATCH_RESEARCH,GATE_1_CAUSAL,STOCK_ALPHA_RESEARCH,NOT_TRIGGERED,2026-09-11T14:15:21.385020+00:00,2026-09-11
20260911T220954+0800-29a366dd,DRY_BULK_FREIGHT,2605,2605.TW,新興,PERSISTENT,WATCH_RESEARCH,GATE_1_CAUSAL,STOCK_ALPHA_RESEARCH,NOT_TRIGGERED,2026-09-11T14:15:21.385020+00:00,2026-09-11
20260911T220954+0800-29a366dd,DRY_BULK_FREIGHT,2617,2617.TW,台航,PERSISTENT,WATCH_RESEARCH,GATE_1_CAUSAL,STOCK_ALPHA_RESEARCH,NOT_TRIGGERED,2026-09-11T14:15:21.385020+00:00,2026-09-11
20260911T220954+0800-29a366dd,MEMORY_IC_CYCLE,3006,3006.TW,晶豪科,PERSISTENT,WATCH_RESEARCH,GATE_1_CAUSAL,STOCK_BLOCKED_WEAK_EDGE,NOT_TRIGGERED,2026-09-11T14:15:21.385020+00:00,2026-09-11
20260911T220954+0800-29a366dd,NAND_STORAGE_CYCLE,4967,4967.TW,十銓,PERSISTENT,WATCH_RESEARCH,GATE_1_CAUSAL,STOCK_ALPHA_RESEARCH,NOT_TRIGGERED,2026-09-11T14:15:21.385020+00:00,2026-09-11
20260911T220954+0800-29a366dd,FINANCIALS_RATE_CREDIT_CYCLE,2882,2882.TW,國泰金,PERSISTENT,WATCH_RESEARCH,GATE_1_CAUSAL,ETF_CORE_PREFERRED,NOT_TRIGGERED,2026-09-11T14:15:21.385020+00:00,2026-09-11
20260911T220954+0800-29a366dd,FINANCIALS_RATE_CREDIT_CYCLE,2881,2881.TW,富邦金,PERSISTENT,WATCH_RESEARCH,GATE_1_CAUSAL,ETF_CORE_PREFERRED,NOT_TRIGGERED,2026-09-11T14:15:21.385020+00:00,2026-09-11
20260911T220954+0800-29a366dd,MATURE_NODE_FOUNDRY_UTILIZATION,2303,2303.TW,聯電,CONFIRMING,WATCH_RESEARCH,GATE_1_CAUSAL,STOCK_BLOCKED_WEAK_EDGE,NOT_TRIGGERED,2026-09-11T14:15:21.385020+00:00,2026-09-11
20260911T220954+0800-29a366dd,CONTAINER_FREIGHT,2603,2603.TW,長榮,PULLBACK,WATCH_RESEARCH,GATE_1_CAUSAL,ETF_CORE_PREFERRED,NOT_TRIGGERED,2026-09-11T14:15:21.385020+00:00,2026-09-11
20260911T220954+0800-29a366dd,CONTAINER_FREIGHT,2615,2615.TW,萬海,PULLBACK,WATCH_RESEARCH,GATE_1_CAUSAL,ETF_CORE_PREFERRED,NOT_TRIGGERED,2026-09-11T14:15:21.385020+00:00,2026-09-11
20260911T220954+0800-29a366dd,FINANCIALS_RATE_CREDIT_CYCLE,2886,2886.TW,兆豐金,PERSISTENT,WATCH_RESEARCH,GATE_1_CAUSAL,ETF_CORE_PREFERRED,NOT_TRIGGERED,2026-09-11T14:15:21.385020+00:00,2026-09-11
20260911T220954+0800-29a366dd,DRAM_PRICING,2408,2408.TW,南亞科,PRE_CONFIRMATION,WATCH_RESEARCH,GATE_1_CAUSAL,STOCK_BLOCKED_WEAK_EDGE,NOT_TRIGGERED,2026-09-11T14:15:21.385020+00:00,2026-09-11
20260911T220954+0800-29a366dd,MLCC_DEMAND_PRICING,2492,2492.TW,華新科,CONFIRMING,WATCH_RESEARCH,GATE_1_CAUSAL,UNRESOLVED_NO_ETF_MAP,NOT_TRIGGERED,2026-09-11T14:15:21.385020+00:00,2026-09-11
20260911T220954+0800-29a366dd,MATURE_NODE_FOUNDRY_UTILIZATION,6770,6770.TW,力積電,PRE_CONFIRMATION,WATCH_RESEARCH,GATE_1_CAUSAL,STOCK_BLOCKED_WEAK_EDGE,NOT_TRIGGERED,2026-09-11T14:15:21.385020+00:00,2026-09-11
20260911T220954+0800-29a366dd,AI_SERVER_SHIPMENTS,6669,6669.TW,緯穎,PULLBACK,WATCH_RESEARCH,GATE_1_CAUSAL,STOCK_ALPHA_RESEARCH,NOT_TRIGGERED,2026-09-11T14:15:21.385020+00:00,2026-09-11
20260911T220954+0800-29a366dd,AI_SERVER_THERMAL_DENSITY,3324,3324.TWO,雙鴻,PERSISTENT,WATCH_RESEARCH,GATE_1_CAUSAL,STOCK_BLOCKED_WEAK_EDGE,NOT_TRIGGERED,2026-09-11T14:15:21.385020+00:00,2026-09-11
20260911T220954+0800-29a366dd,LEADING_EDGE_FOUNDRY_AI_DEMAND,2330,2330.TW,台積電,UNKNOWN,WATCH_RESEARCH,GATE_1_CAUSAL,ETF_CORE_PREFERRED,NOT_TRIGGERED,2026-09-11T14:15:21.385020+00:00,2026-09-11
20260911T220954+0800-29a366dd,AI_SERVER_THERMAL_DENSITY,3017,3017.TW,奇鋐,PERSISTENT,WATCH_RESEARCH,GATE_1_CAUSAL,STOCK_BLOCKED_WEAK_EDGE,NOT_TRIGGERED,2026-09-11T14:15:21.385020+00:00,2026-09-11
20260911T220954+0800-29a366dd,MLCC_DEMAND_PRICING,3026,3026.TW,禾伸堂,CONFIRMING,WATCH_RESEARCH,GATE_1_CAUSAL,UNRESOLVED_NO_ETF_MAP,NOT_TRIGGERED,2026-09-11T14:15:21.385020+00:00,2026-09-11
20260911T220954+0800-29a366dd,AI_SERVER_RACK_BUILD,3693,3693.TWO,營邦,PERSISTENT,WATCH_RESEARCH,GATE_1_CAUSAL,STOCK_BLOCKED_WEAK_EDGE,NOT_TRIGGERED,2026-09-11T14:15:21.385020+00:00,2026-09-11
20260911T220954+0800-29a366dd,MEMORY_IC_CYCLE,5351,5351.TWO,鈺創,PRE_CONFIRMATION,WATCH_RESEARCH,GATE_1_CAUSAL,STOCK_BLOCKED_WEAK_EDGE,NOT_TRIGGERED,2026-09-11T14:15:21.385020+00:00,2026-09-11
20260911T220954+0800-29a366dd,SPECIALTY_MEMORY_PRICING,2344,2344.TW,華邦電,BROKEN,WATCH_RESEARCH,GATE_1_CAUSAL,STOCK_BLOCKED_WEAK_EDGE,NOT_TRIGGERED,2026-09-11T14:15:21.385020+00:00,2026-09-11
20260911T220954+0800-29a366dd,AI_SERVER_THERMAL_DENSITY,8996,8996.TW,高力,CONFIRMING,WATCH_RESEARCH,GATE_1_CAUSAL,STOCK_BLOCKED_WEAK_EDGE,BREAKOUT_CONFIRMATION_TRIGGER,2026-09-11T14:15:21.385020+00:00,2026-09-11
20260911T220954+0800-29a366dd,AI_SERVER_SHIPMENTS,2382,2382.TW,廣達,UNKNOWN,WATCH_RESEARCH,GATE_1_CAUSAL,STOCK_BLOCKED_WEAK_EDGE,NOT_TRIGGERED,2026-09-11T14:15:21.385020+00:00,2026-09-11
20260911T220954+0800-29a366dd,AI_SERVER_SHIPMENTS,3231,3231.TW,緯創,UNKNOWN,WATCH_RESEARCH,GATE_1_CAUSAL,STOCK_ALPHA_RESEARCH,NOT_TRIGGERED,2026-09-11T14:15:21.385020+00:00,2026-09-11
20260911T220954+0800-29a366dd,NAND_STORAGE_CYCLE,8299,8299.TWO,群聯,BROKEN,WATCH_RESEARCH,GATE_1_CAUSAL,STOCK_BLOCKED_WEAK_EDGE,NOT_TRIGGERED,2026-09-11T14:15:21.385020+00:00,2026-09-11
20260911T220954+0800-29a366dd,SPECIALTY_MEMORY_PRICING,2337,2337.TW,旺宏,BROKEN,WATCH_RESEARCH,GATE_1_CAUSAL,STOCK_BLOCKED_WEAK_EDGE,NOT_TRIGGERED,2026-09-11T14:15:21.385020+00:00,2026-09-11
20260911T220954+0800-29a366dd,FINANCIALS_RATE_CREDIT_CYCLE,2891,2891.TW,中信金,UNKNOWN,WATCH_RESEARCH,GATE_1_CAUSAL,ETF_CORE_PREFERRED,NOT_TRIGGERED,2026-09-11T14:15:21.385020+00:00,2026-09-11
20260911T220954+0800-29a366dd,NAND_STORAGE_CYCLE,3260,3260.TWO,威剛,BROKEN,WATCH_RESEARCH,GATE_1_CAUSAL,STOCK_BLOCKED_WEAK_EDGE,NOT_TRIGGERED,2026-09-11T14:15:21.385020+00:00,2026-09-11
20260911T220954+0800-29a366dd,ADVANCED_PACKAGING_TEST_CAPEX,6640,6640.TWO,均華,PERSISTENT,WATCH_RESEARCH,GATE_1_CAUSAL,STOCK_BLOCKED_WEAK_EDGE,NOT_TRIGGERED,2026-09-11T14:15:21.385020+00:00,2026-09-11
20260911T220954+0800-29a366dd,COPPER_COMMODITY_TRADE_INVENTORY,1609,1609.TW,大亞,PRE_CONFIRMATION,WATCH_RESEARCH,GATE_1_CAUSAL,STOCK_BLOCKED_WEAK_EDGE,NOT_TRIGGERED,2026-09-11T14:15:21.385020+00:00,2026-09-11
20260911T220954+0800-29a366dd,NAND_STORAGE_CYCLE,5289,5289.TWO,宜鼎,BROKEN,WATCH_RESEARCH,GATE_1_CAUSAL,STOCK_BLOCKED_WEAK_EDGE,NOT_TRIGGERED,2026-09-11T14:15:21.385020+00:00,2026-09-11
20260911T220954+0800-29a366dd,MLCC_DEMAND_PRICING,2327,2327.TW,國巨*,BROKEN,WATCH_RESEARCH,GATE_1_CAUSAL,UNRESOLVED_NO_ETF_MAP,NOT_TRIGGERED,2026-09-11T14:15:21.385020+00:00,2026-09-11
20260911T220954+0800-29a366dd,MATURE_NODE_FOUNDRY_UTILIZATION,5347,5347.TWO,世界,BROKEN,WATCH_RESEARCH,GATE_1_CAUSAL,STOCK_BLOCKED_WEAK_EDGE,NOT_TRIGGERED,2026-09-11T14:15:21.385020+00:00,2026-09-11
20260911T220954+0800-29a366dd,ENTERPRISE_CYBER_SPEND,3029,3029.TW,零壹,PERSISTENT,WATCH_RESEARCH,GATE_1_CAUSAL,ETF_CORE_PREFERRED,NOT_TRIGGERED,2026-09-11T14:15:21.385020+00:00,2026-09-11
20260911T220954+0800-29a366dd,COPPER_COMMODITY_TRADE_INVENTORY,1608,1608.TW,華榮,UNKNOWN,WATCH_RESEARCH,GATE_1_CAUSAL,STOCK_BLOCKED_WEAK_EDGE,NOT_TRIGGERED,2026-09-11T14:15:21.385020+00:00,2026-09-11
20260911T220954+0800-29a366dd,GRID_CAPEX,1519,1519.TW,華城,UNKNOWN,WATCH_RESEARCH,GATE_1_CAUSAL,STOCK_BLOCKED_WEAK_EDGE,NOT_TRIGGERED,2026-09-11T14:15:21.385020+00:00,2026-09-11
20260911T220954+0800-29a366dd,DATACENTER_COOLING_INFRA,3324,3324.TWO,雙鴻,PERSISTENT,WATCH_RESEARCH,GATE_1_CAUSAL,STOCK_BLOCKED_WEAK_EDGE,NOT_TRIGGERED,2026-09-11T14:15:21.385020+00:00,2026-09-11
20260911T220954+0800-29a366dd,AI_SERVER_RACK_BUILD,2376,2376.TW,技嘉,UNKNOWN,WATCH_RESEARCH,GATE_1_CAUSAL,STOCK_ALPHA_RESEARCH,NOT_TRIGGERED,2026-09-11T14:15:21.385020+00:00,2026-09-11
20260911T220954+0800-29a366dd,AI_SERVER_SHIPMENTS,2317,2317.TW,鴻海,BROKEN,WATCH_RESEARCH,GATE_1_CAUSAL,STOCK_ALPHA_RESEARCH,NOT_TRIGGERED,2026-09-11T14:15:21.385020+00:00,2026-09-11
20260911T220954+0800-29a366dd,DATACENTER_COOLING_INFRA,3017,3017.TW,奇鋐,PERSISTENT,WATCH_RESEARCH,GATE_1_CAUSAL,STOCK_BLOCKED_WEAK_EDGE,NOT_TRIGGERED,2026-09-11T14:15:21.385020+00:00,2026-09-11
20260911T220954+0800-29a366dd,DATACENTER_COOLING_INFRA,8996,8996.TW,高力,CONFIRMING,WATCH_RESEARCH,GATE_1_CAUSAL,STOCK_BLOCKED_WEAK_EDGE,NOT_TRIGGERED,2026-09-11T14:15:21.385020+00:00,2026-09-11
20260911T220954+0800-29a366dd,GRID_CAPEX,1609,1609.TW,大亞,PRE_CONFIRMATION,WATCH_RESEARCH,GATE_1_CAUSAL,STOCK_BLOCKED_WEAK_EDGE,NOT_TRIGGERED,2026-09-11T14:15:21.385020+00:00,2026-09-11
20260911T220954+0800-29a366dd,AI_SERVER_SHIPMENTS,2356,2356.TW,英業達,BROKEN,WATCH_RESEARCH,GATE_1_CAUSAL,STOCK_BLOCKED_WEAK_EDGE,NOT_TRIGGERED,2026-09-11T14:15:21.385020+00:00,2026-09-11
20260911T220954+0800-29a366dd,GRID_CAPEX,1513,1513.TW,中興電,BROKEN,WATCH_RESEARCH,GATE_1_CAUSAL,STOCK_BLOCKED_WEAK_EDGE,NOT_TRIGGERED,2026-09-11T14:15:21.385020+00:00,2026-09-11
20260911T220954+0800-29a366dd,ADVANCED_PACKAGING_TEST_CAPEX,6510,6510.TWO,精測,UNKNOWN,WATCH_RESEARCH,GATE_1_CAUSAL,STOCK_BLOCKED_WEAK_EDGE,NOT_TRIGGERED,2026-09-11T14:15:21.385020+00:00,2026-09-11
20260911T220954+0800-29a366dd,AI_SERVER_THERMAL_DENSITY,6230,6230.TW,尼得科超眾,BROKEN,WATCH_RESEARCH,GATE_1_CAUSAL,STOCK_BLOCKED_WEAK_EDGE,NOT_TRIGGERED,2026-09-11T14:15:21.385020+00:00,2026-09-11
20260911T220954+0800-29a366dd,GRID_CAPEX,1503,1503.TW,士電,UNKNOWN,WATCH_RESEARCH,GATE_1_CAUSAL,STOCK_BLOCKED_WEAK_EDGE,NOT_TRIGGERED,2026-09-11T14:15:21.385020+00:00,2026-09-11
20260911T220954+0800-29a366dd,GRID_CAPEX,1608,1608.TW,華榮,UNKNOWN,WATCH_RESEARCH,GATE_1_CAUSAL,STOCK_BLOCKED_WEAK_EDGE,NOT_TRIGGERED,2026-09-11T14:15:21.385020+00:00,2026-09-11
20260911T220954+0800-29a366dd,ADVANCED_PACKAGING_TEST_CAPEX,6223,6223.TWO,旺矽,BROKEN,WATCH_RESEARCH,GATE_1_CAUSAL,STOCK_BLOCKED_WEAK_EDGE,NOT_TRIGGERED,2026-09-11T14:15:21.385020+00:00,2026-09-11
20260911T220954+0800-29a366dd,COPPER_COMMODITY_TRADE_INVENTORY,1605,1605.TW,華新,UNKNOWN,WATCH_RESEARCH,GATE_1_CAUSAL,STOCK_BLOCKED_WEAK_EDGE,NOT_TRIGGERED,2026-09-11T14:15:21.385020+00:00,2026-09-11
20260911T220954+0800-29a366dd,BIOPHARMA_RISK_APPETITE,6446,6446.TW,藥華藥,PRE_CONFIRMATION,WATCH_RESEARCH,GATE_1_CAUSAL,ETF_CORE_PREFERRED,NOT_TRIGGERED,2026-09-11T14:15:21.385020+00:00,2026-09-11
20260911T220954+0800-29a366dd,CONSUMER_ELECTRONICS_CYCLE,4938,4938.TW,和碩,UNKNOWN,WATCH_RESEARCH,GATE_1_CAUSAL,STOCK_BLOCKED_WEAK_EDGE,NOT_TRIGGERED,2026-09-11T14:15:21.385020+00:00,2026-09-11
20260911T220954+0800-29a366dd,CONSUMER_ELECTRONICS_CYCLE,2317,2317.TW,鴻海,BROKEN,WATCH_RESEARCH,GATE_1_CAUSAL,STOCK_BLOCKED_WEAK_EDGE,NOT_TRIGGERED,2026-09-11T14:15:21.385020+00:00,2026-09-11
20260911T220954+0800-29a366dd,ENTERPRISE_CYBER_SPEND,6140,6140.TWO,訊達,BROKEN,WATCH_RESEARCH,GATE_1_CAUSAL,ETF_CORE_PREFERRED,NOT_TRIGGERED,2026-09-11T14:15:21.385020+00:00,2026-09-11
20260911T220954+0800-29a366dd,BIOPHARMA_RISK_APPETITE,6472,6472.TW,保瑞,BROKEN,WATCH_RESEARCH,GATE_1_CAUSAL,ETF_CORE_PREFERRED,NOT_TRIGGERED,2026-09-11T14:15:21.385020+00:00,2026-09-11
20260912T062257+0800-9958dac6,DRY_BULK_FREIGHT,2606,2606.TW,裕民,PERSISTENT,WATCH_ENTRY,GATE_4_REACTION,STOCK_ALPHA_RESEARCH,NOT_TRIGGERED,2026-09-11T22:27:41.925384+00:00,2026-09-11
20260912T062257+0800-9958dac6,DRY_BULK_FREIGHT,2637,2637.TW,慧洋-KY,PERSISTENT,WATCH_ENTRY,GATE_4_REACTION,STOCK_ALPHA_RESEARCH,NOT_TRIGGERED,2026-09-11T22:27:41.925384+00:00,2026-09-11
20260912T062257+0800-9958dac6,DRY_BULK_FREIGHT,2605,2605.TW,新興,PERSISTENT,WATCH_ENTRY,GATE_4_REACTION,STOCK_ALPHA_RESEARCH,NOT_TRIGGERED,2026-09-11T22:27:41.925384+00:00,2026-09-11
20260912T062257+0800-9958dac6,DRY_BULK_FREIGHT,2617,2617.TW,台航,PERSISTENT,WATCH_ENTRY,GATE_4_REACTION,STOCK_ALPHA_RESEARCH,NOT_TRIGGERED,2026-09-11T22:27:41.925384+00:00,2026-09-11
20260912T062257+0800-9958dac6,CONTAINER_FREIGHT,2609,2609.TW,陽明,PERSISTENT,WATCH_RESEARCH,GATE_1_CAUSAL,ETF_CORE_PREFERRED,NOT_TRIGGERED,2026-09-11T22:27:41.925384+00:00,2026-09-11
20260912T062257+0800-9958dac6,FINANCIALS_RATE_CREDIT_CYCLE,2882,2882.TW,國泰金,PERSISTENT,WATCH_RESEARCH,GATE_1_CAUSAL,ETF_CORE_PREFERRED,NOT_TRIGGERED,2026-09-11T22:27:41.925384+00:00,2026-09-11
20260912T062257+0800-9958dac6,FINANCIALS_RATE_CREDIT_CYCLE,2881,2881.TW,富邦金,PERSISTENT,WATCH_RESEARCH,GATE_1_CAUSAL,ETF_CORE_PREFERRED,NOT_TRIGGERED,2026-09-11T22:27:41.925384+00:00,2026-09-11
20260912T062257+0800-9958dac6,MEMORY_IC_CYCLE,3006,3006.TW,晶豪科,PERSISTENT,WATCH_RESEARCH,GATE_1_CAUSAL,STOCK_BLOCKED_WEAK_EDGE,NOT_TRIGGERED,2026-09-11T22:27:41.925384+00:00,2026-09-11
20260912T062257+0800-9958dac6,MATURE_NODE_FOUNDRY_UTILIZATION,2303,2303.TW,聯電,CONFIRMING,WATCH_RESEARCH,GATE_1_CAUSAL,STOCK_BLOCKED_WEAK_EDGE,NOT_TRIGGERED,2026-09-11T22:27:41.925384+00:00,2026-09-11
20260912T062257+0800-9958dac6,FINANCIALS_RATE_CREDIT_CYCLE,2886,2886.TW,兆豐金,PERSISTENT,WATCH_RESEARCH,GATE_1_CAUSAL,ETF_CORE_PREFERRED,NOT_TRIGGERED,2026-09-11T22:27:41.925384+00:00,2026-09-11
20260912T062257+0800-9958dac6,CONTAINER_FREIGHT,2615,2615.TW,萬海,PULLBACK,WATCH_RESEARCH,GATE_1_CAUSAL,ETF_CORE_PREFERRED,NOT_TRIGGERED,2026-09-11T22:27:41.925384+00:00,2026-09-11
20260912T062257+0800-9958dac6,CONTAINER_FREIGHT,2603,2603.TW,長榮,PULLBACK,WATCH_RESEARCH,GATE_1_CAUSAL,ETF_CORE_PREFERRED,NOT_TRIGGERED,2026-09-11T22:27:41.925384+00:00,2026-09-11
20260912T062257+0800-9958dac6,AI_SERVER_SHIPMENTS,6669,6669.TW,緯穎,PULLBACK,WATCH_RESEARCH,GATE_1_CAUSAL,STOCK_ALPHA_RESEARCH,NOT_TRIGGERED,2026-09-11T22:27:41.925384+00:00,2026-09-11
20260912T062257+0800-9958dac6,AI_SERVER_THERMAL_DENSITY,3324,3324.TWO,雙鴻,PERSISTENT,WATCH_RESEARCH,GATE_1_CAUSAL,STOCK_BLOCKED_WEAK_EDGE,NOT_TRIGGERED,2026-09-11T22:27:41.925384+00:00,2026-09-11
20260912T062257+0800-9958dac6,DRAM_PRICING,2408,2408.TW,南亞科,PRE_CONFIRMATION,WATCH_RESEARCH,GATE_1_CAUSAL,STOCK_BLOCKED_WEAK_EDGE,NOT_TRIGGERED,2026-09-11T22:27:41.925384+00:00,2026-09-11
20260912T062257+0800-9958dac6,AI_SERVER_THERMAL_DENSITY,3017,3017.TW,奇鋐,PERSISTENT,WATCH_RESEARCH,GATE_1_CAUSAL,STOCK_BLOCKED_WEAK_EDGE,NOT_TRIGGERED,2026-09-11T22:27:41.925384+00:00,2026-09-11
20260912T062257+0800-9958dac6,AI_SERVER_RACK_BUILD,3693,3693.TWO,營邦,PERSISTENT,WATCH_RESEARCH,GATE_1_CAUSAL,STOCK_BLOCKED_WEAK_EDGE,NOT_TRIGGERED,2026-09-11T22:27:41.925384+00:00,2026-09-11
20260912T062257+0800-9958dac6,MATURE_NODE_FOUNDRY_UTILIZATION,6770,6770.TW,力積電,PRE_CONFIRMATION,WATCH_RESEARCH,GATE_1_CAUSAL,STOCK_BLOCKED_WEAK_EDGE,NOT_TRIGGERED,2026-09-11T22:27:41.925384+00:00,2026-09-11
20260912T062257+0800-9958dac6,AI_SERVER_SHIPMENTS,3231,3231.TW,緯創,UNKNOWN,WATCH_RESEARCH,GATE_1_CAUSAL,STOCK_ALPHA_RESEARCH,NOT_TRIGGERED,2026-09-11T22:27:41.925384+00:00,2026-09-11
20260912T062257+0800-9958dac6,AI_SERVER_SHIPMENTS,2382,2382.TW,廣達,UNKNOWN,WATCH_RESEARCH,GATE_1_CAUSAL,STOCK_BLOCKED_WEAK_EDGE,NOT_TRIGGERED,2026-09-11T22:27:41.925384+00:00,2026-09-11
20260912T062257+0800-9958dac6,LEADING_EDGE_FOUNDRY_AI_DEMAND,2330,2330.TW,台積電,UNKNOWN,WATCH_RESEARCH,GATE_1_CAUSAL,ETF_CORE_PREFERRED,NOT_TRIGGERED,2026-09-11T22:27:41.925384+00:00,2026-09-11
20260912T062257+0800-9958dac6,NAND_STORAGE_CYCLE,4967,4967.TW,十銓,PRE_CONFIRMATION,WATCH_RESEARCH,GATE_1_CAUSAL,STOCK_ALPHA_RESEARCH,NOT_TRIGGERED,2026-09-11T22:27:41.925384+00:00,2026-09-11
20260912T062257+0800-9958dac6,MLCC_DEMAND_PRICING,2492,2492.TW,華新科,CONFIRMING,WATCH_RESEARCH,GATE_1_CAUSAL,UNRESOLVED_NO_ETF_MAP,NOT_TRIGGERED,2026-09-11T22:27:41.925384+00:00,2026-09-11
20260912T062257+0800-9958dac6,FINANCIALS_RATE_CREDIT_CYCLE,2891,2891.TW,中信金,UNKNOWN,WATCH_RESEARCH,GATE_1_CAUSAL,ETF_CORE_PREFERRED,NOT_TRIGGERED,2026-09-11T22:27:41.925384+00:00,2026-09-11
20260912T062257+0800-9958dac6,AI_SERVER_THERMAL_DENSITY,8996,8996.TW,高力,PRE_CONFIRMATION,WATCH_RESEARCH,GATE_1_CAUSAL,STOCK_BLOCKED_WEAK_EDGE,NOT_TRIGGERED,2026-09-11T22:27:41.925384+00:00,2026-09-11
20260912T062257+0800-9958dac6,MEMORY_IC_CYCLE,5351,5351.TWO,鈺創,PRE_CONFIRMATION,WATCH_RESEARCH,GATE_1_CAUSAL,STOCK_BLOCKED_WEAK_EDGE,NOT_TRIGGERED,2026-09-11T22:27:41.925384+00:00,2026-09-11
20260912T062257+0800-9958dac6,SPECIALTY_MEMORY_PRICING,2344,2344.TW,華邦電,BROKEN,WATCH_RESEARCH,GATE_1_CAUSAL,STOCK_BLOCKED_WEAK_EDGE,NOT_TRIGGERED,2026-09-11T22:27:41.925384+00:00,2026-09-11
20260912T062257+0800-9958dac6,MATURE_NODE_FOUNDRY_UTILIZATION,5347,5347.TWO,世界,BROKEN,WATCH_RESEARCH,GATE_1_CAUSAL,STOCK_BLOCKED_WEAK_EDGE,NOT_TRIGGERED,2026-09-11T22:27:41.925384+00:00,2026-09-11
20260912T062257+0800-9958dac6,COPPER_COMMODITY_TRADE_INVENTORY,1609,1609.TW,大亞,PRE_CONFIRMATION,WATCH_RESEARCH,GATE_1_CAUSAL,STOCK_BLOCKED_WEAK_EDGE,NOT_TRIGGERED,2026-09-11T22:27:41.925384+00:00,2026-09-11
20260912T062257+0800-9958dac6,NAND_STORAGE_CYCLE,8299,8299.TWO,群聯,BROKEN,WATCH_RESEARCH,GATE_1_CAUSAL,STOCK_BLOCKED_WEAK_EDGE,NOT_TRIGGERED,2026-09-11T22:27:41.925384+00:00,2026-09-11
20260912T062257+0800-9958dac6,SPECIALTY_MEMORY_PRICING,2337,2337.TW,旺宏,BROKEN,WATCH_RESEARCH,GATE_1_CAUSAL,STOCK_BLOCKED_WEAK_EDGE,NOT_TRIGGERED,2026-09-11T22:27:41.925384+00:00,2026-09-11
20260912T062257+0800-9958dac6,NAND_STORAGE_CYCLE,3260,3260.TWO,威剛,BROKEN,WATCH_RESEARCH,GATE_1_CAUSAL,STOCK_BLOCKED_WEAK_EDGE,NOT_TRIGGERED,2026-09-11T22:27:41.925384+00:00,2026-09-11
20260912T062257+0800-9958dac6,AI_SERVER_RACK_BUILD,2376,2376.TW,技嘉,UNKNOWN,WATCH_RESEARCH,GATE_1_CAUSAL,STOCK_ALPHA_RESEARCH,NOT_TRIGGERED,2026-09-11T22:27:41.925384+00:00,2026-09-11
20260912T062257+0800-9958dac6,AI_NETWORKING_UPGRADE,2345,2345.TW,智邦,BROKEN,WATCH_RESEARCH,GATE_1_CAUSAL,STOCK_BLOCKED_WEAK_EDGE,NOT_TRIGGERED,2026-09-11T22:27:41.925384+00:00,2026-09-11
20260912T062257+0800-9958dac6,MLCC_DEMAND_PRICING,3026,3026.TW,禾伸堂,CONFIRMING,WATCH_RESEARCH,GATE_1_CAUSAL,UNRESOLVED_NO_ETF_MAP,NOT_TRIGGERED,2026-09-11T22:27:41.925384+00:00,2026-09-11
20260912T062257+0800-9958dac6,AI_SERVER_SHIPMENTS,2317,2317.TW,鴻海,BROKEN,WATCH_RESEARCH,GATE_1_CAUSAL,STOCK_ALPHA_RESEARCH,NOT_TRIGGERED,2026-09-11T22:27:41.925384+00:00,2026-09-11
20260912T062257+0800-9958dac6,GRID_CAPEX,1519,1519.TW,華城,UNKNOWN,WATCH_RESEARCH,GATE_1_CAUSAL,STOCK_BLOCKED_WEAK_EDGE,NOT_TRIGGERED,2026-09-11T22:27:41.925384+00:00,2026-09-11
20260912T062257+0800-9958dac6,NAND_STORAGE_CYCLE,5289,5289.TWO,宜鼎,BROKEN,WATCH_RESEARCH,GATE_1_CAUSAL,STOCK_BLOCKED_WEAK_EDGE,NOT_TRIGGERED,2026-09-11T22:27:41.925384+00:00,2026-09-11
20260912T062257+0800-9958dac6,ADVANCED_PACKAGING_TEST_CAPEX,6640,6640.TWO,均華,PERSISTENT,WATCH_RESEARCH,GATE_1_CAUSAL,STOCK_BLOCKED_WEAK_EDGE,NOT_TRIGGERED,2026-09-11T22:27:41.925384+00:00,2026-09-11
20260912T062257+0800-9958dac6,ADVANCED_PACKAGING_TEST_CAPEX,6510,6510.TWO,精測,PERSISTENT,WATCH_RESEARCH,GATE_1_CAUSAL,STOCK_BLOCKED_WEAK_EDGE,NOT_TRIGGERED,2026-09-11T22:27:41.925384+00:00,2026-09-11
20260912T062257+0800-9958dac6,DATACENTER_COOLING_INFRA,3324,3324.TWO,雙鴻,PERSISTENT,WATCH_RESEARCH,GATE_1_CAUSAL,STOCK_BLOCKED_WEAK_EDGE,NOT_TRIGGERED,2026-09-11T22:27:41.925384+00:00,2026-09-11
20260912T062257+0800-9958dac6,COPPER_COMMODITY_TRADE_INVENTORY,1608,1608.TW,華榮,UNKNOWN,WATCH_RESEARCH,GATE_1_CAUSAL,STOCK_BLOCKED_WEAK_EDGE,NOT_TRIGGERED,2026-09-11T22:27:41.925384+00:00,2026-09-11
20260912T062257+0800-9958dac6,AI_SERVER_SHIPMENTS,2356,2356.TW,英業達,BROKEN,WATCH_RESEARCH,GATE_1_CAUSAL,STOCK_BLOCKED_WEAK_EDGE,NOT_TRIGGERED,2026-09-11T22:27:41.925384+00:00,2026-09-11
20260912T062257+0800-9958dac6,POWER_ELECTRONICS_CAPEX,1519,1519.TW,華城,UNKNOWN,WATCH_RESEARCH,GATE_1_CAUSAL,STOCK_ALPHA_RESEARCH,NOT_TRIGGERED,2026-09-11T22:27:41.925384+00:00,2026-09-11
20260912T062257+0800-9958dac6,DATACENTER_COOLING_INFRA,3017,3017.TW,奇鋐,PERSISTENT,WATCH_RESEARCH,GATE_1_CAUSAL,STOCK_BLOCKED_WEAK_EDGE,NOT_TRIGGERED,2026-09-11T22:27:41.925384+00:00,2026-09-11
20260912T062257+0800-9958dac6,GRID_CAPEX,1609,1609.TW,大亞,PRE_CONFIRMATION,WATCH_RESEARCH,GATE_1_CAUSAL,STOCK_BLOCKED_WEAK_EDGE,NOT_TRIGGERED,2026-09-11T22:27:41.925384+00:00,2026-09-11
20260912T062257+0800-9958dac6,AI_SERVER_THERMAL_DENSITY,6230,6230.TW,尼得科超眾,BROKEN,WATCH_RESEARCH,GATE_1_CAUSAL,STOCK_BLOCKED_WEAK_EDGE,NOT_TRIGGERED,2026-09-11T22:27:41.925384+00:00,2026-09-11
20260912T062257+0800-9958dac6,MLCC_DEMAND_PRICING,2327,2327.TW,國巨*,BROKEN,WATCH_RESEARCH,GATE_1_CAUSAL,UNRESOLVED_NO_ETF_MAP,NOT_TRIGGERED,2026-09-11T22:27:41.925384+00:00,2026-09-11
20260912T062257+0800-9958dac6,GRID_CAPEX,1513,1513.TW,中興電,BROKEN,WATCH_RESEARCH,GATE_1_CAUSAL,STOCK_BLOCKED_WEAK_EDGE,NOT_TRIGGERED,2026-09-11T22:27:41.925384+00:00,2026-09-11
20260912T062257+0800-9958dac6,POWER_ELECTRONICS_CAPEX,1513,1513.TW,中興電,BROKEN,WATCH_RESEARCH,GATE_1_CAUSAL,STOCK_ALPHA_RESEARCH,NOT_TRIGGERED,2026-09-11T22:27:41.925384+00:00,2026-09-11
20260912T062257+0800-9958dac6,POWER_ELECTRONICS_CAPEX,2308,2308.TW,台達電,BROKEN,WATCH_RESEARCH,GATE_1_CAUSAL,STOCK_ALPHA_RESEARCH,NOT_TRIGGERED,2026-09-11T22:27:41.925384+00:00,2026-09-11
20260912T062257+0800-9958dac6,GRID_CAPEX,1608,1608.TW,華榮,UNKNOWN,WATCH_RESEARCH,GATE_1_CAUSAL,STOCK_BLOCKED_WEAK_EDGE,NOT_TRIGGERED,2026-09-11T22:27:41.925384+00:00,2026-09-11
20260912T062257+0800-9958dac6,DATACENTER_COOLING_INFRA,8996,8996.TW,高力,PRE_CONFIRMATION,WATCH_RESEARCH,GATE_1_CAUSAL,STOCK_BLOCKED_WEAK_EDGE,NOT_TRIGGERED,2026-09-11T22:27:41.925384+00:00,2026-09-11
20260912T062257+0800-9958dac6,AI_NETWORKING_UPGRADE,6285,6285.TW,啟碁,BROKEN,WATCH_RESEARCH,GATE_1_CAUSAL,STOCK_BLOCKED_WEAK_EDGE,NOT_TRIGGERED,2026-09-11T22:27:41.925384+00:00,2026-09-11
20260912T062257+0800-9958dac6,AI_NETWORKING_UPGRADE,5388,5388.TW,中磊,BROKEN,WATCH_RESEARCH,GATE_1_CAUSAL,STOCK_BLOCKED_WEAK_EDGE,NOT_TRIGGERED,2026-09-11T22:27:41.925384+00:00,2026-09-11
20260912T062257+0800-9958dac6,AI_NETWORKING_UPGRADE,3596,3596.TW,智易,BROKEN,WATCH_RESEARCH,GATE_1_CAUSAL,STOCK_BLOCKED_WEAK_EDGE,NOT_TRIGGERED,2026-09-11T22:27:41.925384+00:00,2026-09-11
20260912T062257+0800-9958dac6,CONSUMER_ELECTRONICS_CYCLE,4938,4938.TW,和碩,UNKNOWN,WATCH_RESEARCH,GATE_1_CAUSAL,STOCK_BLOCKED_WEAK_EDGE,NOT_TRIGGERED,2026-09-11T22:27:41.925384+00:00,2026-09-11
20260912T062257+0800-9958dac6,GRID_CAPEX,1503,1503.TW,士電,BROKEN,WATCH_RESEARCH,GATE_1_CAUSAL,STOCK_BLOCKED_WEAK_EDGE,NOT_TRIGGERED,2026-09-11T22:27:41.925384+00:00,2026-09-11
20260912T062257+0800-9958dac6,BIOPHARMA_RISK_APPETITE,6446,6446.TW,藥華藥,PRE_CONFIRMATION,WATCH_RESEARCH,GATE_1_CAUSAL,ETF_CORE_PREFERRED,NOT_TRIGGERED,2026-09-11T22:27:41.925384+00:00,2026-09-11
20260912T062257+0800-9958dac6,COPPER_COMMODITY_TRADE_INVENTORY,1605,1605.TW,華新,UNKNOWN,WATCH_RESEARCH,GATE_1_CAUSAL,STOCK_BLOCKED_WEAK_EDGE,NOT_TRIGGERED,2026-09-11T22:27:41.925384+00:00,2026-09-11
20260912T062257+0800-9958dac6,ENTERPRISE_CYBER_SPEND,3029,3029.TW,零壹,PRE_CONFIRMATION,WATCH_RESEARCH,GATE_1_CAUSAL,ETF_CORE_PREFERRED,NOT_TRIGGERED,2026-09-11T22:27:41.925384+00:00,2026-09-11
20260912T062257+0800-9958dac6,CONSUMER_ELECTRONICS_CYCLE,2317,2317.TW,鴻海,BROKEN,WATCH_RESEARCH,GATE_1_CAUSAL,STOCK_BLOCKED_WEAK_EDGE,NOT_TRIGGERED,2026-09-11T22:27:41.925384+00:00,2026-09-11
20260912T062257+0800-9958dac6,ADVANCED_PACKAGING_TEST_CAPEX,6223,6223.TWO,旺矽,BROKEN,WATCH_RESEARCH,GATE_1_CAUSAL,STOCK_BLOCKED_WEAK_EDGE,NOT_TRIGGERED,2026-09-11T22:27:41.925384+00:00,2026-09-11
20260912T062257+0800-9958dac6,AI_NETWORKING_UPGRADE,3704,3704.TW,合勤控,BROKEN,WATCH_RESEARCH,GATE_1_CAUSAL,STOCK_BLOCKED_WEAK_EDGE,NOT_TRIGGERED,2026-09-11T22:27:41.925384+00:00,2026-09-11
20260912T062257+0800-9958dac6,BIOPHARMA_RISK_APPETITE,6472,6472.TW,保瑞,BROKEN,WATCH_RESEARCH,GATE_1_CAUSAL,ETF_CORE_PREFERRED,NOT_TRIGGERED,2026-09-11T22:27:41.925384+00:00,2026-09-11
20260912T062257+0800-9958dac6,ENTERPRISE_CYBER_SPEND,6140,6140.TWO,訊達,BROKEN,WATCH_RESEARCH,GATE_1_CAUSAL,ETF_CORE_PREFERRED,NOT_TRIGGERED,2026-09-11T22:27:41.925384+00:00,2026-09-11
20260912T105525+0800-20e9fe97,CONTAINER_FREIGHT,2609,2609.TW,陽明,PERSISTENT,WATCH_RESEARCH,GATE_1_CAUSAL,ETF_CORE_PREFERRED,NOT_TRIGGERED,2026-09-12T02:57:56.489878+00:00,2026-09-11
20260912T105525+0800-20e9fe97,DRY_BULK_FREIGHT,2606,2606.TW,裕民,PERSISTENT,WATCH_RESEARCH,GATE_1_CAUSAL,STOCK_ALPHA_RESEARCH,NOT_TRIGGERED,2026-09-12T02:57:56.489878+00:00,2026-09-11
20260912T105525+0800-20e9fe97,DRY_BULK_FREIGHT,2637,2637.TW,慧洋-KY,PERSISTENT,WATCH_RESEARCH,GATE_1_CAUSAL,STOCK_ALPHA_RESEARCH,NOT_TRIGGERED,2026-09-12T02:57:56.489878+00:00,2026-09-11
20260912T105525+0800-20e9fe97,DRY_BULK_FREIGHT,2605,2605.TW,新興,PERSISTENT,WATCH_RESEARCH,GATE_1_CAUSAL,STOCK_ALPHA_RESEARCH,NOT_TRIGGERED,2026-09-12T02:57:56.489878+00:00,2026-09-11
20260912T105525+0800-20e9fe97,DRY_BULK_FREIGHT,2617,2617.TW,台航,PERSISTENT,WATCH_RESEARCH,GATE_1_CAUSAL,STOCK_ALPHA_RESEARCH,NOT_TRIGGERED,2026-09-12T02:57:56.489878+00:00,2026-09-11
20260912T105525+0800-20e9fe97,FINANCIALS_RATE_CREDIT_CYCLE,2882,2882.TW,國泰金,PERSISTENT,WATCH_RESEARCH,GATE_1_CAUSAL,ETF_CORE_PREFERRED,NOT_TRIGGERED,2026-09-12T02:57:56.489878+00:00,2026-09-11
20260912T105525+0800-20e9fe97,FINANCIALS_RATE_CREDIT_CYCLE,2881,2881.TW,富邦金,PERSISTENT,WATCH_RESEARCH,GATE_1_CAUSAL,ETF_CORE_PREFERRED,NOT_TRIGGERED,2026-09-12T02:57:56.489878+00:00,2026-09-11
20260912T105525+0800-20e9fe97,MEMORY_IC_CYCLE,3006,3006.TW,晶豪科,PERSISTENT,WATCH_RESEARCH,GATE_1_CAUSAL,STOCK_BLOCKED_WEAK_EDGE,NOT_TRIGGERED,2026-09-12T02:57:56.489878+00:00,2026-09-11
20260912T105525+0800-20e9fe97,FINANCIALS_RATE_CREDIT_CYCLE,2886,2886.TW,兆豐金,PERSISTENT,WATCH_RESEARCH,GATE_1_CAUSAL,ETF_CORE_PREFERRED,NOT_TRIGGERED,2026-09-12T02:57:56.489878+00:00,2026-09-11
20260912T105525+0800-20e9fe97,MATURE_NODE_FOUNDRY_UTILIZATION,2303,2303.TW,聯電,CONFIRMING,WATCH_RESEARCH,GATE_1_CAUSAL,STOCK_BLOCKED_WEAK_EDGE,NOT_TRIGGERED,2026-09-12T02:57:56.489878+00:00,2026-09-11
20260912T105525+0800-20e9fe97,CONTAINER_FREIGHT,2615,2615.TW,萬海,PULLBACK,WATCH_RESEARCH,GATE_1_CAUSAL,ETF_CORE_PREFERRED,NOT_TRIGGERED,2026-09-12T02:57:56.489878+00:00,2026-09-11
20260912T105525+0800-20e9fe97,CONTAINER_FREIGHT,2603,2603.TW,長榮,PULLBACK,WATCH_RESEARCH,GATE_1_CAUSAL,ETF_CORE_PREFERRED,NOT_TRIGGERED,2026-09-12T02:57:56.489878+00:00,2026-09-11
20260912T105525+0800-20e9fe97,NAND_STORAGE_CYCLE,4967,4967.TW,十銓,PERSISTENT,WATCH_RESEARCH,GATE_1_CAUSAL,STOCK_ALPHA_RESEARCH,NOT_TRIGGERED,2026-09-12T02:57:56.489878+00:00,2026-09-11
20260912T105525+0800-20e9fe97,AI_SERVER_SHIPMENTS,6669,6669.TW,緯穎,PULLBACK,WATCH_RESEARCH,GATE_1_CAUSAL,STOCK_ALPHA_RESEARCH,NOT_TRIGGERED,2026-09-12T02:57:56.489878+00:00,2026-09-11
20260912T105525+0800-20e9fe97,AI_SERVER_THERMAL_DENSITY,3324,3324.TWO,雙鴻,PERSISTENT,WATCH_RESEARCH,GATE_1_CAUSAL,STOCK_BLOCKED_WEAK_EDGE,NOT_TRIGGERED,2026-09-12T02:57:56.489878+00:00,2026-09-11
20260912T105525+0800-20e9fe97,DRAM_PRICING,2408,2408.TW,南亞科,PRE_CONFIRMATION,WATCH_RESEARCH,GATE_1_CAUSAL,STOCK_BLOCKED_WEAK_EDGE,NOT_TRIGGERED,2026-09-12T02:57:56.489878+00:00,2026-09-11
20260912T105525+0800-20e9fe97,AI_SERVER_THERMAL_DENSITY,3017,3017.TW,奇鋐,PERSISTENT,WATCH_RESEARCH,GATE_1_CAUSAL,STOCK_BLOCKED_WEAK_EDGE,NOT_TRIGGERED,2026-09-12T02:57:56.489878+00:00,2026-09-11
20260912T105525+0800-20e9fe97,AI_SERVER_RACK_BUILD,3693,3693.TWO,營邦,PERSISTENT,WATCH_RESEARCH,GATE_1_CAUSAL,STOCK_BLOCKED_WEAK_EDGE,NOT_TRIGGERED,2026-09-12T02:57:56.489878+00:00,2026-09-11
20260912T105525+0800-20e9fe97,MATURE_NODE_FOUNDRY_UTILIZATION,6770,6770.TW,力積電,PRE_CONFIRMATION,WATCH_RESEARCH,GATE_1_CAUSAL,STOCK_BLOCKED_WEAK_EDGE,NOT_TRIGGERED,2026-09-12T02:57:56.489878+00:00,2026-09-11
20260912T105525+0800-20e9fe97,AI_SERVER_THERMAL_DENSITY,8996,8996.TW,高力,CONFIRMING,WATCH_RESEARCH,GATE_1_CAUSAL,STOCK_BLOCKED_WEAK_EDGE,BREAKOUT_CONFIRMATION_TRIGGER,2026-09-12T02:57:56.489878+00:00,2026-09-11
20260912T105525+0800-20e9fe97,AI_SERVER_SHIPMENTS,3231,3231.TW,緯創,UNKNOWN,WATCH_RESEARCH,GATE_1_CAUSAL,STOCK_ALPHA_RESEARCH,NOT_TRIGGERED,2026-09-12T02:57:56.489878+00:00,2026-09-11
20260912T105525+0800-20e9fe97,AI_SERVER_SHIPMENTS,2382,2382.TW,廣達,UNKNOWN,WATCH_RESEARCH,GATE_1_CAUSAL,STOCK_BLOCKED_WEAK_EDGE,NOT_TRIGGERED,2026-09-12T02:57:56.489878+00:00,2026-09-11
20260912T105525+0800-20e9fe97,LEADING_EDGE_FOUNDRY_AI_DEMAND,2330,2330.TW,台積電,UNKNOWN,WATCH_RESEARCH,GATE_1_CAUSAL,ETF_CORE_PREFERRED,NOT_TRIGGERED,2026-09-12T02:57:56.489878+00:00,2026-09-11
20260912T105525+0800-20e9fe97,MLCC_DEMAND_PRICING,2492,2492.TW,華新科,CONFIRMING,WATCH_RESEARCH,GATE_1_CAUSAL,UNRESOLVED_NO_ETF_MAP,NOT_TRIGGERED,2026-09-12T02:57:56.489878+00:00,2026-09-11
20260912T105525+0800-20e9fe97,FINANCIALS_RATE_CREDIT_CYCLE,2891,2891.TW,中信金,UNKNOWN,WATCH_RESEARCH,GATE_1_CAUSAL,ETF_CORE_PREFERRED,NOT_TRIGGERED,2026-09-12T02:57:56.489878+00:00,2026-09-11
20260912T105525+0800-20e9fe97,MEMORY_IC_CYCLE,5351,5351.TWO,鈺創,PRE_CONFIRMATION,WATCH_RESEARCH,GATE_1_CAUSAL,STOCK_BLOCKED_WEAK_EDGE,NOT_TRIGGERED,2026-09-12T02:57:56.489878+00:00,2026-09-11
20260912T105525+0800-20e9fe97,SPECIALTY_MEMORY_PRICING,2344,2344.TW,華邦電,BROKEN,WATCH_RESEARCH,GATE_1_CAUSAL,STOCK_BLOCKED_WEAK_EDGE,NOT_TRIGGERED,2026-09-12T02:57:56.489878+00:00,2026-09-11
20260912T105525+0800-20e9fe97,COPPER_COMMODITY_TRADE_INVENTORY,1609,1609.TW,大亞,PRE_CONFIRMATION,WATCH_RESEARCH,GATE_1_CAUSAL,STOCK_BLOCKED_WEAK_EDGE,NOT_TRIGGERED,2026-09-12T02:57:56.489878+00:00,2026-09-11
20260912T105525+0800-20e9fe97,MATURE_NODE_FOUNDRY_UTILIZATION,5347,5347.TWO,世界,BROKEN,WATCH_RESEARCH,GATE_1_CAUSAL,STOCK_BLOCKED_WEAK_EDGE,NOT_TRIGGERED,2026-09-12T02:57:56.489878+00:00,2026-09-11
20260912T105525+0800-20e9fe97,NAND_STORAGE_CYCLE,8299,8299.TWO,群聯,BROKEN,WATCH_RESEARCH,GATE_1_CAUSAL,STOCK_BLOCKED_WEAK_EDGE,NOT_TRIGGERED,2026-09-12T02:57:56.489878+00:00,2026-09-11
20260912T105525+0800-20e9fe97,SPECIALTY_MEMORY_PRICING,2337,2337.TW,旺宏,BROKEN,WATCH_RESEARCH,GATE_1_CAUSAL,STOCK_BLOCKED_WEAK_EDGE,NOT_TRIGGERED,2026-09-12T02:57:56.489878+00:00,2026-09-11
20260912T105525+0800-20e9fe97,NAND_STORAGE_CYCLE,3260,3260.TWO,威剛,BROKEN,WATCH_RESEARCH,GATE_1_CAUSAL,STOCK_BLOCKED_WEAK_EDGE,NOT_TRIGGERED,2026-09-12T02:57:56.489878+00:00,2026-09-11
20260912T105525+0800-20e9fe97,AI_SERVER_RACK_BUILD,2376,2376.TW,技嘉,UNKNOWN,WATCH_RESEARCH,GATE_1_CAUSAL,STOCK_ALPHA_RESEARCH,NOT_TRIGGERED,2026-09-12T02:57:56.489878+00:00,2026-09-11
20260912T105525+0800-20e9fe97,AI_NETWORKING_UPGRADE,2345,2345.TW,智邦,BROKEN,WATCH_RESEARCH,GATE_1_CAUSAL,STOCK_BLOCKED_WEAK_EDGE,NOT_TRIGGERED,2026-09-12T02:57:56.489878+00:00,2026-09-11
20260912T105525+0800-20e9fe97,MLCC_DEMAND_PRICING,3026,3026.TW,禾伸堂,CONFIRMING,WATCH_RESEARCH,GATE_1_CAUSAL,UNRESOLVED_NO_ETF_MAP,NOT_TRIGGERED,2026-09-12T02:57:56.489878+00:00,2026-09-11
20260912T105525+0800-20e9fe97,AI_SERVER_SHIPMENTS,2317,2317.TW,鴻海,BROKEN,WATCH_RESEARCH,GATE_1_CAUSAL,STOCK_ALPHA_RESEARCH,NOT_TRIGGERED,2026-09-12T02:57:56.489878+00:00,2026-09-11
20260912T105525+0800-20e9fe97,GRID_CAPEX,1519,1519.TW,華城,UNKNOWN,WATCH_RESEARCH,GATE_1_CAUSAL,STOCK_BLOCKED_WEAK_EDGE,NOT_TRIGGERED,2026-09-12T02:57:56.489878+00:00,2026-09-11
20260912T105525+0800-20e9fe97,NAND_STORAGE_CYCLE,5289,5289.TWO,宜鼎,BROKEN,WATCH_RESEARCH,GATE_1_CAUSAL,STOCK_BLOCKED_WEAK_EDGE,NOT_TRIGGERED,2026-09-12T02:57:56.489878+00:00,2026-09-11
20260912T105525+0800-20e9fe97,ADVANCED_PACKAGING_TEST_CAPEX,6640,6640.TWO,均華,PERSISTENT,WATCH_RESEARCH,GATE_1_CAUSAL,STOCK_BLOCKED_WEAK_EDGE,NOT_TRIGGERED,2026-09-12T02:57:56.489878+00:00,2026-09-11
20260912T105525+0800-20e9fe97,COPPER_COMMODITY_TRADE_INVENTORY,1608,1608.TW,華榮,UNKNOWN,WATCH_RESEARCH,GATE_1_CAUSAL,STOCK_BLOCKED_WEAK_EDGE,NOT_TRIGGERED,2026-09-12T02:57:56.489878+00:00,2026-09-11
20260912T105525+0800-20e9fe97,DATACENTER_COOLING_INFRA,3324,3324.TWO,雙鴻,PERSISTENT,WATCH_RESEARCH,GATE_1_CAUSAL,STOCK_BLOCKED_WEAK_EDGE,NOT_TRIGGERED,2026-09-12T02:57:56.489878+00:00,2026-09-11
20260912T105525+0800-20e9fe97,AI_SERVER_SHIPMENTS,2356,2356.TW,英業達,BROKEN,WATCH_RESEARCH,GATE_1_CAUSAL,STOCK_BLOCKED_WEAK_EDGE,NOT_TRIGGERED,2026-09-12T02:57:56.489878+00:00,2026-09-11
20260912T105525+0800-20e9fe97,POWER_ELECTRONICS_CAPEX,1519,1519.TW,華城,UNKNOWN,WATCH_RESEARCH,GATE_1_CAUSAL,STOCK_ALPHA_RESEARCH,NOT_TRIGGERED,2026-09-12T02:57:56.489878+00:00,2026-09-11
20260912T105525+0800-20e9fe97,GRID_CAPEX,1609,1609.TW,大亞,PRE_CONFIRMATION,WATCH_RESEARCH,GATE_1_CAUSAL,STOCK_BLOCKED_WEAK_EDGE,NOT_TRIGGERED,2026-09-12T02:57:56.489878+00:00,2026-09-11
20260912T105525+0800-20e9fe97,DATACENTER_COOLING_INFRA,3017,3017.TW,奇鋐,PERSISTENT,WATCH_RESEARCH,GATE_1_CAUSAL,STOCK_BLOCKED_WEAK_EDGE,NOT_TRIGGERED,2026-09-12T02:57:56.489878+00:00,2026-09-11
20260912T105525+0800-20e9fe97,DATACENTER_COOLING_INFRA,8996,8996.TW,高力,CONFIRMING,WATCH_RESEARCH,GATE_1_CAUSAL,STOCK_BLOCKED_WEAK_EDGE,NOT_TRIGGERED,2026-09-12T02:57:56.489878+00:00,2026-09-11
20260912T105525+0800-20e9fe97,AI_SERVER_THERMAL_DENSITY,6230,6230.TW,尼得科超眾,BROKEN,WATCH_RESEARCH,GATE_1_CAUSAL,STOCK_BLOCKED_WEAK_EDGE,NOT_TRIGGERED,2026-09-12T02:57:56.489878+00:00,2026-09-11
20260912T105525+0800-20e9fe97,MLCC_DEMAND_PRICING,2327,2327.TW,國巨*,BROKEN,WATCH_RESEARCH,GATE_1_CAUSAL,UNRESOLVED_NO_ETF_MAP,NOT_TRIGGERED,2026-09-12T02:57:56.489878+00:00,2026-09-11
20260912T105525+0800-20e9fe97,ENTERPRISE_CYBER_SPEND,3029,3029.TW,零壹,PERSISTENT,WATCH_RESEARCH,GATE_1_CAUSAL,ETF_CORE_PREFERRED,NOT_TRIGGERED,2026-09-12T02:57:56.489878+00:00,2026-09-11
20260912T105525+0800-20e9fe97,GRID_CAPEX,1513,1513.TW,中興電,BROKEN,WATCH_RESEARCH,GATE_1_CAUSAL,STOCK_BLOCKED_WEAK_EDGE,NOT_TRIGGERED,2026-09-12T02:57:56.489878+00:00,2026-09-11
20260912T105525+0800-20e9fe97,GRID_CAPEX,1503,1503.TW,士電,UNKNOWN,WATCH_RESEARCH,GATE_1_CAUSAL,STOCK_BLOCKED_WEAK_EDGE,NOT_TRIGGERED,2026-09-12T02:57:56.489878+00:00,2026-09-11
20260912T105525+0800-20e9fe97,POWER_ELECTRONICS_CAPEX,1513,1513.TW,中興電,BROKEN,WATCH_RESEARCH,GATE_1_CAUSAL,STOCK_ALPHA_RESEARCH,NOT_TRIGGERED,2026-09-12T02:57:56.489878+00:00,2026-09-11
20260912T105525+0800-20e9fe97,POWER_ELECTRONICS_CAPEX,2308,2308.TW,台達電,BROKEN,WATCH_RESEARCH,GATE_1_CAUSAL,STOCK_ALPHA_RESEARCH,NOT_TRIGGERED,2026-09-12T02:57:56.489878+00:00,2026-09-11
20260912T105525+0800-20e9fe97,GRID_CAPEX,1608,1608.TW,華榮,UNKNOWN,WATCH_RESEARCH,GATE_1_CAUSAL,STOCK_BLOCKED_WEAK_EDGE,NOT_TRIGGERED,2026-09-12T02:57:56.489878+00:00,2026-09-11
20260912T105525+0800-20e9fe97,AI_NETWORKING_UPGRADE,6285,6285.TW,啟碁,BROKEN,WATCH_RESEARCH,GATE_1_CAUSAL,STOCK_BLOCKED_WEAK_EDGE,NOT_TRIGGERED,2026-09-12T02:57:56.489878+00:00,2026-09-11
20260912T105525+0800-20e9fe97,AI_NETWORKING_UPGRADE,3596,3596.TW,智易,BROKEN,WATCH_RESEARCH,GATE_1_CAUSAL,STOCK_BLOCKED_WEAK_EDGE,NOT_TRIGGERED,2026-09-12T02:57:56.489878+00:00,2026-09-11
20260912T105525+0800-20e9fe97,AI_NETWORKING_UPGRADE,5388,5388.TW,中磊,BROKEN,WATCH_RESEARCH,GATE_1_CAUSAL,STOCK_BLOCKED_WEAK_EDGE,NOT_TRIGGERED,2026-09-12T02:57:56.489878+00:00,2026-09-11
20260912T105525+0800-20e9fe97,CONSUMER_ELECTRONICS_CYCLE,4938,4938.TW,和碩,UNKNOWN,WATCH_RESEARCH,GATE_1_CAUSAL,STOCK_BLOCKED_WEAK_EDGE,NOT_TRIGGERED,2026-09-12T02:57:56.489878+00:00,2026-09-11
20260912T105525+0800-20e9fe97,COPPER_COMMODITY_TRADE_INVENTORY,1605,1605.TW,華新,UNKNOWN,WATCH_RESEARCH,GATE_1_CAUSAL,STOCK_BLOCKED_WEAK_EDGE,NOT_TRIGGERED,2026-09-12T02:57:56.489878+00:00,2026-09-11
20260912T105525+0800-20e9fe97,BIOPHARMA_RISK_APPETITE,6446,6446.TW,藥華藥,PRE_CONFIRMATION,WATCH_RESEARCH,GATE_1_CAUSAL,ETF_CORE_PREFERRED,NOT_TRIGGERED,2026-09-12T02:57:56.489878+00:00,2026-09-11
20260912T105525+0800-20e9fe97,ADVANCED_PACKAGING_TEST_CAPEX,6510,6510.TWO,精測,UNKNOWN,WATCH_RESEARCH,GATE_1_CAUSAL,STOCK_BLOCKED_WEAK_EDGE,NOT_TRIGGERED,2026-09-12T02:57:56.489878+00:00,2026-09-11
20260912T105525+0800-20e9fe97,CONSUMER_ELECTRONICS_CYCLE,2317,2317.TW,鴻海,BROKEN,WATCH_RESEARCH,GATE_1_CAUSAL,STOCK_BLOCKED_WEAK_EDGE,NOT_TRIGGERED,2026-09-12T02:57:56.489878+00:00,2026-09-11
20260912T105525+0800-20e9fe97,ADVANCED_PACKAGING_TEST_CAPEX,6223,6223.TWO,旺矽,BROKEN,WATCH_RESEARCH,GATE_1_CAUSAL,STOCK_BLOCKED_WEAK_EDGE,NOT_TRIGGERED,2026-09-12T02:57:56.489878+00:00,2026-09-11
20260912T105525+0800-20e9fe97,AI_NETWORKING_UPGRADE,3704,3704.TW,合勤控,BROKEN,WATCH_RESEARCH,GATE_1_CAUSAL,STOCK_BLOCKED_WEAK_EDGE,NOT_TRIGGERED,2026-09-12T02:57:56.489878+00:00,2026-09-11
20260912T105525+0800-20e9fe97,BIOPHARMA_RISK_APPETITE,6472,6472.TW,保瑞,BROKEN,WATCH_RESEARCH,GATE_1_CAUSAL,ETF_CORE_PREFERRED,NOT_TRIGGERED,2026-09-12T02:57:56.489878+00:00,2026-09-11
20260912T105525+0800-20e9fe97,ENTERPRISE_CYBER_SPEND,6140,6140.TWO,訊達,BROKEN,WATCH_RESEARCH,GATE_1_CAUSAL,ETF_CORE_PREFERRED,NOT_TRIGGERED,2026-09-12T02:57:56.489878+00:00,2026-09-11
20260912T113840+0800-680a8d28,CONTAINER_FREIGHT,2609,2609.TW,陽明,PERSISTENT,WATCH_RESEARCH,GATE_1_CAUSAL,ETF_CORE_PREFERRED,NOT_TRIGGERED,2026-09-12T03:43:23.990875+00:00,2026-09-11
20260912T113840+0800-680a8d28,DRY_BULK_FREIGHT,2606,2606.TW,裕民,PERSISTENT,WATCH_RESEARCH,GATE_1_CAUSAL,STOCK_ALPHA_RESEARCH,NOT_TRIGGERED,2026-09-12T03:43:23.990875+00:00,2026-09-11
20260912T113840+0800-680a8d28,DRY_BULK_FREIGHT,2637,2637.TW,慧洋-KY,PERSISTENT,WATCH_RESEARCH,GATE_1_CAUSAL,STOCK_ALPHA_RESEARCH,NOT_TRIGGERED,2026-09-12T03:43:23.990875+00:00,2026-09-11
20260912T113840+0800-680a8d28,DRY_BULK_FREIGHT,2605,2605.TW,新興,PERSISTENT,WATCH_RESEARCH,GATE_1_CAUSAL,STOCK_ALPHA_RESEARCH,NOT_TRIGGERED,2026-09-12T03:43:23.990875+00:00,2026-09-11
20260912T113840+0800-680a8d28,DRY_BULK_FREIGHT,2617,2617.TW,台航,PERSISTENT,WATCH_RESEARCH,GATE_1_CAUSAL,STOCK_ALPHA_RESEARCH,NOT_TRIGGERED,2026-09-12T03:43:23.990875+00:00,2026-09-11
20260912T113840+0800-680a8d28,FINANCIALS_RATE_CREDIT_CYCLE,2882,2882.TW,國泰金,PERSISTENT,WATCH_RESEARCH,GATE_1_CAUSAL,ETF_CORE_PREFERRED,NOT_TRIGGERED,2026-09-12T03:43:23.990875+00:00,2026-09-11
20260912T113840+0800-680a8d28,FINANCIALS_RATE_CREDIT_CYCLE,2881,2881.TW,富邦金,PERSISTENT,WATCH_RESEARCH,GATE_1_CAUSAL,ETF_CORE_PREFERRED,NOT_TRIGGERED,2026-09-12T03:43:23.990875+00:00,2026-09-11
20260912T113840+0800-680a8d28,MEMORY_IC_CYCLE,3006,3006.TW,晶豪科,PERSISTENT,WATCH_RESEARCH,GATE_1_CAUSAL,STOCK_BLOCKED_WEAK_EDGE,NOT_TRIGGERED,2026-09-12T03:43:23.990875+00:00,2026-09-11
20260912T113840+0800-680a8d28,FINANCIALS_RATE_CREDIT_CYCLE,2886,2886.TW,兆豐金,PERSISTENT,WATCH_RESEARCH,GATE_1_CAUSAL,ETF_CORE_PREFERRED,NOT_TRIGGERED,2026-09-12T03:43:23.990875+00:00,2026-09-11
20260912T113840+0800-680a8d28,MATURE_NODE_FOUNDRY_UTILIZATION,2303,2303.TW,聯電,CONFIRMING,WATCH_RESEARCH,GATE_1_CAUSAL,STOCK_BLOCKED_WEAK_EDGE,NOT_TRIGGERED,2026-09-12T03:43:23.990875+00:00,2026-09-11
20260912T113840+0800-680a8d28,CONTAINER_FREIGHT,2615,2615.TW,萬海,PULLBACK,WATCH_RESEARCH,GATE_1_CAUSAL,ETF_CORE_PREFERRED,NOT_TRIGGERED,2026-09-12T03:43:23.990875+00:00,2026-09-11
20260912T113840+0800-680a8d28,CONTAINER_FREIGHT,2603,2603.TW,長榮,PULLBACK,WATCH_RESEARCH,GATE_1_CAUSAL,ETF_CORE_PREFERRED,NOT_TRIGGERED,2026-09-12T03:43:23.990875+00:00,2026-09-11
20260912T113840+0800-680a8d28,NAND_STORAGE_CYCLE,4967,4967.TW,十銓,PERSISTENT,WATCH_RESEARCH,GATE_1_CAUSAL,STOCK_ALPHA_RESEARCH,NOT_TRIGGERED,2026-09-12T03:43:23.990875+00:00,2026-09-11
20260912T113840+0800-680a8d28,AI_SERVER_SHIPMENTS,6669,6669.TW,緯穎,PULLBACK,WATCH_RESEARCH,GATE_1_CAUSAL,STOCK_ALPHA_RESEARCH,NOT_TRIGGERED,2026-09-12T03:43:23.990875+00:00,2026-09-11
20260912T113840+0800-680a8d28,AI_SERVER_THERMAL_DENSITY,3324,3324.TWO,雙鴻,PERSISTENT,WATCH_RESEARCH,GATE_1_CAUSAL,STOCK_BLOCKED_WEAK_EDGE,NOT_TRIGGERED,2026-09-12T03:43:23.990875+00:00,2026-09-11
20260912T113840+0800-680a8d28,DRAM_PRICING,2408,2408.TW,南亞科,PRE_CONFIRMATION,WATCH_RESEARCH,GATE_1_CAUSAL,STOCK_BLOCKED_WEAK_EDGE,NOT_TRIGGERED,2026-09-12T03:43:23.990875+00:00,2026-09-11
20260912T113840+0800-680a8d28,AI_SERVER_THERMAL_DENSITY,3017,3017.TW,奇鋐,PERSISTENT,WATCH_RESEARCH,GATE_1_CAUSAL,STOCK_BLOCKED_WEAK_EDGE,NOT_TRIGGERED,2026-09-12T03:43:23.990875+00:00,2026-09-11
20260912T113840+0800-680a8d28,AI_SERVER_RACK_BUILD,3693,3693.TWO,營邦,PERSISTENT,WATCH_RESEARCH,GATE_1_CAUSAL,STOCK_BLOCKED_WEAK_EDGE,NOT_TRIGGERED,2026-09-12T03:43:23.990875+00:00,2026-09-11
20260912T113840+0800-680a8d28,MATURE_NODE_FOUNDRY_UTILIZATION,6770,6770.TW,力積電,PRE_CONFIRMATION,WATCH_RESEARCH,GATE_1_CAUSAL,STOCK_BLOCKED_WEAK_EDGE,NOT_TRIGGERED,2026-09-12T03:43:23.990875+00:00,2026-09-11
20260912T113840+0800-680a8d28,AI_SERVER_THERMAL_DENSITY,8996,8996.TW,高力,CONFIRMING,WATCH_RESEARCH,GATE_1_CAUSAL,STOCK_BLOCKED_WEAK_EDGE,BREAKOUT_CONFIRMATION_TRIGGER,2026-09-12T03:43:23.990875+00:00,2026-09-11
20260912T113840+0800-680a8d28,AI_SERVER_SHIPMENTS,3231,3231.TW,緯創,UNKNOWN,WATCH_RESEARCH,GATE_1_CAUSAL,STOCK_ALPHA_RESEARCH,NOT_TRIGGERED,2026-09-12T03:43:23.990875+00:00,2026-09-11
20260912T113840+0800-680a8d28,AI_SERVER_SHIPMENTS,2382,2382.TW,廣達,UNKNOWN,WATCH_RESEARCH,GATE_1_CAUSAL,STOCK_BLOCKED_WEAK_EDGE,NOT_TRIGGERED,2026-09-12T03:43:23.990875+00:00,2026-09-11
20260912T113840+0800-680a8d28,LEADING_EDGE_FOUNDRY_AI_DEMAND,2330,2330.TW,台積電,UNKNOWN,WATCH_RESEARCH,GATE_1_CAUSAL,ETF_CORE_PREFERRED,NOT_TRIGGERED,2026-09-12T03:43:23.990875+00:00,2026-09-11
20260912T113840+0800-680a8d28,MLCC_DEMAND_PRICING,2492,2492.TW,華新科,CONFIRMING,WATCH_RESEARCH,GATE_1_CAUSAL,UNRESOLVED_NO_ETF_MAP,NOT_TRIGGERED,2026-09-12T03:43:23.990875+00:00,2026-09-11
20260912T113840+0800-680a8d28,FINANCIALS_RATE_CREDIT_CYCLE,2891,2891.TW,中信金,UNKNOWN,WATCH_RESEARCH,GATE_1_CAUSAL,ETF_CORE_PREFERRED,NOT_TRIGGERED,2026-09-12T03:43:23.990875+00:00,2026-09-11
20260912T113840+0800-680a8d28,MEMORY_IC_CYCLE,5351,5351.TWO,鈺創,PRE_CONFIRMATION,WATCH_RESEARCH,GATE_1_CAUSAL,STOCK_BLOCKED_WEAK_EDGE,NOT_TRIGGERED,2026-09-12T03:43:23.990875+00:00,2026-09-11
20260912T113840+0800-680a8d28,SPECIALTY_MEMORY_PRICING,2344,2344.TW,華邦電,BROKEN,WATCH_RESEARCH,GATE_1_CAUSAL,STOCK_BLOCKED_WEAK_EDGE,NOT_TRIGGERED,2026-09-12T03:43:23.990875+00:00,2026-09-11
20260912T113840+0800-680a8d28,COPPER_COMMODITY_TRADE_INVENTORY,1609,1609.TW,大亞,PRE_CONFIRMATION,WATCH_RESEARCH,GATE_1_CAUSAL,STOCK_BLOCKED_WEAK_EDGE,NOT_TRIGGERED,2026-09-12T03:43:23.990875+00:00,2026-09-11
20260912T113840+0800-680a8d28,MATURE_NODE_FOUNDRY_UTILIZATION,5347,5347.TWO,世界,BROKEN,WATCH_RESEARCH,GATE_1_CAUSAL,STOCK_BLOCKED_WEAK_EDGE,NOT_TRIGGERED,2026-09-12T03:43:23.990875+00:00,2026-09-11
20260912T113840+0800-680a8d28,NAND_STORAGE_CYCLE,8299,8299.TWO,群聯,BROKEN,WATCH_RESEARCH,GATE_1_CAUSAL,STOCK_BLOCKED_WEAK_EDGE,NOT_TRIGGERED,2026-09-12T03:43:23.990875+00:00,2026-09-11
20260912T113840+0800-680a8d28,SPECIALTY_MEMORY_PRICING,2337,2337.TW,旺宏,BROKEN,WATCH_RESEARCH,GATE_1_CAUSAL,STOCK_BLOCKED_WEAK_EDGE,NOT_TRIGGERED,2026-09-12T03:43:23.990875+00:00,2026-09-11
20260912T113840+0800-680a8d28,NAND_STORAGE_CYCLE,3260,3260.TWO,威剛,BROKEN,WATCH_RESEARCH,GATE_1_CAUSAL,STOCK_BLOCKED_WEAK_EDGE,NOT_TRIGGERED,2026-09-12T03:43:23.990875+00:00,2026-09-11
20260912T113840+0800-680a8d28,AI_SERVER_RACK_BUILD,2376,2376.TW,技嘉,UNKNOWN,WATCH_RESEARCH,GATE_1_CAUSAL,STOCK_ALPHA_RESEARCH,NOT_TRIGGERED,2026-09-12T03:43:23.990875+00:00,2026-09-11
20260912T113840+0800-680a8d28,AI_NETWORKING_UPGRADE,2345,2345.TW,智邦,BROKEN,WATCH_RESEARCH,GATE_1_CAUSAL,STOCK_BLOCKED_WEAK_EDGE,NOT_TRIGGERED,2026-09-12T03:43:23.990875+00:00,2026-09-11
20260912T113840+0800-680a8d28,MLCC_DEMAND_PRICING,3026,3026.TW,禾伸堂,CONFIRMING,WATCH_RESEARCH,GATE_1_CAUSAL,UNRESOLVED_NO_ETF_MAP,NOT_TRIGGERED,2026-09-12T03:43:23.990875+00:00,2026-09-11
20260912T113840+0800-680a8d28,AI_SERVER_SHIPMENTS,2317,2317.TW,鴻海,BROKEN,WATCH_RESEARCH,GATE_1_CAUSAL,STOCK_ALPHA_RESEARCH,NOT_TRIGGERED,2026-09-12T03:43:23.990875+00:00,2026-09-11
20260912T113840+0800-680a8d28,GRID_CAPEX,1519,1519.TW,華城,UNKNOWN,WATCH_RESEARCH,GATE_1_CAUSAL,STOCK_BLOCKED_WEAK_EDGE,NOT_TRIGGERED,2026-09-12T03:43:23.990875+00:00,2026-09-11
20260912T113840+0800-680a8d28,NAND_STORAGE_CYCLE,5289,5289.TWO,宜鼎,BROKEN,WATCH_RESEARCH,GATE_1_CAUSAL,STOCK_BLOCKED_WEAK_EDGE,NOT_TRIGGERED,2026-09-12T03:43:23.990875+00:00,2026-09-11
20260912T113840+0800-680a8d28,ADVANCED_PACKAGING_TEST_CAPEX,6640,6640.TWO,均華,PERSISTENT,WATCH_RESEARCH,GATE_1_CAUSAL,STOCK_BLOCKED_WEAK_EDGE,NOT_TRIGGERED,2026-09-12T03:43:23.990875+00:00,2026-09-11
20260912T113840+0800-680a8d28,COPPER_COMMODITY_TRADE_INVENTORY,1608,1608.TW,華榮,UNKNOWN,WATCH_RESEARCH,GATE_1_CAUSAL,STOCK_BLOCKED_WEAK_EDGE,NOT_TRIGGERED,2026-09-12T03:43:23.990875+00:00,2026-09-11
20260912T113840+0800-680a8d28,DATACENTER_COOLING_INFRA,3324,3324.TWO,雙鴻,PERSISTENT,WATCH_RESEARCH,GATE_1_CAUSAL,STOCK_BLOCKED_WEAK_EDGE,NOT_TRIGGERED,2026-09-12T03:43:23.990875+00:00,2026-09-11
20260912T113840+0800-680a8d28,AI_SERVER_SHIPMENTS,2356,2356.TW,英業達,BROKEN,WATCH_RESEARCH,GATE_1_CAUSAL,STOCK_BLOCKED_WEAK_EDGE,NOT_TRIGGERED,2026-09-12T03:43:23.990875+00:00,2026-09-11
20260912T113840+0800-680a8d28,POWER_ELECTRONICS_CAPEX,1519,1519.TW,華城,UNKNOWN,WATCH_RESEARCH,GATE_1_CAUSAL,STOCK_ALPHA_RESEARCH,NOT_TRIGGERED,2026-09-12T03:43:23.990875+00:00,2026-09-11
20260912T113840+0800-680a8d28,GRID_CAPEX,1609,1609.TW,大亞,PRE_CONFIRMATION,WATCH_RESEARCH,GATE_1_CAUSAL,STOCK_BLOCKED_WEAK_EDGE,NOT_TRIGGERED,2026-09-12T03:43:23.990875+00:00,2026-09-11
20260912T113840+0800-680a8d28,DATACENTER_COOLING_INFRA,3017,3017.TW,奇鋐,PERSISTENT,WATCH_RESEARCH,GATE_1_CAUSAL,STOCK_BLOCKED_WEAK_EDGE,NOT_TRIGGERED,2026-09-12T03:43:23.990875+00:00,2026-09-11
20260912T113840+0800-680a8d28,DATACENTER_COOLING_INFRA,8996,8996.TW,高力,CONFIRMING,WATCH_RESEARCH,GATE_1_CAUSAL,STOCK_BLOCKED_WEAK_EDGE,NOT_TRIGGERED,2026-09-12T03:43:23.990875+00:00,2026-09-11
20260912T113840+0800-680a8d28,AI_SERVER_THERMAL_DENSITY,6230,6230.TW,尼得科超眾,BROKEN,WATCH_RESEARCH,GATE_1_CAUSAL,STOCK_BLOCKED_WEAK_EDGE,NOT_TRIGGERED,2026-09-12T03:43:23.990875+00:00,2026-09-11
20260912T113840+0800-680a8d28,MLCC_DEMAND_PRICING,2327,2327.TW,國巨*,BROKEN,WATCH_RESEARCH,GATE_1_CAUSAL,UNRESOLVED_NO_ETF_MAP,NOT_TRIGGERED,2026-09-12T03:43:23.990875+00:00,2026-09-11
20260912T113840+0800-680a8d28,ENTERPRISE_CYBER_SPEND,3029,3029.TW,零壹,PERSISTENT,WATCH_RESEARCH,GATE_1_CAUSAL,ETF_CORE_PREFERRED,NOT_TRIGGERED,2026-09-12T03:43:23.990875+00:00,2026-09-11
20260912T113840+0800-680a8d28,GRID_CAPEX,1513,1513.TW,中興電,BROKEN,WATCH_RESEARCH,GATE_1_CAUSAL,STOCK_BLOCKED_WEAK_EDGE,NOT_TRIGGERED,2026-09-12T03:43:23.990875+00:00,2026-09-11
20260912T113840+0800-680a8d28,GRID_CAPEX,1503,1503.TW,士電,UNKNOWN,WATCH_RESEARCH,GATE_1_CAUSAL,STOCK_BLOCKED_WEAK_EDGE,NOT_TRIGGERED,2026-09-12T03:43:23.990875+00:00,2026-09-11
20260912T113840+0800-680a8d28,POWER_ELECTRONICS_CAPEX,1513,1513.TW,中興電,BROKEN,WATCH_RESEARCH,GATE_1_CAUSAL,STOCK_ALPHA_RESEARCH,NOT_TRIGGERED,2026-09-12T03:43:23.990875+00:00,2026-09-11
20260912T113840+0800-680a8d28,POWER_ELECTRONICS_CAPEX,2308,2308.TW,台達電,BROKEN,WATCH_RESEARCH,GATE_1_CAUSAL,STOCK_ALPHA_RESEARCH,NOT_TRIGGERED,2026-09-12T03:43:23.990875+00:00,2026-09-11
20260912T113840+0800-680a8d28,GRID_CAPEX,1608,1608.TW,華榮,UNKNOWN,WATCH_RESEARCH,GATE_1_CAUSAL,STOCK_BLOCKED_WEAK_EDGE,NOT_TRIGGERED,2026-09-12T03:43:23.990875+00:00,2026-09-11
20260912T113840+0800-680a8d28,AI_NETWORKING_UPGRADE,6285,6285.TW,啟碁,BROKEN,WATCH_RESEARCH,GATE_1_CAUSAL,STOCK_BLOCKED_WEAK_EDGE,NOT_TRIGGERED,2026-09-12T03:43:23.990875+00:00,2026-09-11
20260912T113840+0800-680a8d28,AI_NETWORKING_UPGRADE,3596,3596.TW,智易,BROKEN,WATCH_RESEARCH,GATE_1_CAUSAL,STOCK_BLOCKED_WEAK_EDGE,NOT_TRIGGERED,2026-09-12T03:43:23.990875+00:00,2026-09-11
20260912T113840+0800-680a8d28,AI_NETWORKING_UPGRADE,5388,5388.TW,中磊,BROKEN,WATCH_RESEARCH,GATE_1_CAUSAL,STOCK_BLOCKED_WEAK_EDGE,NOT_TRIGGERED,2026-09-12T03:43:23.990875+00:00,2026-09-11
20260912T113840+0800-680a8d28,CONSUMER_ELECTRONICS_CYCLE,4938,4938.TW,和碩,UNKNOWN,WATCH_RESEARCH,GATE_1_CAUSAL,STOCK_BLOCKED_WEAK_EDGE,NOT_TRIGGERED,2026-09-12T03:43:23.990875+00:00,2026-09-11
20260912T113840+0800-680a8d28,COPPER_COMMODITY_TRADE_INVENTORY,1605,1605.TW,華新,UNKNOWN,WATCH_RESEARCH,GATE_1_CAUSAL,STOCK_BLOCKED_WEAK_EDGE,NOT_TRIGGERED,2026-09-12T03:43:23.990875+00:00,2026-09-11
20260912T113840+0800-680a8d28,BIOPHARMA_RISK_APPETITE,6446,6446.TW,藥華藥,PRE_CONFIRMATION,WATCH_RESEARCH,GATE_1_CAUSAL,ETF_CORE_PREFERRED,NOT_TRIGGERED,2026-09-12T03:43:23.990875+00:00,2026-09-11
20260912T113840+0800-680a8d28,ADVANCED_PACKAGING_TEST_CAPEX,6510,6510.TWO,精測,UNKNOWN,WATCH_RESEARCH,GATE_1_CAUSAL,STOCK_BLOCKED_WEAK_EDGE,NOT_TRIGGERED,2026-09-12T03:43:23.990875+00:00,2026-09-11
20260912T113840+0800-680a8d28,CONSUMER_ELECTRONICS_CYCLE,2317,2317.TW,鴻海,BROKEN,WATCH_RESEARCH,GATE_1_CAUSAL,STOCK_BLOCKED_WEAK_EDGE,NOT_TRIGGERED,2026-09-12T03:43:23.990875+00:00,2026-09-11
20260912T113840+0800-680a8d28,ADVANCED_PACKAGING_TEST_CAPEX,6223,6223.TWO,旺矽,BROKEN,WATCH_RESEARCH,GATE_1_CAUSAL,STOCK_BLOCKED_WEAK_EDGE,NOT_TRIGGERED,2026-09-12T03:43:23.990875+00:00,2026-09-11
20260912T113840+0800-680a8d28,AI_NETWORKING_UPGRADE,3704,3704.TW,合勤控,BROKEN,WATCH_RESEARCH,GATE_1_CAUSAL,STOCK_BLOCKED_WEAK_EDGE,NOT_TRIGGERED,2026-09-12T03:43:23.990875+00:00,2026-09-11
20260912T113840+0800-680a8d28,BIOPHARMA_RISK_APPETITE,6472,6472.TW,保瑞,BROKEN,WATCH_RESEARCH,GATE_1_CAUSAL,ETF_CORE_PREFERRED,NOT_TRIGGERED,2026-09-12T03:43:23.990875+00:00,2026-09-11
20260912T113840+0800-680a8d28,ENTERPRISE_CYBER_SPEND,6140,6140.TWO,訊達,BROKEN,WATCH_RESEARCH,GATE_1_CAUSAL,ETF_CORE_PREFERRED,NOT_TRIGGERED,2026-09-12T03:43:23.990875+00:00,2026-09-11
20260912T161248+0800-0132d3e4,CONTAINER_FREIGHT,2609,2609.TW,陽明,PERSISTENT,WATCH_RESEARCH,GATE_1_CAUSAL,ETF_CORE_PREFERRED,NOT_TRIGGERED,2026-09-12T08:16:30.406530+00:00,2026-09-11
20260912T161248+0800-0132d3e4,DRY_BULK_FREIGHT,2606,2606.TW,裕民,PERSISTENT,WATCH_RESEARCH,GATE_1_CAUSAL,STOCK_ALPHA_RESEARCH,NOT_TRIGGERED,2026-09-12T08:16:30.406530+00:00,2026-09-11
20260912T161248+0800-0132d3e4,DRY_BULK_FREIGHT,2637,2637.TW,慧洋-KY,PERSISTENT,WATCH_RESEARCH,GATE_1_CAUSAL,STOCK_ALPHA_RESEARCH,NOT_TRIGGERED,2026-09-12T08:16:30.406530+00:00,2026-09-11
20260912T161248+0800-0132d3e4,DRY_BULK_FREIGHT,2605,2605.TW,新興,PERSISTENT,WATCH_RESEARCH,GATE_1_CAUSAL,STOCK_ALPHA_RESEARCH,NOT_TRIGGERED,2026-09-12T08:16:30.406530+00:00,2026-09-11
20260912T161248+0800-0132d3e4,DRY_BULK_FREIGHT,2617,2617.TW,台航,PERSISTENT,WATCH_RESEARCH,GATE_1_CAUSAL,STOCK_ALPHA_RESEARCH,NOT_TRIGGERED,2026-09-12T08:16:30.406530+00:00,2026-09-11
20260912T161248+0800-0132d3e4,FINANCIALS_RATE_CREDIT_CYCLE,2882,2882.TW,國泰金,PERSISTENT,WATCH_RESEARCH,GATE_1_CAUSAL,ETF_CORE_PREFERRED,NOT_TRIGGERED,2026-09-12T08:16:30.406530+00:00,2026-09-11
20260912T161248+0800-0132d3e4,FINANCIALS_RATE_CREDIT_CYCLE,2881,2881.TW,富邦金,PERSISTENT,WATCH_RESEARCH,GATE_1_CAUSAL,ETF_CORE_PREFERRED,NOT_TRIGGERED,2026-09-12T08:16:30.406530+00:00,2026-09-11
20260912T161248+0800-0132d3e4,FINANCIALS_RATE_CREDIT_CYCLE,2886,2886.TW,兆豐金,PERSISTENT,WATCH_RESEARCH,GATE_1_CAUSAL,ETF_CORE_PREFERRED,NOT_TRIGGERED,2026-09-12T08:16:30.406530+00:00,2026-09-11
20260912T161248+0800-0132d3e4,MEMORY_IC_CYCLE,3006,3006.TW,晶豪科,PERSISTENT,WATCH_RESEARCH,GATE_1_CAUSAL,STOCK_BLOCKED_WEAK_EDGE,NOT_TRIGGERED,2026-09-12T08:16:30.406530+00:00,2026-09-11
20260912T161248+0800-0132d3e4,CONTAINER_FREIGHT,2603,2603.TW,長榮,PULLBACK,WATCH_RESEARCH,GATE_1_CAUSAL,ETF_CORE_PREFERRED,NOT_TRIGGERED,2026-09-12T08:16:30.406530+00:00,2026-09-11
20260912T161248+0800-0132d3e4,CONTAINER_FREIGHT,2615,2615.TW,萬海,PULLBACK,WATCH_RESEARCH,GATE_1_CAUSAL,ETF_CORE_PREFERRED,NOT_TRIGGERED,2026-09-12T08:16:30.406530+00:00,2026-09-11
20260912T161248+0800-0132d3e4,NAND_STORAGE_CYCLE,4967,4967.TW,十銓,PERSISTENT,WATCH_RESEARCH,GATE_1_CAUSAL,STOCK_ALPHA_RESEARCH,NOT_TRIGGERED,2026-09-12T08:16:30.406530+00:00,2026-09-11
20260912T161248+0800-0132d3e4,AI_SERVER_SHIPMENTS,6669,6669.TW,緯穎,PULLBACK,WATCH_RESEARCH,GATE_1_CAUSAL,STOCK_ALPHA_RESEARCH,NOT_TRIGGERED,2026-09-12T08:16:30.406530+00:00,2026-09-11
20260912T161248+0800-0132d3e4,AI_SERVER_THERMAL_DENSITY,3324,3324.TWO,雙鴻,PERSISTENT,WATCH_RESEARCH,GATE_1_CAUSAL,STOCK_BLOCKED_WEAK_EDGE,NOT_TRIGGERED,2026-09-12T08:16:30.406530+00:00,2026-09-11
20260912T161248+0800-0132d3e4,AI_SERVER_THERMAL_DENSITY,3017,3017.TW,奇鋐,PERSISTENT,WATCH_RESEARCH,GATE_1_CAUSAL,STOCK_BLOCKED_WEAK_EDGE,NOT_TRIGGERED,2026-09-12T08:16:30.406530+00:00,2026-09-11
20260912T161248+0800-0132d3e4,DRAM_PRICING,2408,2408.TW,南亞科,PRE_CONFIRMATION,WATCH_RESEARCH,GATE_1_CAUSAL,STOCK_BLOCKED_WEAK_EDGE,NOT_TRIGGERED,2026-09-12T08:16:30.406530+00:00,2026-09-11
20260912T161248+0800-0132d3e4,AI_SERVER_RACK_BUILD,3693,3693.TWO,營邦,PERSISTENT,WATCH_RESEARCH,GATE_1_CAUSAL,STOCK_BLOCKED_WEAK_EDGE,NOT_TRIGGERED,2026-09-12T08:16:30.406530+00:00,2026-09-11
20260912T161248+0800-0132d3e4,AI_SERVER_THERMAL_DENSITY,8996,8996.TW,高力,CONFIRMING,WATCH_RESEARCH,GATE_1_CAUSAL,STOCK_BLOCKED_WEAK_EDGE,BREAKOUT_CONFIRMATION_TRIGGER,2026-09-12T08:16:30.406530+00:00,2026-09-11
20260912T161248+0800-0132d3e4,MATURE_NODE_FOUNDRY_UTILIZATION,2303,2303.TW,聯電,CONFIRMING,WATCH_RESEARCH,GATE_1_CAUSAL,STOCK_BLOCKED_WEAK_EDGE,NOT_TRIGGERED,2026-09-12T08:16:30.406530+00:00,2026-09-11
20260912T161248+0800-0132d3e4,AI_SERVER_SHIPMENTS,2382,2382.TW,廣達,UNKNOWN,WATCH_RESEARCH,GATE_1_CAUSAL,STOCK_BLOCKED_WEAK_EDGE,NOT_TRIGGERED,2026-09-12T08:16:30.406530+00:00,2026-09-11
20260912T161248+0800-0132d3e4,AI_SERVER_SHIPMENTS,3231,3231.TW,緯創,UNKNOWN,WATCH_RESEARCH,GATE_1_CAUSAL,STOCK_ALPHA_RESEARCH,NOT_TRIGGERED,2026-09-12T08:16:30.406530+00:00,2026-09-11
20260912T161248+0800-0132d3e4,FINANCIALS_RATE_CREDIT_CYCLE,2891,2891.TW,中信金,UNKNOWN,WATCH_RESEARCH,GATE_1_CAUSAL,ETF_CORE_PREFERRED,NOT_TRIGGERED,2026-09-12T08:16:30.406530+00:00,2026-09-11
20260912T161248+0800-0132d3e4,MLCC_DEMAND_PRICING,2492,2492.TW,華新科,CONFIRMING,WATCH_RESEARCH,GATE_1_CAUSAL,UNRESOLVED_NO_ETF_MAP,NOT_TRIGGERED,2026-09-12T08:16:30.406530+00:00,2026-09-11
20260912T161248+0800-0132d3e4,MATURE_NODE_FOUNDRY_UTILIZATION,6770,6770.TW,力積電,PRE_CONFIRMATION,WATCH_RESEARCH,GATE_1_CAUSAL,STOCK_BLOCKED_WEAK_EDGE,NOT_TRIGGERED,2026-09-12T08:16:30.406530+00:00,2026-09-11
20260912T161248+0800-0132d3e4,AI_NETWORKING_UPGRADE,2345,2345.TW,智邦,BROKEN,WATCH_RESEARCH,GATE_1_CAUSAL,STOCK_BLOCKED_WEAK_EDGE,NOT_TRIGGERED,2026-09-12T08:16:30.406530+00:00,2026-09-11
20260912T161248+0800-0132d3e4,MEMORY_IC_CYCLE,5351,5351.TWO,鈺創,PRE_CONFIRMATION,WATCH_RESEARCH,GATE_1_CAUSAL,STOCK_BLOCKED_WEAK_EDGE,NOT_TRIGGERED,2026-09-12T08:16:30.406530+00:00,2026-09-11
20260912T161248+0800-0132d3e4,SPECIALTY_MEMORY_PRICING,2344,2344.TW,華邦電,BROKEN,WATCH_RESEARCH,GATE_1_CAUSAL,STOCK_BLOCKED_WEAK_EDGE,NOT_TRIGGERED,2026-09-12T08:16:30.406530+00:00,2026-09-11
20260912T161248+0800-0132d3e4,COPPER_COMMODITY_TRADE_INVENTORY,1609,1609.TW,大亞,PRE_CONFIRMATION,WATCH_RESEARCH,GATE_1_CAUSAL,STOCK_BLOCKED_WEAK_EDGE,NOT_TRIGGERED,2026-09-12T08:16:30.406530+00:00,2026-09-11
20260912T161248+0800-0132d3e4,LEADING_EDGE_FOUNDRY_AI_DEMAND,2330,2330.TW,台積電,UNKNOWN,WATCH_RESEARCH,GATE_1_CAUSAL,ETF_CORE_PREFERRED,NOT_TRIGGERED,2026-09-12T08:16:30.406530+00:00,2026-09-11
20260912T161248+0800-0132d3e4,NAND_STORAGE_CYCLE,8299,8299.TWO,群聯,BROKEN,WATCH_RESEARCH,GATE_1_CAUSAL,STOCK_BLOCKED_WEAK_EDGE,NOT_TRIGGERED,2026-09-12T08:16:30.406530+00:00,2026-09-11
20260912T161248+0800-0132d3e4,SPECIALTY_MEMORY_PRICING,2337,2337.TW,旺宏,BROKEN,WATCH_RESEARCH,GATE_1_CAUSAL,STOCK_BLOCKED_WEAK_EDGE,NOT_TRIGGERED,2026-09-12T08:16:30.406530+00:00,2026-09-11
20260912T161248+0800-0132d3e4,AI_SERVER_RACK_BUILD,2376,2376.TW,技嘉,UNKNOWN,WATCH_RESEARCH,GATE_1_CAUSAL,STOCK_ALPHA_RESEARCH,NOT_TRIGGERED,2026-09-12T08:16:30.406530+00:00,2026-09-11
20260912T161248+0800-0132d3e4,DATACENTER_COOLING_INFRA,3324,3324.TWO,雙鴻,PERSISTENT,WATCH_RESEARCH,GATE_1_CAUSAL,STOCK_BLOCKED_WEAK_EDGE,NOT_TRIGGERED,2026-09-12T08:16:30.406530+00:00,2026-09-11
20260912T161248+0800-0132d3e4,NAND_STORAGE_CYCLE,3260,3260.TWO,威剛,BROKEN,WATCH_RESEARCH,GATE_1_CAUSAL,STOCK_BLOCKED_WEAK_EDGE,NOT_TRIGGERED,2026-09-12T08:16:30.406530+00:00,2026-09-11
20260912T161248+0800-0132d3e4,AI_SERVER_SHIPMENTS,2317,2317.TW,鴻海,BROKEN,WATCH_RESEARCH,GATE_1_CAUSAL,STOCK_ALPHA_RESEARCH,NOT_TRIGGERED,2026-09-12T08:16:30.406530+00:00,2026-09-11
20260912T161248+0800-0132d3e4,DATACENTER_COOLING_INFRA,3017,3017.TW,奇鋐,PERSISTENT,WATCH_RESEARCH,GATE_1_CAUSAL,STOCK_BLOCKED_WEAK_EDGE,NOT_TRIGGERED,2026-09-12T08:16:30.406530+00:00,2026-09-11
20260912T161248+0800-0132d3e4,DATACENTER_COOLING_INFRA,8996,8996.TW,高力,CONFIRMING,WATCH_RESEARCH,GATE_1_CAUSAL,STOCK_BLOCKED_WEAK_EDGE,NOT_TRIGGERED,2026-09-12T08:16:30.406530+00:00,2026-09-11
20260912T161248+0800-0132d3e4,GRID_CAPEX,1519,1519.TW,華城,UNKNOWN,WATCH_RESEARCH,GATE_1_CAUSAL,STOCK_BLOCKED_WEAK_EDGE,NOT_TRIGGERED,2026-09-12T08:16:30.406530+00:00,2026-09-11
20260912T161248+0800-0132d3e4,NAND_STORAGE_CYCLE,5289,5289.TWO,宜鼎,BROKEN,WATCH_RESEARCH,GATE_1_CAUSAL,STOCK_BLOCKED_WEAK_EDGE,NOT_TRIGGERED,2026-09-12T08:16:30.406530+00:00,2026-09-11
20260912T161248+0800-0132d3e4,ADVANCED_PACKAGING_TEST_CAPEX,6640,6640.TWO,均華,PERSISTENT,WATCH_RESEARCH,GATE_1_CAUSAL,STOCK_BLOCKED_WEAK_EDGE,NOT_TRIGGERED,2026-09-12T08:16:30.406530+00:00,2026-09-11
20260912T161248+0800-0132d3e4,COPPER_COMMODITY_TRADE_INVENTORY,1608,1608.TW,華榮,UNKNOWN,WATCH_RESEARCH,GATE_1_CAUSAL,STOCK_BLOCKED_WEAK_EDGE,NOT_TRIGGERED,2026-09-12T08:16:30.406530+00:00,2026-09-11
20260912T161248+0800-0132d3e4,ENTERPRISE_CYBER_SPEND,3029,3029.TW,零壹,PERSISTENT,WATCH_RESEARCH,GATE_1_CAUSAL,ETF_CORE_PREFERRED,NOT_TRIGGERED,2026-09-12T08:16:30.406530+00:00,2026-09-11
20260912T161248+0800-0132d3e4,AI_SERVER_SHIPMENTS,2356,2356.TW,英業達,BROKEN,WATCH_RESEARCH,GATE_1_CAUSAL,STOCK_BLOCKED_WEAK_EDGE,NOT_TRIGGERED,2026-09-12T08:16:30.406530+00:00,2026-09-11
20260912T161248+0800-0132d3e4,MLCC_DEMAND_PRICING,3026,3026.TW,禾伸堂,CONFIRMING,WATCH_RESEARCH,GATE_1_CAUSAL,UNRESOLVED_NO_ETF_MAP,NOT_TRIGGERED,2026-09-12T08:16:30.406530+00:00,2026-09-11
20260912T161248+0800-0132d3e4,POWER_ELECTRONICS_CAPEX,1519,1519.TW,華城,UNKNOWN,WATCH_RESEARCH,GATE_1_CAUSAL,STOCK_ALPHA_RESEARCH,NOT_TRIGGERED,2026-09-12T08:16:30.406530+00:00,2026-09-11
20260912T161248+0800-0132d3e4,GRID_CAPEX,1609,1609.TW,大亞,PRE_CONFIRMATION,WATCH_RESEARCH,GATE_1_CAUSAL,STOCK_BLOCKED_WEAK_EDGE,NOT_TRIGGERED,2026-09-12T08:16:30.406530+00:00,2026-09-11
20260912T161248+0800-0132d3e4,MATURE_NODE_FOUNDRY_UTILIZATION,5347,5347.TWO,世界,BROKEN,WATCH_RESEARCH,GATE_1_CAUSAL,STOCK_BLOCKED_WEAK_EDGE,NOT_TRIGGERED,2026-09-12T08:16:30.406530+00:00,2026-09-11
20260912T161248+0800-0132d3e4,AI_SERVER_THERMAL_DENSITY,6230,6230.TW,尼得科超眾,BROKEN,WATCH_RESEARCH,GATE_1_CAUSAL,STOCK_BLOCKED_WEAK_EDGE,NOT_TRIGGERED,2026-09-12T08:16:30.406530+00:00,2026-09-11
20260912T161248+0800-0132d3e4,GRID_CAPEX,1513,1513.TW,中興電,BROKEN,WATCH_RESEARCH,GATE_1_CAUSAL,STOCK_BLOCKED_WEAK_EDGE,NOT_TRIGGERED,2026-09-12T08:16:30.406530+00:00,2026-09-11
20260912T161248+0800-0132d3e4,AI_NETWORKING_UPGRADE,6285,6285.TW,啟碁,BROKEN,WATCH_RESEARCH,GATE_1_CAUSAL,STOCK_BLOCKED_WEAK_EDGE,NOT_TRIGGERED,2026-09-12T08:16:30.406530+00:00,2026-09-11
20260912T161248+0800-0132d3e4,GRID_CAPEX,1503,1503.TW,士電,UNKNOWN,WATCH_RESEARCH,GATE_1_CAUSAL,STOCK_BLOCKED_WEAK_EDGE,NOT_TRIGGERED,2026-09-12T08:16:30.406530+00:00,2026-09-11
20260912T161248+0800-0132d3e4,AI_NETWORKING_UPGRADE,3596,3596.TW,智易,BROKEN,WATCH_RESEARCH,GATE_1_CAUSAL,STOCK_BLOCKED_WEAK_EDGE,NOT_TRIGGERED,2026-09-12T08:16:30.406530+00:00,2026-09-11
20260912T161248+0800-0132d3e4,AI_NETWORKING_UPGRADE,5388,5388.TW,中磊,BROKEN,WATCH_RESEARCH,GATE_1_CAUSAL,STOCK_BLOCKED_WEAK_EDGE,NOT_TRIGGERED,2026-09-12T08:16:30.406530+00:00,2026-09-11
20260912T161248+0800-0132d3e4,MLCC_DEMAND_PRICING,2327,2327.TW,國巨*,BROKEN,WATCH_RESEARCH,GATE_1_CAUSAL,UNRESOLVED_NO_ETF_MAP,NOT_TRIGGERED,2026-09-12T08:16:30.406530+00:00,2026-09-11
20260912T161248+0800-0132d3e4,POWER_ELECTRONICS_CAPEX,1513,1513.TW,中興電,BROKEN,WATCH_RESEARCH,GATE_1_CAUSAL,STOCK_ALPHA_RESEARCH,NOT_TRIGGERED,2026-09-12T08:16:30.406530+00:00,2026-09-11
20260912T161248+0800-0132d3e4,POWER_ELECTRONICS_CAPEX,2308,2308.TW,台達電,BROKEN,WATCH_RESEARCH,GATE_1_CAUSAL,STOCK_ALPHA_RESEARCH,NOT_TRIGGERED,2026-09-12T08:16:30.406530+00:00,2026-09-11
20260912T161248+0800-0132d3e4,GRID_CAPEX,1608,1608.TW,華榮,UNKNOWN,WATCH_RESEARCH,GATE_1_CAUSAL,STOCK_BLOCKED_WEAK_EDGE,NOT_TRIGGERED,2026-09-12T08:16:30.406530+00:00,2026-09-11
20260912T161248+0800-0132d3e4,BIOPHARMA_RISK_APPETITE,6446,6446.TW,藥華藥,PRE_CONFIRMATION,WATCH_RESEARCH,GATE_1_CAUSAL,ETF_CORE_PREFERRED,NOT_TRIGGERED,2026-09-12T08:16:30.406530+00:00,2026-09-11
20260912T161248+0800-0132d3e4,COPPER_COMMODITY_TRADE_INVENTORY,1605,1605.TW,華新,UNKNOWN,WATCH_RESEARCH,GATE_1_CAUSAL,STOCK_BLOCKED_WEAK_EDGE,NOT_TRIGGERED,2026-09-12T08:16:30.406530+00:00,2026-09-11
20260912T161248+0800-0132d3e4,CONSUMER_ELECTRONICS_CYCLE,4938,4938.TW,和碩,UNKNOWN,WATCH_RESEARCH,GATE_1_CAUSAL,STOCK_BLOCKED_WEAK_EDGE,NOT_TRIGGERED,2026-09-12T08:16:30.406530+00:00,2026-09-11
20260912T161248+0800-0132d3e4,ADVANCED_PACKAGING_TEST_CAPEX,6510,6510.TWO,精測,UNKNOWN,WATCH_RESEARCH,GATE_1_CAUSAL,STOCK_BLOCKED_WEAK_EDGE,NOT_TRIGGERED,2026-09-12T08:16:30.406530+00:00,2026-09-11
20260912T161248+0800-0132d3e4,CONSUMER_ELECTRONICS_CYCLE,2317,2317.TW,鴻海,BROKEN,WATCH_RESEARCH,GATE_1_CAUSAL,STOCK_BLOCKED_WEAK_EDGE,NOT_TRIGGERED,2026-09-12T08:16:30.406530+00:00,2026-09-11
20260912T161248+0800-0132d3e4,AI_NETWORKING_UPGRADE,3704,3704.TW,合勤控,BROKEN,WATCH_RESEARCH,GATE_1_CAUSAL,STOCK_BLOCKED_WEAK_EDGE,NOT_TRIGGERED,2026-09-12T08:16:30.406530+00:00,2026-09-11
20260912T161248+0800-0132d3e4,ADVANCED_PACKAGING_TEST_CAPEX,6223,6223.TWO,旺矽,BROKEN,WATCH_RESEARCH,GATE_1_CAUSAL,STOCK_BLOCKED_WEAK_EDGE,NOT_TRIGGERED,2026-09-12T08:16:30.406530+00:00,2026-09-11
20260912T161248+0800-0132d3e4,BIOPHARMA_RISK_APPETITE,6472,6472.TW,保瑞,BROKEN,WATCH_RESEARCH,GATE_1_CAUSAL,ETF_CORE_PREFERRED,NOT_TRIGGERED,2026-09-12T08:16:30.406530+00:00,2026-09-11
20260912T161248+0800-0132d3e4,ENTERPRISE_CYBER_SPEND,6140,6140.TWO,訊達,BROKEN,WATCH_RESEARCH,GATE_1_CAUSAL,ETF_CORE_PREFERRED,NOT_TRIGGERED,2026-09-12T08:16:30.406530+00:00,2026-09-11
20260912T163101+0800-2861eef0,CONTAINER_FREIGHT,2609,2609.TW,陽明,PERSISTENT,WATCH_RESEARCH,GATE_1_CAUSAL,ETF_CORE_PREFERRED,NOT_TRIGGERED,2026-09-12T08:36:16.660261+00:00,2026-09-11
20260912T163101+0800-2861eef0,DRY_BULK_FREIGHT,2606,2606.TW,裕民,PERSISTENT,WATCH_RESEARCH,GATE_1_CAUSAL,STOCK_ALPHA_RESEARCH,NOT_TRIGGERED,2026-09-12T08:36:16.660261+00:00,2026-09-11
20260912T163101+0800-2861eef0,DRY_BULK_FREIGHT,2637,2637.TW,慧洋-KY,PERSISTENT,WATCH_RESEARCH,GATE_1_CAUSAL,STOCK_ALPHA_RESEARCH,NOT_TRIGGERED,2026-09-12T08:36:16.660261+00:00,2026-09-11
20260912T163101+0800-2861eef0,DRY_BULK_FREIGHT,2605,2605.TW,新興,PERSISTENT,WATCH_RESEARCH,GATE_1_CAUSAL,STOCK_ALPHA_RESEARCH,NOT_TRIGGERED,2026-09-12T08:36:16.660261+00:00,2026-09-11
20260912T163101+0800-2861eef0,DRY_BULK_FREIGHT,2617,2617.TW,台航,PERSISTENT,WATCH_RESEARCH,GATE_1_CAUSAL,STOCK_ALPHA_RESEARCH,NOT_TRIGGERED,2026-09-12T08:36:16.660261+00:00,2026-09-11
20260912T163101+0800-2861eef0,FINANCIALS_RATE_CREDIT_CYCLE,2882,2882.TW,國泰金,PERSISTENT,WATCH_RESEARCH,GATE_1_CAUSAL,ETF_CORE_PREFERRED,NOT_TRIGGERED,2026-09-12T08:36:16.660261+00:00,2026-09-11
20260912T163101+0800-2861eef0,FINANCIALS_RATE_CREDIT_CYCLE,2881,2881.TW,富邦金,PERSISTENT,WATCH_RESEARCH,GATE_1_CAUSAL,ETF_CORE_PREFERRED,NOT_TRIGGERED,2026-09-12T08:36:16.660261+00:00,2026-09-11
20260912T163101+0800-2861eef0,FINANCIALS_RATE_CREDIT_CYCLE,2886,2886.TW,兆豐金,PERSISTENT,WATCH_RESEARCH,GATE_1_CAUSAL,ETF_CORE_PREFERRED,NOT_TRIGGERED,2026-09-12T08:36:16.660261+00:00,2026-09-11
20260912T163101+0800-2861eef0,MEMORY_IC_CYCLE,3006,3006.TW,晶豪科,PERSISTENT,WATCH_RESEARCH,GATE_1_CAUSAL,STOCK_BLOCKED_WEAK_EDGE,NOT_TRIGGERED,2026-09-12T08:36:16.660261+00:00,2026-09-11
20260912T163101+0800-2861eef0,CONTAINER_FREIGHT,2603,2603.TW,長榮,PULLBACK,WATCH_RESEARCH,GATE_1_CAUSAL,ETF_CORE_PREFERRED,NOT_TRIGGERED,2026-09-12T08:36:16.660261+00:00,2026-09-11
20260912T163101+0800-2861eef0,CONTAINER_FREIGHT,2615,2615.TW,萬海,PULLBACK,WATCH_RESEARCH,GATE_1_CAUSAL,ETF_CORE_PREFERRED,NOT_TRIGGERED,2026-09-12T08:36:16.660261+00:00,2026-09-11
20260912T163101+0800-2861eef0,NAND_STORAGE_CYCLE,4967,4967.TW,十銓,PERSISTENT,WATCH_RESEARCH,GATE_1_CAUSAL,STOCK_ALPHA_RESEARCH,NOT_TRIGGERED,2026-09-12T08:36:16.660261+00:00,2026-09-11
20260912T163101+0800-2861eef0,AI_SERVER_SHIPMENTS,6669,6669.TW,緯穎,PULLBACK,WATCH_RESEARCH,GATE_1_CAUSAL,STOCK_ALPHA_RESEARCH,NOT_TRIGGERED,2026-09-12T08:36:16.660261+00:00,2026-09-11
20260912T163101+0800-2861eef0,AI_SERVER_THERMAL_DENSITY,3324,3324.TWO,雙鴻,PERSISTENT,WATCH_RESEARCH,GATE_2_TRANSMISSION,STOCK_BLOCKED_WEAK_EDGE,NOT_TRIGGERED,2026-09-12T08:36:16.660261+00:00,2026-09-11
20260912T163101+0800-2861eef0,AI_SERVER_THERMAL_DENSITY,3017,3017.TW,奇鋐,PERSISTENT,WATCH_RESEARCH,GATE_2_TRANSMISSION,STOCK_BLOCKED_WEAK_EDGE,NOT_TRIGGERED,2026-09-12T08:36:16.660261+00:00,2026-09-11
20260912T163101+0800-2861eef0,DRAM_PRICING,2408,2408.TW,南亞科,PRE_CONFIRMATION,WATCH_RESEARCH,GATE_1_CAUSAL,STOCK_BLOCKED_WEAK_EDGE,NOT_TRIGGERED,2026-09-12T08:36:16.660261+00:00,2026-09-11
20260912T163101+0800-2861eef0,AI_SERVER_RACK_BUILD,3693,3693.TWO,營邦,PERSISTENT,WATCH_RESEARCH,GATE_2_TRANSMISSION,STOCK_BLOCKED_WEAK_EDGE,NOT_TRIGGERED,2026-09-12T08:36:16.660261+00:00,2026-09-11
20260912T163101+0800-2861eef0,AI_SERVER_THERMAL_DENSITY,8996,8996.TW,高力,CONFIRMING,WATCH_RESEARCH,GATE_2_TRANSMISSION,STOCK_BLOCKED_WEAK_EDGE,BREAKOUT_CONFIRMATION_TRIGGER,2026-09-12T08:36:16.660261+00:00,2026-09-11
20260912T163101+0800-2861eef0,MATURE_NODE_FOUNDRY_UTILIZATION,2303,2303.TW,聯電,CONFIRMING,WATCH_RESEARCH,GATE_1_CAUSAL,STOCK_BLOCKED_WEAK_EDGE,NOT_TRIGGERED,2026-09-12T08:36:16.660261+00:00,2026-09-11
20260912T163101+0800-2861eef0,AI_SERVER_SHIPMENTS,2382,2382.TW,廣達,UNKNOWN,WATCH_RESEARCH,GATE_1_CAUSAL,STOCK_BLOCKED_WEAK_EDGE,NOT_TRIGGERED,2026-09-12T08:36:16.660261+00:00,2026-09-11
20260912T163101+0800-2861eef0,AI_SERVER_SHIPMENTS,3231,3231.TW,緯創,UNKNOWN,WATCH_RESEARCH,GATE_1_CAUSAL,STOCK_ALPHA_RESEARCH,NOT_TRIGGERED,2026-09-12T08:36:16.660261+00:00,2026-09-11
20260912T163101+0800-2861eef0,FINANCIALS_RATE_CREDIT_CYCLE,2891,2891.TW,中信金,UNKNOWN,WATCH_RESEARCH,GATE_1_CAUSAL,ETF_CORE_PREFERRED,NOT_TRIGGERED,2026-09-12T08:36:16.660261+00:00,2026-09-11
20260912T163101+0800-2861eef0,MLCC_DEMAND_PRICING,2492,2492.TW,華新科,CONFIRMING,WATCH_RESEARCH,GATE_1_CAUSAL,UNRESOLVED_NO_ETF_MAP,NOT_TRIGGERED,2026-09-12T08:36:16.660261+00:00,2026-09-11
20260912T163101+0800-2861eef0,MATURE_NODE_FOUNDRY_UTILIZATION,6770,6770.TW,力積電,PRE_CONFIRMATION,WATCH_RESEARCH,GATE_1_CAUSAL,STOCK_BLOCKED_WEAK_EDGE,NOT_TRIGGERED,2026-09-12T08:36:16.660261+00:00,2026-09-11
20260912T163101+0800-2861eef0,AI_NETWORKING_UPGRADE,2345,2345.TW,智邦,BROKEN,WATCH_RESEARCH,GATE_1_CAUSAL,STOCK_BLOCKED_WEAK_EDGE,NOT_TRIGGERED,2026-09-12T08:36:16.660261+00:00,2026-09-11
20260912T163101+0800-2861eef0,MEMORY_IC_CYCLE,5351,5351.TWO,鈺創,PRE_CONFIRMATION,WATCH_RESEARCH,GATE_1_CAUSAL,STOCK_BLOCKED_WEAK_EDGE,NOT_TRIGGERED,2026-09-12T08:36:16.660261+00:00,2026-09-11
20260912T163101+0800-2861eef0,SPECIALTY_MEMORY_PRICING,2344,2344.TW,華邦電,BROKEN,WATCH_RESEARCH,GATE_1_CAUSAL,STOCK_BLOCKED_WEAK_EDGE,NOT_TRIGGERED,2026-09-12T08:36:16.660261+00:00,2026-09-11
20260912T163101+0800-2861eef0,COPPER_COMMODITY_TRADE_INVENTORY,1609,1609.TW,大亞,PRE_CONFIRMATION,WATCH_RESEARCH,GATE_1_CAUSAL,STOCK_BLOCKED_WEAK_EDGE,NOT_TRIGGERED,2026-09-12T08:36:16.660261+00:00,2026-09-11
20260912T163101+0800-2861eef0,LEADING_EDGE_FOUNDRY_AI_DEMAND,2330,2330.TW,台積電,UNKNOWN,WATCH_RESEARCH,GATE_1_CAUSAL,ETF_CORE_PREFERRED,NOT_TRIGGERED,2026-09-12T08:36:16.660261+00:00,2026-09-11
20260912T163101+0800-2861eef0,NAND_STORAGE_CYCLE,8299,8299.TWO,群聯,BROKEN,WATCH_RESEARCH,GATE_1_CAUSAL,STOCK_BLOCKED_WEAK_EDGE,NOT_TRIGGERED,2026-09-12T08:36:16.660261+00:00,2026-09-11
20260912T163101+0800-2861eef0,SPECIALTY_MEMORY_PRICING,2337,2337.TW,旺宏,BROKEN,WATCH_RESEARCH,GATE_1_CAUSAL,STOCK_BLOCKED_WEAK_EDGE,NOT_TRIGGERED,2026-09-12T08:36:16.660261+00:00,2026-09-11
20260912T163101+0800-2861eef0,AI_SERVER_RACK_BUILD,2376,2376.TW,技嘉,UNKNOWN,WATCH_RESEARCH,GATE_4_REACTION,STOCK_ALPHA_RESEARCH,NOT_TRIGGERED,2026-09-12T08:36:16.660261+00:00,2026-09-11
20260912T163101+0800-2861eef0,DATACENTER_COOLING_INFRA,3324,3324.TWO,雙鴻,PERSISTENT,WATCH_RESEARCH,GATE_1_CAUSAL,STOCK_BLOCKED_WEAK_EDGE,NOT_TRIGGERED,2026-09-12T08:36:16.660261+00:00,2026-09-11
20260912T163101+0800-2861eef0,NAND_STORAGE_CYCLE,3260,3260.TWO,威剛,BROKEN,WATCH_RESEARCH,GATE_1_CAUSAL,STOCK_BLOCKED_WEAK_EDGE,NOT_TRIGGERED,2026-09-12T08:36:16.660261+00:00,2026-09-11
20260912T163101+0800-2861eef0,AI_SERVER_SHIPMENTS,2317,2317.TW,鴻海,BROKEN,WATCH_RESEARCH,GATE_1_CAUSAL,STOCK_ALPHA_RESEARCH,NOT_TRIGGERED,2026-09-12T08:36:16.660261+00:00,2026-09-11
20260912T163101+0800-2861eef0,DATACENTER_COOLING_INFRA,3017,3017.TW,奇鋐,PERSISTENT,WATCH_RESEARCH,GATE_1_CAUSAL,STOCK_BLOCKED_WEAK_EDGE,NOT_TRIGGERED,2026-09-12T08:36:16.660261+00:00,2026-09-11
20260912T163101+0800-2861eef0,DATACENTER_COOLING_INFRA,8996,8996.TW,高力,CONFIRMING,WATCH_RESEARCH,GATE_1_CAUSAL,STOCK_BLOCKED_WEAK_EDGE,NOT_TRIGGERED,2026-09-12T08:36:16.660261+00:00,2026-09-11
20260912T163101+0800-2861eef0,GRID_CAPEX,1519,1519.TW,華城,UNKNOWN,WATCH_RESEARCH,GATE_1_CAUSAL,STOCK_BLOCKED_WEAK_EDGE,NOT_TRIGGERED,2026-09-12T08:36:16.660261+00:00,2026-09-11
20260912T163101+0800-2861eef0,NAND_STORAGE_CYCLE,5289,5289.TWO,宜鼎,BROKEN,WATCH_RESEARCH,GATE_1_CAUSAL,STOCK_BLOCKED_WEAK_EDGE,NOT_TRIGGERED,2026-09-12T08:36:16.660261+00:00,2026-09-11
20260912T163101+0800-2861eef0,ADVANCED_PACKAGING_TEST_CAPEX,6640,6640.TWO,均華,PERSISTENT,WATCH_RESEARCH,GATE_1_CAUSAL,STOCK_BLOCKED_WEAK_EDGE,NOT_TRIGGERED,2026-09-12T08:36:16.660261+00:00,2026-09-11
20260912T163101+0800-2861eef0,COPPER_COMMODITY_TRADE_INVENTORY,1608,1608.TW,華榮,UNKNOWN,WATCH_RESEARCH,GATE_1_CAUSAL,STOCK_BLOCKED_WEAK_EDGE,NOT_TRIGGERED,2026-09-12T08:36:16.660261+00:00,2026-09-11
20260912T163101+0800-2861eef0,ENTERPRISE_CYBER_SPEND,3029,3029.TW,零壹,PERSISTENT,WATCH_RESEARCH,GATE_1_CAUSAL,ETF_CORE_PREFERRED,NOT_TRIGGERED,2026-09-12T08:36:16.660261+00:00,2026-09-11
20260912T163101+0800-2861eef0,AI_SERVER_SHIPMENTS,2356,2356.TW,英業達,BROKEN,WATCH_RESEARCH,GATE_1_CAUSAL,STOCK_BLOCKED_WEAK_EDGE,NOT_TRIGGERED,2026-09-12T08:36:16.660261+00:00,2026-09-11
20260912T163101+0800-2861eef0,MLCC_DEMAND_PRICING,3026,3026.TW,禾伸堂,CONFIRMING,WATCH_RESEARCH,GATE_1_CAUSAL,UNRESOLVED_NO_ETF_MAP,NOT_TRIGGERED,2026-09-12T08:36:16.660261+00:00,2026-09-11
20260912T163101+0800-2861eef0,POWER_ELECTRONICS_CAPEX,1519,1519.TW,華城,UNKNOWN,WATCH_RESEARCH,GATE_1_CAUSAL,STOCK_ALPHA_RESEARCH,NOT_TRIGGERED,2026-09-12T08:36:16.660261+00:00,2026-09-11
20260912T163101+0800-2861eef0,GRID_CAPEX,1609,1609.TW,大亞,PRE_CONFIRMATION,WATCH_RESEARCH,GATE_1_CAUSAL,STOCK_BLOCKED_WEAK_EDGE,NOT_TRIGGERED,2026-09-12T08:36:16.660261+00:00,2026-09-11
20260912T163101+0800-2861eef0,MATURE_NODE_FOUNDRY_UTILIZATION,5347,5347.TWO,世界,BROKEN,WATCH_RESEARCH,GATE_1_CAUSAL,STOCK_BLOCKED_WEAK_EDGE,NOT_TRIGGERED,2026-09-12T08:36:16.660261+00:00,2026-09-11
20260912T163101+0800-2861eef0,AI_SERVER_THERMAL_DENSITY,6230,6230.TW,尼得科超眾,BROKEN,WATCH_RESEARCH,GATE_2_TRANSMISSION,STOCK_BLOCKED_WEAK_EDGE,NOT_TRIGGERED,2026-09-12T08:36:16.660261+00:00,2026-09-11
20260912T163101+0800-2861eef0,GRID_CAPEX,1513,1513.TW,中興電,BROKEN,WATCH_RESEARCH,GATE_1_CAUSAL,STOCK_BLOCKED_WEAK_EDGE,NOT_TRIGGERED,2026-09-12T08:36:16.660261+00:00,2026-09-11
20260912T163101+0800-2861eef0,AI_NETWORKING_UPGRADE,6285,6285.TW,啟碁,BROKEN,WATCH_RESEARCH,GATE_1_CAUSAL,STOCK_BLOCKED_WEAK_EDGE,NOT_TRIGGERED,2026-09-12T08:36:16.660261+00:00,2026-09-11
20260912T163101+0800-2861eef0,GRID_CAPEX,1503,1503.TW,士電,UNKNOWN,WATCH_RESEARCH,GATE_1_CAUSAL,STOCK_BLOCKED_WEAK_EDGE,NOT_TRIGGERED,2026-09-12T08:36:16.660261+00:00,2026-09-11
20260912T163101+0800-2861eef0,AI_NETWORKING_UPGRADE,3596,3596.TW,智易,BROKEN,WATCH_RESEARCH,GATE_1_CAUSAL,STOCK_BLOCKED_WEAK_EDGE,NOT_TRIGGERED,2026-09-12T08:36:16.660261+00:00,2026-09-11
20260912T163101+0800-2861eef0,AI_NETWORKING_UPGRADE,5388,5388.TW,中磊,BROKEN,WATCH_RESEARCH,GATE_1_CAUSAL,STOCK_BLOCKED_WEAK_EDGE,NOT_TRIGGERED,2026-09-12T08:36:16.660261+00:00,2026-09-11
20260912T163101+0800-2861eef0,MLCC_DEMAND_PRICING,2327,2327.TW,國巨*,BROKEN,WATCH_RESEARCH,GATE_1_CAUSAL,UNRESOLVED_NO_ETF_MAP,NOT_TRIGGERED,2026-09-12T08:36:16.660261+00:00,2026-09-11
20260912T163101+0800-2861eef0,POWER_ELECTRONICS_CAPEX,1513,1513.TW,中興電,BROKEN,WATCH_RESEARCH,GATE_1_CAUSAL,STOCK_ALPHA_RESEARCH,NOT_TRIGGERED,2026-09-12T08:36:16.660261+00:00,2026-09-11
20260912T163101+0800-2861eef0,POWER_ELECTRONICS_CAPEX,2308,2308.TW,台達電,BROKEN,WATCH_RESEARCH,GATE_1_CAUSAL,STOCK_ALPHA_RESEARCH,NOT_TRIGGERED,2026-09-12T08:36:16.660261+00:00,2026-09-11
20260912T163101+0800-2861eef0,GRID_CAPEX,1608,1608.TW,華榮,UNKNOWN,WATCH_RESEARCH,GATE_1_CAUSAL,STOCK_BLOCKED_WEAK_EDGE,NOT_TRIGGERED,2026-09-12T08:36:16.660261+00:00,2026-09-11
20260912T163101+0800-2861eef0,BIOPHARMA_RISK_APPETITE,6446,6446.TW,藥華藥,PRE_CONFIRMATION,WATCH_RESEARCH,GATE_1_CAUSAL,ETF_CORE_PREFERRED,NOT_TRIGGERED,2026-09-12T08:36:16.660261+00:00,2026-09-11
20260912T163101+0800-2861eef0,COPPER_COMMODITY_TRADE_INVENTORY,1605,1605.TW,華新,UNKNOWN,WATCH_RESEARCH,GATE_1_CAUSAL,STOCK_BLOCKED_WEAK_EDGE,NOT_TRIGGERED,2026-09-12T08:36:16.660261+00:00,2026-09-11
20260912T163101+0800-2861eef0,CONSUMER_ELECTRONICS_CYCLE,4938,4938.TW,和碩,UNKNOWN,WATCH_RESEARCH,GATE_1_CAUSAL,STOCK_BLOCKED_WEAK_EDGE,NOT_TRIGGERED,2026-09-12T08:36:16.660261+00:00,2026-09-11
20260912T163101+0800-2861eef0,ADVANCED_PACKAGING_TEST_CAPEX,6510,6510.TWO,精測,UNKNOWN,WATCH_RESEARCH,GATE_1_CAUSAL,STOCK_BLOCKED_WEAK_EDGE,NOT_TRIGGERED,2026-09-12T08:36:16.660261+00:00,2026-09-11
20260912T163101+0800-2861eef0,CONSUMER_ELECTRONICS_CYCLE,2317,2317.TW,鴻海,BROKEN,WATCH_RESEARCH,GATE_1_CAUSAL,STOCK_BLOCKED_WEAK_EDGE,NOT_TRIGGERED,2026-09-12T08:36:16.660261+00:00,2026-09-11
20260912T163101+0800-2861eef0,AI_NETWORKING_UPGRADE,3704,3704.TW,合勤控,BROKEN,WATCH_RESEARCH,GATE_1_CAUSAL,STOCK_BLOCKED_WEAK_EDGE,NOT_TRIGGERED,2026-09-12T08:36:16.660261+00:00,2026-09-11
20260912T163101+0800-2861eef0,ADVANCED_PACKAGING_TEST_CAPEX,6223,6223.TWO,旺矽,BROKEN,WATCH_RESEARCH,GATE_1_CAUSAL,STOCK_BLOCKED_WEAK_EDGE,NOT_TRIGGERED,2026-09-12T08:36:16.660261+00:00,2026-09-11
20260912T163101+0800-2861eef0,BIOPHARMA_RISK_APPETITE,6472,6472.TW,保瑞,BROKEN,WATCH_RESEARCH,GATE_1_CAUSAL,ETF_CORE_PREFERRED,NOT_TRIGGERED,2026-09-12T08:36:16.660261+00:00,2026-09-11
20260912T163101+0800-2861eef0,ENTERPRISE_CYBER_SPEND,6140,6140.TWO,訊達,BROKEN,WATCH_RESEARCH,GATE_1_CAUSAL,ETF_CORE_PREFERRED,NOT_TRIGGERED,2026-09-12T08:36:16.660261+00:00,2026-09-11
20260912T164858+0800-8dfc4d15,CONTAINER_FREIGHT,2609,2609.TW,陽明,PERSISTENT,WATCH_RESEARCH,GATE_1_CAUSAL,ETF_CORE_PREFERRED,NOT_TRIGGERED,2026-09-12T08:54:18.767731+00:00,2026-09-11
20260912T164858+0800-8dfc4d15,DRY_BULK_FREIGHT,2606,2606.TW,裕民,PERSISTENT,WATCH_RESEARCH,GATE_1_CAUSAL,STOCK_ALPHA_RESEARCH,NOT_TRIGGERED,2026-09-12T08:54:18.767731+00:00,2026-09-11
20260912T164858+0800-8dfc4d15,DRY_BULK_FREIGHT,2637,2637.TW,慧洋-KY,PERSISTENT,WATCH_RESEARCH,GATE_1_CAUSAL,STOCK_ALPHA_RESEARCH,NOT_TRIGGERED,2026-09-12T08:54:18.767731+00:00,2026-09-11
20260912T164858+0800-8dfc4d15,DRY_BULK_FREIGHT,2605,2605.TW,新興,PERSISTENT,WATCH_RESEARCH,GATE_1_CAUSAL,STOCK_ALPHA_RESEARCH,NOT_TRIGGERED,2026-09-12T08:54:18.767731+00:00,2026-09-11
20260912T164858+0800-8dfc4d15,DRY_BULK_FREIGHT,2617,2617.TW,台航,PERSISTENT,WATCH_RESEARCH,GATE_1_CAUSAL,STOCK_ALPHA_RESEARCH,NOT_TRIGGERED,2026-09-12T08:54:18.767731+00:00,2026-09-11
20260912T164858+0800-8dfc4d15,FINANCIALS_RATE_CREDIT_CYCLE,2882,2882.TW,國泰金,PERSISTENT,WATCH_RESEARCH,GATE_1_CAUSAL,ETF_CORE_PREFERRED,NOT_TRIGGERED,2026-09-12T08:54:18.767731+00:00,2026-09-11
20260912T164858+0800-8dfc4d15,FINANCIALS_RATE_CREDIT_CYCLE,2881,2881.TW,富邦金,PERSISTENT,WATCH_RESEARCH,GATE_1_CAUSAL,ETF_CORE_PREFERRED,NOT_TRIGGERED,2026-09-12T08:54:18.767731+00:00,2026-09-11
20260912T164858+0800-8dfc4d15,FINANCIALS_RATE_CREDIT_CYCLE,2886,2886.TW,兆豐金,PERSISTENT,WATCH_RESEARCH,GATE_1_CAUSAL,ETF_CORE_PREFERRED,NOT_TRIGGERED,2026-09-12T08:54:18.767731+00:00,2026-09-11
20260912T164858+0800-8dfc4d15,MEMORY_IC_CYCLE,3006,3006.TW,晶豪科,PERSISTENT,WATCH_RESEARCH,GATE_1_CAUSAL,STOCK_BLOCKED_WEAK_EDGE,NOT_TRIGGERED,2026-09-12T08:54:18.767731+00:00,2026-09-11
20260912T164858+0800-8dfc4d15,CONTAINER_FREIGHT,2603,2603.TW,長榮,PULLBACK,WATCH_RESEARCH,GATE_1_CAUSAL,ETF_CORE_PREFERRED,NOT_TRIGGERED,2026-09-12T08:54:18.767731+00:00,2026-09-11
20260912T164858+0800-8dfc4d15,CONTAINER_FREIGHT,2615,2615.TW,萬海,PULLBACK,WATCH_RESEARCH,GATE_1_CAUSAL,ETF_CORE_PREFERRED,NOT_TRIGGERED,2026-09-12T08:54:18.767731+00:00,2026-09-11
20260912T164858+0800-8dfc4d15,NAND_STORAGE_CYCLE,4967,4967.TW,十銓,PERSISTENT,WATCH_RESEARCH,GATE_1_CAUSAL,STOCK_ALPHA_RESEARCH,NOT_TRIGGERED,2026-09-12T08:54:18.767731+00:00,2026-09-11
20260912T164858+0800-8dfc4d15,AI_SERVER_SHIPMENTS,6669,6669.TW,緯穎,PULLBACK,WATCH_RESEARCH,GATE_1_CAUSAL,STOCK_ALPHA_RESEARCH,NOT_TRIGGERED,2026-09-12T08:54:18.767731+00:00,2026-09-11
20260912T164858+0800-8dfc4d15,AI_SERVER_THERMAL_DENSITY,3324,3324.TWO,雙鴻,PERSISTENT,WATCH_RESEARCH,GATE_2_TRANSMISSION,STOCK_BLOCKED_WEAK_EDGE,NOT_TRIGGERED,2026-09-12T08:54:18.767731+00:00,2026-09-11
20260912T164858+0800-8dfc4d15,AI_SERVER_THERMAL_DENSITY,3017,3017.TW,奇鋐,PERSISTENT,WATCH_RESEARCH,GATE_2_TRANSMISSION,STOCK_BLOCKED_WEAK_EDGE,NOT_TRIGGERED,2026-09-12T08:54:18.767731+00:00,2026-09-11
20260912T164858+0800-8dfc4d15,DRAM_PRICING,2408,2408.TW,南亞科,PRE_CONFIRMATION,WATCH_RESEARCH,GATE_1_CAUSAL,STOCK_BLOCKED_WEAK_EDGE,NOT_TRIGGERED,2026-09-12T08:54:18.767731+00:00,2026-09-11
20260912T164858+0800-8dfc4d15,AI_SERVER_RACK_BUILD,3693,3693.TWO,營邦,PERSISTENT,WATCH_RESEARCH,GATE_2_TRANSMISSION,STOCK_BLOCKED_WEAK_EDGE,NOT_TRIGGERED,2026-09-12T08:54:18.767731+00:00,2026-09-11
20260912T164858+0800-8dfc4d15,AI_SERVER_THERMAL_DENSITY,8996,8996.TW,高力,CONFIRMING,WATCH_RESEARCH,GATE_2_TRANSMISSION,STOCK_BLOCKED_WEAK_EDGE,BREAKOUT_CONFIRMATION_TRIGGER,2026-09-12T08:54:18.767731+00:00,2026-09-11
20260912T164858+0800-8dfc4d15,MATURE_NODE_FOUNDRY_UTILIZATION,2303,2303.TW,聯電,CONFIRMING,WATCH_RESEARCH,GATE_1_CAUSAL,STOCK_BLOCKED_WEAK_EDGE,NOT_TRIGGERED,2026-09-12T08:54:18.767731+00:00,2026-09-11
20260912T164858+0800-8dfc4d15,AI_SERVER_SHIPMENTS,2382,2382.TW,廣達,UNKNOWN,WATCH_RESEARCH,GATE_1_CAUSAL,STOCK_BLOCKED_WEAK_EDGE,NOT_TRIGGERED,2026-09-12T08:54:18.767731+00:00,2026-09-11
20260912T164858+0800-8dfc4d15,AI_SERVER_SHIPMENTS,3231,3231.TW,緯創,UNKNOWN,WATCH_RESEARCH,GATE_1_CAUSAL,STOCK_ALPHA_RESEARCH,NOT_TRIGGERED,2026-09-12T08:54:18.767731+00:00,2026-09-11
20260912T164858+0800-8dfc4d15,FINANCIALS_RATE_CREDIT_CYCLE,2891,2891.TW,中信金,UNKNOWN,WATCH_RESEARCH,GATE_1_CAUSAL,ETF_CORE_PREFERRED,NOT_TRIGGERED,2026-09-12T08:54:18.767731+00:00,2026-09-11
20260912T164858+0800-8dfc4d15,MLCC_DEMAND_PRICING,2492,2492.TW,華新科,CONFIRMING,WATCH_RESEARCH,GATE_1_CAUSAL,UNRESOLVED_NO_ETF_MAP,NOT_TRIGGERED,2026-09-12T08:54:18.767731+00:00,2026-09-11
20260912T164858+0800-8dfc4d15,MATURE_NODE_FOUNDRY_UTILIZATION,6770,6770.TW,力積電,PRE_CONFIRMATION,WATCH_RESEARCH,GATE_1_CAUSAL,STOCK_BLOCKED_WEAK_EDGE,NOT_TRIGGERED,2026-09-12T08:54:18.767731+00:00,2026-09-11
20260912T164858+0800-8dfc4d15,AI_NETWORKING_UPGRADE,2345,2345.TW,智邦,BROKEN,WATCH_RESEARCH,GATE_1_CAUSAL,STOCK_BLOCKED_WEAK_EDGE,NOT_TRIGGERED,2026-09-12T08:54:18.767731+00:00,2026-09-11
20260912T164858+0800-8dfc4d15,MEMORY_IC_CYCLE,5351,5351.TWO,鈺創,PRE_CONFIRMATION,WATCH_RESEARCH,GATE_1_CAUSAL,STOCK_BLOCKED_WEAK_EDGE,NOT_TRIGGERED,2026-09-12T08:54:18.767731+00:00,2026-09-11
20260912T164858+0800-8dfc4d15,SPECIALTY_MEMORY_PRICING,2344,2344.TW,華邦電,BROKEN,WATCH_RESEARCH,GATE_1_CAUSAL,STOCK_BLOCKED_WEAK_EDGE,NOT_TRIGGERED,2026-09-12T08:54:18.767731+00:00,2026-09-11
20260912T164858+0800-8dfc4d15,COPPER_COMMODITY_TRADE_INVENTORY,1609,1609.TW,大亞,PRE_CONFIRMATION,WATCH_RESEARCH,GATE_1_CAUSAL,STOCK_BLOCKED_WEAK_EDGE,NOT_TRIGGERED,2026-09-12T08:54:18.767731+00:00,2026-09-11
20260912T164858+0800-8dfc4d15,LEADING_EDGE_FOUNDRY_AI_DEMAND,2330,2330.TW,台積電,UNKNOWN,WATCH_RESEARCH,GATE_1_CAUSAL,ETF_CORE_PREFERRED,NOT_TRIGGERED,2026-09-12T08:54:18.767731+00:00,2026-09-11
20260912T164858+0800-8dfc4d15,NAND_STORAGE_CYCLE,8299,8299.TWO,群聯,BROKEN,WATCH_RESEARCH,GATE_1_CAUSAL,STOCK_BLOCKED_WEAK_EDGE,NOT_TRIGGERED,2026-09-12T08:54:18.767731+00:00,2026-09-11
20260912T164858+0800-8dfc4d15,SPECIALTY_MEMORY_PRICING,2337,2337.TW,旺宏,BROKEN,WATCH_RESEARCH,GATE_1_CAUSAL,STOCK_BLOCKED_WEAK_EDGE,NOT_TRIGGERED,2026-09-12T08:54:18.767731+00:00,2026-09-11
20260912T164858+0800-8dfc4d15,AI_SERVER_RACK_BUILD,2376,2376.TW,技嘉,UNKNOWN,WATCH_RESEARCH,GATE_4_REACTION,STOCK_ALPHA_RESEARCH,NOT_TRIGGERED,2026-09-12T08:54:18.767731+00:00,2026-09-11
20260912T164858+0800-8dfc4d15,DATACENTER_COOLING_INFRA,3324,3324.TWO,雙鴻,PERSISTENT,WATCH_RESEARCH,GATE_1_CAUSAL,STOCK_BLOCKED_WEAK_EDGE,NOT_TRIGGERED,2026-09-12T08:54:18.767731+00:00,2026-09-11
20260912T164858+0800-8dfc4d15,NAND_STORAGE_CYCLE,3260,3260.TWO,威剛,BROKEN,WATCH_RESEARCH,GATE_1_CAUSAL,STOCK_BLOCKED_WEAK_EDGE,NOT_TRIGGERED,2026-09-12T08:54:18.767731+00:00,2026-09-11
20260912T164858+0800-8dfc4d15,AI_SERVER_SHIPMENTS,2317,2317.TW,鴻海,BROKEN,WATCH_RESEARCH,GATE_1_CAUSAL,STOCK_ALPHA_RESEARCH,NOT_TRIGGERED,2026-09-12T08:54:18.767731+00:00,2026-09-11
20260912T164858+0800-8dfc4d15,DATACENTER_COOLING_INFRA,3017,3017.TW,奇鋐,PERSISTENT,WATCH_RESEARCH,GATE_1_CAUSAL,STOCK_BLOCKED_WEAK_EDGE,NOT_TRIGGERED,2026-09-12T08:54:18.767731+00:00,2026-09-11
20260912T164858+0800-8dfc4d15,DATACENTER_COOLING_INFRA,8996,8996.TW,高力,CONFIRMING,WATCH_RESEARCH,GATE_1_CAUSAL,STOCK_BLOCKED_WEAK_EDGE,NOT_TRIGGERED,2026-09-12T08:54:18.767731+00:00,2026-09-11
20260912T164858+0800-8dfc4d15,GRID_CAPEX,1519,1519.TW,華城,UNKNOWN,WATCH_RESEARCH,GATE_1_CAUSAL,STOCK_BLOCKED_WEAK_EDGE,NOT_TRIGGERED,2026-09-12T08:54:18.767731+00:00,2026-09-11
20260912T164858+0800-8dfc4d15,NAND_STORAGE_CYCLE,5289,5289.TWO,宜鼎,BROKEN,WATCH_RESEARCH,GATE_1_CAUSAL,STOCK_BLOCKED_WEAK_EDGE,NOT_TRIGGERED,2026-09-12T08:54:18.767731+00:00,2026-09-11
20260912T164858+0800-8dfc4d15,ADVANCED_PACKAGING_TEST_CAPEX,6640,6640.TWO,均華,PERSISTENT,WATCH_RESEARCH,GATE_1_CAUSAL,STOCK_BLOCKED_WEAK_EDGE,NOT_TRIGGERED,2026-09-12T08:54:18.767731+00:00,2026-09-11
20260912T164858+0800-8dfc4d15,COPPER_COMMODITY_TRADE_INVENTORY,1608,1608.TW,華榮,UNKNOWN,WATCH_RESEARCH,GATE_1_CAUSAL,STOCK_BLOCKED_WEAK_EDGE,NOT_TRIGGERED,2026-09-12T08:54:18.767731+00:00,2026-09-11
20260912T164858+0800-8dfc4d15,ENTERPRISE_CYBER_SPEND,3029,3029.TW,零壹,PERSISTENT,WATCH_RESEARCH,GATE_1_CAUSAL,ETF_CORE_PREFERRED,NOT_TRIGGERED,2026-09-12T08:54:18.767731+00:00,2026-09-11
20260912T164858+0800-8dfc4d15,AI_SERVER_SHIPMENTS,2356,2356.TW,英業達,BROKEN,WATCH_RESEARCH,GATE_1_CAUSAL,STOCK_BLOCKED_WEAK_EDGE,NOT_TRIGGERED,2026-09-12T08:54:18.767731+00:00,2026-09-11
20260912T164858+0800-8dfc4d15,MLCC_DEMAND_PRICING,3026,3026.TW,禾伸堂,CONFIRMING,WATCH_RESEARCH,GATE_1_CAUSAL,UNRESOLVED_NO_ETF_MAP,NOT_TRIGGERED,2026-09-12T08:54:18.767731+00:00,2026-09-11
20260912T164858+0800-8dfc4d15,POWER_ELECTRONICS_CAPEX,1519,1519.TW,華城,UNKNOWN,WATCH_RESEARCH,GATE_1_CAUSAL,STOCK_ALPHA_RESEARCH,NOT_TRIGGERED,2026-09-12T08:54:18.767731+00:00,2026-09-11
20260912T164858+0800-8dfc4d15,GRID_CAPEX,1609,1609.TW,大亞,PRE_CONFIRMATION,WATCH_RESEARCH,GATE_1_CAUSAL,STOCK_BLOCKED_WEAK_EDGE,NOT_TRIGGERED,2026-09-12T08:54:18.767731+00:00,2026-09-11
20260912T164858+0800-8dfc4d15,MATURE_NODE_FOUNDRY_UTILIZATION,5347,5347.TWO,世界,BROKEN,WATCH_RESEARCH,GATE_1_CAUSAL,STOCK_BLOCKED_WEAK_EDGE,NOT_TRIGGERED,2026-09-12T08:54:18.767731+00:00,2026-09-11
20260912T164858+0800-8dfc4d15,AI_SERVER_THERMAL_DENSITY,6230,6230.TW,尼得科超眾,BROKEN,WATCH_RESEARCH,GATE_2_TRANSMISSION,STOCK_BLOCKED_WEAK_EDGE,NOT_TRIGGERED,2026-09-12T08:54:18.767731+00:00,2026-09-11
20260912T164858+0800-8dfc4d15,GRID_CAPEX,1513,1513.TW,中興電,BROKEN,WATCH_RESEARCH,GATE_1_CAUSAL,STOCK_BLOCKED_WEAK_EDGE,NOT_TRIGGERED,2026-09-12T08:54:18.767731+00:00,2026-09-11
20260912T164858+0800-8dfc4d15,AI_NETWORKING_UPGRADE,6285,6285.TW,啟碁,BROKEN,WATCH_RESEARCH,GATE_1_CAUSAL,STOCK_BLOCKED_WEAK_EDGE,NOT_TRIGGERED,2026-09-12T08:54:18.767731+00:00,2026-09-11
20260912T164858+0800-8dfc4d15,GRID_CAPEX,1503,1503.TW,士電,UNKNOWN,WATCH_RESEARCH,GATE_1_CAUSAL,STOCK_BLOCKED_WEAK_EDGE,NOT_TRIGGERED,2026-09-12T08:54:18.767731+00:00,2026-09-11
20260912T164858+0800-8dfc4d15,AI_NETWORKING_UPGRADE,3596,3596.TW,智易,BROKEN,WATCH_RESEARCH,GATE_1_CAUSAL,STOCK_BLOCKED_WEAK_EDGE,NOT_TRIGGERED,2026-09-12T08:54:18.767731+00:00,2026-09-11
20260912T164858+0800-8dfc4d15,AI_NETWORKING_UPGRADE,5388,5388.TW,中磊,BROKEN,WATCH_RESEARCH,GATE_1_CAUSAL,STOCK_BLOCKED_WEAK_EDGE,NOT_TRIGGERED,2026-09-12T08:54:18.767731+00:00,2026-09-11
20260912T164858+0800-8dfc4d15,MLCC_DEMAND_PRICING,2327,2327.TW,國巨*,BROKEN,WATCH_RESEARCH,GATE_1_CAUSAL,UNRESOLVED_NO_ETF_MAP,NOT_TRIGGERED,2026-09-12T08:54:18.767731+00:00,2026-09-11
20260912T164858+0800-8dfc4d15,POWER_ELECTRONICS_CAPEX,1513,1513.TW,中興電,BROKEN,WATCH_RESEARCH,GATE_1_CAUSAL,STOCK_ALPHA_RESEARCH,NOT_TRIGGERED,2026-09-12T08:54:18.767731+00:00,2026-09-11
20260912T164858+0800-8dfc4d15,POWER_ELECTRONICS_CAPEX,2308,2308.TW,台達電,BROKEN,WATCH_RESEARCH,GATE_1_CAUSAL,STOCK_ALPHA_RESEARCH,NOT_TRIGGERED,2026-09-12T08:54:18.767731+00:00,2026-09-11
20260912T164858+0800-8dfc4d15,GRID_CAPEX,1608,1608.TW,華榮,UNKNOWN,WATCH_RESEARCH,GATE_1_CAUSAL,STOCK_BLOCKED_WEAK_EDGE,NOT_TRIGGERED,2026-09-12T08:54:18.767731+00:00,2026-09-11
20260912T164858+0800-8dfc4d15,BIOPHARMA_RISK_APPETITE,6446,6446.TW,藥華藥,PRE_CONFIRMATION,WATCH_RESEARCH,GATE_1_CAUSAL,ETF_CORE_PREFERRED,NOT_TRIGGERED,2026-09-12T08:54:18.767731+00:00,2026-09-11
20260912T164858+0800-8dfc4d15,COPPER_COMMODITY_TRADE_INVENTORY,1605,1605.TW,華新,UNKNOWN,WATCH_RESEARCH,GATE_1_CAUSAL,STOCK_BLOCKED_WEAK_EDGE,NOT_TRIGGERED,2026-09-12T08:54:18.767731+00:00,2026-09-11
20260912T164858+0800-8dfc4d15,CONSUMER_ELECTRONICS_CYCLE,4938,4938.TW,和碩,UNKNOWN,WATCH_RESEARCH,GATE_1_CAUSAL,STOCK_BLOCKED_WEAK_EDGE,NOT_TRIGGERED,2026-09-12T08:54:18.767731+00:00,2026-09-11
20260912T164858+0800-8dfc4d15,ADVANCED_PACKAGING_TEST_CAPEX,6510,6510.TWO,精測,UNKNOWN,WATCH_RESEARCH,GATE_1_CAUSAL,STOCK_BLOCKED_WEAK_EDGE,NOT_TRIGGERED,2026-09-12T08:54:18.767731+00:00,2026-09-11
20260912T164858+0800-8dfc4d15,CONSUMER_ELECTRONICS_CYCLE,2317,2317.TW,鴻海,BROKEN,WATCH_RESEARCH,GATE_1_CAUSAL,STOCK_BLOCKED_WEAK_EDGE,NOT_TRIGGERED,2026-09-12T08:54:18.767731+00:00,2026-09-11
20260912T164858+0800-8dfc4d15,AI_NETWORKING_UPGRADE,3704,3704.TW,合勤控,BROKEN,WATCH_RESEARCH,GATE_1_CAUSAL,STOCK_BLOCKED_WEAK_EDGE,NOT_TRIGGERED,2026-09-12T08:54:18.767731+00:00,2026-09-11
20260912T164858+0800-8dfc4d15,ADVANCED_PACKAGING_TEST_CAPEX,6223,6223.TWO,旺矽,BROKEN,WATCH_RESEARCH,GATE_1_CAUSAL,STOCK_BLOCKED_WEAK_EDGE,NOT_TRIGGERED,2026-09-12T08:54:18.767731+00:00,2026-09-11
20260912T164858+0800-8dfc4d15,BIOPHARMA_RISK_APPETITE,6472,6472.TW,保瑞,BROKEN,WATCH_RESEARCH,GATE_1_CAUSAL,ETF_CORE_PREFERRED,NOT_TRIGGERED,2026-09-12T08:54:18.767731+00:00,2026-09-11
20260912T164858+0800-8dfc4d15,ENTERPRISE_CYBER_SPEND,6140,6140.TWO,訊達,BROKEN,WATCH_RESEARCH,GATE_1_CAUSAL,ETF_CORE_PREFERRED,NOT_TRIGGERED,2026-09-12T08:54:18.767731+00:00,2026-09-11
20260912T175525+0800-1432f3ae,CONTAINER_FREIGHT,2609,2609.TW,陽明,PERSISTENT,WATCH_RESEARCH,GATE_1_CAUSAL,ETF_CORE_PREFERRED,NOT_TRIGGERED,2026-09-12T10:01:02.335523+00:00,2026-09-11
20260912T175525+0800-1432f3ae,DRY_BULK_FREIGHT,2606,2606.TW,裕民,PERSISTENT,WATCH_RESEARCH,GATE_1_CAUSAL,STOCK_ALPHA_RESEARCH,NOT_TRIGGERED,2026-09-12T10:01:02.335523+00:00,2026-09-11
20260912T175525+0800-1432f3ae,DRY_BULK_FREIGHT,2637,2637.TW,慧洋-KY,PERSISTENT,WATCH_RESEARCH,GATE_1_CAUSAL,STOCK_ALPHA_RESEARCH,NOT_TRIGGERED,2026-09-12T10:01:02.335523+00:00,2026-09-11
20260912T175525+0800-1432f3ae,DRY_BULK_FREIGHT,2605,2605.TW,新興,PERSISTENT,WATCH_RESEARCH,GATE_1_CAUSAL,STOCK_ALPHA_RESEARCH,NOT_TRIGGERED,2026-09-12T10:01:02.335523+00:00,2026-09-11
20260912T175525+0800-1432f3ae,DRY_BULK_FREIGHT,2617,2617.TW,台航,PERSISTENT,WATCH_RESEARCH,GATE_1_CAUSAL,STOCK_ALPHA_RESEARCH,NOT_TRIGGERED,2026-09-12T10:01:02.335523+00:00,2026-09-11
20260912T175525+0800-1432f3ae,FINANCIALS_RATE_CREDIT_CYCLE,2882,2882.TW,國泰金,PERSISTENT,WATCH_RESEARCH,GATE_1_CAUSAL,ETF_CORE_PREFERRED,NOT_TRIGGERED,2026-09-12T10:01:02.335523+00:00,2026-09-11
20260912T175525+0800-1432f3ae,FINANCIALS_RATE_CREDIT_CYCLE,2881,2881.TW,富邦金,PERSISTENT,WATCH_RESEARCH,GATE_1_CAUSAL,ETF_CORE_PREFERRED,NOT_TRIGGERED,2026-09-12T10:01:02.335523+00:00,2026-09-11
20260912T175525+0800-1432f3ae,FINANCIALS_RATE_CREDIT_CYCLE,2886,2886.TW,兆豐金,PERSISTENT,WATCH_RESEARCH,GATE_1_CAUSAL,ETF_CORE_PREFERRED,NOT_TRIGGERED,2026-09-12T10:01:02.335523+00:00,2026-09-11
20260912T175525+0800-1432f3ae,MEMORY_IC_CYCLE,3006,3006.TW,晶豪科,PERSISTENT,WATCH_RESEARCH,GATE_1_CAUSAL,STOCK_BLOCKED_WEAK_EDGE,NOT_TRIGGERED,2026-09-12T10:01:02.335523+00:00,2026-09-11
20260912T175525+0800-1432f3ae,NAND_STORAGE_CYCLE,4967,4967.TW,十銓,PERSISTENT,WATCH_RESEARCH,GATE_1_CAUSAL,STOCK_ALPHA_RESEARCH,NOT_TRIGGERED,2026-09-12T10:01:02.335523+00:00,2026-09-11
20260912T175525+0800-1432f3ae,CONTAINER_FREIGHT,2615,2615.TW,萬海,PULLBACK,WATCH_RESEARCH,GATE_1_CAUSAL,ETF_CORE_PREFERRED,NOT_TRIGGERED,2026-09-12T10:01:02.335523+00:00,2026-09-11
20260912T175525+0800-1432f3ae,CONTAINER_FREIGHT,2603,2603.TW,長榮,PULLBACK,WATCH_RESEARCH,GATE_1_CAUSAL,ETF_CORE_PREFERRED,NOT_TRIGGERED,2026-09-12T10:01:02.335523+00:00,2026-09-11
20260912T175525+0800-1432f3ae,AI_SERVER_SHIPMENTS,6669,6669.TW,緯穎,PULLBACK,WATCH_RESEARCH,GATE_1_CAUSAL,STOCK_ALPHA_RESEARCH,NOT_TRIGGERED,2026-09-12T10:01:02.335523+00:00,2026-09-11
20260912T175525+0800-1432f3ae,AI_SERVER_THERMAL_DENSITY,3324,3324.TWO,雙鴻,PERSISTENT,WATCH_RESEARCH,GATE_2_TRANSMISSION,STOCK_BLOCKED_WEAK_EDGE,NOT_TRIGGERED,2026-09-12T10:01:02.335523+00:00,2026-09-11
20260912T175525+0800-1432f3ae,AI_SERVER_THERMAL_DENSITY,3017,3017.TW,奇鋐,PERSISTENT,WATCH_RESEARCH,GATE_2_TRANSMISSION,STOCK_BLOCKED_WEAK_EDGE,NOT_TRIGGERED,2026-09-12T10:01:02.335523+00:00,2026-09-11
20260912T175525+0800-1432f3ae,DRAM_PRICING,2408,2408.TW,南亞科,PRE_CONFIRMATION,WATCH_RESEARCH,GATE_1_CAUSAL,STOCK_BLOCKED_WEAK_EDGE,NOT_TRIGGERED,2026-09-12T10:01:02.335523+00:00,2026-09-11
20260912T175525+0800-1432f3ae,AI_SERVER_RACK_BUILD,3693,3693.TWO,營邦,PERSISTENT,WATCH_RESEARCH,GATE_2_TRANSMISSION,STOCK_BLOCKED_WEAK_EDGE,NOT_TRIGGERED,2026-09-12T10:01:02.335523+00:00,2026-09-11
20260912T175525+0800-1432f3ae,AI_SERVER_THERMAL_DENSITY,8996,8996.TW,高力,CONFIRMING,WATCH_RESEARCH,GATE_2_TRANSMISSION,STOCK_BLOCKED_WEAK_EDGE,BREAKOUT_CONFIRMATION_TRIGGER,2026-09-12T10:01:02.335523+00:00,2026-09-11
20260912T175525+0800-1432f3ae,MATURE_NODE_FOUNDRY_UTILIZATION,2303,2303.TW,聯電,CONFIRMING,WATCH_RESEARCH,GATE_1_CAUSAL,STOCK_BLOCKED_WEAK_EDGE,NOT_TRIGGERED,2026-09-12T10:01:02.335523+00:00,2026-09-11
20260912T175525+0800-1432f3ae,AI_SERVER_SHIPMENTS,2382,2382.TW,廣達,UNKNOWN,WATCH_RESEARCH,GATE_1_CAUSAL,STOCK_BLOCKED_WEAK_EDGE,NOT_TRIGGERED,2026-09-12T10:01:02.335523+00:00,2026-09-11
20260912T175525+0800-1432f3ae,AI_SERVER_SHIPMENTS,3231,3231.TW,緯創,UNKNOWN,WATCH_RESEARCH,GATE_1_CAUSAL,STOCK_ALPHA_RESEARCH,NOT_TRIGGERED,2026-09-12T10:01:02.335523+00:00,2026-09-11
20260912T175525+0800-1432f3ae,FINANCIALS_RATE_CREDIT_CYCLE,2891,2891.TW,中信金,UNKNOWN,WATCH_RESEARCH,GATE_1_CAUSAL,ETF_CORE_PREFERRED,NOT_TRIGGERED,2026-09-12T10:01:02.335523+00:00,2026-09-11
20260912T175525+0800-1432f3ae,MLCC_DEMAND_PRICING,2492,2492.TW,華新科,CONFIRMING,WATCH_RESEARCH,GATE_1_CAUSAL,UNRESOLVED_NO_ETF_MAP,NOT_TRIGGERED,2026-09-12T10:01:02.335523+00:00,2026-09-11
20260912T175525+0800-1432f3ae,MATURE_NODE_FOUNDRY_UTILIZATION,6770,6770.TW,力積電,PRE_CONFIRMATION,WATCH_RESEARCH,GATE_1_CAUSAL,STOCK_BLOCKED_WEAK_EDGE,NOT_TRIGGERED,2026-09-12T10:01:02.335523+00:00,2026-09-11
20260912T175525+0800-1432f3ae,AI_NETWORKING_UPGRADE,2345,2345.TW,智邦,BROKEN,WATCH_RESEARCH,GATE_1_CAUSAL,STOCK_BLOCKED_WEAK_EDGE,NOT_TRIGGERED,2026-09-12T10:01:02.335523+00:00,2026-09-11
20260912T175525+0800-1432f3ae,MEMORY_IC_CYCLE,5351,5351.TWO,鈺創,PRE_CONFIRMATION,WATCH_RESEARCH,GATE_1_CAUSAL,STOCK_BLOCKED_WEAK_EDGE,NOT_TRIGGERED,2026-09-12T10:01:02.335523+00:00,2026-09-11
20260912T175525+0800-1432f3ae,SPECIALTY_MEMORY_PRICING,2344,2344.TW,華邦電,BROKEN,WATCH_RESEARCH,GATE_1_CAUSAL,STOCK_BLOCKED_WEAK_EDGE,NOT_TRIGGERED,2026-09-12T10:01:02.335523+00:00,2026-09-11
20260912T175525+0800-1432f3ae,COPPER_COMMODITY_TRADE_INVENTORY,1609,1609.TW,大亞,PRE_CONFIRMATION,WATCH_RESEARCH,GATE_1_CAUSAL,STOCK_BLOCKED_WEAK_EDGE,NOT_TRIGGERED,2026-09-12T10:01:02.335523+00:00,2026-09-11
20260912T175525+0800-1432f3ae,LEADING_EDGE_FOUNDRY_AI_DEMAND,2330,2330.TW,台積電,UNKNOWN,WATCH_RESEARCH,GATE_1_CAUSAL,ETF_CORE_PREFERRED,NOT_TRIGGERED,2026-09-12T10:01:02.335523+00:00,2026-09-11
20260912T175525+0800-1432f3ae,NAND_STORAGE_CYCLE,8299,8299.TWO,群聯,BROKEN,WATCH_RESEARCH,GATE_1_CAUSAL,STOCK_BLOCKED_WEAK_EDGE,NOT_TRIGGERED,2026-09-12T10:01:02.335523+00:00,2026-09-11
20260912T175525+0800-1432f3ae,SPECIALTY_MEMORY_PRICING,2337,2337.TW,旺宏,BROKEN,WATCH_RESEARCH,GATE_1_CAUSAL,STOCK_BLOCKED_WEAK_EDGE,NOT_TRIGGERED,2026-09-12T10:01:02.335523+00:00,2026-09-11
20260912T175525+0800-1432f3ae,AI_SERVER_RACK_BUILD,2376,2376.TW,技嘉,UNKNOWN,WATCH_RESEARCH,GATE_4_REACTION,STOCK_ALPHA_RESEARCH,NOT_TRIGGERED,2026-09-12T10:01:02.335523+00:00,2026-09-11
20260912T175525+0800-1432f3ae,DATACENTER_COOLING_INFRA,3324,3324.TWO,雙鴻,PERSISTENT,WATCH_RESEARCH,GATE_1_CAUSAL,STOCK_BLOCKED_WEAK_EDGE,NOT_TRIGGERED,2026-09-12T10:01:02.335523+00:00,2026-09-11
20260912T175525+0800-1432f3ae,GRID_CAPEX,1519,1519.TW,華城,UNKNOWN,WATCH_RESEARCH,GATE_1_CAUSAL,STOCK_BLOCKED_WEAK_EDGE,NOT_TRIGGERED,2026-09-12T10:01:02.335523+00:00,2026-09-11
20260912T175525+0800-1432f3ae,NAND_STORAGE_CYCLE,3260,3260.TWO,威剛,BROKEN,WATCH_RESEARCH,GATE_1_CAUSAL,STOCK_BLOCKED_WEAK_EDGE,NOT_TRIGGERED,2026-09-12T10:01:02.335523+00:00,2026-09-11
20260912T175525+0800-1432f3ae,AI_SERVER_SHIPMENTS,2317,2317.TW,鴻海,BROKEN,WATCH_RESEARCH,GATE_1_CAUSAL,STOCK_ALPHA_RESEARCH,NOT_TRIGGERED,2026-09-12T10:01:02.335523+00:00,2026-09-11
20260912T175525+0800-1432f3ae,DATACENTER_COOLING_INFRA,3017,3017.TW,奇鋐,PERSISTENT,WATCH_RESEARCH,GATE_1_CAUSAL,STOCK_BLOCKED_WEAK_EDGE,NOT_TRIGGERED,2026-09-12T10:01:02.335523+00:00,2026-09-11
20260912T175525+0800-1432f3ae,DATACENTER_COOLING_INFRA,8996,8996.TW,高力,CONFIRMING,WATCH_RESEARCH,GATE_1_CAUSAL,STOCK_BLOCKED_WEAK_EDGE,NOT_TRIGGERED,2026-09-12T10:01:02.335523+00:00,2026-09-11
20260912T175525+0800-1432f3ae,NAND_STORAGE_CYCLE,5289,5289.TWO,宜鼎,BROKEN,WATCH_RESEARCH,GATE_1_CAUSAL,STOCK_BLOCKED_WEAK_EDGE,NOT_TRIGGERED,2026-09-12T10:01:02.335523+00:00,2026-09-11
20260912T175525+0800-1432f3ae,ADVANCED_PACKAGING_TEST_CAPEX,6640,6640.TWO,均華,PERSISTENT,WATCH_RESEARCH,GATE_1_CAUSAL,STOCK_BLOCKED_WEAK_EDGE,NOT_TRIGGERED,2026-09-12T10:01:02.335523+00:00,2026-09-11
20260912T175525+0800-1432f3ae,GRID_CAPEX,1609,1609.TW,大亞,PRE_CONFIRMATION,WATCH_RESEARCH,GATE_1_CAUSAL,STOCK_BLOCKED_WEAK_EDGE,NOT_TRIGGERED,2026-09-12T10:01:02.335523+00:00,2026-09-11
20260912T175525+0800-1432f3ae,COPPER_COMMODITY_TRADE_INVENTORY,1608,1608.TW,華榮,UNKNOWN,WATCH_RESEARCH,GATE_1_CAUSAL,STOCK_BLOCKED_WEAK_EDGE,NOT_TRIGGERED,2026-09-12T10:01:02.335523+00:00,2026-09-11
20260912T175525+0800-1432f3ae,ENTERPRISE_CYBER_SPEND,3029,3029.TW,零壹,PERSISTENT,WATCH_RESEARCH,GATE_1_CAUSAL,ETF_CORE_PREFERRED,NOT_TRIGGERED,2026-09-12T10:01:02.335523+00:00,2026-09-11
20260912T175525+0800-1432f3ae,AI_SERVER_SHIPMENTS,2356,2356.TW,英業達,BROKEN,WATCH_RESEARCH,GATE_1_CAUSAL,STOCK_BLOCKED_WEAK_EDGE,NOT_TRIGGERED,2026-09-12T10:01:02.335523+00:00,2026-09-11
20260912T175525+0800-1432f3ae,MLCC_DEMAND_PRICING,3026,3026.TW,禾伸堂,CONFIRMING,WATCH_RESEARCH,GATE_1_CAUSAL,UNRESOLVED_NO_ETF_MAP,NOT_TRIGGERED,2026-09-12T10:01:02.335523+00:00,2026-09-11
20260912T175525+0800-1432f3ae,POWER_ELECTRONICS_CAPEX,1519,1519.TW,華城,UNKNOWN,WATCH_RESEARCH,GATE_1_CAUSAL,STOCK_ALPHA_RESEARCH,NOT_TRIGGERED,2026-09-12T10:01:02.335523+00:00,2026-09-11
20260912T175525+0800-1432f3ae,GRID_CAPEX,1513,1513.TW,中興電,BROKEN,WATCH_RESEARCH,GATE_1_CAUSAL,STOCK_BLOCKED_WEAK_EDGE,NOT_TRIGGERED,2026-09-12T10:01:02.335523+00:00,2026-09-11
20260912T175525+0800-1432f3ae,AI_SERVER_THERMAL_DENSITY,6230,6230.TW,尼得科超眾,BROKEN,WATCH_RESEARCH,GATE_2_TRANSMISSION,STOCK_BLOCKED_WEAK_EDGE,NOT_TRIGGERED,2026-09-12T10:01:02.335523+00:00,2026-09-11
20260912T175525+0800-1432f3ae,MATURE_NODE_FOUNDRY_UTILIZATION,5347,5347.TWO,世界,BROKEN,WATCH_RESEARCH,GATE_1_CAUSAL,STOCK_BLOCKED_WEAK_EDGE,NOT_TRIGGERED,2026-09-12T10:01:02.335523+00:00,2026-09-11
20260912T175525+0800-1432f3ae,GRID_CAPEX,1503,1503.TW,士電,UNKNOWN,WATCH_RESEARCH,GATE_1_CAUSAL,STOCK_BLOCKED_WEAK_EDGE,NOT_TRIGGERED,2026-09-12T10:01:02.335523+00:00,2026-09-11
20260912T175525+0800-1432f3ae,AI_NETWORKING_UPGRADE,6285,6285.TW,啟碁,BROKEN,WATCH_RESEARCH,GATE_1_CAUSAL,STOCK_BLOCKED_WEAK_EDGE,NOT_TRIGGERED,2026-09-12T10:01:02.335523+00:00,2026-09-11
20260912T175525+0800-1432f3ae,GRID_CAPEX,1608,1608.TW,華榮,UNKNOWN,WATCH_RESEARCH,GATE_1_CAUSAL,STOCK_BLOCKED_WEAK_EDGE,NOT_TRIGGERED,2026-09-12T10:01:02.335523+00:00,2026-09-11
20260912T175525+0800-1432f3ae,AI_NETWORKING_UPGRADE,5388,5388.TW,中磊,BROKEN,WATCH_RESEARCH,GATE_1_CAUSAL,STOCK_BLOCKED_WEAK_EDGE,NOT_TRIGGERED,2026-09-12T10:01:02.335523+00:00,2026-09-11
20260912T175525+0800-1432f3ae,AI_NETWORKING_UPGRADE,3596,3596.TW,智易,BROKEN,WATCH_RESEARCH,GATE_1_CAUSAL,STOCK_BLOCKED_WEAK_EDGE,NOT_TRIGGERED,2026-09-12T10:01:02.335523+00:00,2026-09-11
20260912T175525+0800-1432f3ae,MLCC_DEMAND_PRICING,2327,2327.TW,國巨*,BROKEN,WATCH_RESEARCH,GATE_1_CAUSAL,UNRESOLVED_NO_ETF_MAP,NOT_TRIGGERED,2026-09-12T10:01:02.335523+00:00,2026-09-11
20260912T175525+0800-1432f3ae,POWER_ELECTRONICS_CAPEX,1513,1513.TW,中興電,BROKEN,WATCH_RESEARCH,GATE_1_CAUSAL,STOCK_ALPHA_RESEARCH,NOT_TRIGGERED,2026-09-12T10:01:02.335523+00:00,2026-09-11
20260912T175525+0800-1432f3ae,POWER_ELECTRONICS_CAPEX,2308,2308.TW,台達電,BROKEN,WATCH_RESEARCH,GATE_1_CAUSAL,STOCK_ALPHA_RESEARCH,NOT_TRIGGERED,2026-09-12T10:01:02.335523+00:00,2026-09-11
20260912T175525+0800-1432f3ae,BIOPHARMA_RISK_APPETITE,6446,6446.TW,藥華藥,PRE_CONFIRMATION,WATCH_RESEARCH,GATE_1_CAUSAL,ETF_CORE_PREFERRED,NOT_TRIGGERED,2026-09-12T10:01:02.335523+00:00,2026-09-11
20260912T175525+0800-1432f3ae,COPPER_COMMODITY_TRADE_INVENTORY,1605,1605.TW,華新,UNKNOWN,WATCH_RESEARCH,GATE_1_CAUSAL,STOCK_BLOCKED_WEAK_EDGE,NOT_TRIGGERED,2026-09-12T10:01:02.335523+00:00,2026-09-11
20260912T175525+0800-1432f3ae,CONSUMER_ELECTRONICS_CYCLE,4938,4938.TW,和碩,UNKNOWN,WATCH_RESEARCH,GATE_1_CAUSAL,STOCK_BLOCKED_WEAK_EDGE,NOT_TRIGGERED,2026-09-12T10:01:02.335523+00:00,2026-09-11
20260912T175525+0800-1432f3ae,ADVANCED_PACKAGING_TEST_CAPEX,6510,6510.TWO,精測,UNKNOWN,WATCH_RESEARCH,GATE_1_CAUSAL,STOCK_BLOCKED_WEAK_EDGE,NOT_TRIGGERED,2026-09-12T10:01:02.335523+00:00,2026-09-11
20260912T175525+0800-1432f3ae,CONSUMER_ELECTRONICS_CYCLE,2317,2317.TW,鴻海,BROKEN,WATCH_RESEARCH,GATE_1_CAUSAL,STOCK_BLOCKED_WEAK_EDGE,NOT_TRIGGERED,2026-09-12T10:01:02.335523+00:00,2026-09-11
20260912T175525+0800-1432f3ae,AI_NETWORKING_UPGRADE,3704,3704.TW,合勤控,BROKEN,WATCH_RESEARCH,GATE_1_CAUSAL,STOCK_BLOCKED_WEAK_EDGE,NOT_TRIGGERED,2026-09-12T10:01:02.335523+00:00,2026-09-11
20260912T175525+0800-1432f3ae,ADVANCED_PACKAGING_TEST_CAPEX,6223,6223.TWO,旺矽,BROKEN,WATCH_RESEARCH,GATE_1_CAUSAL,STOCK_BLOCKED_WEAK_EDGE,NOT_TRIGGERED,2026-09-12T10:01:02.335523+00:00,2026-09-11
20260912T175525+0800-1432f3ae,BIOPHARMA_RISK_APPETITE,6472,6472.TW,保瑞,BROKEN,WATCH_RESEARCH,GATE_1_CAUSAL,ETF_CORE_PREFERRED,NOT_TRIGGERED,2026-09-12T10:01:02.335523+00:00,2026-09-11
20260912T175525+0800-1432f3ae,ENTERPRISE_CYBER_SPEND,6140,6140.TWO,訊達,BROKEN,WATCH_RESEARCH,GATE_1_CAUSAL,ETF_CORE_PREFERRED,NOT_TRIGGERED,2026-09-12T10:01:02.335523+00:00,2026-09-11
20260912T194313+0800-dcbec670,CONTAINER_FREIGHT,2609,2609.TW,陽明,PERSISTENT,WATCH_RESEARCH,GATE_1_CAUSAL,ETF_CORE_PREFERRED,NOT_TRIGGERED,2026-09-12T11:46:25.643269+00:00,2026-09-11
20260912T194313+0800-dcbec670,DRY_BULK_FREIGHT,2606,2606.TW,裕民,PERSISTENT,WATCH_RESEARCH,GATE_1_CAUSAL,STOCK_ALPHA_RESEARCH,NOT_TRIGGERED,2026-09-12T11:46:25.643269+00:00,2026-09-11
20260912T194313+0800-dcbec670,DRY_BULK_FREIGHT,2637,2637.TW,慧洋-KY,PERSISTENT,WATCH_RESEARCH,GATE_1_CAUSAL,STOCK_ALPHA_RESEARCH,NOT_TRIGGERED,2026-09-12T11:46:25.643269+00:00,2026-09-11
20260912T194313+0800-dcbec670,DRY_BULK_FREIGHT,2605,2605.TW,新興,PERSISTENT,WATCH_RESEARCH,GATE_1_CAUSAL,STOCK_ALPHA_RESEARCH,NOT_TRIGGERED,2026-09-12T11:46:25.643269+00:00,2026-09-11
20260912T194313+0800-dcbec670,DRY_BULK_FREIGHT,2617,2617.TW,台航,PERSISTENT,WATCH_RESEARCH,GATE_1_CAUSAL,STOCK_ALPHA_RESEARCH,NOT_TRIGGERED,2026-09-12T11:46:25.643269+00:00,2026-09-11
20260912T194313+0800-dcbec670,FINANCIALS_RATE_CREDIT_CYCLE,2882,2882.TW,國泰金,PERSISTENT,WATCH_RESEARCH,GATE_1_CAUSAL,ETF_CORE_PREFERRED,NOT_TRIGGERED,2026-09-12T11:46:25.643269+00:00,2026-09-11
20260912T194313+0800-dcbec670,FINANCIALS_RATE_CREDIT_CYCLE,2881,2881.TW,富邦金,PERSISTENT,WATCH_RESEARCH,GATE_1_CAUSAL,ETF_CORE_PREFERRED,NOT_TRIGGERED,2026-09-12T11:46:25.643269+00:00,2026-09-11
20260912T194313+0800-dcbec670,FINANCIALS_RATE_CREDIT_CYCLE,2886,2886.TW,兆豐金,PERSISTENT,WATCH_RESEARCH,GATE_1_CAUSAL,ETF_CORE_PREFERRED,NOT_TRIGGERED,2026-09-12T11:46:25.643269+00:00,2026-09-11
20260912T194313+0800-dcbec670,MEMORY_IC_CYCLE,3006,3006.TW,晶豪科,PERSISTENT,WATCH_RESEARCH,GATE_1_CAUSAL,STOCK_BLOCKED_WEAK_EDGE,NOT_TRIGGERED,2026-09-12T11:46:25.643269+00:00,2026-09-11
20260912T194313+0800-dcbec670,NAND_STORAGE_CYCLE,4967,4967.TW,十銓,PERSISTENT,WATCH_RESEARCH,GATE_1_CAUSAL,STOCK_ALPHA_RESEARCH,NOT_TRIGGERED,2026-09-12T11:46:25.643269+00:00,2026-09-11
20260912T194313+0800-dcbec670,CONTAINER_FREIGHT,2615,2615.TW,萬海,PULLBACK,WATCH_RESEARCH,GATE_1_CAUSAL,ETF_CORE_PREFERRED,NOT_TRIGGERED,2026-09-12T11:46:25.643269+00:00,2026-09-11
20260912T194313+0800-dcbec670,CONTAINER_FREIGHT,2603,2603.TW,長榮,PULLBACK,WATCH_RESEARCH,GATE_1_CAUSAL,ETF_CORE_PREFERRED,NOT_TRIGGERED,2026-09-12T11:46:25.643269+00:00,2026-09-11
20260912T194313+0800-dcbec670,AI_SERVER_SHIPMENTS,6669,6669.TW,緯穎,PULLBACK,WATCH_RESEARCH,GATE_1_CAUSAL,STOCK_ALPHA_RESEARCH,NOT_TRIGGERED,2026-09-12T11:46:25.643269+00:00,2026-09-11
20260912T194313+0800-dcbec670,AI_SERVER_THERMAL_DENSITY,3324,3324.TWO,雙鴻,PERSISTENT,WATCH_RESEARCH,GATE_1_CAUSAL,STOCK_BLOCKED_WEAK_EDGE,NOT_TRIGGERED,2026-09-12T11:46:25.643269+00:00,2026-09-11
20260912T194313+0800-dcbec670,AI_SERVER_THERMAL_DENSITY,3017,3017.TW,奇鋐,PERSISTENT,WATCH_RESEARCH,GATE_1_CAUSAL,STOCK_BLOCKED_WEAK_EDGE,NOT_TRIGGERED,2026-09-12T11:46:25.643269+00:00,2026-09-11
20260912T194313+0800-dcbec670,DRAM_PRICING,2408,2408.TW,南亞科,PRE_CONFIRMATION,WATCH_RESEARCH,GATE_1_CAUSAL,STOCK_BLOCKED_WEAK_EDGE,NOT_TRIGGERED,2026-09-12T11:46:25.643269+00:00,2026-09-11
20260912T194313+0800-dcbec670,AI_SERVER_RACK_BUILD,3693,3693.TWO,營邦,PERSISTENT,WATCH_RESEARCH,GATE_1_CAUSAL,STOCK_BLOCKED_WEAK_EDGE,NOT_TRIGGERED,2026-09-12T11:46:25.643269+00:00,2026-09-11
20260912T194313+0800-dcbec670,AI_SERVER_THERMAL_DENSITY,8996,8996.TW,高力,CONFIRMING,WATCH_RESEARCH,GATE_1_CAUSAL,STOCK_BLOCKED_WEAK_EDGE,BREAKOUT_CONFIRMATION_TRIGGER,2026-09-12T11:46:25.643269+00:00,2026-09-11
20260912T194313+0800-dcbec670,MATURE_NODE_FOUNDRY_UTILIZATION,2303,2303.TW,聯電,CONFIRMING,WATCH_RESEARCH,GATE_0_INTERNATIONAL_PRICE,STOCK_BLOCKED_WEAK_EDGE,NOT_TRIGGERED,2026-09-12T11:46:25.643269+00:00,2026-09-11
20260912T194313+0800-dcbec670,AI_SERVER_SHIPMENTS,2382,2382.TW,廣達,UNKNOWN,WATCH_RESEARCH,GATE_1_CAUSAL,STOCK_BLOCKED_WEAK_EDGE,NOT_TRIGGERED,2026-09-12T11:46:25.643269+00:00,2026-09-11
20260912T194313+0800-dcbec670,AI_SERVER_SHIPMENTS,3231,3231.TW,緯創,UNKNOWN,WATCH_RESEARCH,GATE_1_CAUSAL,STOCK_ALPHA_RESEARCH,NOT_TRIGGERED,2026-09-12T11:46:25.643269+00:00,2026-09-11
20260912T194313+0800-dcbec670,FINANCIALS_RATE_CREDIT_CYCLE,2891,2891.TW,中信金,UNKNOWN,WATCH_RESEARCH,GATE_1_CAUSAL,ETF_CORE_PREFERRED,NOT_TRIGGERED,2026-09-12T11:46:25.643269+00:00,2026-09-11
20260912T194313+0800-dcbec670,MLCC_DEMAND_PRICING,2492,2492.TW,華新科,CONFIRMING,WATCH_RESEARCH,GATE_0_INTERNATIONAL_PRICE,UNRESOLVED_NO_ETF_MAP,NOT_TRIGGERED,2026-09-12T11:46:25.643269+00:00,2026-09-11
20260912T194313+0800-dcbec670,MATURE_NODE_FOUNDRY_UTILIZATION,6770,6770.TW,力積電,PRE_CONFIRMATION,WATCH_RESEARCH,GATE_0_INTERNATIONAL_PRICE,STOCK_BLOCKED_WEAK_EDGE,NOT_TRIGGERED,2026-09-12T11:46:25.643269+00:00,2026-09-11
20260912T194313+0800-dcbec670,AI_NETWORKING_UPGRADE,2345,2345.TW,智邦,BROKEN,WATCH_RESEARCH,GATE_1_CAUSAL,STOCK_BLOCKED_WEAK_EDGE,NOT_TRIGGERED,2026-09-12T11:46:25.643269+00:00,2026-09-11
20260912T194313+0800-dcbec670,MEMORY_IC_CYCLE,5351,5351.TWO,鈺創,PRE_CONFIRMATION,WATCH_RESEARCH,GATE_1_CAUSAL,STOCK_BLOCKED_WEAK_EDGE,NOT_TRIGGERED,2026-09-12T11:46:25.643269+00:00,2026-09-11
20260912T194313+0800-dcbec670,SPECIALTY_MEMORY_PRICING,2344,2344.TW,華邦電,BROKEN,WATCH_RESEARCH,GATE_1_CAUSAL,STOCK_BLOCKED_WEAK_EDGE,NOT_TRIGGERED,2026-09-12T11:46:25.643269+00:00,2026-09-11
20260912T194313+0800-dcbec670,COPPER_COMMODITY_TRADE_INVENTORY,1609,1609.TW,大亞,PRE_CONFIRMATION,WATCH_RESEARCH,GATE_1_CAUSAL,STOCK_BLOCKED_WEAK_EDGE,NOT_TRIGGERED,2026-09-12T11:46:25.643269+00:00,2026-09-11
20260912T194313+0800-dcbec670,LEADING_EDGE_FOUNDRY_AI_DEMAND,2330,2330.TW,台積電,UNKNOWN,WATCH_RESEARCH,GATE_0_INTERNATIONAL_PRICE,ETF_CORE_PREFERRED,NOT_TRIGGERED,2026-09-12T11:46:25.643269+00:00,2026-09-11
20260912T194313+0800-dcbec670,NAND_STORAGE_CYCLE,8299,8299.TWO,群聯,BROKEN,WATCH_RESEARCH,GATE_1_CAUSAL,STOCK_BLOCKED_WEAK_EDGE,NOT_TRIGGERED,2026-09-12T11:46:25.643269+00:00,2026-09-11
20260912T194313+0800-dcbec670,SPECIALTY_MEMORY_PRICING,2337,2337.TW,旺宏,BROKEN,WATCH_RESEARCH,GATE_1_CAUSAL,STOCK_BLOCKED_WEAK_EDGE,NOT_TRIGGERED,2026-09-12T11:46:25.643269+00:00,2026-09-11
20260912T194313+0800-dcbec670,AI_SERVER_RACK_BUILD,2376,2376.TW,技嘉,UNKNOWN,WATCH_RESEARCH,GATE_1_CAUSAL,STOCK_ALPHA_RESEARCH,NOT_TRIGGERED,2026-09-12T11:46:25.643269+00:00,2026-09-11
20260912T194313+0800-dcbec670,DATACENTER_COOLING_INFRA,3324,3324.TWO,雙鴻,PERSISTENT,WATCH_RESEARCH,GATE_0_INTERNATIONAL_PRICE,STOCK_BLOCKED_WEAK_EDGE,NOT_TRIGGERED,2026-09-12T11:46:25.643269+00:00,2026-09-11
20260912T194313+0800-dcbec670,GRID_CAPEX,1519,1519.TW,華城,UNKNOWN,WATCH_RESEARCH,GATE_0_INTERNATIONAL_PRICE,STOCK_BLOCKED_WEAK_EDGE,NOT_TRIGGERED,2026-09-12T11:46:25.643269+00:00,2026-09-11
20260912T194313+0800-dcbec670,NAND_STORAGE_CYCLE,3260,3260.TWO,威剛,BROKEN,WATCH_RESEARCH,GATE_1_CAUSAL,STOCK_BLOCKED_WEAK_EDGE,NOT_TRIGGERED,2026-09-12T11:46:25.643269+00:00,2026-09-11
20260912T194313+0800-dcbec670,AI_SERVER_SHIPMENTS,2317,2317.TW,鴻海,BROKEN,WATCH_RESEARCH,GATE_1_CAUSAL,STOCK_ALPHA_RESEARCH,NOT_TRIGGERED,2026-09-12T11:46:25.643269+00:00,2026-09-11
20260912T194313+0800-dcbec670,DATACENTER_COOLING_INFRA,3017,3017.TW,奇鋐,PERSISTENT,WATCH_RESEARCH,GATE_0_INTERNATIONAL_PRICE,STOCK_BLOCKED_WEAK_EDGE,NOT_TRIGGERED,2026-09-12T11:46:25.643269+00:00,2026-09-11
20260912T194313+0800-dcbec670,DATACENTER_COOLING_INFRA,8996,8996.TW,高力,CONFIRMING,WATCH_RESEARCH,GATE_0_INTERNATIONAL_PRICE,STOCK_BLOCKED_WEAK_EDGE,NOT_TRIGGERED,2026-09-12T11:46:25.643269+00:00,2026-09-11
20260912T194313+0800-dcbec670,NAND_STORAGE_CYCLE,5289,5289.TWO,宜鼎,BROKEN,WATCH_RESEARCH,GATE_1_CAUSAL,STOCK_BLOCKED_WEAK_EDGE,NOT_TRIGGERED,2026-09-12T11:46:25.643269+00:00,2026-09-11
20260912T194313+0800-dcbec670,ADVANCED_PACKAGING_TEST_CAPEX,6640,6640.TWO,均華,PERSISTENT,WATCH_RESEARCH,GATE_0_INTERNATIONAL_PRICE,STOCK_BLOCKED_WEAK_EDGE,NOT_TRIGGERED,2026-09-12T11:46:25.643269+00:00,2026-09-11
20260912T194313+0800-dcbec670,GRID_CAPEX,1609,1609.TW,大亞,PRE_CONFIRMATION,WATCH_RESEARCH,GATE_0_INTERNATIONAL_PRICE,STOCK_BLOCKED_WEAK_EDGE,NOT_TRIGGERED,2026-09-12T11:46:25.643269+00:00,2026-09-11
20260912T194313+0800-dcbec670,COPPER_COMMODITY_TRADE_INVENTORY,1608,1608.TW,華榮,UNKNOWN,WATCH_RESEARCH,GATE_1_CAUSAL,STOCK_BLOCKED_WEAK_EDGE,NOT_TRIGGERED,2026-09-12T11:46:25.643269+00:00,2026-09-11
20260912T194313+0800-dcbec670,ENTERPRISE_CYBER_SPEND,3029,3029.TW,零壹,PERSISTENT,WATCH_RESEARCH,GATE_0_INTERNATIONAL_PRICE,ETF_CORE_PREFERRED,NOT_TRIGGERED,2026-09-12T11:46:25.643269+00:00,2026-09-11
20260912T194313+0800-dcbec670,AI_SERVER_SHIPMENTS,2356,2356.TW,英業達,BROKEN,WATCH_RESEARCH,GATE_1_CAUSAL,STOCK_BLOCKED_WEAK_EDGE,NOT_TRIGGERED,2026-09-12T11:46:25.643269+00:00,2026-09-11
20260912T194313+0800-dcbec670,MLCC_DEMAND_PRICING,3026,3026.TW,禾伸堂,CONFIRMING,WATCH_RESEARCH,GATE_0_INTERNATIONAL_PRICE,UNRESOLVED_NO_ETF_MAP,NOT_TRIGGERED,2026-09-12T11:46:25.643269+00:00,2026-09-11
20260912T194313+0800-dcbec670,POWER_ELECTRONICS_CAPEX,1519,1519.TW,華城,UNKNOWN,WATCH_RESEARCH,GATE_0_INTERNATIONAL_PRICE,STOCK_ALPHA_RESEARCH,NOT_TRIGGERED,2026-09-12T11:46:25.643269+00:00,2026-09-11
20260912T194313+0800-dcbec670,GRID_CAPEX,1513,1513.TW,中興電,BROKEN,WATCH_RESEARCH,GATE_0_INTERNATIONAL_PRICE,STOCK_BLOCKED_WEAK_EDGE,NOT_TRIGGERED,2026-09-12T11:46:25.643269+00:00,2026-09-11
20260912T194313+0800-dcbec670,AI_SERVER_THERMAL_DENSITY,6230,6230.TW,尼得科超眾,BROKEN,WATCH_RESEARCH,GATE_1_CAUSAL,STOCK_BLOCKED_WEAK_EDGE,NOT_TRIGGERED,2026-09-12T11:46:25.643269+00:00,2026-09-11
20260912T194313+0800-dcbec670,MATURE_NODE_FOUNDRY_UTILIZATION,5347,5347.TWO,世界,BROKEN,WATCH_RESEARCH,GATE_0_INTERNATIONAL_PRICE,STOCK_BLOCKED_WEAK_EDGE,NOT_TRIGGERED,2026-09-12T11:46:25.643269+00:00,2026-09-11
20260912T194313+0800-dcbec670,GRID_CAPEX,1503,1503.TW,士電,UNKNOWN,WATCH_RESEARCH,GATE_0_INTERNATIONAL_PRICE,STOCK_BLOCKED_WEAK_EDGE,NOT_TRIGGERED,2026-09-12T11:46:25.643269+00:00,2026-09-11
20260912T194313+0800-dcbec670,AI_NETWORKING_UPGRADE,6285,6285.TW,啟碁,BROKEN,WATCH_RESEARCH,GATE_1_CAUSAL,STOCK_BLOCKED_WEAK_EDGE,NOT_TRIGGERED,2026-09-12T11:46:25.643269+00:00,2026-09-11
20260912T194313+0800-dcbec670,GRID_CAPEX,1608,1608.TW,華榮,UNKNOWN,WATCH_RESEARCH,GATE_0_INTERNATIONAL_PRICE,STOCK_BLOCKED_WEAK_EDGE,NOT_TRIGGERED,2026-09-12T11:46:25.643269+00:00,2026-09-11
20260912T194313+0800-dcbec670,AI_NETWORKING_UPGRADE,5388,5388.TW,中磊,BROKEN,WATCH_RESEARCH,GATE_1_CAUSAL,STOCK_BLOCKED_WEAK_EDGE,NOT_TRIGGERED,2026-09-12T11:46:25.643269+00:00,2026-09-11
20260912T194313+0800-dcbec670,AI_NETWORKING_UPGRADE,3596,3596.TW,智易,BROKEN,WATCH_RESEARCH,GATE_1_CAUSAL,STOCK_BLOCKED_WEAK_EDGE,NOT_TRIGGERED,2026-09-12T11:46:25.643269+00:00,2026-09-11
20260912T194313+0800-dcbec670,MLCC_DEMAND_PRICING,2327,2327.TW,國巨*,BROKEN,WATCH_RESEARCH,GATE_0_INTERNATIONAL_PRICE,UNRESOLVED_NO_ETF_MAP,NOT_TRIGGERED,2026-09-12T11:46:25.643269+00:00,2026-09-11
20260912T194313+0800-dcbec670,POWER_ELECTRONICS_CAPEX,1513,1513.TW,中興電,BROKEN,WATCH_RESEARCH,GATE_0_INTERNATIONAL_PRICE,STOCK_ALPHA_RESEARCH,NOT_TRIGGERED,2026-09-12T11:46:25.643269+00:00,2026-09-11
20260912T194313+0800-dcbec670,POWER_ELECTRONICS_CAPEX,2308,2308.TW,台達電,BROKEN,WATCH_RESEARCH,GATE_0_INTERNATIONAL_PRICE,STOCK_ALPHA_RESEARCH,NOT_TRIGGERED,2026-09-12T11:46:25.643269+00:00,2026-09-11
20260912T194313+0800-dcbec670,BIOPHARMA_RISK_APPETITE,6446,6446.TW,藥華藥,PRE_CONFIRMATION,WATCH_RESEARCH,GATE_0_INTERNATIONAL_PRICE,ETF_CORE_PREFERRED,NOT_TRIGGERED,2026-09-12T11:46:25.643269+00:00,2026-09-11
20260912T194313+0800-dcbec670,COPPER_COMMODITY_TRADE_INVENTORY,1605,1605.TW,華新,UNKNOWN,WATCH_RESEARCH,GATE_1_CAUSAL,STOCK_BLOCKED_WEAK_EDGE,NOT_TRIGGERED,2026-09-12T11:46:25.643269+00:00,2026-09-11
20260912T194313+0800-dcbec670,CONSUMER_ELECTRONICS_CYCLE,4938,4938.TW,和碩,UNKNOWN,WATCH_RESEARCH,GATE_0_INTERNATIONAL_PRICE,STOCK_BLOCKED_WEAK_EDGE,NOT_TRIGGERED,2026-09-12T11:46:25.643269+00:00,2026-09-11
20260912T194313+0800-dcbec670,ADVANCED_PACKAGING_TEST_CAPEX,6510,6510.TWO,精測,UNKNOWN,WATCH_RESEARCH,GATE_0_INTERNATIONAL_PRICE,STOCK_BLOCKED_WEAK_EDGE,NOT_TRIGGERED,2026-09-12T11:46:25.643269+00:00,2026-09-11
20260912T194313+0800-dcbec670,CONSUMER_ELECTRONICS_CYCLE,2317,2317.TW,鴻海,BROKEN,WATCH_RESEARCH,GATE_0_INTERNATIONAL_PRICE,STOCK_BLOCKED_WEAK_EDGE,NOT_TRIGGERED,2026-09-12T11:46:25.643269+00:00,2026-09-11
20260912T194313+0800-dcbec670,AI_NETWORKING_UPGRADE,3704,3704.TW,合勤控,BROKEN,WATCH_RESEARCH,GATE_1_CAUSAL,STOCK_BLOCKED_WEAK_EDGE,NOT_TRIGGERED,2026-09-12T11:46:25.643269+00:00,2026-09-11
20260912T194313+0800-dcbec670,ADVANCED_PACKAGING_TEST_CAPEX,6223,6223.TWO,旺矽,BROKEN,WATCH_RESEARCH,GATE_0_INTERNATIONAL_PRICE,STOCK_BLOCKED_WEAK_EDGE,NOT_TRIGGERED,2026-09-12T11:46:25.643269+00:00,2026-09-11
20260912T194313+0800-dcbec670,BIOPHARMA_RISK_APPETITE,6472,6472.TW,保瑞,BROKEN,WATCH_RESEARCH,GATE_0_INTERNATIONAL_PRICE,ETF_CORE_PREFERRED,NOT_TRIGGERED,2026-09-12T11:46:25.643269+00:00,2026-09-11
20260912T194313+0800-dcbec670,ENTERPRISE_CYBER_SPEND,6140,6140.TWO,訊達,BROKEN,WATCH_RESEARCH,GATE_0_INTERNATIONAL_PRICE,ETF_CORE_PREFERRED,NOT_TRIGGERED,2026-09-12T11:46:25.643269+00:00,2026-09-11
