ticker,name,industry_cluster,region,universe_layer,issuer_id,price,ret_1d,ret_5d,ret_20d,ret_60d,ma5,ma20,ma60,ma20_slope,ma60_slope,bias20,dist_20d_high,dist_52w_high,last_price_date,calendar_staleness_days,volume_ratio20,atr_pct14,er20,vol20,maxdd20,keynes_legacy,keynes_v2,trend,rs_5d_vs_bench,rs_20d_vs_bench,rs_60d_vs_bench,decision_eligible,activation_state
MMM,3M,Industrial Conglomerates,US,DISCOVERY,66740,164.7100067138672,0.012665311372183963,0.011359487268711499,-0.08429623697736621,0.02218886190476277,163.8040008544922,170.42668914794922,169.94778416951496,-0.00491436246615692,0.0014141652222080556,-0.03354335205748982,-0.09088835793424566,-0.10529446991271763,2026-09-17,1,0.8719037915892077,0.02225445664495508,0.4372766465284583,0.0510829781356839,-0.09988886515299478,-0.8084250298238347,-0.7215862732694104,BEAR,0.005065254540360442,-0.0758963436099257,-0.017370501518490844,False,RESEARCH_WHY_REQUIRED
AOS,A. O. Smith,Building Products,US,DISCOVERY,91142,56.93000030517578,0.0007031273678415051,0.003879407939602064,-0.10768023532975335,-0.002877078442129588,57.162000274658205,59.61250038146973,60.61910190582275,-0.0040326694910892,0.00048811595685020845,-0.0449989525540484,-0.11171784118954275,-0.29644106323248665,2026-09-17,1,0.8136416502096939,0.02501820048331815,0.4787457483388782,0.06137093809426461,-0.11112853036633585,-0.9175601346929533,-0.8399978303259307,BEAR,-0.0024148247887489926,-0.09928034196231283,-0.0424364418653832,False,RESEARCH_WHY_REQUIRED
ABT,Abbott Laboratories,Health Care Equipment,US,DISCOVERY,1800,102.2300033569336,-0.0012700005142909365,-0.010932635901172771,-0.10661537110640351,0.1372930345115344,102.33199920654297,108.7194995880127,103.64914525349936,-0.0032830598621943555,0.0032785239077583847,-0.05969026950704093,-0.1287710367524344,-0.23926884574279594,2026-09-17,1,1.0963218380572128,0.026707992117013996,0.4872201591447281,0.05748202548673177,-0.12616783621945082,-0.9972180486374511,-0.9036765430217198,BEAR,-0.017226868629523828,-0.098215477738963,0.0977336710882808,False,RESEARCH_WHY_REQUIRED
ABBV,AbbVie,Biotechnology,US,DISCOVERY,1551152,264.0199890136719,0.005752082556375715,0.03537250593596819,-0.007331699808555192,0.13264292627333685,261.69199829101564,259.5789970397949,254.00577799479166,0.0012121712726570792,0.002509354090133103,0.017108441070045943,-0.010827674529936604,-0.01289868841846109,2026-09-17,1,0.8287812202993046,0.02102380572316156,0.03560362287952616,0.05754874209831009,-0.06463135828292876,-0.17254455330812463,-0.0045358954085176866,STRONG_UP,0.029078273207617134,0.001068193558885322,0.09308356285008323,False,RESEARCH_WHY_REQUIRED
ACN,Accenture,IT Consulting & Other Services,US,DISCOVERY,1467373,190.2899932861328,0.0034275147573104014,0.06958568584786162,0.038870967889732766,0.5162434046513178,190.44599609375,186.43999862670898,163.49235903422039,0.002250867126308214,0.00185739102670006,0.02065004659827485,-0.037140168068265034,-0.33281382792512093,2026-09-17,1,0.6445848494053803,0.03182736557604098,0.09974783858591231,0.11266710787147703,-0.0896851310239507,0.13299957021866093,0.03441372645480702,STRONG_UP,0.06329145311951057,0.04727086125717328,0.4766840412280642,False,RESEARCH_WHY_REQUIRED
ADBE,Adobe Inc.,Application Software,US,DISCOVERY,796343,252.6699981689453,0.008662667341098995,0.01543220797184186,-0.0726685615409075,0.2797954087142118,255.752001953125,270.1240005493164,247.86799901326498,-0.0015406631648656674,0.002686203531658246,-0.06461477819400396,-0.14212474377429696,-0.3186916676129865,2026-09-17,1,0.9663157950861461,0.040849166469154805,0.17019087392059526,0.12956188870361493,-0.15014175836236754,-0.7311560992607894,-0.09545651208814569,PULLBACK,0.009137975243490803,-0.06426866817346699,0.2402360452909582,False,RESEARCH_WHY_REQUIRED
AES,AES Corporation,Independent Power Producers & Energy Traders,US,DISCOVERY,874761,14.850000381469727,0.002700875132997549,0.0033783912223301904,0.010204120690535445,0.022320495933986884,14.810000228881837,14.780500030517578,14.672457043329874,0.0002732426949067269,0.0003202361170190909,0.00470216506942589,-0.0020161110712678676,-0.13805051230592402,2026-09-17,1,0.9158966446028425,0.0032227080940699553,0.38461275122325767,0.0075474186958838846,-0.002708254183317771,0.0714788135274008,0.5199969805228074,STRONG_UP,-0.0029158415060208664,0.01860401405797596,-0.01723886748926673,False,RESEARCH_WHY_REQUIRED
AFL,Aflac,Life & Health Insurance,US,DISCOVERY,4977,116.5999984741211,-0.0017977834848196261,0.018607471221313565,0.000772434436876912,-0.013492430296371927,116.65,116.4734992980957,120.24488754272461,-0.001977452850711367,0.0001660831518646917,0.001086076891204435,-0.02173004374723797,-0.10008269287333438,2026-09-17,1,0.8155960956387017,0.015170899795117758,0.0050305389022371316,0.04362749440120103,-0.03286582772548774,-0.04462062533445568,8.906680380044851e-05,BEAR,0.012313238492962508,0.009172327804317426,-0.05305179371962554,False,RESEARCH_WHY_REQUIRED
A,Agilent Technologies,Life Sciences Tools & Services,US,DISCOVERY,1090872,156.33999633789062,0.017242461151594224,0.0923700508086136,0.0059841236334001735,0.23660460911964543,150.80599975585938,151.72899932861327,142.855517578125,-0.00035610435422056894,0.0022167841611740774,0.030389688389698577,-0.045251930760973336,-0.045251930760973336,2026-09-17,1,1.0856563811823425,0.027389943900336645,0.020151509941517372,0.08216324206887277,-0.09987424454599059,-0.08727237966845514,0.001467677319605398,STRONG_UP,0.08607581808026254,0.014384017000840688,0.1970452456963918,False,RESEARCH_WHY_REQUIRED
APD,Air Products,Industrial Gases,US,DISCOVERY,2969,286.1199951171875,-0.003343985996865917,-0.025642768383476677,-0.05639471682169517,0.019286091611788958,288.4639953613281,299.7189971923828,298.12884521484375,-0.0022375578661726443,0.0012316193836185165,-0.045372506256139644,-0.08858662188201682,-0.0913075251558978,2026-09-17,1,1.397462410203976,0.020156368230780694,0.2966691674427544,0.04589379036858953,-0.07542169256887188,-0.5027588759962888,-0.3645498345918467,BEAR,-0.031937001111827734,-0.047994823454254654,-0.020273271811464655,False,RESEARCH_WHY_REQUIRED
ABNB,Airbnb,"Hotels, Resorts & Cruise Lines",US,DISCOVERY,1559720,165.92999267578125,-0.009432283940467912,-0.010259476786889321,-0.10976987381761572,0.1950305032905575,168.5199981689453,179.27724914550782,163.14716644287108,-0.003503340927055764,0.004725157196760961,-0.07445036407767203,-0.14227233404027217,-0.14227233404027217,2026-09-17,1,0.7304959586533524,0.029660519746030765,0.3865483401997393,0.0778708098801035,-0.12897641640009838,-1.0656254123694715,-0.544894326814696,PULLBACK,-0.016553709515240378,-0.1013699804501752,0.15547113986730388,False,RESEARCH_WHY_REQUIRED
AKAM,Akamai Technologies,Internet Services & Infrastructure,US,DISCOVERY,1086222,107.08000183105469,0.024885130078324602,-0.00046667995561522346,-0.05104568144071964,-0.10669892902702915,105.86400146484375,107.1689998626709,114.72833353678385,-0.006225886792576605,-0.004767666092315997,-0.0008304456674061989,-0.05037247426009728,-0.352795383462276,2026-09-17,1,0.9535388237234415,0.041831211405046885,0.14784383393608697,0.10329118136725501,-0.07408714332038513,-0.6201344960286725,-0.07306324848046133,BEAR,-0.00676091268396628,-0.04264578807327912,-0.14625829245028277,False,RESEARCH_WHY_REQUIRED
ARE,Alexandria Real Estate Equities,Office REITs,US,DISCOVERY,1035443,56.34000015258789,0.05269057680688327,0.13680384567040726,0.11454007918723019,0.10618785264473107,53.177999877929686,52.38650035858154,50.93618208567302,0.0035897010473812667,0.0003413454299186972,0.07546791190373381,-0.005647717890681081,-0.32261926865711277,2026-09-17,1,1.7410779371189817,0.03170799514909176,0.3261972346775968,0.09860843681950911,-0.08290154452882492,0.8444195219845886,0.3788991925611325,STRONG_UP,0.1305096129420562,0.1229399725546707,0.06662848922147746,False,RESEARCH_WHY_REQUIRED
ALGN,Align Technology,Health Care Supplies,US,DISCOVERY,1097149,149.7100067138672,-0.004918512790861529,-0.006701131227812129,-0.08175899853523483,-0.11146060992952378,150.1960021972656,155.84050064086915,168.7380007425944,-0.006977883190763831,-0.0016135282478833503,-0.03933825867981233,-0.09068265750200166,-0.2530931705729187,2026-09-17,1,0.9276366866446575,0.03223373725871077,0.2883409258791059,0.08414546516889491,-0.0983807283283118,-0.7390949648802861,-0.28016323029743706,BEAR,-0.012995363956163186,-0.07335910516779431,-0.1510199733527774,False,RESEARCH_WHY_REQUIRED
ALLE,Allegion,Building Products,US,DISCOVERY,1579241,153.6300048828125,0.00536618897532759,0.019208705090285605,-0.05274194355682116,0.19738832404694895,153.73744506835936,155.93598861694335,151.7472780863444,-0.003522428746421108,0.002796710646115543,-0.014788014970652408,-0.07134261050024437,-0.15134468705878268,2026-09-17,1,0.749232842318188,0.02303478702832834,0.27789741271276514,0.05555922511952762,-0.07059461745936824,-0.5853753537679726,-0.26380586886068347,PULLBACK,0.012914472361934548,-0.044342050189380644,0.15782896062369534,False,RESEARCH_WHY_REQUIRED
LNT,Alliant Energy,Electric Utilities,US,DISCOVERY,352541,66.63999938964844,0.00801692292245848,-0.009070641046119876,-0.05003566728270992,-0.09954738396591845,66.58399963378906,67.77449951171874,71.31603495279948,-0.0019464142505907877,-0.0009224439816752757,-0.016739336037061348,-0.05595689408078275,-0.14799202315642668,2026-09-17,1,1.1282641272271805,0.01537043828098134,0.3939391344629846,0.03773187098609487,-0.05930154770666274,-0.46544213375690247,-0.5223967682093638,BEAR,-0.015364873774470933,-0.0416357739152694,-0.13910674738917206,False,RESEARCH_WHY_REQUIRED
ALL,Allstate,Property & Casualty Insurance,US,DISCOVERY,899051,252.2100067138672,-0.010359032083272157,0.0016681100875088894,-0.024949312077735875,0.09375801310312548,255.29200439453126,256.5841972351074,254.7687105814616,-0.0010037072684478713,0.0027576666124048935,-0.017047778344790876,-0.05344344094868947,-0.08643075443069259,2026-09-17,1,0.9617843023821454,0.019090422877680865,0.11203662226809159,0.060333990489384856,-0.04302380257558125,-0.35439421031253576,-0.04632938465414156,BEAR,-0.004626122640842167,-0.01654941871029536,0.05419864967987187,False,RESEARCH_WHY_REQUIRED
GOOG,Alphabet Inc. (Class C),Interactive Media & Services,US,DISCOVERY,1652044,343.67999267578125,0.01272986654494157,0.04022512012502988,0.006447437352775642,-0.006290042937473483,341.12599487304686,338.0270660400391,345.03417002360027,-0.001092723432456761,-0.00125441931607314,0.016723295864931043,-0.01199973549177713,-0.14923212708826905,2026-09-17,1,0.9192521574020952,0.022074003566805136,0.028070175438596492,0.06205849703133137,-0.046422701336621186,-0.03450986162063123,0.0029162919870650587,BEAR,0.03393088739667882,0.014847330720216156,-0.045849406360727096,False,RESEARCH_WHY_REQUIRED
MO,Altria,Tobacco,US,DISCOVERY,764180,69.69999694824219,-0.0057061559855322574,0.029411125082157596,0.07243969130720651,-0.011127111756909835,69.4011245727539,67.83596420288086,68.80276571909586,0.00318997500362058,-0.000238257609336109,0.02747853247558263,-0.014283724357341376,-0.08106423987317679,2026-09-17,1,0.8391924339317477,0.01947934823713296,0.3254762385736762,0.0614218069882373,-0.024148298915293576,0.3874172058566578,0.38386038129133904,REBOUND,0.02311689235380654,0.08083958467464702,-0.05068647518016345,False,RESEARCH_WHY_REQUIRED
AMCR,Amcor,Paper & Plastic Packaging Products & Materials,US,DISCOVERY,1748790,42.380001068115234,0.009768878615373122,-0.01441857981127359,-0.09401668348345571,0.06329231318746431,42.27600021362305,44.79441909790039,44.33928000132243,-0.0033253540314794024,0.0023066616782833633,-0.05389997411303238,-0.12159970968794143,-0.13076985714356215,2026-09-17,1,0.9308966823419026,0.021278226025679477,0.44526752340689807,0.0555242979696241,-0.12383168229626484,-0.9674181543349161,-0.7539505647871579,BEAR,-0.020712812539624648,-0.0856167901160152,0.023732949764210698,False,RESEARCH_WHY_REQUIRED
AEE,Ameren,Multi-Utilities,US,DISCOVERY,1002910,103.9000015258789,0.008346279141210333,-0.010004720847024973,-0.04248631882851073,-0.06323103063234126,103.76600036621093,105.40702743530274,108.89623463948568,-0.0016114354682683324,-0.0002629524023759634,-0.014297205282150838,-0.04884021834046148,-0.11564326029011651,2026-09-17,1,1.2378364099795132,0.015480950652789623,0.33964775487858484,0.03767547126044499,-0.05059620046870317,-0.4345224043036962,-0.3830179774900307,BEAR,-0.01629895357537603,-0.03408642546107021,-0.10279039405559487,False,RESEARCH_WHY_REQUIRED
AEP,American Electric Power,Electric Utilities,US,DISCOVERY,4904,121.62000274658203,0.007705694642166305,-0.01498338427011281,-0.03682580201240315,-0.08370012780277747,121.69600219726563,122.99900016784667,128.09776077270507,-0.0008704057796769968,-0.0004942130258269983,-0.011211452283212409,-0.046416795722514226,-0.128283171027485,2026-09-17,1,1.4046609833328874,0.015619494338395946,0.2561980969803561,0.04809181301502509,-0.0448245520170103,-0.35034246418601855,-0.19618100886330525,BEAR,-0.021277616998463866,-0.02842590864496264,-0.12325949122603108,False,RESEARCH_WHY_REQUIRED
AXP,American Express,Consumer Finance,US,DISCOVERY,4962,311.1700134277344,-0.0040328370437674455,-0.029746432233247133,-0.08452480430905696,-0.07625736535799443,320.1,327.66850128173826,338.67644653320315,-0.002778902400191931,0.0004221285209891935,-0.05035115609058205,-0.09543600747751635,-0.19042161625188048,2026-09-17,1,1.7297894420518933,0.019187128343784225,0.42746610871365676,0.05939748278536776,-0.08452480430905696,-0.7428724819786595,-0.6083000068931658,BEAR,-0.03604066496159819,-0.07612491094161644,-0.11581672878124805,False,RESEARCH_WHY_REQUIRED
AIG,American International Group,Multi-line Insurance,US,DISCOVERY,5272,75.68000030517578,-0.00512684883939829,0.015344820103471823,0.006358315470977871,-0.004556078166128574,75.57044982910156,75.6337459564209,76.99521891276042,-0.0006173287344753119,0.0004129050257918262,0.0006115570261657766,-0.02080568177574893,-0.1162799932573102,2026-09-17,1,1.0366825605186634,0.016698361835732114,0.043651658746316394,0.040174840704075024,-0.03489268339935414,-0.040857121762552115,0.006908577912852742,BEAR,0.009050587375120767,0.014758208838418385,-0.04411544158938219,False,RESEARCH_WHY_REQUIRED
AMT,American Tower,Telecom Tower REITs,US,DISCOVERY,1053507,175.5800018310547,-0.004592083232589861,0.0150306750360365,0.006246755135401294,-0.021184094928753727,176.89400329589844,176.07250061035157,171.7936668395996,0.0010965200402293616,-0.0009801997381939367,-0.0027971362795987664,-0.029837518090197857,-0.09600150675900276,2026-09-17,1,1.2532923480007814,0.023105061118025787,0.03324169074068559,0.056832175481812956,-0.03164030309420918,-0.01453809080991636,0.003653787675438378,PULLBACK,0.008736442307685444,0.014646648502841808,-0.06074345835200734,False,RESEARCH_WHY_REQUIRED
AWK,American Water Works,Water Utilities,US,DISCOVERY,1410636,138.24000549316406,0.00348440044620002,-0.011441582427251795,-0.0033883728494992216,0.09920632465161816,138.1260009765625,138.52400131225585,134.9498207092285,0.001208269641195237,0.001892535216340576,-0.0020501560480599146,-0.029008848533175535,-0.029008848533175535,2026-09-17,1,1.019671942525726,0.018265322307609813,0.020319952501896627,0.05246180484791332,-0.02393487970242336,-0.09105746196166332,-0.0013124133940900606,PULLBACK,-0.017735815155602852,0.0050115205179412925,0.05964696122836455,False,RESEARCH_WHY_REQUIRED
AMP,Ameriprise Financial,Asset Management & Custody Banks,US,DISCOVERY,820027,545.7000122070312,0.008948761207251632,-0.014145604891192431,-0.025152767789035413,0.17441142977013602,552.4099975585938,554.8405059814453,534.4497309366863,-0.0008438810134247821,0.003303312295706467,-0.01647409242093023,-0.03812596589506234,-0.04691208863017671,2026-09-17,1,1.13057443977726,0.022652432618980166,0.11853852822038824,0.06245197498546785,-0.04286124266615221,-0.3321124533957808,-0.047741838029545715,PULLBACK,-0.02043983761954349,-0.0167528744215949,0.1348520663468824,False,RESEARCH_WHY_REQUIRED
AME,Ametek,Electrical Components & Equipment,US,DISCOVERY,1037868,234.32000732421875,0.009173542617753272,0.0017993564277054563,-0.035188390692886595,0.0024841459680071676,235.15760498046876,236.9158172607422,240.14855473836263,-0.003794526102868301,0.0006151433004512714,-0.010956676369423546,-0.05148952809693441,-0.10146469279796999,2026-09-17,1,1.177893552483763,0.022320944511917164,0.15118917306547638,0.07014402358413832,-0.05660679084556863,-0.34813816284706706,-0.07584543085101074,BEAR,-0.0044948763006456005,-0.02678849732544608,-0.037075217455246445,False,RESEARCH_WHY_REQUIRED
APH,Amphenol,Electronic Components,US,DISCOVERY,820313,78.37000274658203,0.014367079726380627,-0.023426757051937308,0.004486107646439308,-0.01235029296010226,79.1500015258789,79.86550025939941,80.47766647338867,-0.0019036991400332244,0.0010502046972322306,-0.01872520059299787,-0.0723248149569361,-0.1220031271456603,2026-09-17,1,0.7789352950171263,0.03454308767826055,0.011721582520952751,0.10832506923151485,-0.07936125092980972,-0.09029466443739603,0.0004854303934321162,BEAR,-0.029720989780288365,0.012886001013879822,-0.05190965638335587,False,RESEARCH_WHY_REQUIRED
ADI,Analog Devices,Semiconductors,US,DISCOVERY,6281,362.6499938964844,0.0016848561959053043,0.003875415630406609,-0.025465087595105462,-0.10682390097831118,365.1679992675781,364.6876907348633,375.9868937174479,-0.002504985208433122,-0.002191096551728178,-0.005587511972978465,-0.05505939166177598,-0.1842414397648794,2026-09-17,1,0.834571217295967,0.029104091300991404,0.11059365059804561,0.08406381442904207,-0.0505176381778365,-0.3191780644054101,-0.033501656081986714,BEAR,-0.002418817097944448,-0.017065194227664948,-0.1463832644015648,False,RESEARCH_WHY_REQUIRED
AON,Aon plc,Insurance Brokers,US,DISCOVERY,315293,296.04998779296875,-0.015038158901777399,-0.038080390028484845,-0.15033150412959084,-0.07487422641676766,303.10400390625,327.6234985351563,345.343408203125,-0.0068138488035274555,8.661718876636362e-06,-0.09637132526621706,-0.18157194923990372,-0.2239241799625299,2026-09-17,1,1.8671835715424536,0.036220192622348865,0.4092826058445507,0.1184998591059189,-0.1755778814784309,-1.2951217796853371,-0.5192248346531286,BEAR,-0.0443746227568359,-0.14193161076215033,-0.11443358984002128,False,RESEARCH_WHY_REQUIRED
APA,APA Corporation,Oil & Gas Exploration & Production,US,DISCOVERY,1841666,45.459999084472656,0.014958654950887551,0.02088480419200378,0.04626002960275266,0.337812891788297,45.48399963378906,43.881999778747556,38.57079216639201,0.004871354277415417,0.003371816342054443,0.03596005910581446,-0.0417369224189138,-0.0417369224189138,2026-09-17,1,0.9689861667558918,0.03483440710754045,0.11086586889772088,0.11586784085591571,-0.07208832635590623,0.2191093970313845,0.04426300118529926,STRONG_UP,0.014590571463652724,0.054659922970193175,0.2982535283650434,False,RESEARCH_WHY_REQUIRED
APO,Apollo Global Management,Asset Management & Custody Banks,US,DISCOVERY,1858681,126.0,0.01180439440386083,-0.014932402528537891,-0.05709799149901751,-0.031221117140606602,126.96399841308593,131.25149841308593,126.63812764485677,-0.0030692595054115975,0.0001219090982925309,-0.0400109596963073,-0.08583038289120337,-0.16768968370523063,2026-09-17,1,1.2153605307972077,0.03155896885324768,0.23866138853543314,0.0683539614086455,-0.08822670149516687,-0.5325937405927718,-0.19936058792952863,BEAR,-0.021226635256888948,-0.048698098131576995,-0.07078048056386022,False,RESEARCH_WHY_REQUIRED
APP,AppLovin,Advertising,US,DISCOVERY,1751008,321.6000061035156,-0.015188606970111707,0.022608083213846886,0.034782320091964136,-0.31137849841776066,327.5639953613281,315.4269958496094,385.9934987386068,0.0008248941908545423,-0.008777902033082728,0.019570329537835107,-0.04947682927104258,-0.5686752961712576,2026-09-17,1,0.9778778683268716,0.04731607923470396,0.09058904283352702,0.09742953927700031,-0.04835288282396133,-0.07502456392929391,0.03234026464707098,BEAR,0.01631385048549583,0.04318221345940465,-0.3509378618410143,False,RESEARCH_WHY_REQUIRED
APTV,Aptiv,Automotive Parts & Equipment,US,DISCOVERY,1521332,43.619998931884766,0.006460516343125944,-0.04530531313288677,-0.10834013563853762,-0.28980787638740835,44.20800018310547,45.641499519348145,52.38933308919271,-0.0046897217925613785,-0.006750383103336222,-0.04429084514645343,-0.11485389585256933,-0.509501869085836,2026-09-17,1,0.9007688201178555,0.03334806832128717,0.29909693741465637,0.10088940837225861,-0.1140637413167287,-1.0901669347989453,-0.32118537804296604,BEAR,-0.05159954586123783,-0.0999402422710971,-0.32936723981066196,False,RESEARCH_WHY_REQUIRED
ACGL,Arch Capital Group,Property & Casualty Insurance,US,DISCOVERY,947484,96.69999694824219,-0.002784410323419584,0.005197505362385835,-0.01857304225846801,0.031906924479577325,96.94999847412109,98.21599922180175,99.42116622924804,-0.0007550905826637458,0.0012831355050600432,-0.015435390217188205,-0.04804100014615875,-0.0970211947422791,2026-09-17,1,0.9545676538640926,0.01864381077775486,0.11057410837518358,0.051665783776871886,-0.05368796062828074,-0.21295853573101312,-0.03974966481518937,BEAR,-0.0010967273659652221,-0.010173148891027495,-0.007652438943676287,False,RESEARCH_WHY_REQUIRED
ADM,Archer Daniels Midland,Agricultural Products & Services,US,DISCOVERY,7084,88.08999633789062,0.03635289809283093,0.013577178990451522,0.09076267964054185,0.1688962944912773,86.5720001220703,83.55400047302246,81.18620096842447,0.0038425657956116096,0.0008698269968639126,0.05428819493008863,-0.007436660981514076,-0.007436660981514076,2026-09-17,1,0.9344025691987848,0.031161072568965706,0.3149978541286139,0.08137693184965777,-0.043329172807380134,0.6655725363743338,0.3513286710606521,STRONG_UP,0.007282946262100465,0.09916257300798237,0.12933693106802369,False,RESEARCH_WHY_REQUIRED
ARES,Ares Management,Asset Management & Custody Banks,US,DISCOVERY,1176948,125.31999969482422,0.008936483524137895,-0.030511261005500168,-0.11499429857370591,0.04855377466625033,127.53762512207031,135.62710037231446,129.07362480163573,-0.003911261356560363,0.0012009235686444022,-0.07599587876756098,-0.12977172745437004,-0.3015595918802072,2026-09-17,1,0.8451528961765745,0.03490947573109684,0.4381268760993842,0.07207984998148083,-0.1232619070160037,-1.0994734750519584,-0.6989761051983613,BEAR,-0.036805493733851224,-0.1065944052062654,0.008994411242996714,False,RESEARCH_WHY_REQUIRED
AJG,Arthur J. Gallagher & Co.,Insurance Brokers,US,DISCOVERY,354190,241.41000366210938,-0.0097218604030479,-0.007808942976240907,-0.05979800424120729,0.12176762439576927,245.37000122070313,256.6025199890137,250.89950637817384,-0.0008936815056786193,0.0030456252626813655,-0.05920641904668267,-0.11266903117690175,-0.22101673994613436,2026-09-17,1,0.6913721387654641,0.02976742961705835,0.16266165326022294,0.10125062121964336,-0.11407725976614669,-0.6400685833321678,-0.09606698817616265,BEAR,-0.014103175704591964,-0.05139811087376678,0.08220826097251566,False,RESEARCH_WHY_REQUIRED
AIZ,Assurant,Multi-line Insurance,US,DISCOVERY,1267238,283.80999755859375,0.0008816476306687804,0.010107827617012344,0.02291343175494398,0.0730758619702907,283.8419921875,283.7101516723633,279.6527801513672,0.00027410548664226193,0.0017931247231163141,0.00035192919831006364,-0.01693804794483622,-0.06334464789811145,2026-09-17,1,1.3800767879015283,0.016597911912070096,0.1398402221128783,0.04209425870595037,-0.025268462095821898,0.08065828269393813,0.07612010484286548,STRONG_UP,0.003813594888661287,0.031313325122384494,0.03351649854703709,False,RESEARCH_WHY_REQUIRED
T,AT&T,Integrated Telecommunication Services,US,DISCOVERY,732717,25.389999389648438,-0.01817483409165066,-0.006262225134630484,0.010748349577813121,0.12801258470047783,26.107999801635742,25.788000106811523,23.75126705169678,0.0026499971737512814,0.002081549300904136,-0.015433562723538241,-0.05718532855832781,-0.11687298229852949,2026-09-17,1,1.116916797645035,0.024137753480017923,0.04333844102604923,0.06738387095366274,-0.049775447525604144,-0.013241339158054949,0.006912881490968945,PULLBACK,-0.01255645786298154,0.019148242945253635,0.08845322127722421,False,RESEARCH_WHY_REQUIRED
ATO,Atmos Energy,Gas Utilities,US,DISCOVERY,731802,162.02999877929688,0.0004321564739950823,-0.016867901343839975,-0.04846785984262636,-0.047244268283316626,162.61199951171875,166.2388999938965,170.96888071695963,-0.001308946037188971,-0.00015417070624782956,-0.02531838946693077,-0.05847069614749023,-0.148465487664998,2026-09-17,1,1.4372531851037202,0.013701167361073125,0.33723595281442503,0.039947576241012264,-0.04887889298657555,-0.4762937738896605,-0.40916387007538574,BEAR,-0.023162134072191032,-0.040067966475185846,-0.08680363170657024,False,RESEARCH_WHY_REQUIRED
ADSK,Autodesk,Application Software,US,DISCOVERY,769397,218.63999938964844,-0.007580219633478769,0.033221486503568265,-0.12992954263525835,0.1581735395880628,221.35599670410156,236.85399932861327,227.55466588338217,-0.006907356975215431,0.0012863986217913836,-0.07689969344234959,-0.19534815837108999,-0.33078263564611265,2026-09-17,1,0.6975423405184564,0.04714860949737989,0.2658579168816143,0.1567998987100578,-0.23638108740165786,-1.1719476470902188,-0.2202985960486144,BEAR,0.026927253775217208,-0.12152964926781784,0.11861417616480918,False,RESEARCH_WHY_REQUIRED
ADP,Automatic Data Processing,Human Resource & Employment Services,US,DISCOVERY,8670,272.239990234375,-0.0034774779404125322,0.024884181869734956,-0.011679249879711029,0.24255003588741508,273.3700012207031,276.6011734008789,260.20336252848307,9.384902375782934e-05,0.003466848223495382,-0.015767045066664376,-0.04867259048352124,-0.04867259048352124,2026-09-17,1,0.8751333012109302,0.01913019943330375,0.05572815482656813,0.06231151852986384,-0.07743155331150131,-0.28779237315888995,-0.010445308683061165,PULLBACK,0.0185899491413839,-0.003279356512270515,0.20299067246416147,False,RESEARCH_WHY_REQUIRED
AZO,AutoZone,Automotive Retail,US,DISCOVERY,866787,2844.31005859375,-0.0016602014727411518,-0.01289616497384749,-0.0755892612684611,-0.06635567344910764,2879.1740234375,2941.6425170898438,3018.390836588542,-0.0024821604421616968,-0.0007097829639028129,-0.03308779293562303,-0.06635874111790985,-0.34352180562672696,2026-09-17,1,0.9327461363289963,0.022160035495364203,0.30432029808245503,0.07403825242081132,-0.0755892612684611,-0.6705262289334705,-0.3106954279567068,BEAR,-0.019190397702198547,-0.06718936790102059,-0.10591503687236126,False,RESEARCH_WHY_REQUIRED
AVY,Avery Dennison,Paper & Plastic Packaging Products & Materials,US,DISCOVERY,8818,171.08999633789062,-0.006907374331542315,0.013746471568989893,-0.06047007524666259,0.09010711532942328,171.03800048828126,174.6627426147461,169.13731333414714,-0.0021207940764443843,0.0017257362465270762,-0.020455113800290414,-0.07367010335644131,-0.12776731399405528,2026-09-17,1,0.699397607527968,0.023592436267877364,0.32799986183030305,0.05266688957596753,-0.07598487024369316,-0.6050115402636725,-0.37659669073800606,PULLBACK,0.007452238840638836,-0.05207018187922208,0.05054775190616967,False,RESEARCH_WHY_REQUIRED
AXON,Axon Enterprise,Aerospace & Defense,US,DISCOVERY,1069183,453.5,-0.031851784723190835,-0.052939345892031975,-0.2976831744785847,0.04724734678402287,466.70399780273436,536.2865005493164,550.8436681111654,-0.011618308523141246,0.0022421955392408367,-0.15436991321713023,-0.2958074534161491,-0.4275146240982085,2026-09-17,1,0.9888323737469852,0.06285731858917251,0.4858210435674912,0.1885313901369287,-0.3153688802734653,-2.602983238699581,-0.7670910948709008,BEAR,-0.05923357862038303,-0.2892832811111442,0.007687983360769257,False,RESEARCH_WHY_REQUIRED
BKR,Baker Hughes,Oil & Gas Equipment & Services,US,DISCOVERY,1701605,56.564998626708984,0.004350123103911807,-0.04772732030881832,-0.12275130766371933,-0.032496776114775305,57.08899993896485,61.34174976348877,59.620338122049965,-0.003871653029299761,-0.00025129360572043825,-0.077871126193778,-0.1441216256464033,-0.19098230452140041,2026-09-17,1,1.2013718752870706,0.0345619885310036,0.5324593272015867,0.08531699370601045,-0.12857802741364455,-1.0727129413648553,-0.7660851121519822,BEAR,-0.05402155303716938,-0.11435141429627882,-0.07205613953802892,False,RESEARCH_WHY_REQUIRED
BALL,Ball Corporation,"Metal, Glass & Plastic Containers",US,DISCOVERY,9389,60.75,-0.008325144229622605,0.016906566674859347,-0.026771584250628866,0.007498136711034498,60.725999450683595,62.179690551757815,62.38300374348958,-0.0010492775725638205,0.0019407086381827573,-0.022992886247443667,-0.0612513018136589,-0.10162375173833971,2026-09-17,1,0.829605287098604,0.017846681296419878,0.1642038882187706,0.04658869837444614,-0.06969343601636724,-0.32529843941851555,-0.09435760991641834,BEAR,0.01061233394650829,-0.018371690883188352,-0.032061226712219115,False,RESEARCH_WHY_REQUIRED
BAX,Baxter International,Health Care Equipment,US,DISCOVERY,10456,23.020000457763672,-0.02167446723328348,-0.04797352492852569,-0.13555249860940466,0.1457154723339622,23.584000015258788,25.197954082489012,24.48844445546468,-0.00541848715495601,0.0038863355374600533,-0.08643374845416041,-0.14007165227926466,-0.23237059471725696,2026-09-17,1,1.3012446905764015,0.03447312424623096,0.6192221213017519,0.05640379074265084,-0.13555249860940466,-1.2896334171579782,-1.4881465346831313,BEAR,-0.05426775765687675,-0.12715260524196415,0.10615610891070859,False,RESEARCH_WHY_REQUIRED
BDX,Becton Dickinson,Health Care Equipment,US,DISCOVERY,10795,181.3800048828125,-0.0025845543300976326,0.02811476456947548,-0.02745393220276582,0.2677156914866672,181.98200378417968,184.70111160278321,169.86388626098633,-0.00010934182294701747,0.0039156900900117276,-0.017980978517947777,-0.05500784749547638,-0.05500784749547638,2026-09-17,1,1.095051748201753,0.02421722786307303,0.1249387974703575,0.06567010130568078,-0.07572717011868835,-0.4136094125543438,-0.052231703728917,PULLBACK,0.021820531841124424,-0.019054038835325304,0.22815632806341357,False,RESEARCH_WHY_REQUIRED
BRK-B,Berkshire Hathaway,Multi-Sector Holdings,US,DISCOVERY,1067983,509.20001220703125,-0.020392412148650063,0.004339274570081431,0.019174607068311422,0.033258283577107806,514.2160034179688,506.5660003662109,503.8424987792969,0.00017923105948054578,0.0007415721989863789,0.0051997406831807425,-0.027761825139296814,-0.05307393637379387,2026-09-17,1,1.4064152827951193,0.01148300905367924,0.18880604914570012,0.032655109530770464,-0.020392412148650063,0.11500590770170202,0.11086417582148218,STRONG_UP,-0.0019549581582696263,0.027574500435751936,-0.006301079846145807,False,RESEARCH_WHY_REQUIRED
BBY,Best Buy,Computer & Electronics Retail,US,DISCOVERY,764478,94.55999755859375,0.022823155002729134,0.07344762730930143,0.05997083879639087,0.25828337509788013,93.17599945068359,87.8349998474121,84.7826665242513,0.00364461860909958,0.002764201178098392,0.07656398614293147,-0.013458538717406876,-0.013458538717406876,2026-09-17,1,0.8501363071680555,0.03412046006522699,0.1320661118735483,0.12456753961060806,-0.10155809496214507,0.3007294733978882,0.06358089378976718,STRONG_UP,0.06715339458095038,0.06837073216383138,0.21872401167462652,False,RESEARCH_WHY_REQUIRED
TECH,Bio-Techne,Life Sciences Tools & Services,US,DISCOVERY,842023,72.41000366210938,0.001106067040362424,0.004578271679684054,0.00014057509333920137,0.2884855496634311,72.29400024414062,72.30700187683105,71.61138807932535,4.903823672753946e-05,0.0046212133947626435,0.0014245063770419453,-0.00234221775498189,-0.00234221775498189,2026-09-17,1,1.4772477155971764,0.0026140838793537306,0.005443387141528065,0.006817136460057284,-0.0053815286750267255,-0.2383572114711507,0.00011224722579416967,STRONG_UP,-0.001715961048667003,0.008540468460779715,0.24892618624017748,False,RESEARCH_WHY_REQUIRED
BIIB,Biogen,Biotechnology,US,DISCOVERY,875045,219.0500030517578,0.01407346244261709,0.016803650833450146,-0.011328735035629145,0.11085755027994959,217.147998046875,217.80949859619142,210.03833287556967,0.0014346824736228441,0.001756170514344332,0.005695364359963984,-0.029893710844869914,-0.029893710844869914,2026-09-17,1,1.162673012433264,0.02631492999770016,0.047278093022547305,0.0739835480295286,-0.06137810839809765,-0.16073816180321215,-0.007239460705892265,STRONG_UP,0.010509418105099089,-0.002928841668188631,0.07129818685669598,False,RESEARCH_WHY_REQUIRED
BLK,BlackRock,Asset Management & Custody Banks,US,DISCOVERY,2012383,1053.9599609375,0.016119674193574962,-0.007944336674142516,-0.08590011159928523,0.04337376740413457,1059.0219970703124,1112.2306396484375,1079.9054270426432,-0.0036400566448072515,0.0014919681342088738,-0.0523908231204242,-0.10765209049135771,-0.11759293508636492,2026-09-17,1,1.0301600615483772,0.023601779100788672,0.3560232650491124,0.062111523955813736,-0.11394914316449256,-0.8056962386157411,-0.49237945314974196,BEAR,-0.014238569402493573,-0.07750021823184472,0.0038144039808809538,False,RESEARCH_WHY_REQUIRED
BX,Blackstone Inc.,Asset Management & Custody Banks,US,DISCOVERY,1393818,125.41000366210938,0.015876928005830182,0.0,-0.1356399005617851,0.05512861404757996,126.4719970703125,135.61850051879884,130.73174069722492,-0.005768181714909911,0.002273559117037048,-0.07527363020264632,-0.13967208625648642,-0.3134974575862125,2026-09-17,1,1.0012533143279674,0.03373509896824537,0.5046155916776152,0.08170138449591181,-0.14914880374834705,-1.1991343921969466,-0.8377582472975471,BEAR,-0.006294232728351057,-0.12724000719434458,0.015569250624326347,False,RESEARCH_WHY_REQUIRED
XYZ,"Block, Inc.",Transaction & Payment Processing Services,US,DISCOVERY,1512673,76.47000122070312,-0.0020879034118418405,-0.03288223705774573,-0.055109342242118164,0.05665328614782639,78.02199859619141,80.75149955749512,79.92083257039388,-0.0008401360706707657,0.0020739094670897645,-0.05302066661614835,-0.12022546213048302,-0.12022546213048302,2026-09-17,1,0.7140306775498864,0.035373351026599595,0.16289251447508368,0.1028952877470067,-0.09876249150403738,-0.534040689691464,-0.08724305578461942,BEAR,-0.03917646978609679,-0.04670944887467765,0.017093922724572774,False,RESEARCH_WHY_REQUIRED
BNY,BNY Mellon,Asset Management & Custody Banks,US,DISCOVERY,1390777,153.02000427246094,-0.0029321492452134557,-0.058859660993789364,-0.04218822274738254,0.043037989692474854,156.29600219726564,160.58850021362304,156.90167643229168,-0.0007414644708552318,0.0021242720904609334,-0.047129750455942365,-0.07730337885023586,-0.07730337885023586,2026-09-17,1,1.894279392787748,0.020347492222489418,0.23209350323986794,0.05416163919179746,-0.07170585008507857,-0.4319051041032259,-0.1807850087075429,BEAR,-0.06515389372214042,-0.03378832937994203,0.003478626269221241,False,RESEARCH_WHY_REQUIRED
BA,Boeing,Aerospace & Defense,US,DISCOVERY,12927,197.0,-0.024559351104074922,-0.03808595183363628,-0.1134113289574532,-0.09095106872425729,205.8740020751953,208.9515007019043,217.670499420166,-0.005193280319851673,-0.0008042673740917208,-0.057197486793620245,-0.10904075140788916,-0.22547672391317053,2026-09-17,1,2.0232048714733333,0.026788463965976818,0.47601091001428747,0.06977502313789458,-0.1134113289574532,-0.9727089337925349,-0.7737013543697118,BEAR,-0.044380184561987335,-0.10501143559001269,-0.1305104321475109,False,RESEARCH_WHY_REQUIRED
BKNG,Booking Holdings,"Hotels, Resorts & Cruise Lines",US,DISCOVERY,1075531,170.52000427246094,-0.005134128677711014,-0.019492837204666436,-0.1975031914388652,0.011790064226474772,172.502001953125,191.49567947387695,190.59741668701173,-0.009002762171610555,0.002123672159272765,-0.1095360232619631,-0.21345567568587676,-0.2351803774633735,2026-09-17,1,1.1257043529031385,0.038459743503335725,0.607960787590459,0.09638073509838886,-0.2004311942333048,-1.739271087332536,-1.245831915436479,BEAR,-0.025787069933017492,-0.18910329807142467,-0.02776929919677884,False,RESEARCH_WHY_REQUIRED
BSX,Boston Scientific,Health Care Equipment,US,DISCOVERY,885725,43.54999923706055,-0.008198601949500617,0.010440853338072653,-0.16266101437211633,-0.0449561251240822,43.87199935913086,46.60949935913086,46.42249984741211,-0.007234154388417709,-0.00041751733928744477,-0.06564112818497703,-0.15926641161217425,-0.5877898853944361,2026-09-17,1,1.468492282466076,0.03883877434807061,0.3859488955823992,0.1265372413653566,-0.17362043973683938,-1.4147574196458292,-0.496129346379276,BEAR,0.004146620609721596,-0.15426112100467582,-0.08451548854733582,False,RESEARCH_WHY_REQUIRED
BMY,Bristol Myers Squibb,Pharmaceuticals,US,DISCOVERY,14272,62.84000015258789,-0.011949659430297688,-0.01427450741038605,-0.07055169967020158,0.1444148850439282,63.58199920654297,65.79199981689453,62.70581518809001,-0.0003908662768890669,0.0028975318148663064,-0.04486867206533229,-0.07913244255900898,-0.08449882413511856,2026-09-17,1,1.5615109344100147,0.021039792396800528,0.3504780990953746,0.06025897933744686,-0.07710378128455297,-0.6679353929361811,-0.410342588942491,PULLBACK,-0.020568740138737107,-0.06215180630276107,0.10485552162067457,False,RESEARCH_WHY_REQUIRED
BR,Broadridge Financial Solutions,Data Processing & Outsourced Services,US,DISCOVERY,1383312,164.30999755859375,-0.016637733199030946,-0.023359532847435638,-0.060830398052204804,0.21266060273676413,168.75599975585936,175.47441177368165,160.46919962565104,-9.85734628319822e-05,0.0031116703176810603,-0.06362417233509365,-0.11549933730467676,-0.32843772530226245,2026-09-17,1,0.8168457884067825,0.02817453208911661,0.20915861774457448,0.08032348214261235,-0.10853585967078094,-0.6604247303892781,-0.1583995319184704,PULLBACK,-0.029653765575786695,-0.05243050468476429,0.1731012393135105,False,RESEARCH_WHY_REQUIRED
BRO,Brown & Brown,Insurance Brokers,US,DISCOVERY,79282,65.12000274658203,-0.01153604338980918,-0.01824210841354379,-0.0891033054627598,0.08064156014121471,66.55000152587891,70.22350006103515,69.21194960276286,-0.0025560769855795004,0.0029527463104355948,-0.07267506333374707,-0.12906238236910827,-0.3190068957195882,2026-09-17,1,1.269030807678072,0.029396248029824934,0.2923357999032233,0.0847744427141434,-0.1273117079915298,-0.8469426108001755,-0.3072634303750059,BEAR,-0.024536341141894846,-0.08070341209531928,0.041082196717961095,False,RESEARCH_WHY_REQUIRED
BF-B,Brown–Forman,Distillers & Vintners,US,DISCOVERY,14693,26.5,0.029526038680645295,-0.003384736821038792,-0.05995506149527663,-0.018888485750485406,26.17599983215332,26.928793716430665,26.92455005645752,-0.0027150380186822276,0.0005840194896432393,-0.015923242643024027,-0.08817886213249027,-0.14096091619004225,2026-09-17,1,1.1721377198071208,0.030260060966861953,0.2238836590530509,0.0804301401307595,-0.09707790187547127,-0.6037852583139656,-0.1668896575896897,BEAR,-0.009678969549389849,-0.051555168127836115,-0.05844784917373902,False,RESEARCH_WHY_REQUIRED
BLDR,Builders FirstSource,Building Products,US,DISCOVERY,1316835,57.68000030517578,-0.03302600453159166,-0.021875545002947194,-0.20496212434303607,-0.2482731945565122,59.62800064086914,64.3520004272461,71.87433420817057,-0.008759512661346083,-0.0027676915808025316,-0.10367976252134414,-0.20682069118620294,-0.5918483065681892,2026-09-17,1,1.434835031083045,0.048265070477514195,0.6017806032499792,0.10021063347755371,-0.20496212434303607,-1.7777435440316522,-1.2308297687607876,BEAR,-0.02816977773129825,-0.19656223097559555,-0.2878325579797658,False,RESEARCH_WHY_REQUIRED
BG,Bunge Global,Agricultural Products & Services,US,DISCOVERY,1996862,119.30999755859375,0.018611801897845393,-0.04237899457816352,0.046578925952576844,0.08300813956290742,120.36800079345703,118.23050041198731,114.15239550272624,0.0041329432032707536,-0.0007077197002717799,0.009130445552076871,-0.06401509048376841,-0.1097925437298568,2026-09-17,1,1.27525103334279,0.04137778918655234,0.11407086898088963,0.10566798024037058,-0.05987638898584591,0.2855134524332896,0.05028295750065828,STRONG_UP,-0.04867322730651458,0.05497881932001736,0.04344877613965381,False,RESEARCH_WHY_REQUIRED
BXP,"BXP, Inc.",Office REITs,US,DISCOVERY,1037540,63.93000030517578,-0.0017176859584474569,0.003295654118795399,-0.048943779467145454,0.004107352570320355,64.20199966430664,66.99949970245362,67.88952910105387,-0.0024703051952201685,0.0009634217197084372,-0.04581376593720188,-0.11515570511867435,-0.15822947985600921,2026-09-17,1,1.1698246244346922,0.022815113419453834,0.18247371815161295,0.07596681142011093,-0.11659498617707664,-0.4756918179604942,-0.11756388418585491,BEAR,-0.0029985786095556577,-0.04054388609970494,-0.03545201085293326,False,RESEARCH_WHY_REQUIRED
CHRW,C.H. Robinson,Air Freight & Logistics,US,DISCOVERY,1043277,153.82000732421875,0.002280615760289706,0.009185206482692942,0.06894184518332169,-0.1361917210462753,155.002001953125,149.1677703857422,165.96918640136718,0.0023812970961906697,-0.0034328129226323043,0.031187949826199324,-0.02688682104811191,-0.26551858891338964,2026-09-17,1,0.8539879039385088,0.024205290725930695,0.2681283858239141,0.07997552305822117,-0.043036960344997044,0.3316905801796032,0.2311365397544095,BEAR,0.0028909737543418856,0.0773417385507622,-0.17575108446952892,False,RESEARCH_WHY_REQUIRED
CDNS,Cadence Design Systems,Application Software,US,DISCOVERY,813672,280.760009765625,0.0030725826648594357,-0.014704342031619189,-0.10864181861428812,-0.25932566988362804,280.60999755859376,305.7915008544922,334.6578338623047,-0.006633944026747446,-0.004096033184701196,-0.08185803404908298,-0.19256870821353067,-0.32621371254256415,2026-09-17,1,0.8379690967028821,0.03771650287063859,0.25834216690485245,0.12733333508749084,-0.21173931498374066,-1.0260108546881295,-0.22041960039776257,BEAR,-0.020998574759970245,-0.10024192524684761,-0.29888503330688165,False,RESEARCH_WHY_REQUIRED
CPT,Camden Property Trust,Multi-Family Residential REITs,US,DISCOVERY,906345,100.93000030517578,-0.0036525442787299633,-0.015317070193407,-0.06891144940546678,-0.07823670741236066,102.38200073242187,105.22550010681152,110.09537150065104,-0.002770687911315769,-0.0008137419007841533,-0.04082185209170308,-0.07733795714120117,-0.15758281978250266,2026-09-17,1,0.9986889770552078,0.015767661887385705,0.4983321202990681,0.03592121423598476,-0.07530921764352161,-0.6093276010954709,-0.956003003392538,BEAR,-0.021611302921758058,-0.06051155603802627,-0.11779607083561427,False,RESEARCH_WHY_REQUIRED
COF,Capital One,Consumer Finance,US,DISCOVERY,927628,202.0399932861328,-0.005659772338479474,-0.02447978035477516,-0.084673595810134,0.024990985487137518,205.41199951171876,212.69950103759766,210.46553624471028,-0.0030332335578598757,0.002224269375667085,-0.05011533971384641,-0.0878967166427439,-0.21274486305648654,2026-09-17,1,1.0481557452949248,0.024394038766332237,0.3557963289480946,0.06971791510530959,-0.084673595810134,-0.774843963192769,-0.4321207038760983,BEAR,-0.030774013083126217,-0.07627370244269349,-0.014568377936116095,False,RESEARCH_WHY_REQUIRED
CAH,Cardinal Health,Health Care Distributors,US,DISCOVERY,721371,226.33999633789062,-0.026662067288413915,-0.04101350631023515,-0.03623593589294616,-0.00907473048099905,232.197998046875,236.45449981689453,234.23263498942057,0.000111119822412075,0.0019765332643053384,-0.04277568617571825,-0.09206144476846445,-0.12373206722988517,2026-09-17,1,1.5073217005508261,0.02188079645567866,0.14890665299649167,0.07062499637968658,-0.08957807094560488,-0.3977374381387089,-0.07640031445815411,BEAR,-0.047307739038586205,-0.027836042525505644,-0.04863409390425266,False,RESEARCH_WHY_REQUIRED
CCL,Carnival Corporation,"Hotels, Resorts & Cruise Lines",US,DISCOVERY,815097,22.170000076293945,-0.008053704792104543,-0.01335110130075745,-0.1693518309224442,-0.224021084312214,22.388000106811525,23.820499992370607,26.245813528696697,-0.010495898243572041,-0.002745275617915681,-0.06928905424341614,-0.16213148740039762,-0.3380469042305073,2026-09-17,1,0.8986855344234967,0.030994261546424776,0.5498783195286483,0.08307911610739045,-0.17159984383896032,-1.4759794307921827,-1.1208942097597676,BEAR,-0.019645334029108508,-0.1609519375550037,-0.2635804477354676,False,RESEARCH_WHY_REQUIRED
CARR,Carrier Global,Building Products,US,DISCOVERY,1783180,54.38999938964844,0.0023958914879591564,-0.039724576699257774,-0.11127453085613215,-0.22847223995889232,55.78199920654297,57.991500282287596,63.91298185984294,-0.005021186324578142,-0.002602484203815905,-0.062103944114361376,-0.11185503104300132,-0.28887983645995186,2026-09-17,1,0.9940475619615408,0.03370236928642547,0.46295061612178195,0.06602781126955169,-0.11339873128905043,-1.0105811376543747,-0.7801956725205619,BEAR,-0.04601880942760883,-0.10287463748869163,-0.26803160338214593,False,RESEARCH_WHY_REQUIRED
CVNA,Carvana,Automotive Retail,US,DISCOVERY,1690820,65.83999633789062,0.006727749262171123,-0.06317590379233451,-0.06530388904148643,0.015579121985341837,67.63400115966797,71.80050010681153,68.8209997812907,-0.0012955147345636746,0.0012091603979636875,-0.08301479460524597,-0.1427084150827561,-0.32387194795420604,2026-09-17,1,0.9299379830604946,0.04554655920710444,0.15540573978381989,0.11580553613756502,-0.13686149632601896,-0.6057508533177538,-0.08763483617222928,BEAR,-0.06947013652068557,-0.056903995674045915,-0.023980241437911776,False,RESEARCH_WHY_REQUIRED
CASY,Casey's,Food Retail,US,DISCOVERY,726958,607.4500122070312,0.031324299163041136,-0.032168124992341895,-0.27351552416361435,-0.26924771611941223,604.1339965820313,723.3635009765625,798.6141743977864,-0.013881820294735857,-0.0019396784506856503,-0.1602423796791579,-0.29366277650345207,-0.3448234711139516,2026-09-17,1,0.9956987219709802,0.053039035126229435,0.6142567755978642,0.16933647105130586,-0.3126514562630217,-2.326756494199624,-0.9921593553098071,BEAR,-0.03846235772069295,-0.26511563079617384,-0.30880707954266584,False,RESEARCH_WHY_REQUIRED
CBOE,Cboe Global Markets,Financial Exchanges & Data,US,DISCOVERY,1374310,266.6700134277344,-0.013903706504014623,-0.072419832042386,-0.04751272899852854,0.03881120410776706,274.6160034179687,294.3494338989258,281.9295341491699,-0.001093883031709419,0.0005649682831436198,-0.09403592221854251,-0.15839746098737495,-0.2780557128033293,2026-09-17,1,0.708308968404339,0.039865727583454184,0.12088738609815028,0.10791676819055598,-0.14823770622835564,-0.5685073717569786,-0.05322332860153741,BEAR,-0.07871406477073706,-0.03911283563108803,-0.0007481593154865518,False,RESEARCH_WHY_REQUIRED
CBRE,CBRE Group,Real Estate Services,US,DISCOVERY,1138118,139.32000732421875,0.005485059028697004,0.009638392478508617,-0.10156702944541729,0.04586742964044532,139.87999877929687,145.21050033569335,143.7823341369629,-0.00295213283082341,0.001583297477108131,-0.04056520016016152,-0.0972006174707194,-0.20055084691224268,2026-09-17,1,1.1671887119339361,0.03277140206052784,0.3557710005438975,0.08693744682209682,-0.11014381262873096,-0.8940137081208501,-0.4156391176521566,BEAR,0.0033441597501575604,-0.09316713607797678,0.00630806621719171,False,RESEARCH_WHY_REQUIRED
CDW,CDW Corporation,Technology Distributors,US,DISCOVERY,1402057,149.1999969482422,-0.005068083032799153,0.04628324377444648,0.09265844879587082,0.15264288193167386,151.6779998779297,146.31412734985352,140.26115531921386,0.0042247036474828015,0.00201657421165646,0.019723793256738897,-0.05599497584708968,-0.10024785349594789,2026-09-17,1,0.7655431179780233,0.04107621831038069,0.16786369123548037,0.1568312479148168,-0.07503900200856506,0.5501990295559207,0.09917659551798506,STRONG_UP,0.039989011046095424,0.10105834216331133,0.11308351850842024,False,RESEARCH_WHY_REQUIRED
COR,Cencora,Health Care Distributors,US,DISCOVERY,1140859,309.4100036621094,-0.028540019899185642,-0.03595578160463786,-0.02425103214566282,0.10284591164525136,319.8000061035156,324.13350372314454,312.05526377360025,0.0008165992610304264,0.00284823433194397,-0.04542418445459773,-0.08650464566190608,-0.17562351187515757,2026-09-17,1,0.9577980630702239,0.021957693588763975,0.09990912522322207,0.06465690809918646,-0.08246841070495314,-0.30600845299072316,-0.03747317152432621,BEAR,-0.04225001433298892,-0.015851138778222307,0.06328654822199775,False,RESEARCH_WHY_REQUIRED
CNC,Centene Corporation,Managed Health Care,US,DISCOVERY,1071739,67.0999984741211,0.016512593586061497,0.02599383652261067,0.0370943066318663,0.06271775614115516,67.32000122070312,65.89850006103515,65.58383324940999,0.0003732212704722135,0.0008291012749524123,0.018232560862130542,-0.036334897014126843,-0.036334897014126843,2026-09-17,1,1.2249007171414243,0.036938481138412894,0.11009175917303003,0.09013737832868951,-0.05821816053965234,0.221662526251535,0.04530614877120455,STRONG_UP,0.019699603794259612,0.04549419999930682,0.023158392717901544,False,RESEARCH_WHY_REQUIRED
CNP,CenterPoint Energy,Multi-Utilities,US,DISCOVERY,1130310,38.560001373291016,0.006000509555154299,-0.014314866408069449,-0.03984059960658082,-0.10826576844013003,38.5260009765625,39.24950008392334,41.40209623972575,-0.0015654042465661916,-0.0011175616039893934,-0.017567069877527985,-0.05001228804300584,-0.14294205395901183,2026-09-17,1,1.2375590129711411,0.01782007809699187,0.21447725292392278,0.0557909876553234,-0.05522390991469217,-0.4301202059959234,-0.15315918784682145,BEAR,-0.020609099136420506,-0.031440706239140304,-0.14782513186338364,False,RESEARCH_WHY_REQUIRED
CF,CF Industries,Fertilizers & Agricultural Chemicals,US,DISCOVERY,1324404,133.82000732421875,0.013864700014346587,-0.00954772615132371,0.12434894218268755,0.3165263839976955,133.1320037841797,131.91350212097169,121.98962529500325,0.006219394835347766,0.0032807036177201427,0.014452691897291148,-0.055343753601692414,-0.055343753601692414,2026-09-17,1,0.5712004885423213,0.04319766709980857,0.2677281666167287,0.11373559999505842,-0.057657776498573066,0.8808293393259359,0.29271146688237454,STRONG_UP,-0.015841958879674767,0.13274883555012806,0.2769670205744419,False,RESEARCH_WHY_REQUIRED
CRL,Charles River Laboratories,Life Sciences Tools & Services,US,DISCOVERY,1100682,281.6700134277344,0.030211073680511902,0.03175829094408189,-0.028724091628502202,0.5094855531327209,275.8660034179687,286.0750030517578,255.95883407592774,-0.0008413822776121733,0.007029368950572462,-0.015398023514925696,-0.07134609576025908,-0.07134609576025908,2026-09-17,1,0.926862656238143,0.031060919827673644,0.10648070308620328,0.07551630739247223,-0.08607402654307816,-0.517373939311338,-0.04050199986897572,PULLBACK,0.025464058215730834,-0.020324198261061688,0.4699261897094673,False,RESEARCH_WHY_REQUIRED
SCHW,Charles Schwab Corporation,Investment Banking & Brokerage,US,DISCOVERY,316709,104.62999725341797,-0.005039999907135551,-0.025156102968177718,-0.05636724526350345,0.1262756672273928,106.4279998779297,108.72500038146973,104.6122215270996,-0.0011763241150557241,0.0031776748632226333,-0.03766385940385497,-0.08644024824410013,-0.08644024824410013,2026-09-17,1,0.9517805156603605,0.020230823331808066,0.24870667670560803,0.06353578454190924,-0.0793665125504377,-0.576644280972245,-0.22064589814404145,PULLBACK,-0.031450335696528775,-0.04796735189606294,0.0867163038041392,False,RESEARCH_WHY_REQUIRED
CHTR,Charter Communications,Cable & Satellite,US,DISCOVERY,1091667,133.3699951171875,-0.012074110243055602,-0.051152550983853184,-0.12527058405323954,0.012295978119070128,139.73800048828124,146.95250091552734,142.39150072733563,-0.0037154609084012694,0.0013070678114398167,-0.0924278641991092,-0.17006846515284668,-0.5333776793102527,2026-09-17,1,0.7534436574136439,0.054504642016723656,0.20105269582648028,0.1795383526707445,-0.16103671074377313,-1.0903442892731559,-0.1402819411953172,BEAR,-0.05744678371220424,-0.11687069068579903,-0.027263385304183485,False,RESEARCH_WHY_REQUIRED
CMG,Chipotle Mexican Grill,Restaurants,US,DISCOVERY,1058090,33.5099983215332,-0.005047564789257275,-0.07251598862791586,-0.03317950175827167,0.08271397400607428,35.05,36.659499931335446,34.86483329137166,0.003966895860460619,0.0031095340474822444,-0.0859122905577373,-0.13900308586676158,-0.2174217991509314,2026-09-17,1,0.7695605928349071,0.0346165295587826,0.0851222312389491,0.1106163912176872,-0.13006235920801257,-0.36950976960369425,-0.025532501919201294,BEAR,-0.07881022135626692,-0.024779608390831154,0.04315461058282066,False,RESEARCH_WHY_REQUIRED
CB,Chubb Limited,Property & Casualty Insurance,US,DISCOVERY,896159,341.8999938964844,0.0010833458803325424,0.012586907078703913,0.005904043071312648,0.03258814629278106,341.0779968261719,340.2158401489258,345.3906499226888,-0.0006269706577263885,0.0009162206974081141,0.004950250837296055,-0.017468872241063638,-0.06279459092512929,2026-09-17,1,0.8554466272418542,0.014938886430274315,0.041369222687423525,0.04600691876848299,-0.03333805920619226,-0.03469154760616752,0.005308890034613515,BEAR,0.006292674350352856,0.014303936438753162,-0.006971217130472551,False,RESEARCH_WHY_REQUIRED
CHD,Church & Dwight,Household Products,US,DISCOVERY,313927,95.05000305175781,-0.004816239913978171,0.011816058989820855,-0.03999594989427424,-0.01181775602156987,94.76000213623047,98.14650115966796,98.48980712890625,-0.002937009896719309,0.000355193489377493,-0.0315497554301265,-0.07924053123288366,-0.09797162575018703,2026-09-17,1,0.8497578591796714,0.017952967521908753,0.21830214350754634,0.05793837444966504,-0.08671979502251359,-0.36142557366138234,-0.15069807664565857,BEAR,0.005521826261469798,-0.03159605652683373,-0.05137711944482348,False,RESEARCH_WHY_REQUIRED
CI,Cigna,Health Care Services,US,DISCOVERY,1739940,276.0,-0.015867398870876848,-0.01747892064397727,0.00029719240005920966,-0.01959707074861461,283.23200073242185,279.61938934326173,281.7290486653646,0.0010066853552759536,-0.000274296832869492,-0.01294398557897769,-0.05135080193867492,-0.10528622721219605,2026-09-17,1,0.8141591398779824,0.023374229285243533,0.0012267104210123122,0.06753924981781274,-0.048439884103692266,-0.08273201685179274,5.39788367773877e-06,BEAR,-0.023773153372328326,0.008697085767499724,-0.05915643417186822,False,RESEARCH_WHY_REQUIRED
CINF,Cincinnati Financial,Property & Casualty Insurance,US,DISCOVERY,20286,169.89999389648438,-0.0050946322785614395,0.0018279236115796849,0.008368380066184455,-0.033615856573456226,170.83200073242188,170.79400100708008,176.40216623942058,-0.0006442342265824695,0.000668199199121098,-0.005234417516565171,-0.029586519764654873,-0.12786819965241825,2026-09-17,1,1.6676049733101628,0.016774603390148173,0.062251034597980454,0.04183556711120886,-0.031936823443620144,0.0007470565134919949,0.012452091677024853,BEAR,-0.004466309116771372,0.01676827343362497,-0.07317521999670984,False,RESEARCH_WHY_REQUIRED
CTAS,Cintas,Diversified Support Services,US,DISCOVERY,723254,197.9600067138672,-0.00752030456988706,-0.0024188456038786166,-0.02521171494496488,0.17579522585796492,199.73800354003907,201.6619987487793,196.39125111897786,-0.0003170715222103346,0.002246266856019253,-0.0183574102105567,-0.046021820855737805,-0.09442785696396983,2026-09-17,1,0.875159014175736,0.01724734656778398,0.17667333251194955,0.040611790686825314,-0.04551585082171594,-0.3201346361125165,-0.10967843629493658,PULLBACK,-0.008713078332229673,-0.016811821577524366,0.1362358624347113,False,RESEARCH_WHY_REQUIRED
CSCO,Cisco,Communications Equipment,US,DISCOVERY,858877,110.23999786376953,0.023204010112948925,0.026061014135682736,-0.002804207864590791,-0.08664959143979944,110.047998046875,110.00949935913086,113.76822967529297,-0.003128722419532216,-0.0016864061846627164,0.002095260009194355,-0.02399290976266677,-0.15124334210038604,2026-09-17,1,1.1514541442859687,0.0221270390115386,0.012555903326373453,0.06978873725182992,-0.043787808314519006,-0.10124603248116121,-0.0005045135395960311,BEAR,0.01976678140733168,0.005595685502849723,-0.12620895486305306,False,RESEARCH_WHY_REQUIRED
C,Citigroup,Diversified Banks,US,DISCOVERY,831001,132.6999969482422,-0.0018804062108953579,-0.04187727835204191,-0.0014297723100227255,-0.07998428807702862,135.36399841308594,134.4824981689453,135.40269724527994,-0.0001931152752727704,4.432645625517938e-05,-0.013254521926443052,-0.06066402679290761,-0.09857613094382389,2026-09-17,1,1.2671289757657291,0.028606435575539803,0.007419067695119931,0.05811726999377118,-0.04408593900793478,-0.07776212660332078,-0.00018252023121188396,BEAR,-0.04817151108039297,0.0069701210574177885,-0.11954365150028223,False,RESEARCH_WHY_REQUIRED
CFG,Citizens Financial Group,Regional Banks,US,DISCOVERY,759944,67.38999938964844,0.00822865173387255,-0.03217001223793059,-0.04762581465294391,-0.016849679859087918,69.0979995727539,69.64550018310547,70.9476256052653,-0.002797183409151352,0.0012550583883744492,-0.032385448988478505,-0.05324530625566404,-0.10540292378080096,2026-09-17,1,1.002579167060418,0.026040304578021683,0.23225377328976185,0.06624657999341484,-0.05633213878323928,-0.4681190764102654,-0.16697126342589438,BEAR,-0.03846424496628165,-0.039225921285503396,-0.05640904328234153,False,RESEARCH_WHY_REQUIRED
CLX,Clorox,Household Products,US,DISCOVERY,21076,85.0,0.0016497688974959068,-0.042469266482290324,-0.21223356072322697,-0.07175093832046797,86.81800079345703,95.67849998474121,97.4831942240397,-0.008799720632407882,0.00024056233500366182,-0.11160814588903689,-0.22317673713758113,-0.3244610172630562,2026-09-17,1,1.2425370382033243,0.03170730206144958,0.8012598380635322,0.06467107733301428,-0.21353105273127726,-1.7858368559518927,-2.629525214510812,BEAR,-0.04876349921064138,-0.20383366735578645,-0.11131030174372158,False,RESEARCH_WHY_REQUIRED
CME,CME Group,Financial Exchanges & Data,US,DISCOVERY,1156375,271.1499938964844,-0.004808036407832561,-0.010654261136571863,0.020539683123100394,0.12450621949546425,274.93999633789065,277.3903076171875,258.61181360880533,0.002025481278702388,0.0014163939635283708,-0.022496509608818216,-0.06028675893665281,-0.14819063228534324,2026-09-17,1,0.782164139413214,0.020487300130352912,0.09243309154609611,0.05951123030804667,-0.04896892567832489,0.0183049543555745,0.03190232163942738,PULLBACK,-0.01694849386492292,0.028939576490540908,0.08494685607221064,False,RESEARCH_WHY_REQUIRED
CMS,CMS Energy,Multi-Utilities,US,DISCOVERY,811156,66.19999694824219,0.0031822865778261544,-0.021867661794623405,-0.06245579413665747,-0.11410797511161497,66.41599884033204,67.94499893188477,71.4962843577067,-0.002363628720336952,-0.0008937333708620023,-0.025682566944948415,-0.066948558200293,-0.16310905608823956,2026-09-17,1,1.0475399592322934,0.015397062258200126,0.5005672243073368,0.03507208115223361,-0.06642122080252022,-0.5621005592581102,-0.8914020065474793,BEAR,-0.028161894522974462,-0.05405590076921696,-0.15366733853486858,False,RESEARCH_WHY_REQUIRED
KO,Coca-Cola Company (The),Soft Drinks & Non-alcoholic Beverages,US,DISCOVERY,21344,88.05999755859375,0.0021622260848184194,0.008601362767927556,-0.019529975469985916,0.10304405066078282,88.24525756835938,88.6420181274414,85.6871784210205,0.0005724333153370205,0.0017609491119064435,-0.006565967033950848,-0.04221573487465713,-0.04221573487465713,2026-09-17,1,1.0822673955625204,0.013484345631262806,0.14199407712094964,0.03659141568225822,-0.048266063686071004,-0.2709090844477858,-0.07578665081274855,PULLBACK,0.0023071300395764993,-0.011130082102545402,0.0634846872375292,False,RESEARCH_WHY_REQUIRED
CTSH,Cognizant,IT Consulting & Other Services,US,DISCOVERY,1058290,61.880001068115234,0.0004850864144596567,0.06104254787242325,0.01559167500707792,0.5199715710508217,62.22199935913086,62.19049987792969,53.00585206349691,0.002308804295398917,0.0034697967475018424,-0.004992704841156104,-0.05411184958593451,-0.2761037271386615,2026-09-17,1,0.7256546095329375,0.032811199956614814,0.04190561800172881,0.1123200079190813,-0.09962869256679319,-0.07853864727775772,0.005817118329660583,PULLBACK,0.05474831514407219,0.023991568374518435,0.4804122076275681,False,RESEARCH_WHY_REQUIRED
COIN,Coinbase,Financial Exchanges & Data,US,DISCOVERY,1679788,173.97000122070312,0.057504145825462816,0.009809626499772905,0.08595508448673561,0.09982304511346363,175.45999755859376,179.8550003051758,164.2206662495931,0.007470977471477351,0.001652117561895372,-0.032720797723094,-0.11171817309644572,-0.5674109816080295,2026-09-17,1,0.9191268630167324,0.07102619869622363,0.07493879253869774,0.2653237315524094,-0.14628958426490213,0.5450424286235722,0.024277399561317994,PULLBACK,0.0035153937714218486,0.09435497785417613,0.060263681690210014,False,RESEARCH_WHY_REQUIRED
CL,Colgate-Palmolive,Household Products,US,DISCOVERY,21665,87.7300033569336,0.008159121365856281,-0.001933995062505911,-0.0345548508280038,-0.0349672609938414,87.28800048828126,89.38099975585938,91.1040891011556,-0.0024484734491805635,0.00021509196254917618,-0.018471446990248608,-0.05207995176541136,-0.1061985514305247,2026-09-17,1,1.3542711154668527,0.017680059872314517,0.21102139511226692,0.044277442416363104,-0.0621285770977702,-0.3120822746578317,-0.16468459856043724,BEAR,-0.008228227790856968,-0.02615495746056329,-0.07452662441709501,False,RESEARCH_WHY_REQUIRED
CMCSA,Comcast,Cable & Satellite,US,DISCOVERY,1166691,22.90999984741211,-0.03455540289264336,-0.08978944068460248,-0.13839790462797807,0.018515428195033712,24.227999877929687,25.907999992370605,24.71972764333089,-0.0017722151686747154,0.0016984526553741872,-0.11571715863213483,-0.16234005382558692,-0.2850828797616396,2026-09-17,1,1.4905638673923485,0.03292386211970861,0.41913430728289797,0.09785877518229819,-0.1577206174704434,-1.1833472758871113,-0.5927655417471973,BEAR,-0.09608367341295354,-0.12999801126053756,-0.0210439352282199,False,RESEARCH_WHY_REQUIRED
FIX,Comfort Systems USA,Construction & Engineering,US,DISCOVERY,1035983,1573.9599609375,-0.008435452076971828,-0.010592149304829768,-0.07199043279014927,-0.1746764252134282,1602.3419921875,1598.3189819335937,1705.8782470703125,-0.004016754436867245,-0.0026136999108789228,-0.015240400240147944,-0.08025482613915291,-0.2404050954170368,2026-09-17,1,0.8168815718148733,0.04356933012295091,0.17192361028512418,0.132615346092579,-0.10455412662216057,-0.6991720796458648,-0.09332898096597919,BEAR,-0.016886382033180825,-0.06359053942270876,-0.2142357886366818,False,RESEARCH_WHY_REQUIRED
COP,ConocoPhillips,Oil & Gas Exploration & Production,US,DISCOVERY,1163165,133.19000244140625,0.004904249194204846,-0.02809392172610492,0.01998775136891484,0.2192266696353231,136.19400024414062,134.5434997558594,121.3892635345459,0.004138971555864926,0.002795483836770309,-0.010059923496186562,-0.05952544108482427,-0.05952544108482427,2026-09-17,1,1.1167862631079295,0.026787706882256613,0.06877466986558203,0.0915360497739352,-0.06146443747019181,0.041704912729460225,0.015017591486058251,PULLBACK,-0.03438815445445598,0.028387644736355355,0.1796673062120695,False,RESEARCH_WHY_REQUIRED
ED,Consolidated Edison,Multi-Utilities,US,DISCOVERY,1047862,107.08000183105469,0.01574657267067181,0.0032792885141266215,-0.008518501564308445,-0.00728066840546393,105.99599914550781,107.12949905395507,108.76178906758626,-0.0003679120004550224,0.00031013362092063054,-0.0004620316844332617,-0.018155105188548015,-0.06338708698439233,2026-09-17,1,0.8896213570231585,0.013754742798026146,0.05430921111891765,0.041981164353187245,-0.032275881712464094,-0.10188935572779889,-0.01102001592858951,BEAR,-0.0030149442142244354,-0.00011860819686793089,-0.04684003182871754,False,RESEARCH_WHY_REQUIRED
STZ,Constellation Brands,Distillers & Vintners,US,DISCOVERY,16918,122.44999694824219,-0.004714312255624353,-0.010984578282605462,-0.08290897970336564,-0.13924652242480529,123.30999908447265,128.48699951171875,131.66574096679688,-0.004242246533294443,-0.0015254034300677493,-0.04698531825335339,-0.11843050879110617,-0.2631177666843333,2026-09-17,1,0.7859353050278559,0.025940627420985452,0.36887697745046744,0.07473893840607544,-0.12078489832390638,-0.741361448564327,-0.4092005384169813,BEAR,-0.01727881101095652,-0.07450908633592512,-0.1788058858480589,False,RESEARCH_WHY_REQUIRED
COO,Cooper Companies (The),Health Care Supplies,US,DISCOVERY,711404,53.775001525878906,-0.01529022294708382,-0.0072917972386576935,-0.299165917200242,-0.18707482561672673,53.957000732421875,66.02425022125244,70.44758319854736,-0.013290987414276222,0.00019438294086759967,-0.18552650964343165,-0.30243865507296863,-0.4013692482494349,2026-09-17,1,1.4551257619431668,0.05082020777206505,0.777740210257484,0.1602798015999883,-0.3057474504469704,-2.530549076620466,-1.451669898655566,BEAR,-0.01358602996700875,-0.2907660238328015,-0.22663418903998034,False,RESEARCH_WHY_REQUIRED
CPRT,Copart,Diversified Support Services,US,DISCOVERY,900075,29.65999984741211,-0.03763789289092412,-0.03544715943375254,-0.12378135348845909,0.002027008958416898,30.64000015258789,32.332000160217284,30.21933348973592,0.0012749687335726902,0.000769308804689103,-0.08264259246456773,-0.14351721245770155,-0.3763667159171127,2026-09-17,1,1.0090073373858566,0.040304407221084894,0.3322753438743046,0.11153179619918678,-0.13603267505270344,-1.0863141256730513,-0.36876920481178876,BEAR,-0.0417413921621036,-0.11538146012101858,-0.037532354464836715,False,RESEARCH_WHY_REQUIRED
GLW,Corning Inc.,Electronic Components,US,DISCOVERY,24741,147.8000030517578,0.025249717655252635,-0.09391854171172342,-0.028739957725181564,-0.2369850869672212,149.1060028076172,151.4189651489258,165.4035748799642,-0.002143687400533515,-0.003061446958395337,-0.023900322483439318,-0.1371862205565726,-0.4551537571258013,2026-09-17,1,0.9556181193922737,0.05337862842926561,0.0529562932608623,0.18890845698222336,-0.14775019825283886,-0.4867804343533133,-0.008056609290619103,BEAR,-0.10021277444007448,-0.02034006435774105,-0.2765444503904748,False,RESEARCH_WHY_REQUIRED
CPAY,Corpay,Transaction & Payment Processing Services,US,DISCOVERY,1175454,404.260009765625,0.004946977916081785,-0.010306733523873679,-0.006927328534093946,0.19124241871601,407.0119995117187,409.6064987182617,385.80033213297526,-0.0002679489375715033,0.0024742935189043932,-0.013052744449531195,-0.05427404237407141,-0.05427404237407141,2026-09-17,1,0.729833640573935,0.02076723287311481,0.03546246267336426,0.0536828464518699,-0.041483997250160276,-0.16987059101305024,-0.004576138297485543,PULLBACK,-0.016600966252224736,0.001472564833346568,0.15168305529275639,False,RESEARCH_WHY_REQUIRED
CTVA,Corteva,Fertilizers & Agricultural Chemicals,US,DISCOVERY,1755672,81.52999877929688,0.006418919014369973,-0.035033721852441246,0.03988518183807721,0.03278692327051225,82.4740005493164,84.06021347045899,83.1397523244222,0.004566224016061159,0.0017273618784022487,-0.030100026953313708,-0.10278423775701351,-0.10278423775701351,2026-09-17,1,0.9313789515297486,0.03175629830495839,0.13005605829021422,0.07898735696940032,-0.09958874027903042,0.2217780243117783,0.06567265614493627,BEAR,-0.0413279545807923,0.048285075205517725,-0.006772440152741366,False,RESEARCH_WHY_REQUIRED
CSGP,CoStar Group,Real Estate Services,US,DISCOVERY,1057352,29.295000076293945,-0.035079068269006974,-0.006612400689646525,-0.13148531058795088,-0.03189028900491686,30.638999938964844,31.31874990463257,30.262416648864747,-0.0019696600364154863,-0.0008679430309373684,-0.06461783546600874,-0.12890279078615086,-0.6770833368374276,2026-09-17,1,0.7139440580680314,0.0422061330022432,0.359545823897747,0.10457374385650735,-0.13148531058795088,-1.1350517653806196,-0.4520732698512271,BEAR,-0.012906633417997582,-0.12308541722051036,-0.07144965242817047,False,RESEARCH_WHY_REQUIRED
CRH,CRH plc,Construction Materials,US,DISCOVERY,849395,86.69999694824219,0.0,-0.010951479280876919,-0.08486384944918812,-0.21066853188043,87.7240005493164,91.96700019836426,98.40693003336588,-0.004696258507386629,-0.0022864916800628995,-0.05727057791122503,-0.11701807931026975,-0.33354766622734966,2026-09-17,1,1.087094455907441,0.030594017714728115,0.3029388099359149,0.07626185206512172,-0.10664611826952597,-0.7803421422280696,-0.3371089589689558,BEAR,-0.017245712009227976,-0.07646395608174761,-0.2502278953036836,False,RESEARCH_WHY_REQUIRED
CCI,Crown Castle,Telecom Tower REITs,US,DISCOVERY,1051470,73.73999786376953,0.007101838765326107,0.012754828588981137,0.0021727873497012773,-0.11286376811434573,73.57064361572266,74.36727142333984,75.24461682637532,0.00010676176359279163,-0.003020665816603126,-0.00843480670414165,-0.03778519995572882,-0.22848466023181868,2026-09-17,1,1.2063048088653994,0.026688780524064183,0.011230174361118034,0.05636013938282715,-0.043877822236742414,-0.2292352429230594,0.00043294393970593636,BEAR,0.006460595860630081,0.010572680717141791,-0.15242313153759934,False,RESEARCH_WHY_REQUIRED
CSX,CSX Corporation,Rail Transportation,US,DISCOVERY,277948,47.900001525878906,0.0,-0.023246316646937215,-0.05226652774996687,0.04053579808496033,48.4640007019043,49.7048454284668,49.71337687174479,-0.00135220806310716,0.0010381416934047796,-0.03631122654199481,-0.07898117986836661,-0.10389672460076449,2026-09-17,1,1.0104508727316448,0.021335134619225943,0.3320756617042346,0.050054228896985735,-0.07204145222613056,-0.5047792931071388,-0.34675275536205874,BEAR,-0.029540549375288272,-0.04386663438252636,0.0009764346617067154,False,RESEARCH_WHY_REQUIRED
CMI,Cummins,Construction Machinery & Heavy Transportation Equipment,US,DISCOVERY,26172,523.8800048828125,-0.006862549985189537,-0.0475429031529262,-0.13567398447420442,-0.2477934427166214,537.45,558.3080017089844,621.8973795572916,-0.007209325924097211,-0.00290953395955912,-0.061664881607979116,-0.1352475488097541,-0.2872614155837052,2026-09-17,1,1.0916176102048505,0.030274779366789968,0.5839900758269927,0.06339512252752086,-0.13567398447420442,-1.2379602906577134,-1.2498163474081914,BEAR,-0.053837135881277254,-0.1272740911067639,-0.287352806139875,False,RESEARCH_WHY_REQUIRED
CVS,CVS Health,Health Care Services,US,DISCOVERY,64803,90.2699966430664,-0.015809033562348307,-0.052681333027912,-0.03609188283759379,-0.10575115995909623,93.33800048828125,94.50449981689454,99.77862230936687,-0.000157789970075486,-0.00016885896868537017,-0.04480742379497926,-0.08355333357292993,-0.17936366688121452,2026-09-17,1,1.258382626695879,0.0253222160300408,0.17297867987324433,0.06384764989466456,-0.07510247895135225,-0.3751503087764928,-0.09778161385245421,BEAR,-0.05897556575626306,-0.027691989470153278,-0.14531052338234984,False,RESEARCH_WHY_REQUIRED
DHR,Danaher Corporation,Life Sciences Tools & Services,US,DISCOVERY,313616,212.5,0.019869453722024755,0.05969182313653376,0.004728132387706863,0.18981314763007484,206.7220001220703,210.31300048828126,201.78131586710612,-6.509973796043792e-06,0.0023646283652269495,0.01039878422466134,-0.037023601924763505,-0.12110889938377334,2026-09-17,1,1.8231840275848565,0.02602686264935662,0.01931992314010069,0.07019106931712221,-0.0854923746495917,-0.07339795183431827,0.00130140707664692,STRONG_UP,0.053397590408182705,0.013128025755147377,0.15025378420682123,False,RESEARCH_WHY_REQUIRED
DRI,Darden Restaurants,Restaurants,US,DISCOVERY,940944,206.74000549316406,-0.006439813178099607,-0.003806646223580179,-0.0682770469068339,-0.010341916682510943,210.4800018310547,214.90650024414063,209.5236447652181,-0.002629278158487274,0.000995195437309106,-0.03800022215102461,-0.09037307900585845,-0.10019145875713786,2026-09-17,1,0.9032364542822499,0.02484487131919734,0.2075625371853176,0.09194467284561192,-0.08343674529674006,-0.611722338076797,-0.15413353105622296,BEAR,-0.010100878951931236,-0.05987715353939338,-0.049901280105764556,False,RESEARCH_WHY_REQUIRED
DDOG,Datadog,Application Software,US,DISCOVERY,1561550,236.0,0.022574664697042612,0.06440555069762222,0.010620056878063,0.06995508076082402,229.66400146484375,226.3924987792969,245.18100026448568,-0.005097514091442731,-0.000863420563507783,0.0424373655156709,-0.06345491941980153,-0.19376879264884173,2026-09-17,1,0.7813915832621563,0.04547820195158803,0.021682082656028112,0.15686587769207486,-0.1387230805758053,-0.051497312410732465,0.0014679097483130663,BEAR,0.05811131796927116,0.019019950245503514,0.030395717337570405,False,RESEARCH_WHY_REQUIRED
DVA,DaVita,Health Care Services,US,DISCOVERY,927066,183.08999633789062,-0.05555557741954242,0.009706030381424258,0.03283122877621447,-0.13198690231162746,187.74400024414064,181.16400070190429,205.39550043741863,0.0015631543143364106,-0.001456146104761066,0.010631227112032349,-0.06457875474152475,-0.26021256505670176,2026-09-17,1,2.089375419498578,0.030078863092502746,0.10181933600762619,0.09232849151578755,-0.05555557741954242,0.0912769734269672,0.036206092609419725,BEAR,0.003411797653073201,0.041231122143654986,-0.17154626573488108,False,RESEARCH_WHY_REQUIRED
DECK,Deckers Brands,Footwear,US,DISCOVERY,910521,79.70999908447266,0.022447409191267642,-0.0021281694390398176,-0.12951840832016426,-0.230821179223339,79.3979995727539,84.51750030517579,95.12300008138021,-0.007145715736912417,-0.00443236786969138,-0.05688172512608869,-0.1437318485313107,-0.34818874406965716,2026-09-17,1,1.2567576753096013,0.029714842334527203,0.3498525883682095,0.10145127588092799,-0.15823196573732445,-1.1917600609089454,-0.4466415035067928,BEAR,-0.008422402167390874,-0.12111851495272374,-0.2703805426465926,False,RESEARCH_WHY_REQUIRED
DE,Deere & Company,Agricultural & Farm Machinery,US,DISCOVERY,315189,685.6300048828125,0.02413854972869811,0.011343190273052084,0.18083805369512707,0.16127829742838862,679.2679931640625,664.2379943847657,626.6333465576172,0.005516501101088105,0.002615565969110392,0.032205340072214206,-0.028687595426876933,-0.028687595426876933,2026-09-17,1,0.8559845431654188,0.025559915697035824,0.4364451155654059,0.11076096009459087,-0.041382110652123605,1.3482056609367057,0.7125785581507182,STRONG_UP,0.005048957544701027,0.18923794706256758,0.121718934005135,False,RESEARCH_WHY_REQUIRED
DAL,Delta Air Lines,Passenger Airlines,US,DISCOVERY,27904,79.43000030517578,0.02003335692269803,0.015209643071287804,-0.04634410575005721,-0.08180212880497784,79.18000183105468,79.85750045776368,85.68391494750976,-0.006101809337694026,-0.00028153203803764874,-0.005353287419933683,-0.0654194340315889,-0.16778718251803482,2026-09-17,1,1.1312805471269014,0.027670389959194866,0.16768016226535157,0.07466654692178416,-0.08658222022672679,-0.4852227593108286,-0.10407588796563189,BEAR,0.008915410342936747,-0.03794421238261669,-0.12136149222823145,False,RESEARCH_WHY_REQUIRED
DVN,Devon Energy,Oil & Gas Exploration & Production,US,DISCOVERY,1090012,48.720001220703125,0.005780400535349228,-0.019681506114337166,0.01754580812339257,0.13011133206037528,49.56135711669922,48.44086132049561,45.088681856791176,0.0040404906073655215,0.0015830962760347196,0.005762488374446262,-0.05508145998729663,-0.06309413096829486,2026-09-17,1,1.0238113851555617,0.02856552664051999,0.05798084743000503,0.09233041595107597,-0.05630241771386901,0.0019014859758559044,0.011018263194846055,STRONG_UP,-0.025975738842688223,0.025945701490833084,0.09055196863712167,False,RESEARCH_WHY_REQUIRED
DXCM,Dexcom,Health Care Equipment,US,DISCOVERY,1093557,87.93000030517578,0.006755255232695712,0.040468560909894036,-0.021695560834788852,0.27582708417418655,85.88599853515625,88.13499946594239,81.36450004577637,-0.0024734974983652517,0.002918335407599439,-0.002325967686036212,-0.05032936836620039,-0.05032936836620039,2026-09-17,1,0.7919621001604634,0.02787931304634889,0.08795656785275026,0.0718486373134649,-0.10082302282671307,-0.3419865186769011,-0.026559544342408217,PULLBACK,0.03417432818154298,-0.013295667467348338,0.23626772075093294,False,RESEARCH_WHY_REQUIRED
FANG,Diamondback Energy,Oil & Gas Exploration & Production,US,DISCOVERY,1539838,196.94000244140625,0.01233684197646423,-0.041141228751900294,-0.05567010520479443,0.05382676075232484,202.73999938964843,202.7925003051758,195.14615071614583,0.0004303287747655193,0.0007320539102453136,-0.02885953797582408,-0.09202393737550796,-0.09202393737550796,2026-09-17,1,1.7183357285341776,0.034143789773209005,0.19457005243528058,0.10330468192348552,-0.0803196028516544,-0.5158796817409519,-0.10485231731120531,PULLBACK,-0.04743546148025135,-0.047270211837353915,0.01426739732907123,False,RESEARCH_WHY_REQUIRED
DG,Dollar General,Consumer Staples Merchandise Retail,US,DISCOVERY,29534,124.94999694824219,0.01577103307309291,0.015936247812961657,0.021584493846332764,0.09606624859741197,125.28199920654296,125.925,122.90896046956381,0.0016520701273589652,0.002465000517770465,-0.0077427282251960605,-0.06844112130310254,-0.20253552180668555,2026-09-17,1,0.827931635783909,0.03327616353786613,0.05200944986889043,0.10577729697214494,-0.07672102946477632,0.06872872322379067,0.010612841155714531,PULLBACK,0.0096420150846106,0.029984387213773278,0.05650688517415836,False,RESEARCH_WHY_REQUIRED
DLTR,Dollar Tree,Consumer Staples Merchandise Retail,US,DISCOVERY,935703,114.4000015258789,0.01779359406449399,-0.0359009102035851,-0.1322815177217923,0.008729369824544753,115.38600006103516,125.4644989013672,125.68366584777831,-0.004360582323841518,0.001993537539613117,-0.0881882721596533,-0.16538998020710183,-0.19662916833381083,2026-09-17,1,1.0799997888697006,0.0417676047395193,0.319999770418316,0.12356275278375657,-0.17806214606304271,-1.2163362640366224,-0.3425794128724251,BEAR,-0.04219514293193616,-0.1238816243543518,-0.03082999359870886,False,RESEARCH_WHY_REQUIRED
D,Dominion Energy,Multi-Utilities,US,DISCOVERY,715957,64.29000091552734,0.012281571636094224,-0.011683352814384373,-0.04906298507513218,-0.05128569154346263,64.0979995727539,65.35904693603516,67.62905578613281,-0.0021970857657571943,-0.00020007179090092398,-0.01635651177034536,-0.052531538570869896,-0.11029604718970665,2026-09-17,1,0.5898446443940458,0.017440936901173272,0.3455567292262278,0.03842863418029849,-0.06060028990953448,-0.5191386453890839,-0.4411825975675678,BEAR,-0.01797758554273543,-0.04066309170769167,-0.09084505496671624,False,RESEARCH_WHY_REQUIRED
DPZ,Domino's,Restaurants,US,DISCOVERY,1286681,297.6499938964844,-0.012114152155201507,-0.056127418509004934,-0.11003574951016537,0.058159070897366716,308.24696044921876,330.15403442382814,327.68310597737633,-0.004268556321837513,0.0011663375156591015,-0.0984511383726343,-0.15381354595855834,-0.3189322915200107,2026-09-17,1,0.9908805447062952,0.03849092621769847,0.26141505196582204,0.11375586652962445,-0.1443121080504134,-1.0153341016684796,-0.25286608993310283,BEAR,-0.06242165123735599,-0.10163585614272486,0.018599707474113103,False,RESEARCH_WHY_REQUIRED
DASH,DoorDash,Specialized Consumer Services,US,DISCOVERY,1792789,194.55999755859375,-0.011181119179009547,-0.03218425737447417,-0.11651985977601131,0.13432831571956827,199.0139953613281,216.25624923706056,202.16941680908204,-0.0031754539613875303,0.004928874137147566,-0.10032658827206109,-0.18535517120296208,-0.3185289052238398,2026-09-17,1,0.761235373773265,0.03872879066162815,0.31091729118680583,0.10028852830214266,-0.1788291749756109,-1.1229471174208694,-0.3612381175031151,BEAR,-0.038478490102825225,-0.1081199664085708,0.09476895229631466,False,RESEARCH_WHY_REQUIRED
DOV,Dover Corporation,Industrial Machinery & Supplies & Components,US,DISCOVERY,29905,189.24000549316406,0.0046719307706570845,0.009980308612416833,-0.062449950404928734,-0.1511971120793939,188.9540008544922,194.2108581542969,205.21725718180338,-0.004237227323876829,-0.0018147012390637566,-0.025595132570721546,-0.08155577245033319,-0.19742667376466327,2026-09-17,1,1.0200886266638385,0.02079031463138015,0.2983362284715476,0.054936868828709746,-0.08205600652335965,-0.5944815871273191,-0.33913623162856926,BEAR,0.003686075884065776,-0.05405005703748822,-0.19075647550264752,False,RESEARCH_WHY_REQUIRED
DOW,Dow Inc.,Commodity Chemicals,US,DISCOVERY,1751788,29.489999771118164,-0.019614366824612595,-0.0050607159790515555,-0.060402416599848796,-0.016411992515921736,29.470000076293946,30.176947784423827,29.644695377349855,-0.0017212571520185448,-0.0018657874520997316,-0.02276399913646132,-0.10681962985945104,-0.2949094122942648,2026-09-17,1,0.8436526766723078,0.034870475777140086,0.1836750986119029,0.09559582429538126,-0.11138670592099087,-0.7117632149136095,-0.11605548576153131,BEAR,-0.011354948707402612,-0.05200252323240828,-0.05597135593917535,False,RESEARCH_WHY_REQUIRED
DHI,D. R. Horton,Homebuilding,US,DISCOVERY,882184,140.3800048828125,0.014892983296083573,0.035479805994924396,-0.07559591519425113,-0.09790903847696308,139.24000244140626,143.09450073242186,148.2490982055664,-0.003375170052720991,-0.0007832817316979781,-0.01896995227430376,-0.0736438491339273,-0.1999943992793911,2026-09-17,1,1.4786897586500731,0.025731173705280937,0.2668526901701345,0.07570263121341637,-0.10726980917068696,-0.6746269982854086,-0.2664765149125241,BEAR,0.02918557326657334,-0.06719602182681061,-0.1374684019002167,False,RESEARCH_WHY_REQUIRED
DTE,DTE Energy,Multi-Utilities,US,DISCOVERY,936340,130.44000244140625,-0.001989246464473071,-0.029030772687198447,-0.06279631192922064,-0.12567866273320816,131.05,134.9390007019043,142.37500025431316,-0.002277249865863929,-0.001015397023103755,-0.033340978050051207,-0.0674864320266132,-0.162503997165931,2026-09-17,1,1.5982463267396914,0.016742789040811293,0.4463736582309456,0.03757576592333549,-0.06308377095370177,-0.5658723197409351,-0.7459759978398756,BEAR,-0.035325005415549504,-0.054396418561780124,-0.16523802615646177,False,RESEARCH_WHY_REQUIRED
DUK,Duke Energy,Electric Utilities,US,DISCOVERY,1326160,118.54000091552734,0.006623630818166415,-0.006953185992771949,-0.04093849207978095,-0.043724709114230986,118.50199890136719,120.25549964904785,123.41109733581543,-0.0015169458352781696,-0.00028262962626780493,-0.014265449301919642,-0.04618601480647688,-0.1031632860875279,2026-09-17,1,1.0591591241710792,0.01339511410003179,0.305187072169161,0.03922021590681472,-0.04724916189309969,-0.36211518474780546,-0.3185576174933258,BEAR,-0.013247418721123005,-0.03253859871234044,-0.0832840725374846,False,RESEARCH_WHY_REQUIRED
DD,DuPont,Industrial Conglomerates,US,DISCOVERY,1666700,128.4600067138672,0.006976616925390422,0.008953872304237054,-0.07628025149520445,-0.07845742046168669,127.06999969482422,132.16503448486327,136.40455271402996,-0.005523067225363711,-0.0012144506742657701,-0.028033343201831595,-0.08492793597569359,-0.17675038437716817,2026-09-17,1,1.0085688317283192,0.02570968782207809,0.37962230852230283,0.0582723262335243,-0.10626558939017905,-0.7073561917929131,-0.49693717479587907,BEAR,0.002659639575885997,-0.06788035812776394,-0.1180167838849403,False,RESEARCH_WHY_REQUIRED
EBAY,eBay Inc.,Broadline Retail,US,DISCOVERY,1065088,112.9000015258789,0.0341669269899707,0.07493099912454104,0.10330535410716513,0.03921501567948926,109.36799926757813,105.82427673339843,108.8095167795817,0.0014752801971616245,-0.0004656161502757645,0.06686296387648594,-0.003618357087183166,-0.04821714886021411,2026-09-17,1,1.423308794360343,0.032620521866218034,0.2944680109492154,0.08423574101658565,-0.04491973534385596,0.7406377490640661,0.361130819023147,REBOUND,0.06863676639618999,0.11170524747460564,-0.0003443477437643505,False,RESEARCH_WHY_REQUIRED
ECHO,EchoStar,Wireless Telecommunication Services,US,DISCOVERY,1415404,94.08000183105469,0.006633883507977112,0.024278752248013458,0.06377204018492733,-0.09468818813770086,93.33399963378906,89.3254997253418,91.48666674296061,0.0010333174138243656,-0.005220257408747965,0.053226705927557516,-0.01692784920425494,-0.36108657500132635,2026-09-17,1,0.9822071353060778,0.029594881428928476,0.24436753340341275,0.07427720825395344,-0.03527818476315747,0.25429028401801496,0.20980616431911403,REBOUND,0.0179845195196624,0.07217193355236784,-0.13424755156095447,False,RESEARCH_WHY_REQUIRED
ECL,Ecolab,Specialty Chemicals,US,DISCOVERY,31462,271.67999267578125,-0.008756545585467568,0.002951936232229002,-0.04627914944273859,0.01392747825344176,274.1176452636719,279.28999481201174,277.4944524129232,-0.0008699658488984271,0.0011473137788433326,-0.02724767187364785,-0.07763594943049568,-0.11444300613975833,2026-09-17,1,0.7007782184438116,0.019011280728475518,0.3079873607601796,0.04524862151885603,-0.0653819303685843,-0.455095541598084,-0.3150017087074202,BEAR,-0.0033422964961220547,-0.03787925607529807,-0.025631885169811852,False,RESEARCH_WHY_REQUIRED
EIX,Edison International,Electric Utilities,US,DISCOVERY,827052,55.5,0.012588918252522063,-0.022026431718061623,-0.2442810708744133,-0.23006809844761444,55.400000762939456,62.246000099182126,70.33380031585693,-0.010851819653342809,-0.002332454787572996,-0.10837644328042151,-0.2687747182577238,-0.3200196259203857,2026-09-17,1,0.8359156302401064,0.07166022714347299,0.38316951541301786,0.2763723628493589,-0.27814923210214204,-2.1004228379284604,-0.33867735032008517,BEAR,-0.02832066444641268,-0.2358811775069728,-0.26962746187086806,False,RESEARCH_WHY_REQUIRED
EW,Edwards Lifesciences,Health Care Equipment,US,DISCOVERY,1099800,88.25,-0.011536724836243129,0.01705662572538391,-0.04367142211320674,0.014951156956700684,86.63199920654297,88.83749961853027,89.23416659037272,-0.0030718642583423134,0.00040986497921335636,-0.006613193989621569,-0.05056478862349301,-0.08349777587582141,2026-09-17,1,1.2891787069512046,0.02624750079437095,0.21000512071855448,0.07320063985907993,-0.08571734002330156,-0.4106279320422122,-0.12528882657980367,BEAR,0.010762392997032855,-0.03527152874576622,-0.02460820646655293,False,RESEARCH_WHY_REQUIRED
ELV,Elevance Health,Managed Health Care,US,DISCOVERY,1156039,414.260009765625,0.004120642372240191,-0.005473660950988779,0.04420388914346485,0.053057628114776545,417.46400146484376,404.82292022705076,396.59695587158205,0.00225241051598708,0.00018909510801007383,0.02331164829620147,-0.030222167418812562,-0.04625187767082517,2026-09-17,1,1.1051448019475598,0.026521558156264252,0.16204129685374088,0.07882355154503504,-0.0431072022982113,0.26712175515454695,0.09087202216070683,STRONG_UP,-0.011767893679339836,0.05260378251090536,0.013498264691522932,False,RESEARCH_WHY_REQUIRED
EME,Emcor,Construction & Engineering,US,DISCOVERY,105634,729.260009765625,-0.013793865664056715,-0.025483418931101398,-0.09496390671039778,-0.1299450974361036,746.9200073242188,752.8744995117188,777.9217926025391,-0.004933798815037022,-0.0016068124589505481,-0.03136577180049149,-0.09680212875438376,-0.23354269804537164,2026-09-17,1,1.3774489284284999,0.0333253596251207,0.25624556982930097,0.10563776158630112,-0.09496390671039778,-0.8596175934986503,-0.23035399484816468,BEAR,-0.031777651659452455,-0.08656401334295727,-0.16950446085935722,False,RESEARCH_WHY_REQUIRED
ETR,Entergy,Electric Utilities,US,DISCOVERY,65984,103.30999755859375,0.009675506906980713,-0.022888543663146854,-0.043071522464913525,-0.08684017338713323,103.50399932861328,105.87699928283692,109.35702133178711,-0.0009629410407858475,-0.0004437033797203552,-0.024245131063695413,-0.052549553455823905,-0.12261104827527336,2026-09-17,1,1.0431779129273562,0.01899552805239721,0.2451240430576307,0.04618472691073,-0.0572191942718171,-0.39403685832339724,-0.22860080449656797,BEAR,-0.02918277639149791,-0.03467162909747301,-0.12639953681038685,False,RESEARCH_WHY_REQUIRED
EOG,EOG Resources,Oil & Gas Exploration & Production,US,DISCOVERY,821189,145.47000122070312,0.003725995806333371,-0.013495221772405697,-0.02682629530004177,0.08635731620964204,148.00799865722655,147.41300201416016,141.81188049316407,0.0013979868709695312,0.0013217012489427063,-0.013180660911243036,-0.05637001968716315,-0.05637001968716315,2026-09-17,1,0.9574430647116309,0.02739146590915119,0.09840466263136118,0.08758160937606671,-0.06337795984859851,-0.2792688211585954,-0.03014140248684746,PULLBACK,-0.019789454500756753,-0.018426401932601255,0.04679795278638843,False,RESEARCH_WHY_REQUIRED
EQT,EQT Corporation,Oil & Gas Exploration & Production,US,DISCOVERY,33213,50.349998474121094,-0.0011902672777749368,-0.08387919736436067,-0.061334842523548816,-0.022301086332126352,52.231999206542966,54.08499984741211,52.6274081548055,-0.00014084683343642816,0.0005577026810131374,-0.06905798990160716,-0.10916493159361007,-0.25776297262724157,2026-09-17,1,1.062356569535531,0.029408426969028383,0.3381297389695216,0.06596279280338237,-0.09686101391711044,-0.5531312919048503,-0.3144065527067986,BEAR,-0.09017343009271173,-0.0529349491561083,-0.061860449755379965,False,RESEARCH_WHY_REQUIRED
EFX,Equifax,Research & Consulting Services,US,DISCOVERY,33185,161.1699981689453,-0.016056195566623188,-0.040883095641937484,-0.1585854943177396,0.059697997562655036,166.66799926757812,180.55046157836915,175.59348271687824,-0.003446458262299658,0.0014290033337679485,-0.10734097957989219,-0.18324538536695767,-0.4003377452001605,2026-09-17,1,0.8361869510479488,0.0438858924560317,0.5139939294230886,0.09169345364548993,-0.16952303959289605,-1.3793273762517506,-0.8889618411476112,BEAR,-0.04717732837028854,-0.1501856009502991,0.020138634139401423,False,RESEARCH_WHY_REQUIRED
ERIE,Erie Indemnity,Insurance Brokers,US,DISCOVERY,922621,244.38999938964844,-0.004845681376877353,0.01659736104187326,-0.08598251579522609,0.11156150503981288,247.89800109863282,253.95850143432617,245.67092768351236,-0.0017579062007017504,0.0022727614477231215,-0.03767742363668081,-0.09975320186129455,-0.24819984976240117,2026-09-17,1,0.49181569796961044,0.028930471652789728,0.3042211107429513,0.08410686010585953,-0.10512216800207574,-0.7924243288100424,-0.311005504506697,BEAR,0.010303128313522203,-0.07758262242778557,0.07200214161655927,False,RESEARCH_WHY_REQUIRED
ESS,Essex Property Trust,Multi-Family Residential REITs,US,DISCOVERY,920522,270.79998779296875,-0.0019901546112258695,-0.0021004802832848,-0.057628056802459415,-0.021872570133913083,273.3659973144531,280.0884979248047,286.87401123046874,-0.0018487765031190346,6.251441103050475e-05,-0.03316276891287995,-0.08116182589800447,-0.10730185480675236,2026-09-17,1,0.8601032829470173,0.016911522105652454,0.347315882988474,0.0466878773901017,-0.07768808520351078,-0.5066941483343039,-0.42870099375088616,BEAR,-0.008394713011635857,-0.0492281634350189,-0.061431933557166696,False,RESEARCH_WHY_REQUIRED
EL,Estée Lauder Companies (The),Personal Care Products,US,DISCOVERY,1001250,93.86000061035156,-0.018200814765081286,-0.027055049003061882,-0.03908972349109918,0.12438890506593925,96.21000061035156,100.27183837890625,89.23005332946778,0.005521346827833464,0.0029289599227152853,-0.06394455185239245,-0.1310313288148932,-0.22032551956720725,2026-09-17,1,0.6794859417026059,0.03397434001596987,0.10704244451379158,0.1005321675877571,-0.11327725253585297,-0.4651383029362824,-0.041621101566350814,PULLBACK,-0.03334928173141294,-0.030689830123658668,0.08482954164268564,False,RESEARCH_WHY_REQUIRED
EG,Everest Group,Reinsurance,US,DISCOVERY,1095073,380.1199951171875,0.006220732646474492,0.02449935683852278,0.050165722826717385,0.11243110030612957,377.7379943847656,374.7631530761719,370.8384312947591,0.0012488746100252236,0.002122240151263648,0.014293940044652231,-0.01505863249501771,-0.047082019446869516,2026-09-17,1,1.3344120133999584,0.018486469568477715,0.26692734152024644,0.054178602188258033,-0.04251141645009471,0.2799036052773428,0.2471566723528227,STRONG_UP,0.018205124110171722,0.0585656161941579,0.07287173688287596,False,RESEARCH_WHY_REQUIRED
EVRG,Evergy,Electric Utilities,US,DISCOVERY,1711269,80.83999633789062,0.005597673238695533,-0.006391399564404376,-0.03278302743642669,-0.03919137219448743,80.78199920654296,81.33449974060059,83.37924677530924,-0.0009482649234186203,-0.00010769956887907816,-0.006079872677487219,-0.04297389404941554,-0.0801738522453278,2026-09-17,1,1.0753519649325405,0.015171066812887298,0.21240337585682773,0.043814842201670534,-0.040440354256568556,-0.29846868698861867,-0.15892390223052194,BEAR,-0.012685632292755433,-0.02438313406898618,-0.07875073561774104,False,RESEARCH_WHY_REQUIRED
ES,Eversource Energy,Electric Utilities,US,DISCOVERY,72741,68.98999786376953,0.016651889821020616,0.0,-0.041672455744158454,-0.028720272428358062,68.18199920654297,70.17499961853028,72.23916676839193,-0.001995264751145122,0.0002851271304770381,-0.016886380637013088,-0.051683878161243535,-0.09899440853161012,2026-09-17,1,1.3163201072057396,0.018118568469422208,0.21582743289972006,0.05437484788188189,-0.06846850085837297,-0.382036814759064,-0.1654084470346776,BEAR,-0.006294232728351057,-0.03327256237671794,-0.06827963585161168,False,RESEARCH_WHY_REQUIRED
EXC,Exelon,Electric Utilities,US,DISCOVERY,1109357,42.63999938964844,0.004712553473401604,-0.017285088973265306,-0.04975712649000663,-0.07666230102136273,42.63199996948242,43.45636768341065,45.08542709350586,-0.0020791171869059513,-0.000551994437579156,-0.018785930285513897,-0.05848640107158931,-0.14213583115880069,2026-09-17,1,0.7772733643324671,0.016876084996949637,0.3330241868261483,0.043315763065807006,-0.05956260410185432,-0.5130340300443808,-0.38254726259735916,BEAR,-0.023579321701616363,-0.04135723312256612,-0.11622166444461635,False,RESEARCH_WHY_REQUIRED
EXE,Expand Energy,Oil & Gas Exploration & Production,US,DISCOVERY,895126,88.33000183105469,-0.004620194304537306,-0.08815939582316845,-0.08018324529961596,0.0014728521439657527,91.90600128173828,96.07550163269043,92.51904271443685,-0.00040306071552493586,0.001387708405154778,-0.08061888483546864,-0.11793486749126703,-0.29011576906776004,2026-09-17,1,1.0476536815163557,0.028239876717495976,0.35549379715535645,0.07660524313228462,-0.1165233160103808,-0.703583694169547,-0.37209785093400255,BEAR,-0.09445362855151951,-0.07178335193217544,-0.03808651127928786,False,RESEARCH_WHY_REQUIRED
EXPE,Expedia Group,"Hotels, Resorts & Cruise Lines",US,DISCOVERY,1324424,284.54998779296875,-0.008432983996376597,0.0277014691378763,-0.12661232270105593,0.1627705765907368,286.6579895019531,304.51128540039065,291.46608072916666,-0.006363743818455444,0.004286873253390295,-0.06555191404868799,-0.16678309212407816,-0.16678309212407816,2026-09-17,1,0.9756824366182825,0.043635320066032025,0.2828080555953665,0.13473384426543294,-0.19501965238948993,-1.2261959465550587,-0.2657608783651791,BEAR,0.021407236409525243,-0.11821242933361542,0.12321121316748318,False,RESEARCH_WHY_REQUIRED
EXPD,Expeditors International,Air Freight & Logistics,US,DISCOVERY,746515,189.0800018310547,0.00021164063871559335,-0.0012677238742815344,0.014160048031956807,0.17193508195617424,191.6459991455078,189.21100006103515,179.31100006103514,0.0017109467128620225,0.0025593330102209014,-0.0006923393985455162,-0.028315918652201733,-0.028315918652201733,2026-09-17,1,1.1574199506758815,0.01725083236177049,0.09516938957705,0.04394087112606967,-0.02623445815998038,0.007857124373984295,0.03066855738286714,PULLBACK,-0.007561956602632591,0.02255994139939732,0.13237571853292063,False,RESEARCH_WHY_REQUIRED
EXR,Extra Space Storage,Self-Storage REITs,US,DISCOVERY,1289490,139.02999877929688,0.01905743782963043,0.0308882820716041,-0.04898452944332299,-0.04801911260858771,137.3160888671875,139.47275314331054,143.66848220825196,-0.0033077852395683497,-0.0005338012608319084,-0.003174486442945046,-0.0519969139413905,-0.11464821098912936,2026-09-17,1,0.9989576042320667,0.01876124771121012,0.3236468910423511,0.04442651091416215,-0.0830234072799918,-0.5202851036830105,-0.35685203130480825,BEAR,0.024594049343253044,-0.040584636075882474,-0.08757847603184132,False,RESEARCH_WHY_REQUIRED
FFIV,"F5, Inc.",Communications Equipment,US,DISCOVERY,1048695,434.6199951171875,0.026039327827984016,0.09069459730590945,0.1358753615004602,0.11575487505248105,422.45799560546874,400.49149932861326,405.14283447265626,0.00044597202167528124,0.0002059772071908367,0.08521652980347261,-0.011058559542294621,-0.011058559542294621,2026-09-17,1,1.0695523622409513,0.03240599620051463,0.30710602066304016,0.11278999717385303,-0.05021697148411974,1.0216375916178653,0.36996314054551455,REBOUND,0.0844003645775584,0.14427525486790072,0.07619551162922744,False,RESEARCH_WHY_REQUIRED
FDS,FactSet,Financial Exchanges & Data,US,DISCOVERY,1013237,278.8500061035156,0.008827475160374298,0.06054848770092702,-0.06105059780799793,0.2830658979618417,273.797998046875,292.12037506103513,270.2855204264323,-0.0012299598758448245,0.0031785409302208046,-0.04542774174771902,-0.12989891243041818,-0.1852710356422177,2026-09-17,1,0.56183442538253,0.044706435256856955,0.1440169568602659,0.13003123791081428,-0.1717110458745742,-0.6768702545899771,-0.06761699305545604,PULLBACK,0.054254254972575966,-0.052650704440557416,0.24350653453858806,False,RESEARCH_WHY_REQUIRED
FICO,Fair Isaac,Application Software,US,DISCOVERY,814547,966.2999877929688,-0.025268561466562756,0.0058604983844270375,-0.16812298984472573,-0.1210740690447103,986.1,1063.9740020751954,1141.1763295491537,-0.004440326562236022,-0.001951191721329117,-0.0918011286852135,-0.1871635698993187,-0.5163687954164355,2026-09-17,1,0.6956124440486786,0.05484469638088616,0.37475738980891377,0.19223949436866053,-0.20501080881272948,-1.4736527699347444,-0.3277439583785716,BEAR,-0.00043373434392401933,-0.15972309647728522,-0.1606334324679639,False,RESEARCH_WHY_REQUIRED
FAST,Fastenal,Trading Companies & Distributors,US,DISCOVERY,815556,49.18000030517578,0.0030593826150011605,0.0034687204542891426,-0.043934649725277275,0.08442719606894955,49.27599945068359,49.69799976348877,48.581728808085124,-0.00241257792488799,0.0013145632502968739,-0.010422943796090989,-0.05695112432986782,-0.0706726756079944,2026-09-17,1,0.8424256414859105,0.021626095534264495,0.22332018417615473,0.05814060425345904,-0.06823480589501263,-0.43040106121689403,-0.16875459404569293,PULLBACK,-0.0028255122740619143,-0.03553475635783676,0.04486783264569594,False,RESEARCH_WHY_REQUIRED
FRT,Federal Realty Investment Trust,Retail REITs,US,DISCOVERY,34903,111.76000213623047,-0.005870806293049369,-0.026819873736306787,-0.04933647110253192,-0.08802929291891681,113.4,116.00149993896484,120.042431640625,-0.0013671675620528373,-0.0006742732818622334,-0.03656416343724922,-0.05965499729841761,-0.1283051533906322,2026-09-17,1,1.3524485505125452,0.015134471733143539,0.47154393379924286,0.028791451017177585,-0.05239952668515557,-0.44434256009468626,-0.808028523799672,BEAR,-0.033114106464657844,-0.040936577735091406,-0.12758865634217043,False,RESEARCH_WHY_REQUIRED
FDX,FedEx,Air Freight & Logistics,US,DISCOVERY,1048911,305.8800048828125,0.013787629740417584,-0.015135338028182899,-0.06486143904259256,-0.032023711810833966,307.8400024414062,319.4047332763672,317.0678232828776,-0.002815939501951689,-0.00046767144702046206,-0.04234354405090279,-0.09902058404537761,-0.10752641329198209,2026-09-17,1,0.8235615578336078,0.02334338129084791,0.27695090795445626,0.066236911470981,-0.09847175094568372,-0.5986353140224439,-0.27119975909427135,BEAR,-0.021429570756533955,-0.05646154567515205,-0.07158307523408758,False,RESEARCH_WHY_REQUIRED
FERG,Ferguson Enterprises,Trading Companies & Distributors,US,DISCOVERY,2011641,214.25999450683594,-0.00041992812743951724,-0.03036614326288245,-0.11567344161042326,-0.08113920930326601,217.71399841308593,226.13699951171876,233.05987879435222,-0.005779406332768703,-0.0002718115534600465,-0.05252128148214563,-0.12073210379683863,-0.20228370753543268,2026-09-17,1,1.4236275397525546,0.026436487061674407,0.4402042173147561,0.06824313275738207,-0.11567344161042326,-1.0150257816968236,-0.7461547377851341,BEAR,-0.03666037599123351,-0.10727354824298274,-0.12069857272651963,False,RESEARCH_WHY_REQUIRED
FIS,Fidelity National Information Services,Transaction & Payment Processing Services,US,DISCOVERY,1136893,36.43000030517578,-0.011397508448752536,-0.04332986991963095,-0.09368091028358672,-0.031003524949621886,37.3879997253418,39.50207004547119,40.81111036936442,-0.004777237940825643,0.0001294389320965159,-0.07776984185282254,-0.13959997894637755,-0.45296747159037876,2026-09-17,1,0.810556463917494,0.034822576781544094,0.32580130278538366,0.08940588030575511,-0.12840739022890346,-0.9062437265204125,-0.34137981206755724,BEAR,-0.049624102647982005,-0.0852810169161462,-0.0705628883728755,False,RESEARCH_WHY_REQUIRED
FITB,Fifth Third Bancorp,Regional Banks,US,DISCOVERY,35527,53.27000045776367,0.01640909392969636,-0.02131177367092174,-0.030749611624110162,-0.018695120766024864,53.89000015258789,54.35999984741211,56.20814533233643,-0.0029875174985985035,0.0008012844641358845,-0.020051497290435205,-0.044312901799881455,-0.10470587465943404,2026-09-17,1,1.0847838750800918,0.02117916548206519,0.16584863485208604,0.06070637705534367,-0.048820303107129814,-0.3349317287785399,-0.08400733757247994,BEAR,-0.027606006399272798,-0.02234971825666965,-0.05825448418927848,False,RESEARCH_WHY_REQUIRED
FSLR,First Solar,Semiconductors,US,DISCOVERY,1274494,201.16000366210938,0.05280785027013324,-0.029009965535332194,-0.09550355583310455,-0.19290643865907553,202.12799987792968,205.7069999694824,218.06516749064127,-0.005583648593844934,-0.005404820496744179,-0.022104237133629856,-0.10595553927951384,-0.3732357189245109,2026-09-17,1,1.3440371796866006,0.0462247392936264,0.22310911250919213,0.12700620813596233,-0.14087224564784884,-0.9656358088071262,-0.16776907126134935,BEAR,-0.03530419826368325,-0.08710366246566403,-0.23246580208232914,False,RESEARCH_WHY_REQUIRED
FE,FirstEnergy,Electric Utilities,US,DISCOVERY,1031296,45.72999954223633,0.007712614937927187,-0.011243253140836185,-0.032169321857432154,-0.02669439611322255,45.68000106811523,46.23100032806396,47.266455205281574,-0.0012112954257309874,0.00014151123481060201,-0.010836901262625487,-0.042904966292063085,-0.1085273454984721,2026-09-17,1,0.7011891051119664,0.015619630908283706,0.24126994314889372,0.041318761848517634,-0.040634881882440466,-0.3005920377251883,-0.1878442167298286,BEAR,-0.01753748586918724,-0.02376942848999164,-0.06625375953647616,False,RESEARCH_WHY_REQUIRED
FISV,Fiserv,Transaction & Payment Processing Services,US,DISCOVERY,798354,49.29999923706055,-0.003033397847615915,0.007561801135848922,-0.053379464213775374,0.04228329877927273,50.268000793457034,51.502000427246095,51.72650032043457,-0.002627851216179981,-0.0005071691474979393,-0.04275564389573927,-0.08686798102613869,-0.6364038603983377,2026-09-17,1,0.7938552934394635,0.03664156059344929,0.1716050094955301,0.09854005407650065,-0.08741323817985924,-0.4988877881252378,-0.09295898555281701,BEAR,0.0012675684074978655,-0.04497957084633486,0.0027239353560191137,False,RESEARCH_WHY_REQUIRED
FLEX,Flex Ltd.,Electronic Manufacturing Services,US,DISCOVERY,866374,109.0199966430664,0.010379936064401907,0.009350934976948277,-0.03547732619249533,-0.28205471016742767,109.80399932861329,109.88849983215331,122.46316680908203,-0.005729513997753573,-0.005245564961722356,-0.007903494818961798,-0.07358942589778772,-0.3466379225441337,2026-09-17,1,1.1303879268827646,0.04786141058545582,0.07151780362637863,0.1454620763673365,-0.08109285217727558,-0.5015177561016092,-0.017442762479317957,BEAR,0.0030567022485972206,-0.027077432825054815,-0.3216140735906813,False,RESEARCH_WHY_REQUIRED
FTV,Fortive,Industrial Machinery & Supplies & Components,US,DISCOVERY,1659166,55.06999969482422,-0.004159123786790064,0.010273369850202219,-0.06388726705585468,-0.08622735676267723,55.33999938964844,57.4395357131958,59.90822118123372,-0.0047984430638762735,-0.0008961406601769484,-0.04125270145293358,-0.09314071504226995,-0.14595658966533287,2026-09-17,1,1.0050729303967358,0.022618323281253794,0.26485390854128976,0.06570967223567452,-0.09731455947376721,-0.5714250633648189,-0.25750839731898406,BEAR,0.003979137121851162,-0.055487373688414166,-0.12578672018593084,False,RESEARCH_WHY_REQUIRED
FOXA,Fox Corporation (Class A),Broadcasting,US,DISCOVERY,1754301,64.9800033569336,-0.017835553806832438,-0.0030683790626847562,-0.03962497710992374,0.33771439485059696,66.63600158691406,66.99784088134766,60.812110392252606,0.0003149114224738784,0.00112390329852654,-0.03011794854684391,-0.07323989837632983,-0.1414158389705653,2026-09-17,1,0.8681358515486018,0.029112064778210232,0.11521733927300351,0.09248901183534922,-0.08798335800714485,-0.49820244912319345,-0.04936245226067123,PULLBACK,-0.009362611791035813,-0.03122508374248323,0.29815503142734334,False,RESEARCH_WHY_REQUIRED
FOX,Fox Corporation (Class B),Broadcasting,US,DISCOVERY,1754301,58.43000030517578,-0.012172463265078926,0.006372699330575271,-0.027678927764263284,0.31803518105191375,59.502000427246095,59.817650413513185,54.37338269551595,0.0005307133394553129,0.001023942945516355,-0.023198004246986037,-0.06692404274819264,-0.13408087619578446,2026-09-17,1,0.7895295214101734,0.02904285412380316,0.08481267468352485,0.09012195334824057,-0.08467216434930391,-0.40133111310474207,-0.026048302426248688,PULLBACK,7.84666022242142e-05,-0.01927903439682277,0.27847581762866014,False,RESEARCH_WHY_REQUIRED
BEN,Franklin Resources,Asset Management & Custody Banks,US,DISCOVERY,38777,33.06999969482422,0.010696774482380933,-0.017528228023246717,-0.026780454963838407,-0.011485516021522924,33.24000091552735,33.979000091552734,33.64371560414632,-0.00015698017420123957,0.0012408757802593194,-0.026751828902537245,-0.06555523410104436,-0.0884784782932363,2026-09-17,1,0.7469255761603288,0.024698677803405372,0.12691779134706802,0.06403878672171778,-0.06594340962292533,-0.2699076690082391,-0.05307589929912435,BEAR,-0.023822460751597774,-0.018380561596397893,-0.051044879444776536,False,RESEARCH_WHY_REQUIRED
GRMN,Garmin,Consumer Electronics,US,DISCOVERY,1121788,275.3500061035156,-0.005705364583298844,0.015489512488626955,-0.0651190294371381,0.16922408451533766,278.86000366210936,280.96246948242185,270.96055959065757,-0.005314647070544599,0.0027793184760451163,-0.01997584726972712,-0.07373417400077054,-0.12047767319209457,2026-09-17,1,1.3248420134985641,0.02272058861526828,0.3646338159161231,0.06165772720277227,-0.07944676391664318,-0.7060308250228339,-0.38510339692427725,PULLBACK,0.009195279760275898,-0.056719136069697584,0.12966472109208405,False,RESEARCH_WHY_REQUIRED
IT,Gartner,IT Consulting & Other Services,US,DISCOVERY,749251,187.8000030517578,-0.019679512075606254,0.1006916447440438,-0.026034664878007208,0.4537855217495046,190.3300018310547,189.8659996032715,165.283833694458,-0.0002569949108386854,0.003553424521121463,-0.010881340291735264,-0.0750135242038531,-0.29358661372897243,2026-09-17,1,0.6922590410409085,0.04551955775466075,0.046490132164180506,0.17301763272735304,-0.1631817562732375,-0.41196705257326005,-0.006995558729762655,PULLBACK,0.09439741201569274,-0.017634771510566694,0.414226158326251,False,RESEARCH_WHY_REQUIRED
GE,GE Aerospace,Aerospace & Defense,US,DISCOVERY,40545,313.4700012207031,0.0018216917076940842,-0.032947687419028204,-0.12003483268361159,-0.11953112336619764,314.92799682617186,332.50550079345703,352.56409149169923,-0.006636828160408878,5.207842559720217e-05,-0.057248675668010174,-0.12042989888499822,-0.19383292826618892,2026-09-17,1,1.315200155125692,0.026026649005712527,0.41353964864063997,0.08010438422397222,-0.13805693421839993,-1.0722532851679687,-0.6196809701929351,BEAR,-0.03924192014737926,-0.11163493931617108,-0.15909048678945126,False,RESEARCH_WHY_REQUIRED
GEHC,GE HealthCare,Health Care Equipment,US,DISCOVERY,1932393,64.44499969482422,0.015041707215473599,0.0031911867663729776,-0.1363575807724542,0.011949287856323432,64.0370002746582,69.0827501296997,67.6671662012736,-0.005807371230307294,0.0012858938417765337,-0.06713326302395783,-0.14811634639850735,-0.2810693042364112,2026-09-17,1,1.5352935283085742,0.02634361288612801,0.700516487631978,0.046282151251520055,-0.1514300730094923,-1.1830696421935554,-2.0638784274656237,BEAR,-0.0031030459619780792,-0.12795768740501368,-0.02761007556693018,False,RESEARCH_WHY_REQUIRED
GEN,Gen Digital,Systems Software,US,DISCOVERY,849399,30.209999084472656,-0.014355645661789929,0.008008000554448502,0.09694982135748376,0.30452175467192255,30.75199966430664,30.18199987411499,27.875865077972414,0.003317052023375218,0.0032430000565920225,0.0009276790959660275,-0.045497647753984016,-0.045497647753984016,2026-09-17,1,0.806615208617431,0.0273915863437189,0.26150816928140963,0.08859857913022023,-0.05011170439347079,0.6419264650989982,0.2861577526891459,STRONG_UP,0.0017137678260974454,0.10534971472492427,0.26496239124866894,False,RESEARCH_WHY_REQUIRED
GNRC,Generac,Heavy Electrical Equipment,US,DISCOVERY,1474735,207.22999572753906,0.18342753129594103,0.14069465413229132,-0.016982125480361265,-0.24517378422959124,184.26799926757812,190.170499420166,214.76683349609374,-0.008314615306305003,-0.0059342885073522,0.08970632332242823,-0.10633236807404745,-0.30093781533921105,2026-09-17,1,6.001648502336002,0.05107751439968633,0.03243929703956624,0.22459446252073484,-0.1697262899941544,-0.38574548101846623,-0.002452812979615501,BEAR,0.13440042140394026,-0.008582232112920751,-0.28473314765284485,False,RESEARCH_WHY_REQUIRED
GIS,General Mills,Packaged Foods & Meats,US,DISCOVERY,40704,36.65999984741211,-0.004075020925909167,0.019466095126840832,-0.08327085999718209,0.0832001058606111,36.47400054931641,38.79400005340576,37.44309476216634,-0.002108980284722381,0.002693873231372125,-0.055008511704281116,-0.13127964017461913,-0.24136148473586083,2026-09-17,1,0.6250161575381493,0.03197336050407043,0.29184932184667395,0.07783079854800928,-0.13718413640439575,-0.7610699716685672,-0.31224842187345797,BEAR,0.013171862398489775,-0.07487096662974158,0.043640742437357494,False,RESEARCH_WHY_REQUIRED
GPC,Genuine Parts Company,Distributors,US,DISCOVERY,40987,130.8800048828125,0.002758202563340806,-0.02444841003103848,-0.019631146355850948,0.23883550197679093,131.86000061035156,134.43787994384766,128.33744570414225,4.5600081153381985e-05,0.0047499688215284575,-0.02646482570627584,-0.05712482345300374,-0.11224359874491441,2026-09-17,1,0.812550043314088,0.022664426838316723,0.09065324914482299,0.05756476739592019,-0.05702201056861833,-0.4009138508354678,-0.03091521571442271,PULLBACK,-0.030742642759389538,-0.011231252988410434,0.19927613855353732,False,RESEARCH_WHY_REQUIRED
GILD,Gilead Sciences,Biotechnology,US,DISCOVERY,882095,150.88999938964844,0.021736232889139506,0.04785476834236224,0.028047690919725143,0.21343334423805116,146.67501525878907,146.69356689453124,136.79314206441242,0.0029549429667978526,0.0026281325620270916,0.028606792949102733,-0.005310743065008894,-0.02343122338117498,2026-09-17,1,1.2692704392915042,0.022515229151275844,0.11563854323784835,0.06850501233308756,-0.049596599602895974,0.09162577442929246,0.047345354867937166,STRONG_UP,0.041560535614011185,0.03644758428716566,0.17387398081479755,False,RESEARCH_WHY_REQUIRED
GPN,Global Payments,Transaction & Payment Processing Services,US,DISCOVERY,1123360,85.4000015258789,-0.012602570988699546,-0.03284259825199609,-0.06647267575356552,0.33232411131270156,87.87000122070313,90.50495109558105,84.30869674682617,-0.000735099525318017,0.004799071172613413,-0.05640519670919297,-0.10678144791436506,-0.10678144791436506,2026-09-17,1,0.743569703549295,0.03238927236468601,0.24267592738906757,0.07501604181139862,-0.0918155933285918,-0.7320117464071818,-0.21503824842006208,PULLBACK,-0.03913683098034715,-0.05807278238612501,0.29276474788944795,False,RESEARCH_WHY_REQUIRED
GL,Globe Life,Life & Health Insurance,US,DISCOVERY,320335,172.25999450683594,-0.004162338065016535,0.008547959186134824,0.00466573989060759,-0.01711169262283807,172.52399597167968,172.70400009155273,177.48224665323895,-0.002312289114378112,0.0011667338193174265,-0.0025709050426244717,-0.02677969205177433,-0.10070481982560775,2026-09-17,1,0.7494422228030602,0.019882753750011847,0.029695197724433006,0.046233535150360563,-0.0379560207686187,-0.05481486238131393,0.0029967439896554458,BEAR,0.002253726457783767,0.013065633258048104,-0.05667105604609168,False,RESEARCH_WHY_REQUIRED
GDDY,GoDaddy,Internet Services & Infrastructure,US,DISCOVERY,1609711,98.1500015258789,-0.009486273556882585,0.0184704651713834,0.013527522072775078,0.2897503744268304,100.43199920654297,98.80199966430663,93.63749974568685,0.0022517256578556966,0.00321336210079964,-0.006599037880235081,-0.0740565893785009,-0.3376746075384739,2026-09-17,1,0.9569889589543886,0.04132158523191765,0.027492238112034734,0.1428346752175805,-0.10373444258337505,-0.010444178109449767,0.0026037225017245904,PULLBACK,0.012176232443032342,0.021927415440215592,0.25019101100357677,False,RESEARCH_WHY_REQUIRED
HAL,Halliburton,Oil & Gas Equipment & Services,US,DISCOVERY,45012,34.029998779296875,-0.013908999292440494,-0.056556721175134106,-0.023759793579994692,-0.026262263738629166,35.0119987487793,35.739767456054686,34.175105539957684,0.0030519779945819307,-0.0013308308166211247,-0.047839390081654276,-0.10588550837053401,-0.21235660542346946,2026-09-17,1,1.1836181400321069,0.033363216360412846,0.0678102360306179,0.08840131105242376,-0.0956684078297495,-0.36042571728849304,-0.01822549000141809,BEAR,-0.06285095390348516,-0.015359900212554178,-0.06582162716188278,False,RESEARCH_WHY_REQUIRED
HIG,Hartford (The),Property & Casualty Insurance,US,DISCOVERY,874766,133.13999938964844,-0.013339284268498619,-0.02675441213787566,-0.027673669162041836,0.018229126856214917,135.61199951171875,136.94891433715821,137.9324940999349,-0.0005849156770420399,0.0011071938285457657,-0.02781266989917497,-0.0517769680425042,-0.08452089654839423,2026-09-17,1,1.0530869931774967,0.01693633965034567,0.148816065600884,0.05040389255259972,-0.049000004359654015,-0.30719308450298277,-0.08170572463501465,BEAR,-0.03304864486622672,-0.019273775794601322,-0.021330236567038696,False,RESEARCH_WHY_REQUIRED
HAS,Hasbro,Leisure Products,US,DISCOVERY,46080,88.76000213623047,-0.00604704252041699,-0.01552796660396849,-0.04896603027070334,0.07911192628690245,90.11400146484375,92.51450042724609,88.72928657531739,-0.0023885276034339743,0.0017022610312171266,-0.040582808896732714,-0.09613029638877901,-0.15143012375396425,2026-09-17,1,0.7887036883406027,0.02317644649329732,0.26462076335486673,0.05228875345900934,-0.08248910382215013,-0.4870328025685967,-0.24780526311166953,PULLBACK,-0.021822199332319547,-0.04056613690326283,0.03955256286364883,False,RESEARCH_WHY_REQUIRED
HCA,HCA Healthcare,Health Care Facilities,US,DISCOVERY,860730,429.0400085449219,-0.0032292919975638323,0.020467442129370017,0.055966328132311505,0.11090423184476395,426.6742370605469,418.45019378662107,404.2743392944336,0.0013864993729498796,0.0017312297118103614,0.025307228710953478,-0.015278180045537937,-0.2249459256923948,2026-09-17,1,0.8847447623607747,0.031746376262780714,0.22047732206797152,0.08978405264498376,-0.06341437876839906,0.3608033152058808,0.13743316089083682,STRONG_UP,0.01417320940101896,0.06436622149975202,0.07134486842151033,False,RESEARCH_WHY_REQUIRED
DOC,Healthpeak Properties,Health Care REITs,US,DISCOVERY,765880,20.5,0.007370988487393815,0.011464146955346255,-0.0075373538833172216,0.011641796917025049,20.315600204467774,20.76319456100464,21.175485038757323,-0.0005604118347969511,0.0009176140405738267,-0.012676014773706612,-0.05488416581957556,-0.0978166542696065,2026-09-17,1,1.5345498605736692,0.018573161399223995,0.045945839454679525,0.04569151069995755,-0.06455180441344543,-0.17189956288312952,-0.00757930841267457,BEAR,0.005169914226995198,0.0008625394841232925,-0.027917566506228564,False,RESEARCH_WHY_REQUIRED
HSIC,Henry Schein,Health Care Distributors,US,DISCOVERY,1000228,85.04000091552734,-0.019937718041588726,-0.025887766978548332,-0.047597714821626,0.06167294051824834,87.3239990234375,88.82149963378906,87.31616655985515,-0.0008961198205991985,0.002047165227370262,-0.04257413727366499,-0.07252700783957922,-0.07745714217845945,2026-09-17,1,1.8997571151654917,0.020922917060159318,0.25617824166262737,0.04862192960472383,-0.06405458568928468,-0.4866795084209702,-0.2507818794788983,BEAR,-0.03218199970689939,-0.03919782145418549,0.02211357709499473,False,RESEARCH_WHY_REQUIRED
HSY,Hershey Company (The),Packaged Foods & Meats,US,DISCOVERY,47111,168.3300018310547,-0.014403604144165416,-0.03447283832212478,-0.10837434282901148,-0.053642353257270736,171.30799865722656,177.5900001525879,177.16724192301433,-0.002896382390254603,-0.00031891969541297647,-0.05214256609931234,-0.1161923978930598,-0.2861289951581283,2026-09-17,1,1.192749771299723,0.0226807805704936,0.5639478104777759,0.04768795412948902,-0.11377277209953673,-0.9263210104626454,-1.2816124001552707,BEAR,-0.040767071050475834,-0.09997444946157097,-0.09320171668052435,False,RESEARCH_WHY_REQUIRED
HLT,Hilton Worldwide,"Hotels, Resorts & Cruise Lines",US,DISCOVERY,1585689,302.5400085449219,-0.0101102519010704,-0.012081967762020307,-0.09575552055235215,-0.11968776078911025,306.5500061035156,315.5660003662109,322.8860509236654,-0.0023518845445432606,-0.001353478228812902,-0.041278185248640575,-0.09532923749403988,-0.154531405362749,2026-09-17,1,1.0797093709976846,0.02058287941406851,0.493208464801093,0.048620494320446704,-0.09575552055235215,-0.8245317974513487,-0.971348275000862,BEAR,-0.018376200490371364,-0.08735562718491163,-0.15924712421236387,False,RESEARCH_WHY_REQUIRED
HD,Home Depot (The),Home Improvement Retail,US,DISCOVERY,354950,302.510009765625,0.00013227277006122584,-0.010402671498525029,-0.1149018392801815,-0.06075117559507448,306.0140014648438,319.00107421875,332.9902333577474,-0.005042007697677302,4.188556067305962e-05,-0.05169595272841143,-0.10952229738258445,-0.27105628516580216,2026-09-17,1,1.1158847682817883,0.019795990295311348,0.5665333586917857,0.054170118722523884,-0.11501889818197075,-1.042800481307618,-1.2016906453667826,BEAR,-0.016696904226876086,-0.10650194591274098,-0.1003105390183281,False,RESEARCH_WHY_REQUIRED
HON,Honeywell Technologies,Industrial Conglomerates,US,DISCOVERY,773840,206.49000549316406,-0.00563420084904287,0.021317701916699683,-0.06873219919736007,-0.1119351136855149,204.26600341796876,210.33300018310547,225.6335355122884,-0.006619836538830479,-0.0016712419988817906,-0.01827100210901711,-0.07061836213809303,-0.19991834104509698,2026-09-17,1,1.1398043998514573,0.022769991583138038,0.32397953556687853,0.056564035546835076,-0.09177824938819978,-0.6357107181855641,-0.3936746336992366,BEAR,0.015023469188348626,-0.06033230582991955,-0.1514944771087685,False,RESEARCH_WHY_REQUIRED
HRL,Hormel Foods,Packaged Foods & Meats,US,DISCOVERY,48465,20.760000228881836,-0.0009624859048501522,-0.0038387679040453593,-0.1495288669130097,-0.15012487462759172,20.772000122070313,21.91899995803833,23.946096992492677,-0.0077718212504609375,-0.0013319082950745541,-0.052876487584984755,-0.1495288669130097,-0.21452894479095375,2026-09-17,1,0.5674035973714127,0.01870010149556895,0.5712051731852347,0.11013933223867924,-0.15731258404718906,-1.316802365869594,-0.7754873811668377,BEAR,-0.010133000632396416,-0.1411289735455692,-0.18968423805084533,False,RESEARCH_WHY_REQUIRED
HST,Host Hotels & Resorts,Hotel & Resort REITs,US,DISCOVERY,1070750,21.899999618530273,0.006433795412493559,-0.010840098361988959,-0.05399568123532261,-0.08382348881117752,22.079999923706055,22.295499992370605,23.292752679189046,-0.0015018229950787424,-0.0008746317541819947,-0.017739022402532778,-0.06410256514757218,-0.14819134973222936,2026-09-17,1,0.8810447282285491,0.018395320319425784,0.35410777117860137,0.04628508861259416,-0.06764324673646971,-0.5083137397296981,-0.41309827654316505,BEAR,-0.017134331090340016,-0.0455957878678821,-0.12338285223443113,False,RESEARCH_WHY_REQUIRED
HWM,Howmet Aerospace,Aerospace & Defense,US,DISCOVERY,4281,225.75999450683594,-0.00865060052545763,-0.009433588349465172,-0.20361229801940406,-0.17904581946895737,226.97999877929686,248.70049972534179,268.99104334513345,-0.01051286639901034,-0.0007420012567216709,-0.09224149225208933,-0.20805420175237077,-0.27138991037032123,2026-09-17,1,0.6475023711680374,0.04455831172085074,0.49562118669306143,0.14916624509265083,-0.20745735338714644,-1.7253848642776108,-0.676524160724149,BEAR,-0.01572782107781623,-0.19521240465196354,-0.21860518289221098,False,RESEARCH_WHY_REQUIRED
HPQ,HP Inc.,"Technology Hardware, Storage & Peripherals",US,DISCOVERY,47217,34.65999984741211,0.05993880852425004,0.05896731842862435,0.1688988552307933,0.4785311464440376,34.136000061035155,31.44994068145752,27.662364101409914,0.006101815199018208,0.004194906890994639,0.10206884643973901,-0.04333424550541165,-0.04333424550541165,2026-09-17,1,0.898124329314396,0.04950703017036457,0.25655048063417935,0.16366875598055572,-0.07835396886032908,1.0555840378518453,0.26474865180236684,STRONG_UP,0.05267308570027329,0.1772987485982338,0.438971783020784,False,RESEARCH_WHY_REQUIRED
HUM,Humana,Managed Health Care,US,DISCOVERY,49071,384.5199890136719,-0.00051989032646238,-0.04045123032527076,0.017194857914682782,0.07322470269643655,396.53599243164064,393.94099884033204,388.9967295328776,0.0020895448667166538,0.0019522260463157614,-0.023914773670152045,-0.08441082006807799,-0.10343223130969137,2026-09-17,1,0.8957202243700988,0.03509197320347856,0.06794900506797388,0.06972312429660199,-0.061688627458106104,-0.005045055913553531,0.01675733122081009,BEAR,-0.046745463053621816,0.025594751282123296,0.03366533927318294,False,RESEARCH_WHY_REQUIRED
HBAN,Huntington Bancshares,Regional Banks,US,DISCOVERY,49196,15.880000114440918,0.003792694107088268,-0.05080690083998585,-0.07513103996045334,-0.08735629525362865,16.416000175476075,16.75650019645691,17.390333477656046,-0.003299971494831562,0.0001918258682680238,-0.052308063840283525,-0.08525348179009495,-0.1682210272866318,2026-09-17,1,1.466830926914077,0.024064426070246968,0.36752103311909645,0.07157860452131551,-0.07862553147763973,-0.670011043922791,-0.38576104703683123,BEAR,-0.057101133568336904,-0.06673114659301282,-0.12691565867688226,False,RESEARCH_WHY_REQUIRED
IBM,IBM,IT Consulting & Other Services,US,DISCOVERY,51143,237.75,0.001094759782821253,0.01593879010102217,0.002487756488363191,-0.09618977226757108,243.197998046875,236.372998046875,240.9084208170573,0.0011758726680186312,-0.002990245228755085,0.005825546760852562,-0.05587327025252442,-0.2797464196038363,2026-09-17,1,1.165655653386533,0.028608989443384313,0.0072956148573481445,0.09830085473527234,-0.046569476957200484,-0.15829033112537005,0.00018463433758378358,BEAR,0.009644557372671114,0.010887649855803705,-0.1357491356908247,False,RESEARCH_WHY_REQUIRED
IEX,IDEX Corporation,Industrial Machinery & Supplies & Components,US,DISCOVERY,832101,221.88999938964844,0.0017607195920923413,0.001941626762148596,-0.05357218051645585,0.006538305161330138,222.51600036621093,226.95000152587892,227.79466247558594,-0.003149261756689702,0.0006846570101384818,-0.022295669099845705,-0.062330967030272966,-0.0898687587688749,2026-09-17,1,0.7367991063162354,0.020336649423055127,0.31894377182942074,0.0480869122991131,-0.05717566823056963,-0.48732885987203817,-0.35532564895750585,BEAR,-0.004352605966202461,-0.04517228714901533,-0.033021058261923475,False,RESEARCH_WHY_REQUIRED
IDXX,Idexx Laboratories,Health Care Equipment,US,DISCOVERY,874716,506.4800109863281,-0.013901297065411766,-9.868673738810951e-05,-0.09911063680337329,-0.06434388193337492,509.01800537109375,532.9155014038085,551.6391698201497,-0.005086109019424349,-0.0008838172694451912,-0.04960540713836237,-0.10059842914652228,-0.3422166499991439,2026-09-17,1,0.8952362158306708,0.02774471086171433,0.38932358329013633,0.06632991429981207,-0.10227676761206739,-0.8451652615302144,-0.581730108801993,BEAR,-0.006392919465739166,-0.09071074343593277,-0.10390324535662854,False,RESEARCH_WHY_REQUIRED
ITW,Illinois Tool Works,Industrial Machinery & Supplies & Components,US,DISCOVERY,49826,267.510009765625,0.0006734118969131675,0.008710397632977651,-0.05889178622471414,0.02862700359336645,268.1280029296875,273.627001953125,277.9622100830078,-0.004173377996546336,0.0011529928231576844,-0.02235522131893941,-0.06553246923536549,-0.11397059529591447,2026-09-17,1,0.7823683255307465,0.01884308042701694,0.38606892901583867,0.04207069756568914,-0.07537395816320336,-0.5518029496050184,-0.5404305169911835,BEAR,0.0024161649046265943,-0.050491892857273624,-0.010932359829887162,False,RESEARCH_WHY_REQUIRED
INCY,Incyte,Biotechnology,US,DISCOVERY,879169,127.62000274658203,0.023006034040737644,0.035204445248696814,-0.006616318720670478,0.2224138015452739,123.55400085449219,125.8115005493164,120.79666671752929,0.0007567331005527321,0.003461206303615475,0.014374696982146773,-0.02431192837141949,-0.0375565846735022,2026-09-17,1,1.1401700118940283,0.02605390265248406,0.025380655152641367,0.07190257969767211,-0.06359851929051097,-0.1979766162513441,-0.002335472587150297,STRONG_UP,0.028910212520345757,0.0017835746467700364,0.1828544381220203,False,RESEARCH_WHY_REQUIRED
IR,Ingersoll Rand,Industrial Machinery & Supplies & Components,US,DISCOVERY,1699150,72.6500015258789,0.016937276639444,-0.006019904693628009,-0.10463394044408458,-0.051837859409968434,72.21200103759766,75.86050071716309,80.42527198791504,-0.006960546626455423,0.00044841813259353155,-0.04232109148941887,-0.10979045481511929,-0.27987911831657164,2026-09-17,1,1.782030741430369,0.027466337313265303,0.43516129852202495,0.06282539886204552,-0.11954642619186018,-0.9399988720085142,-0.7247489425909803,BEAR,-0.012314137421979066,-0.09623404707664407,-0.09139722283322205,False,RESEARCH_WHY_REQUIRED
PODD,Insulet Corporation,Health Care Equipment,US,DISCOVERY,1145197,141.5500030517578,0.006756734758196048,0.051009880825542586,-0.06573818108500251,-0.01633072233774413,138.2300048828125,143.23450164794923,152.08100001017252,-0.0022118569961701233,-0.0005389930450078735,-0.011760424875367548,-0.07295827632148566,-0.6011327741654533,2026-09-17,1,0.6849910112754892,0.03644344976781647,0.20828084336226824,0.09297538876356666,-0.129034311278301,-0.6115544393579572,-0.14726481899746766,BEAR,0.04471564809719153,-0.057338287717562,-0.05589008576099774,False,RESEARCH_WHY_REQUIRED
IBKR,Interactive Brokers,Investment Banking & Brokerage,US,DISCOVERY,1381197,88.37999725341797,0.018907072054856977,-0.01163051819306038,-0.022973172999677383,-0.06589217203273434,89.20800018310547,92.1380542755127,91.62803637186686,-0.0006902005696195124,0.0006533895326771994,-0.0407872409683987,-0.10420242870351604,-0.10420242870351604,2026-09-17,1,1.1243969342624898,0.034062991356049024,0.054516480516475715,0.12538952276888105,-0.11581093920597241,-0.25815223277009347,-0.009988207232808454,BEAR,-0.017924750921411436,-0.014573279632236869,-0.10545153545598795,False,RESEARCH_WHY_REQUIRED
ICE,Intercontinental Exchange,Financial Exchanges & Data,US,DISCOVERY,1571949,153.3000030517578,-0.005191453731808515,-0.012837660044557886,-0.02181539401925603,0.1564642866146042,155.5771057128906,158.70537872314452,147.8776444753011,0.001061802165196592,0.002229536092129196,-0.034059183846668395,-0.06589482523239731,-0.12025149188362017,2026-09-17,1,0.8709263263094879,0.021667179396613553,0.09871171649832895,0.0648952021774439,-0.06549750944602273,-0.3041375673693916,-0.033183269601964924,PULLBACK,-0.019131892772908943,-0.013415500651815515,0.1169049231913506,False,RESEARCH_WHY_REQUIRED
IFF,International Flavors & Fragrances,Specialty Chemicals,US,DISCOVERY,51253,84.91000366210938,0.006042679229977255,0.010232011649327077,0.01896077998723711,0.13652797085573298,84.11800079345703,85.4495002746582,81.66949996948242,0.0003304897318371899,0.0022230570637589535,-0.006313630984555063,-0.042080276999355015,-0.049372996504503885,2026-09-17,1,0.9364851236119084,0.018851895869224145,0.116519198936837,0.04493924090628398,-0.0513928004537213,0.0666650782787512,0.04916182051089222,PULLBACK,0.0039377789209760206,0.027360673354677623,0.09696860743247937,False,RESEARCH_WHY_REQUIRED
IP,International Paper,Paper & Plastic Packaging Products & Materials,US,DISCOVERY,51434,35.54999923706055,0.04374626552240679,0.036745356893899794,-0.1341939101788402,-0.016552533581424833,34.44200057983399,37.323000526428224,38.55768616994222,-0.007749764745355631,0.0012569417851459044,-0.047504253794177775,-0.15778251579877556,-0.26656169447371414,2026-09-17,1,1.8870344820667881,0.03669882177281778,0.4018966086198252,0.10353838740157559,-0.18076644243406914,-1.214479062241462,-0.5208896791982353,BEAR,0.030451124165548737,-0.12579401681139968,-0.056111897004678446,False,RESEARCH_WHY_REQUIRED
INTU,Intuit,Application Software,US,DISCOVERY,896878,313.1300048828125,-0.015716845073578734,0.0011510563090657566,-0.1361215995026528,0.21882223310567173,324.25,339.9624984741211,314.2763277689616,-0.002934487289745425,0.0024093574051783024,-0.0789278044247318,-0.1604643797002555,-0.5509052718722907,2026-09-17,1,1.0396793512971243,0.04314045562275206,0.33391989217231033,0.11762148563061169,-0.1544929237120798,-1.2547175457450583,-0.38644053494609687,BEAR,-0.0051431764192853,-0.12772170613521228,0.1792628696824181,False,RESEARCH_WHY_REQUIRED
ISRG,Intuitive Surgical,Health Care Equipment,US,DISCOVERY,1035267,383.5400085449219,0.0032697689504304073,0.06402934482874523,-0.03565320484828338,-0.04871269529153677,378.01600341796876,370.8625015258789,380.1028325398763,-0.003658222573120132,-0.0019754873029829644,0.03418384702385002,-0.03872273006241955,-0.36487380697535976,2026-09-17,1,1.0446681526006432,0.03014211228244683,0.12224138048968111,0.09515842296350455,-0.11958160870114676,-0.3913342211729637,-0.045800433044240974,REBOUND,0.05773511210039417,-0.027253311480842868,-0.08827205871479038,False,RESEARCH_WHY_REQUIRED
IVZ,Invesco,Asset Management & Custody Banks,US,DISCOVERY,914208,30.219999313354492,0.004654235040010946,-0.05355468134912922,-0.06178204991249059,0.12591133076338568,30.973999786376954,32.060000038146974,30.291003386179607,-0.00048348643300861246,0.0024695832417411016,-0.057392411809205734,-0.10219847146915828,-0.10219847146915828,2026-09-17,1,1.195496460307394,0.03271247694291445,0.2079415079617374,0.0770466978435037,-0.0969679170345179,-0.6029477106672345,-0.16674371495927567,BEAR,-0.059848914077480275,-0.053382156545050075,0.08635196734013206,False,RESEARCH_WHY_REQUIRED
INVH,Invitation Homes,Single-Family Residential REITs,US,DISCOVERY,1687229,27.149999618530273,-0.002205052111766581,-0.014876627552869559,-0.1009934128264014,-0.0558482423866159,27.42599983215332,28.722499752044676,29.584166622161867,-0.0038926971325289037,-0.00021900747194852742,-0.054748024966122966,-0.1126000906076341,-0.12116013572780204,2026-09-17,1,1.2661687275248719,0.016258880273632124,0.7420936588236331,0.03774328588831045,-0.10866709013230713,-0.8512879571277373,-1.9856928054226912,BEAR,-0.021170860281220616,-0.09259351945896088,-0.09540760580986951,False,RESEARCH_WHY_REQUIRED
IQV,IQVIA,Life Sciences Tools & Services,US,DISCOVERY,1478242,269.44000244140625,0.0023063577869772978,0.047182336666901525,0.08087292907907262,0.5730967092578836,267.0740051269531,262.64000091552737,233.12383346557618,0.004272429784192026,0.006229830272925902,0.025890959115804968,-0.016121700782543935,-0.016121700782543935,2026-09-17,1,1.2228818024586237,0.025193784871851838,0.33136135930774585,0.06677824618801109,-0.05389877179160951,0.4149713822399587,0.4013008013925886,STRONG_UP,0.04088810393855047,0.08927282244651313,0.53353734583463,False,RESEARCH_WHY_REQUIRED
IRM,Iron Mountain,Other Specialized REITs,US,DISCOVERY,1020569,114.0,0.01649575077084786,0.017588883197105165,-0.058930344558202896,-0.13658660721281646,112.73558959960937,115.80408325195313,120.67100791931152,-0.004809067569428236,-0.0013620017296944262,-0.015578753367685771,-0.08384539254039902,-0.14697214792153068,2026-09-17,1,0.9963003785701462,0.032360541496799636,0.21969886587495652,0.07843801628502906,-0.0902880226214905,-0.5950810031709265,-0.16505937399042417,BEAR,0.011294650468754108,-0.05053045119076238,-0.17614597063607007,False,RESEARCH_WHY_REQUIRED
JBHT,J.B. Hunt,Cargo Ground Transportation,US,DISCOVERY,728535,236.8000030517578,0.0002957264625615963,-0.11585701779563551,-0.13075401446386603,-0.11900375811798902,258.40399780273435,264.2345001220703,274.1297353108724,-0.0017013392522143523,-0.0009320315281210065,-0.10382632494105948,-0.15228751286541975,-0.20870229861875766,2026-09-17,1,1.7279868192571533,0.04014237455236107,0.3261904891656337,0.16031433956200847,-0.14057003000017954,-1.1194867897018028,-0.2660442980638161,BEAR,-0.12215125052398657,-0.12235412109642552,-0.15856312154124264,False,RESEARCH_WHY_REQUIRED
JBL,Jabil,Electronic Manufacturing Services,US,DISCOVERY,898293,295.94000244140625,-0.004373529254740216,-0.022655170502360877,-0.08312416731881833,-0.20640245718808692,301.20599365234375,306.04100036621094,325.53756052652994,-0.008061021015519714,-0.003168228705802853,-0.03300537481160293,-0.08601255557165155,-0.30990151599584337,2026-09-17,1,1.0257815810042163,0.03819063664648474,0.24744084698388502,0.10613926827617094,-0.08312416731881833,-0.7976880945365799,-0.19378609538441977,BEAR,-0.028949403230711934,-0.07472427395137782,-0.24596182061134053,False,RESEARCH_WHY_REQUIRED
JKHY,Jack Henry & Associates,Transaction & Payment Processing Services,US,DISCOVERY,779152,156.2100067138672,-0.017423506655636745,-0.03227599748592025,-0.03852564112196721,0.2517205935872877,158.98600158691406,164.60732192993163,154.3427417755127,0.0020326709220670446,0.003991439673557806,-0.051014226570303634,-0.1040745296100708,-0.18271302172451453,2026-09-17,1,1.03887722481266,0.031715392020672944,0.11789644495679817,0.09898855499316946,-0.10937549753522424,-0.46619718937042043,-0.04588445733221162,PULLBACK,-0.038570230214271306,-0.0301257477545267,0.2121612301640341,False,RESEARCH_WHY_REQUIRED
J,Jacobs Solutions,Construction & Engineering,US,DISCOVERY,52988,144.16000366210938,0.004669301995233521,0.025830818432678093,-0.019395636822440276,0.19529905154616212,143.69600524902344,146.7760009765625,138.34304491678873,-0.0005713578427532474,0.002964272888515541,-0.017823058926853097,-0.05962165171361766,-0.13502820620817513,2026-09-17,1,0.7089517201616022,0.021303219282033107,0.09973825566401079,0.0503835807063384,-0.07533884241429434,-0.30755236815086395,-0.03839518662712842,PULLBACK,0.019536585704327036,-0.010995743454999762,0.1557396881229085,False,RESEARCH_WHY_REQUIRED
JNJ,Johnson & Johnson,Pharmaceuticals,US,DISCOVERY,200406,270.2200012207031,0.010999709872918428,0.014529735417702305,-0.006793058542051589,0.13582359974065272,267.32000122070315,269.4340789794922,260.98033040364584,0.001128585828485554,0.0025228480985078194,0.002916937026628874,-0.03860250407650212,-0.03860250407650212,2026-09-17,1,1.0602146957858496,0.019350639362409557,0.03360771410829208,0.05479745124725018,-0.04615165909399299,-0.18953918370240885,-0.004166237009310129,STRONG_UP,0.008235502689351248,0.0016068348253889253,0.09626423631739911,False,RESEARCH_WHY_REQUIRED
JCI,Johnson Controls,Building Products,US,DISCOVERY,833444,141.05999755859375,0.004200158986000346,-0.012254044043954249,-0.0267697310435816,-0.0015572000467440894,140.7179962158203,141.9375,144.23849919637044,-0.003383321244152292,-0.00013137072820328463,-0.006182315747468081,-0.04073448057703022,-0.10187189767420535,2026-09-17,1,0.868771941439732,0.0245235024174044,0.10167734835967902,0.08213918357465796,-0.05882353554400399,-0.263477130994079,-0.03313735479655934,BEAR,-0.018548276772305305,-0.018369837676141088,-0.0411165634699977,False,RESEARCH_WHY_REQUIRED
KVUE,Kenvue,Personal Care Products,US,DISCOVERY,1944048,17.8700008392334,0.002243461340353692,0.0044969038554816265,-0.0658650484479536,-0.01851223687215453,17.862000274658204,18.601500034332275,18.87937173843384,-0.0027722621818777747,0.0009346615261282164,-0.03932474229222205,-0.08640075014580584,-0.1023750482054161,2026-09-17,1,0.8334701089310778,0.019434004650185584,0.3641614609632885,0.05545966088704834,-0.08646424491965965,-0.5938085696751514,-0.43248573621960196,BEAR,-0.0017973288728694303,-0.057465155080513086,-0.05807160029540814,False,RESEARCH_WHY_REQUIRED
KDP,Keurig Dr Pepper,Soft Drinks & Non-alcoholic Beverages,US,DISCOVERY,1418135,31.43000030517578,-0.011635186816405962,-0.0009535530886801702,0.011912454784138271,0.02539273839454048,31.5379997253418,31.995499897003175,31.362798722585044,0.0022588254476396184,0.0007260694985766879,-0.01767434775664689,-0.05245697798676896,-0.07066822623343194,2026-09-17,1,1.1837150396749605,0.020317259322878325,0.05354572352159045,0.05694713376446467,-0.045316351279309997,0.03831323274653386,0.011200932657526376,PULLBACK,-0.007247785817031227,0.020312348151578785,-0.014166625028713131,False,RESEARCH_WHY_REQUIRED
KEY,KeyCorp,Regional Banks,US,DISCOVERY,91576,20.950000762939453,0.01110045642891122,-0.03589502051211746,-0.0429573483104988,-0.08120577336724599,21.428000259399415,21.65744228363037,22.40438159306844,-0.0022801626834757995,-7.96368653344372e-08,-0.032665053953560896,-0.06263980289195015,-0.12128609084236763,2026-09-17,1,1.0280444459094094,0.02251466009123152,0.22305393623928027,0.06537298895364117,-0.06582511143972314,-0.47081982973221936,-0.1465713253199028,BEAR,-0.042189253240468516,-0.034557454943058286,-0.1207651367904996,False,RESEARCH_WHY_REQUIRED
KEYS,Keysight Technologies,Electronic Equipment & Instruments,US,DISCOVERY,1601046,331.44000244140625,0.029188900903823978,0.017779851538281877,0.037533228286760645,-0.059957980985759884,324.08800048828124,322.7490005493164,327.12950032552084,-0.0034479198660030954,-0.000933318631560943,0.02692805206924831,-0.02281971343095579,-0.11607280926471586,2026-09-17,1,0.9430196563515835,0.030887965652913824,0.10496343399337553,0.10749398087115196,-0.0746516306500864,0.22419270339052105,0.03664964770965113,REBOUND,0.01148561880993082,0.04593312165420116,-0.0995173444090135,False,RESEARCH_WHY_REQUIRED
KMB,Kimberly-Clark,Household Products,US,DISCOVERY,55785,98.19000244140625,0.0009174716481661349,-0.002944769553634763,-0.09566572384665228,-0.044076527890955175,98.44199981689454,104.27756004333496,107.11758054097494,-0.0040090779396296525,0.0009453534351713325,-0.05837840470566136,-0.11578354463376672,-0.1871426064724041,2026-09-17,1,0.7777861798214536,0.023247945501273737,0.4697681383751226,0.06006449244910562,-0.10858259496650191,-0.9325095765501973,-0.7482075876330758,BEAR,-0.00923900228198582,-0.08726583047921177,-0.08363589131420879,False,RESEARCH_WHY_REQUIRED
KIM,Kimco Realty,Retail REITs,US,DISCOVERY,879101,22.56999969482422,-0.0008853677569090612,-0.030914606801200395,-0.06096515410793124,-0.09339713857106302,22.911999893188476,23.48003740310669,24.446494992574056,-0.0016030242980800721,-0.0005275327930558914,-0.03875793264971805,-0.06442745831755192,-0.14306465769017362,2026-09-17,1,0.9689992706936784,0.0164195852562712,0.4802690639026769,0.034232385186140885,-0.06096515410793124,-0.6343107884682271,-0.8553209872723846,BEAR,-0.03720883952955145,-0.05256526074049073,-0.13295650199431663,False,RESEARCH_WHY_REQUIRED
KMI,Kinder Morgan,Oil & Gas Storage & Transportation,US,DISCOVERY,1506307,31.309999465942383,0.018874062230586297,0.011631621781218238,-0.024002566121019142,-0.028806001249767288,30.92599983215332,31.396500015258788,31.743424733479817,-0.0014820576624824428,0.00013566741741267665,-0.002755101660196657,-0.042507683931690576,-0.09213866428962925,2026-09-17,1,1.2356500581980259,0.02242551464930714,0.11175649058990766,0.06485718311040348,-0.04683629210971796,-0.2285407224467681,-0.04135922077082981,BEAR,0.005337389052867181,-0.015602672753578628,-0.0683653646730209,False,RESEARCH_WHY_REQUIRED
KKR,KKR & Co.,Asset Management & Custody Banks,US,DISCOVERY,1404912,98.19000244140625,0.013940584000078138,-0.026568853298327033,-0.11108090480503363,0.05215603547027681,99.67599945068359,105.30100059509277,101.94755617777507,-0.003965950249085237,0.0017729795848827393,-0.06753020496956141,-0.12047650503202445,-0.34975817800269104,2026-09-17,1,0.9239590725772765,0.03409571036517818,0.36659675526290175,0.08260676510792063,-0.12330257884726514,-0.9784294202836141,-0.4929608273607126,BEAR,-0.03286308602667809,-0.10268101143759312,0.012596672047023194,False,RESEARCH_WHY_REQUIRED
KHC,Kraft Heinz,Packaged Foods & Meats,US,DISCOVERY,1637459,24.729999542236328,0.0,0.013940146006407472,-0.02159803124935855,0.11817367857216166,24.611999893188475,24.918430137634278,24.908550675710043,-4.4052086590331345e-05,0.0013356505183207536,-0.007561896730940654,-0.04972154501247861,-0.1055406652835259,2026-09-17,1,0.4960377648890724,0.02581249504983356,0.10630006945192404,0.06094912534095552,-0.061004970940490844,-0.3661643231622264,-0.03766866561231683,BEAR,0.007645913278056415,-0.013198137881918037,0.07861431514890804,False,RESEARCH_WHY_REQUIRED
KR,Kroger,Food Retail,US,DISCOVERY,56873,60.75,-0.00637879282861864,0.06672518325115484,0.07961612770198956,0.07216172242303287,60.70800018310547,58.49200019836426,57.686244837443034,0.002469611942545081,-0.0011152073875250054,0.03860356619671368,-0.028776966570993268,-0.19706123392807495,2026-09-17,1,1.083519342438808,0.026290422604407792,0.2705313508887714,0.08036823050031856,-0.04468522549973952,0.5475328425733164,0.2679996616283196,STRONG_UP,0.060430950522803784,0.08801602106943007,0.03260235899977926,False,RESEARCH_WHY_REQUIRED
LHX,L3Harris,Aerospace & Defense,US,DISCOVERY,202058,250.4600067138672,-0.0011166896911649626,0.008414911775850964,-0.09184062570923379,-0.14334330895740477,249.06600036621094,257.2823181152344,277.3388682047526,-0.006598873352796755,-0.0028065401968839013,-0.02651682964979951,-0.09023193908342309,-0.331382561113292,2026-09-17,1,1.1536530532101696,0.022237141831459938,0.5337681034058632,0.04669562375865158,-0.10968042526309218,-0.8708938733328695,-1.0498113667738074,BEAR,0.002120679047499907,-0.08344073234179328,-0.18290267238065838,False,RESEARCH_WHY_REQUIRED
LH,Labcorp,Health Care Services,US,DISCOVERY,920148,322.7300109863281,-0.005485189133557,0.051374837015389474,-0.021238548841693183,0.2507132467270128,319.61200561523435,327.52608795166014,306.32318115234375,-0.0005049774035774399,0.0036317279841186845,-0.014643343360300154,-0.05376840642553715,-0.05376840642553715,2026-09-17,1,0.8033123493164214,0.02533518427362497,0.10061638916438886,0.06642109729985812,-0.09348113468059349,-0.3323363793000994,-0.03217270087989417,PULLBACK,0.04508060428703842,-0.01283865547425267,0.21115388330375917,False,RESEARCH_WHY_REQUIRED
LVS,Las Vegas Sands,Casinos & Gaming,US,DISCOVERY,1300514,40.66999816894531,-0.009498372900674013,-0.04530517310577442,-0.12687856225392424,-0.1430129007095824,41.646000671386716,44.09800033569336,45.474524688720706,-0.003616137041375412,-0.002192794214132363,-0.07773600028691974,-0.1437895122327303,-0.41259559370109633,2026-09-17,1,0.8134703159428671,0.025589224632764522,0.4864199934066969,0.07310454765327662,-0.13962348688182358,-1.1027527090202627,-0.8442192913594866,BEAR,-0.05159940583412548,-0.11847866888648373,-0.182572264132836,False,RESEARCH_WHY_REQUIRED
LDOS,Leidos,Diversified Support Services,US,DISCOVERY,1336920,130.9600067138672,0.012446853764066512,0.014166984925858106,-0.10200709785822304,0.238199365708468,130.07857360839844,134.14907417297363,122.81006202697753,-0.004303407156714219,0.0018541073006132422,-0.02377256405805983,-0.10188429628285123,-0.3561909921688735,2026-09-17,1,0.6947121956321813,0.030084792476172805,0.3487405704196358,0.08622035171323622,-0.12418829716586843,-0.9864109835081329,-0.41259415888542617,PULLBACK,0.007872752197507049,-0.09360720449078253,0.1986400022852144,False,RESEARCH_WHY_REQUIRED
LEN,Lennar,Homebuilding,US,DISCOVERY,920760,79.69999694824219,0.017100514643354936,0.023106487639352746,-0.08705619516427487,-0.08213791920621882,79.54399871826172,83.10450019836426,85.05941937764486,-0.003991153822134107,-0.0013662968485451256,-0.04096653300357722,-0.10600117123827002,-0.41691906349831753,2026-09-17,1,2.5231446109160123,0.031802302920314635,0.2844313531552913,0.08374875027210164,-0.11637932974179488,-0.7587577082186269,-0.2956642494446197,BEAR,0.01681225491100169,-0.07865630179683436,-0.12169728262947244,False,RESEARCH_WHY_REQUIRED
LII,Lennox International,Building Products,US,DISCOVERY,1069202,359.0799865722656,-0.005428822086936069,-0.03633731072500179,-0.14370203246024127,-0.31255269199341107,362.7720031738281,381.6639999389648,461.8418039957682,-0.006547128170518258,-0.00459635515391556,-0.05917250086544923,-0.1374075439001755,-0.38856067119026816,2026-09-17,1,0.7841596215108811,0.031171921981616044,0.5625464729025587,0.06750933168224915,-0.14370203246024127,-1.3725087845418413,-1.1974503301251533,BEAR,-0.04263154345335285,-0.13530213909280076,-0.3521120554166647,False,RESEARCH_WHY_REQUIRED
LIN,Linde plc,Industrial Gases,US,DISCOVERY,1707925,458.4800109863281,-0.0078122992927178725,-0.0068020973182980615,-0.04393849809204187,-0.10203830230273936,462.8320007324219,476.4819137573242,495.6980962117513,-0.001649117177560502,-0.001031261151497392,-0.03778087321099155,-0.06978794738071226,-0.16090869866878033,2026-09-17,1,1.186699694468971,0.015124345085776841,0.3289247772855033,0.035860060925641986,-0.06187695507697921,-0.43659184990890754,-0.40302387464294714,BEAR,-0.013096330046649118,-0.03553860472460135,-0.14159766572599297,False,RESEARCH_WHY_REQUIRED
LYV,Live Nation Entertainment,Movies & Entertainment,US,DISCOVERY,1335258,168.33999633789062,-0.016303444546924672,-0.01023051196161473,-0.08605247784041792,-0.001542169372552471,170.27000122070314,176.4835006713867,179.78200022379556,-0.0039185542773079165,0.0007887272750873849,-0.046143148240578746,-0.10912367508115317,-0.1104887908169584,2026-09-17,1,0.8116758442019172,0.02459160615080534,0.4245917976110769,0.05258573826730199,-0.09867755802845368,-0.7532229097276213,-0.6948115108591973,BEAR,-0.016524744689965787,-0.0776525844729774,-0.041101532795806084,False,RESEARCH_WHY_REQUIRED
L,Loews Corporation,Multi-line Insurance,US,DISCOVERY,60086,108.36000061035156,-0.003952571941879701,-0.0066006711461031875,-0.02545194503926751,-0.01952667925920948,108.86999969482422,109.44650001525879,112.97416216532389,-0.0018325285663188678,0.00039259957289243443,-0.00992721927842144,-0.033190588507578056,-0.10403485632599085,2026-09-17,1,1.5201444957470218,0.013908663156721414,0.22877954309962006,0.031082001551967046,-0.02871240050126045,-0.25825379266174286,-0.18733942688165642,BEAR,-0.012894903874454244,-0.017052051671826995,-0.05908604268246309,False,RESEARCH_WHY_REQUIRED
LOW,Lowe's,Home Improvement Retail,US,DISCOVERY,60667,194.19000244140625,0.0004636596345217736,-0.012208118119903522,-0.11731817072088069,-0.08499518283651841,195.5780029296875,203.7490005493164,210.98155314127604,-0.005002292073486434,-0.0008559792088667179,-0.04691555827090521,-0.1185601897627937,-0.3300756632444657,2026-09-17,1,0.750044869503125,0.02064620223828348,0.6034604673464684,0.04861184649674425,-0.11772724498401987,-0.9956046656769915,-1.4563708896800909,BEAR,-0.01850235084825458,-0.10891827735344017,-0.12455454625977203,False,RESEARCH_WHY_REQUIRED
LULU,Lululemon Athletica,"Apparel, Accessories & Luxury Goods",US,DISCOVERY,1397187,99.38999938964844,0.03552819247185934,0.02590836299948296,-0.16793635890410086,-0.08749539973839271,98.602001953125,110.1770004272461,115.63400039672851,-0.009636111997859995,-0.0014267910026971576,-0.09790610559161772,-0.20149434871928906,-0.5601823114047599,2026-09-17,1,0.84986404823491,0.057975075578412465,0.2777624128751921,0.21251247779188287,-0.21827655716577743,-1.441478559749629,-0.2194996206498469,BEAR,0.019614130271131902,-0.15953646553666034,-0.12705476316164632,False,RESEARCH_WHY_REQUIRED
LYB,LyondellBasell,Specialty Chemicals,US,DISCOVERY,1489393,64.25,-0.01001543159624918,-0.0007776524010048025,-0.01735898284101378,0.1269664157323429,64.20400009155273,64.54320850372315,60.551418177286784,0.0010360518978807197,0.0001628575978828598,-0.0045428250395428416,-0.06099713614422475,-0.2185809811142897,2026-09-17,1,1.2566605626241807,0.034263475130769265,0.05479648330697913,0.09214525675547051,-0.07201594829537739,-0.3434429891354037,-0.010322953638275872,PULLBACK,-0.007071885129355859,-0.008959089473573267,0.0874070523090893,False,RESEARCH_WHY_REQUIRED
MTB,M&T Bank,Regional Banks,US,DISCOVERY,36270,226.36000061035156,0.0015486310872196984,-0.052966293347054494,-0.06840821935804586,-0.014786508272524257,233.0779998779297,236.41144332885742,241.97068583170574,-0.002957734182604132,0.0010753404058215003,-0.042516735133349304,-0.06924555379497466,-0.10990124638897103,2026-09-17,1,1.0823447398330486,0.02156559381879,0.35868012305277025,0.05981764984134804,-0.06984868060707605,-0.6868199406385915,-0.4101911158703563,BEAR,-0.05926052607540555,-0.06000832599060535,-0.05434587169577787,False,RESEARCH_WHY_REQUIRED
MPC,Marathon Petroleum,Oil & Gas Refining & Marketing,US,DISCOVERY,1510295,421.9599914550781,0.019423989578961187,0.07527643090706859,0.1696742659877426,0.7025404842951528,407.82000122070315,383.98249969482424,329.92471440633136,0.007314910357834599,0.0069180356989752625,0.09890422555829259,-0.0044121349985429825,-0.0044121349985429825,2026-09-17,1,1.0140068598053291,0.031453546762420084,0.6404734268201754,0.06138443722097081,-0.02107465619108595,1.108284110277161,1.7703486991201376,STRONG_UP,0.06898219817871754,0.17807415935518311,0.6629811208718992,False,RESEARCH_WHY_REQUIRED
MAR,Marriott International,"Hotels, Resorts & Cruise Lines",US,DISCOVERY,1048286,334.0,-0.0028957853454585347,0.014981592263204835,-0.07020767533823391,-0.13481694534787447,336.2719970703125,342.3675018310547,358.3134287516276,-0.0027736745636938393,-0.002228122204830538,-0.024440117085598123,-0.0808773314172403,-0.18565687327006164,2026-09-17,1,0.6634305054368393,0.02257483019800243,0.3622524281037142,0.05463469763624103,-0.08720156190349027,-0.6549557267898977,-0.4655082202911652,BEAR,0.008687359534853778,-0.061807781970793396,-0.17437630877112809,False,RESEARCH_WHY_REQUIRED
MRSH,Marsh McLennan,Insurance Brokers,US,DISCOVERY,62709,174.5800018310547,-0.0123330659851143,-0.015285642493676477,-0.07727270271144326,0.07157973055582856,177.68799743652343,185.43499908447265,182.97423451741537,-0.002660911883157191,0.0020589905214551236,-0.05853801767202049,-0.10778349535058052,-0.14657703082424745,2026-09-17,1,1.1642970810257482,0.021426926382143347,0.36063155010410913,0.05761207148328002,-0.1032002698251192,-0.7159725544389685,-0.4837002704832309,BEAR,-0.021579875222027534,-0.06887280934400275,0.032020367132574945,False,RESEARCH_WHY_REQUIRED
MLM,Martin Marietta Materials,Construction Materials,US,DISCOVERY,916076,494.44000244140625,-0.004670277958391478,-0.015981051127010093,-0.07523018202802201,-0.18030712585655928,501.7780029296875,515.036540222168,547.6178736368815,-0.003632378973347591,-0.0018771771631586713,-0.03999043984700035,-0.08657267636201516,-0.3015754383310726,2026-09-17,1,0.9802512872690312,0.02662118052404778,0.31423536109815725,0.06531414366719061,-0.07523018202802201,-0.697507663755173,-0.36194279045459976,BEAR,-0.02227528385536115,-0.0668302886605815,-0.2198664892798129,False,RESEARCH_WHY_REQUIRED
MAS,Masco,Building Products,US,DISCOVERY,62996,68.2300033569336,-0.0007322118227459651,0.008722708051583039,-0.08931270883818632,-0.06393640534048772,68.66399993896485,71.02449111938476,74.99012769063314,-0.003692715266097684,-5.597591267658566e-05,-0.03934541055357832,-0.08465250175868089,-0.18066450768500963,2026-09-17,1,1.2249236616959072,0.027103701886323415,0.374002266887158,0.06542642541985029,-0.0971876771557284,-0.8365698288608864,-0.5105453240485291,BEAR,0.0024284753232319822,-0.0809128154707458,-0.10349576876374134,False,RESEARCH_WHY_REQUIRED
MA,Mastercard,Transaction & Payment Processing Services,US,DISCOVERY,1141391,565.72998046875,-0.0035579384081901866,0.0006367252501398024,-0.013926637806564113,0.16105953829165198,570.0719970703125,580.8399963378906,556.9082951863606,0.00039865480819523277,0.0028723433539625236,-0.026014076104274864,-0.05904562505735722,-0.05904562505735722,2026-09-17,1,0.8107232670824482,0.014630915545099722,0.08022876978630666,0.0510106431304496,-0.057496734365705904,-0.21522277410926552,-0.021903605795025767,PULLBACK,-0.0056575074782112544,-0.005526744439123599,0.12150017486839837,False,RESEARCH_WHY_REQUIRED
MKC,McCormick & Company,Packaged Foods & Meats,US,DISCOVERY,63754,49.70000076293945,-0.007191382350693165,-0.027397216301105143,-0.12004247227776133,0.0584712098065423,50.26600036621094,52.95150032043457,52.35457388559977,-0.002886232788232033,0.0018558955737307682,-0.0614052394704353,-0.12607698793054445,-0.30123750877205246,2026-09-17,1,1.019776047462364,0.025826377285790635,0.5432693189418124,0.0565291408786383,-0.12004247227776133,-1.0449820485150048,-1.1536597079803654,BEAR,-0.0336914490294562,-0.11164257891032081,0.01891184638328869,False,RESEARCH_WHY_REQUIRED
MCD,McDonald's,Restaurants,US,DISCOVERY,63908,248.47999572753906,-0.00032186124815125616,-0.018059700727543593,-0.06432541721400575,-0.0788258962143491,251.9679962158203,259.03664779663086,265.70981572469077,-0.0031284893012987008,-0.0012009079676091273,-0.04075350788734655,-0.08475546129103584,-0.258666322767207,2026-09-17,1,1.0913719385345646,0.015593387504300615,0.36221648679000973,0.052278317797197105,-0.08180022669142051,-0.61632503279534,-0.4456862350648932,BEAR,-0.02435393345589465,-0.05592552384656524,-0.11838525963760271,False,RESEARCH_WHY_REQUIRED
MCK,McKesson Corporation,Health Care Distributors,US,DISCOVERY,927653,879.5700073242188,-0.008700617491801621,-0.0014644529764045178,0.03138638111571046,0.15262914661352367,891.7760009765625,890.8191436767578,849.5075734456381,0.0011866121408735113,0.0026276243015523762,-0.01262785654348364,-0.05417496018226475,-0.11763920288663132,2026-09-17,1,0.6446614734316387,0.023236327765367753,0.10389615620161788,0.0795904688166365,-0.04888732513723304,0.1400360880891591,0.04097129220979968,PULLBACK,-0.007758685704755575,0.039786274483150974,0.11306978319027006,False,RESEARCH_WHY_REQUIRED
MDT,Medtronic,Health Care Equipment,US,DISCOVERY,1613103,92.7699966430664,0.001835833388191821,0.012551777581422119,-0.01444811059210116,0.16094536155528139,92.7759994506836,92.24150009155274,87.26322466532389,0.0009524130792977176,0.0026523574882401824,0.005729487822608181,-0.027670128054836374,-0.10594197230758473,2026-09-17,1,1.2898431630448046,0.02573184017175073,0.06538468310117464,0.06285132116002028,-0.04419415865396503,-0.21822203899409068,-0.015030473744061456,STRONG_UP,0.006257544853071062,-0.006048217224660646,0.12138599813202777,False,RESEARCH_WHY_REQUIRED
MRK,Merck & Co.,Pharmaceuticals,US,DISCOVERY,310158,147.14999389648438,0.015457802620708172,0.02286355108148941,-0.02747314529670941,0.2376136093039234,144.58707580566406,148.09943771362305,134.92743186950685,0.0038261960247792486,0.004033489454701478,-0.006410853625079871,-0.056725756754711254,-0.056725756754711254,2026-09-17,1,1.0366103511668805,0.019816846385060316,0.10288633123412612,0.07371386281678809,-0.08002558633720991,-0.40777869596804084,-0.038345719774120525,PULLBACK,0.01656931835313835,-0.019073251929268897,0.19805424588066978,False,RESEARCH_WHY_REQUIRED
MET,MetLife,Life & Health Insurance,US,DISCOVERY,1099219,97.3499984741211,0.0012341367175212614,0.00588964354219601,0.023551654393804355,0.11272431758549417,97.53800048828126,96.38400001525879,94.09762407938639,2.5659886508215906e-05,0.0021548326746247295,0.010022394367419585,-0.01914359220029127,-0.03547014584593344,2026-09-17,1,0.9483318064760764,0.01938514479554314,0.10991158810847518,0.060051265649466,-0.03758947123599954,0.08619581216376059,0.043106497573511225,STRONG_UP,-0.0004045891861550466,0.03195154776124487,0.07316495416224056,False,RESEARCH_WHY_REQUIRED
MTD,Mettler Toledo,Life Sciences Tools & Services,US,DISCOVERY,1037646,1410.43994140625,0.02302910831975402,0.10140716691493856,-0.01028006986606611,0.21942862389639473,1339.7599853515626,1361.9839904785156,1351.1955057779949,-0.003991745439332438,0.002528932650386272,0.03557747467406713,-0.025703783635739774,-0.07522446627805413,2026-09-17,1,1.3937312952740264,0.026116481216407444,0.04321408857136376,0.07534535564604843,-0.10140413112967361,-0.221662980484913,-0.0058961013044907876,STRONG_UP,0.0951129341865875,-0.0018801764986255964,0.1798692604731411,False,RESEARCH_WHY_REQUIRED
MGM,MGM Resorts,Casinos & Gaming,US,DISCOVERY,789570,38.310001373291016,-0.002083824371692855,-0.05941561984148358,-0.11360480584762533,-0.18350377518456407,39.12800064086914,41.317000198364255,44.326833470662436,-0.004642534208161447,-0.0022792554266734435,-0.07277873056215456,-0.1354096098858768,-0.2574142031405037,2026-09-17,1,0.9544102113105124,0.023734963884845337,0.6176099844293189,0.04799939170909975,-0.12414266339292279,-1.0373232635403835,-1.4617573238401282,BEAR,-0.06570985256983464,-0.10520491248018482,-0.22306313860781768,False,RESEARCH_WHY_REQUIRED
MAA,Mid-America Apartment Communities,Multi-Family Residential REITs,US,DISCOVERY,912595,121.16999816894531,-0.005988542639834282,-0.02659065792677706,-0.07834489203713357,-0.0845256063161186,123.58999938964844,127.99550018310546,132.2736831665039,-0.0027962601389349443,-0.0007268140403346049,-0.05332610915536751,-0.0960160829739386,-0.15121619851390278,2026-09-17,1,1.294560683072833,0.016712056793012624,0.5129483123765638,0.042812906498638774,-0.09004209344713177,-0.6773705394125332,-0.9386627407566803,BEAR,-0.03288489065512812,-0.06994499866969306,-0.12408496973937222,False,RESEARCH_WHY_REQUIRED
TAP,Molson Coors Beverage Company,Brewers,US,DISCOVERY,24545,39.08000183105469,-0.0007670360222120642,0.016649407575707098,-0.06953348465413278,-0.0043937690133694085,39.09400100708008,40.25949993133545,40.39144910176595,-0.0030881949371259804,0.000245078176404988,-0.02929738576714691,-0.09982867097655002,-0.262662963700497,2026-09-17,1,1.119225657150326,0.02640921235680732,0.3693446475359575,0.06924893157882739,-0.09541617948378434,-0.691301947283051,-0.3708623338440027,BEAR,0.010355174847356041,-0.06113359128669227,-0.04395313243662302,False,RESEARCH_WHY_REQUIRED
MDLZ,Mondelez International,Packaged Foods & Meats,US,DISCOVERY,1103982,62.040000915527344,-0.005131489603787731,-0.006883308736566396,-0.03304243493729775,0.024566543723491208,62.26599960327148,62.53949966430664,61.583878962198895,-0.0003482465224139418,0.00023046879917048852,-0.00798693228216496,-0.053546940851535885,-0.06916729939700883,2026-09-17,1,1.0613648636430204,0.019198446630841824,0.2697204302745223,0.040520039740045345,-0.052859325042645566,-0.2988151995988137,-0.219945977984766,PULLBACK,-0.013177541464917453,-0.024642541569857235,-0.014992819699762405,False,RESEARCH_WHY_REQUIRED
MPWR,Monolithic Power Systems,Semiconductors,US,DISCOVERY,1280452,1169.5799560546875,0.019144109047112057,-0.013911372429633473,-0.10041999870994966,-0.17727391109126966,1167.469970703125,1234.1779907226562,1312.2881978352864,-0.00791820157174586,-0.0040550149825614844,-0.052340938789666946,-0.12567840416672527,-0.3166259841000647,2026-09-17,1,1.3945993393176086,0.03632530751109543,0.31850137460155614,0.10923577449437942,-0.13205401927447424,-0.9647933782723468,-0.2927970051446026,BEAR,-0.02020560515798453,-0.09202010534250915,-0.21683327451452328,False,RESEARCH_WHY_REQUIRED
MNST,Monster Beverage,Soft Drinks & Non-alcoholic Beverages,US,DISCOVERY,865752,44.5099983215332,-0.0013462278147150508,0.03295423912547912,-0.06156445213693018,-0.04984529487295586,44.262000274658206,45.39600028991699,46.922583452860515,-0.0027291224582815118,-0.00010910973802930183,-0.019517181309485987,-0.09606017862915872,-0.11281642523390778,2026-09-17,1,0.9633258675979116,0.019498023187978022,0.2979594092824048,0.05810523857424883,-0.12428451030108656,-0.5584593081121265,-0.31569800316841296,BEAR,0.026660006397128067,-0.05316455876948967,-0.08940465829620947,False,RESEARCH_WHY_REQUIRED
MCO,Moody's Corporation,Financial Exchanges & Data,US,DISCOVERY,1059556,461.8800048828125,-0.007350060175969619,-0.011725395071269906,-0.07072006515263174,0.042539089488218496,469.4440002441406,491.1334976196289,484.73442891438805,-0.0008354613611730452,0.0014359741711399776,-0.059563220343550105,-0.11291217077418536,-0.14978915779413216,2026-09-17,1,0.8858536245473182,0.024178376826107725,0.26671213003604266,0.06866594809756435,-0.10305856115385892,-0.6386414506089069,-0.2746907271468254,BEAR,-0.018019627799620963,-0.062320171785191225,0.0029797260649648827,False,RESEARCH_WHY_REQUIRED
MS,Morgan Stanley,Investment Banking & Brokerage,US,DISCOVERY,895421,203.52000427246094,0.005434275829790058,-0.04297940013285606,-0.049992959289880456,-0.09463198698127062,206.63600158691406,212.23450164794923,214.44627202351887,-0.001462931103694544,3.366566840904008e-05,-0.04106070081830404,-0.06860093639289366,-0.11887910017505865,2026-09-17,1,1.0739186406521237,0.02617157960841709,0.21355904768163883,0.07306257183063826,-0.07027375971878747,-0.4614439174656006,-0.14612747004693746,BEAR,-0.04927363286120712,-0.04159306592243994,-0.13419135040452423,False,RESEARCH_WHY_REQUIRED
MOS,Mosaic Company (The),Fertilizers & Agricultural Chemicals,US,DISCOVERY,1285785,25.389999389648438,0.024203245339345036,-0.000393709804410447,0.15181836816576633,0.20493746879413854,25.17599983215332,24.734157848358155,22.87867876688639,0.007226723575567306,0.0021340079799920145,0.026515620435155318,-0.05026251529342729,-0.28838786953162365,2026-09-17,1,0.5523440914620908,0.042666583244019805,0.3374185842442135,0.10490272516649865,-0.0576764700572604,1.0478782712491779,0.4883222887437351,STRONG_UP,-0.006687942532761504,0.16021826153320684,0.16537810537088493,False,RESEARCH_WHY_REQUIRED
MSI,Motorola Solutions,Communications Equipment,US,DISCOVERY,68505,459.67999267578125,-0.0018457127782526284,-0.006491630123311332,-0.04153427371541529,0.18341381568692516,465.2009582519531,473.5424560546875,444.64303232828775,-6.791960775940182e-05,0.0025907163358560564,-0.02927396097575108,-0.06866999690918485,-0.06866999690918485,2026-09-17,1,0.5885730322083137,0.02011748782140185,0.22790184829633914,0.05035622881219465,-0.06381807780355997,-0.4569055924895863,-0.1879755091012079,PULLBACK,-0.012785862851662388,-0.03313438034797478,0.14385445226367155,False,RESEARCH_WHY_REQUIRED
MSCI,MSCI,Financial Exchanges & Data,US,DISCOVERY,1408198,549.469970703125,0.01638886737506473,0.0034148926233728005,-0.027951329952413118,-0.051718611467816866,548.58798828125,560.510498046875,572.8421254475911,-0.0010424758423968462,-0.0013232314457584024,-0.019697271295044838,-0.04696907061520539,-0.14475688365177064,2026-09-17,1,1.429461388572629,0.023581169657777575,0.13376269455861123,0.06267136119631658,-0.05923612218969043,-0.28863631335104944,-0.05965795443982382,BEAR,-0.0028793401049782563,-0.019551436584972604,-0.09127797489107048,False,RESEARCH_WHY_REQUIRED
NDAQ,"Nasdaq, Inc.",Financial Exchanges & Data,US,DISCOVERY,1120193,91.30999755859375,0.02872910501342152,-0.004253075240719051,-0.04910553892275038,0.11066407651808463,90.41200103759766,95.36452293395996,91.89863115946451,-0.0021397869086951936,0.0015328557396780986,-0.042516076740340636,-0.09261483615625621,-0.09383572369682625,2026-09-17,1,1.2885052603489962,0.024713833546040734,0.20614773564163047,0.06923355145378546,-0.10465402551446634,-0.5047872785365808,-0.14621517232355483,BEAR,-0.010547307969070108,-0.040705645555309866,0.07110471309483102,False,RESEARCH_WHY_REQUIRED
NTAP,NetApp,"Technology Hardware, Storage & Peripherals",US,DISCOVERY,1002047,196.9199981689453,0.028356533082741553,0.07254897397944382,0.012546290081292488,0.2515402839120666,193.17999877929688,188.72200088500978,179.38587799072266,-0.003177415301185648,0.002092192455088794,0.04343954200088551,-0.013525683870782346,-0.05806945150396803,2026-09-17,1,0.6967971814721161,0.046980646773453615,0.0317295531218215,0.12953060480275383,-0.07049563840121342,-0.1041211492083502,0.0030733136637658065,STRONG_UP,0.06625474125109276,0.020946183448733002,0.211980920488813,False,RESEARCH_WHY_REQUIRED
NFLX,Netflix,Movies & Entertainment,US,DISCOVERY,1065280,75.30999755859375,-0.014396100651688615,-0.009209374529185244,-0.061206726344977924,0.03419387358149795,77.46800079345704,79.33250007629394,75.51499964396159,0.00045131245414657944,-0.000412914799313896,-0.05070434580823435,-0.09916269218705265,-0.3968444883032449,2026-09-17,1,1.049491056738339,0.029519036828454935,0.18591432440802214,0.09679440277206906,-0.08968941734870572,-0.5957776328442794,-0.11756059081689832,BEAR,-0.0155036072575363,-0.05280683297753741,-0.005365489841755666,False,RESEARCH_WHY_REQUIRED
NWSA,News Corp (Class A),Publishing,US,DISCOVERY,1564708,30.18000030517578,-0.0003312430839660374,0.02722944749016487,0.028235949916635805,0.21223180263168184,30.162000274658205,30.32226915359497,28.46482146581014,0.0019267722057206877,0.0024364062053576128,-0.004691893198973229,-0.04353919275687246,-0.04353919275687246,2026-09-17,1,0.7194090863829166,0.02060560932031843,0.14701037171369266,0.05947124920595045,-0.05486195755782797,0.10202869941392026,0.06979805449451547,PULLBACK,0.020935214761813814,0.03663584328407632,0.17267243920842823,False,RESEARCH_WHY_REQUIRED
NWS,News Corp (Class B),Publishing,US,DISCOVERY,1564708,33.369998931884766,-0.0020932923953025373,0.017998785068915835,-0.001777750086610963,0.18269939401789226,33.43199920654297,34.03117008209229,32.17821054458618,0.0007426093103997447,0.0020987937291564087,-0.01942839898283255,-0.06402710337126394,-0.06402710337126394,2026-09-17,1,0.7366642358101061,0.02084579405597968,0.008605741690755635,0.06125952002558932,-0.07110973653892716,-0.12846170458564157,-0.00024973845746264036,PULLBACK,0.011704552340564778,0.006622143280829551,0.14314003059463865,False,RESEARCH_WHY_REQUIRED
NEE,NextEra Energy,Multi-Utilities,US,DISCOVERY,753308,81.27999877929688,0.011322583073490655,-0.014070883403161427,-0.0467790426410194,-0.052513967672889295,81.33199920654297,82.71015510559081,85.4780901590983,-0.0018485072074971537,-0.00036674691968452264,-0.01729118177167177,-0.04766580719600855,-0.16464784830337853,2026-09-17,1,0.8417872969411588,0.015677724801234263,0.3274796695005866,0.037636687753677164,-0.05745113051657025,-0.48390551467762555,-0.4070279915144279,BEAR,-0.020365116131512484,-0.03837914927357888,-0.09207333109614291,False,RESEARCH_WHY_REQUIRED
NKE,"Nike, Inc.","Apparel, Accessories & Luxury Goods",US,DISCOVERY,320187,36.36000061035156,0.016210225009574142,-0.00709989975741987,-0.10485482044797656,-0.13294693155164972,36.44199981689453,38.068685150146486,40.521321551005045,-0.0044435816425576515,-0.0024141305502611596,-0.044884254159441306,-0.11113432430243408,-0.5120325018893244,2026-09-17,1,1.5617817455709726,0.023902294642821453,0.38849106105207487,0.07187684222492693,-0.1191338588001416,-1.0036851256172141,-0.5667355324929986,BEAR,-0.013394132485770927,-0.09645492708053605,-0.17250629497490333,False,RESEARCH_WHY_REQUIRED
NI,NiSource,Multi-Utilities,US,DISCOVERY,1111711,40.90999984741211,0.006148548965523748,-0.012312852343764114,-0.017295248672346997,-0.12856254937954947,40.927999877929686,41.105499839782716,43.776191012064615,-0.0010861249419784145,-0.0018842923010061567,-0.004756054375511964,-0.03468620065253103,-0.16309422215400105,2026-09-17,1,0.8609463378800414,0.016050035422189027,0.12080543785762747,0.04148470013842107,-0.031264948104641754,-0.2274944772708121,-0.050364594217817846,BEAR,-0.01860708507211517,-0.008895355304906483,-0.1681219128028031,False,RESEARCH_WHY_REQUIRED
NDSN,Nordson Corporation,Industrial Machinery & Supplies & Components,US,DISCOVERY,72331,311.739990234375,0.008802023549948412,0.0139534163506716,0.008893188894239845,0.07423024213121909,310.55799560546876,319.521745300293,304.76185607910156,0.0004365915564383956,0.0017881273371648007,-0.024354383325631113,-0.07797767486367257,-0.07797767486367257,2026-09-17,1,0.6239887985486543,0.02041487590456377,0.03380654385119174,0.09749172223814048,-0.07865748493476354,-0.029094382945429265,0.0030838308466401457,PULLBACK,0.007659183622320542,0.01729308226168036,0.03467087870796548,False,RESEARCH_WHY_REQUIRED
NSC,Norfolk Southern,Rail Transportation,US,DISCOVERY,702165,318.9700012207031,0.006214514891808021,-0.013393092285046482,-0.07734803996213002,0.0555139041519066,319.3019958496094,334.2489959716797,331.74644673665364,-0.002223102734536288,0.0012917443958741762,-0.045711415546843104,-0.10399165715108682,-0.10699278290245928,2026-09-17,1,0.5953068762470805,0.018257433297546637,0.5026307033947891,0.043560372439397727,-0.10193214875196355,-0.6847541248536215,-0.892496954346775,BEAR,-0.01968732501339754,-0.06894814659468951,0.01595454072865299,False,RESEARCH_WHY_REQUIRED
NTRS,Northern Trust,Asset Management & Custody Banks,US,DISCOVERY,73124,176.94000244140625,0.001698386847794442,-0.054757197854134465,-0.041129521530582136,0.008592915146071967,180.64400329589844,183.86558685302734,182.61957702636718,-0.0014477353552324996,0.0013686309630152364,-0.03766656137321145,-0.06672289752007454,-0.09196760202619592,2026-09-17,1,0.8825678294082568,0.02370007042482343,0.19924626648341415,0.06136667159450788,-0.06633544526563795,-0.43487155907693525,-0.13353997201228535,BEAR,-0.06105143058248552,-0.03272962816314162,-0.030966448277181646,False,RESEARCH_WHY_REQUIRED
NCLH,Norwegian Cruise Line Holdings,"Hotels, Resorts & Cruise Lines",US,DISCOVERY,1513761,14.390000343322754,-0.009635195610551484,-0.012354108117476947,-0.1701268617823436,-0.29426185512157266,14.547999954223632,15.735499906539918,18.290833298365275,-0.011848424522204174,-0.0029554107296880343,-0.08550726517801654,-0.1879231997216907,-0.4484476711704658,2026-09-17,1,1.0235203515821159,0.035962472514170514,0.5534707924316562,0.08848722335960238,-0.17647061088174287,-1.5243854794976794,-1.064111240353058,BEAR,-0.018648340845828004,-0.16172696841490308,-0.33382121854482627,False,RESEARCH_WHY_REQUIRED
NUE,Nucor,Steel,US,DISCOVERY,73309,265.1400146484375,0.017109184049285187,0.03789245940720809,0.06593233413643285,0.1091732453325267,259.74000244140626,254.4755012512207,249.7280591328939,-0.0023050587373374728,7.426179447073728e-05,0.041907819592773565,-0.012403570444088907,-0.053443188340238534,2026-09-17,1,0.802979342835933,0.02841625587527227,0.23809530138868676,0.07816977338710901,-0.03538279461567129,0.4328093814340733,0.20082160005420163,STRONG_UP,0.03159822667885703,0.07433222750387336,0.06961388190927309,False,RESEARCH_WHY_REQUIRED
NVR,"NVR, Inc.",Homebuilding,US,DISCOVERY,906163,6242.22998046875,0.00901970976831623,0.02528632072524717,-0.02751732964648468,-0.023059430885554955,6229.28603515625,6287.467504882812,6399.1301676432295,-0.00108770217124315,3.243725721271127e-06,-0.007194872081474957,-0.035202565329413016,-0.25952108995158885,2026-09-17,1,0.9101948798172639,0.02199901218712652,0.12826678958939083,0.05785168462858499,-0.05369511926716908,-0.27866511009312656,-0.06101048836326493,BEAR,0.018992087996896112,-0.019117436279044164,-0.06261879430880857,False,RESEARCH_WHY_REQUIRED
ORLY,O'Reilly Automotive,Automotive Retail,US,DISCOVERY,898173,84.88999938964844,0.014459836042780339,-0.00725064590215152,-0.06918857203662843,-0.030271892828011904,85.35400085449218,87.41550064086914,88.4890007019043,-0.0033555539635505057,-0.000300381519663322,-0.02889077146164576,-0.07213901659445465,-0.21918691651483202,2026-09-17,1,1.3442398456760576,0.01974403556417706,0.32342385111296906,0.05912036576043392,-0.0824561063015622,-0.5962660247223897,-0.3785029766522407,BEAR,-0.013544878630502577,-0.06078867866918791,-0.06983125625126552,False,RESEARCH_WHY_REQUIRED
OXY,Occidental Petroleum,Oil & Gas Exploration & Production,US,DISCOVERY,797468,59.290000915527344,-0.0011792401297922028,-0.0305755221803502,-0.008785811377627017,0.14038030437645066,61.081999969482425,60.27950172424316,56.381652386983234,0.0023621192604130013,0.0012808259805844853,-0.016415212143630953,-0.07025246213074021,-0.1128661804227794,2026-09-17,1,1.122294478578256,0.026735637200966843,0.03268796099577698,0.09076305304971877,-0.06659319130592545,-0.19817816327948176,-0.003164175840039301,PULLBACK,-0.03686975490870126,-0.0003859180101865034,0.10082094095319705,False,RESEARCH_WHY_REQUIRED
ODFL,Old Dominion,Cargo Ground Transportation,US,DISCOVERY,878927,175.08999633789062,0.004186715559667986,-0.030240967164658406,-0.14490962667821028,-0.19403470244277476,178.4220001220703,189.69875106811523,209.92341893513998,-0.0077501409011478065,-0.0036200982769291033,-0.07701028418989975,-0.16390803413411958,-0.30420213778017324,2026-09-17,1,0.8843846905113438,0.035382169095599235,0.5975446556836225,0.08317462858400099,-0.15420738425349378,-1.3020091541323182,-1.0410623341855163,BEAR,-0.03653519989300946,-0.13650973331076977,-0.23359406586602838,False,RESEARCH_WHY_REQUIRED
OMC,Omnicom Group,Advertising,US,DISCOVERY,29989,78.5999984741211,-0.009202109417421278,-0.010698533754190387,-0.10099510237027831,0.07730262418340339,79.5720001220703,83.76399993896484,81.9833334604899,-0.003851169750774524,0.0018211875300132253,-0.06164941345454533,-0.12247405669397393,-0.12247405669397393,2026-09-17,1,0.7960478328897453,0.030093594036026468,0.34344631527719255,0.08892796849039318,-0.11963120190667953,-0.9029009624580533,-0.3900504684739547,BEAR,-0.016992766482541444,-0.0925952090028378,0.03774326076014978,False,RESEARCH_WHY_REQUIRED
OKE,Oneok,Oil & Gas Storage & Transportation,US,DISCOVERY,1039684,93.22000122070312,0.005609539261919094,-0.026117843377746253,-0.029059481860739478,0.07121846013571576,94.84600067138672,94.96000061035156,91.59320131937663,0.0012887618164206921,0.0016252091640720566,-0.018323498088296697,-0.06639957290671683,-0.06639957290671683,2026-09-17,1,1.0480633584881205,0.02766881370972272,0.13873683020462763,0.06415029322742108,-0.049328326147180857,-0.28851343414512093,-0.06284648437155625,PULLBACK,-0.03241207610609731,-0.020659588493298964,0.03165909671246214,False,RESEARCH_WHY_REQUIRED
OTIS,Otis Worldwide,Industrial Machinery & Supplies & Components,US,DISCOVERY,1781335,68.69999694824219,-0.007942282335852924,0.011931029104078172,-0.04517025903889771,-0.03670496284936864,69.14599914550782,70.53599967956544,71.68136622111003,-0.0021277265312531937,2.0448764436209674e-05,-0.026029300494271546,-0.05463053971012288,-0.26468367222294364,2026-09-17,1,1.9037007640873194,0.02043771150391222,0.219446130133352,0.054158154733064075,-0.06177447737698971,-0.39189498035966913,-0.18302762699474928,BEAR,0.0056367963757271156,-0.036770365671457195,-0.07626432627262225,False,RESEARCH_WHY_REQUIRED
PCAR,Paccar,Construction Machinery & Heavy Transportation Equipment,US,DISCOVERY,75362,117.36000061035156,-0.007274577918046532,-0.0425063155539247,-0.07931278350619131,0.007627652393381146,120.7260009765625,124.43699951171875,126.465505472819,-0.0034522390978995636,0.0010096422602369809,-0.05687214356772341,-0.11379591405947187,-0.15490693494003926,2026-09-17,1,1.2651895160433648,0.02283571234939046,0.4151952530422026,0.05610585134285507,-0.10432724029838891,-0.7244189772549483,-0.5869314951858068,BEAR,-0.04880054828227576,-0.0709128901387508,-0.03193171102987247,False,RESEARCH_WHY_REQUIRED
PKG,Packaging Corporation of America,Paper & Plastic Packaging Products & Materials,US,DISCOVERY,75677,235.57000732421875,0.017800865976670854,0.02015683714769767,-0.06253346996090936,0.01831659314836953,232.5765350341797,236.4217887878418,239.38215866088868,-0.004603898828163489,0.0008526954220660894,-0.003602804411514726,-0.07239965250285052,-0.08802732009936765,2026-09-17,1,0.9715938517952573,0.024374456431335,0.25578015120652514,0.06733573384036572,-0.1013403772439182,-0.6327037019825361,-0.23753836915165075,BEAR,0.013862604419346614,-0.054133576593468846,-0.021242770274884082,False,RESEARCH_WHY_REQUIRED
PSKY,Paramount Skydance Corporation,Movies & Entertainment,US,DISCOVERY,2041610,10.619999885559082,-0.046678675200881536,0.027849244158796305,0.006516488939584786,0.09764149367237573,10.828248596191406,10.660807418823243,9.67481594880422,0.004039681269526793,0.0006474487983142954,-0.003827808876099681,-0.058510626155685475,-0.4814483991510352,2026-09-17,1,2.4494405435727544,0.041998653939294354,0.01687269292597541,0.11163266845224289,-0.07427534250973922,-0.11154926193689296,0.0009849331594197874,PULLBACK,0.021555011430445248,0.0149163823070253,0.05808213024912212,False,RESEARCH_WHY_REQUIRED
PH,Parker Hannifin,Industrial Machinery & Supplies & Components,US,DISCOVERY,76334,925.2899780273438,0.007118343431122387,-0.00968603352955244,-0.09391299420825638,-0.02155648406158117,929.6199951171875,967.9851531982422,981.763764444987,-0.005865740413770986,0.0013174442913092479,-0.04410726242012364,-0.11498214765829784,-0.15708713165266164,2026-09-17,1,0.9485371979336636,0.0243250721354062,0.3842203794667747,0.06662544730424139,-0.1143730115341901,-0.8617546975750039,-0.54158415037403,BEAR,-0.015980266257903497,-0.08551310084081587,-0.061115847484834784,False,RESEARCH_WHY_REQUIRED
PAYX,Paychex,Human Resource & Employment Services,US,DISCOVERY,723531,116.51000213623047,-0.0017991696562406068,0.011547159468056734,-0.04889794174505735,0.2013788732674695,117.16800231933594,121.66300086975097,115.31562080383301,-0.0018520912967041273,0.0034691872948294975,-0.04235469038805939,-0.08962338584031393,-0.09317398738380511,2026-09-17,1,1.1364348070990575,0.021978492230467862,0.21695023818017578,0.06713802861239163,-0.09886914323826168,-0.5414195911306567,-0.158009109402902,PULLBACK,0.005252926739705677,-0.040498048377616835,0.1618195098442159,False,RESEARCH_WHY_REQUIRED
PYPL,PayPal,Transaction & Payment Processing Services,US,DISCOVERY,1633917,52.939998626708984,0.004363489778623109,-0.0069405878268726795,-0.1335385725375885,0.2726800777405891,53.44199981689453,56.027244567871094,54.25087699890137,-0.0057051414207320746,0.004106468679556968,-0.055102583840656916,-0.1539811549367398,-0.32423926560060523,2026-09-17,1,0.6816526021390756,0.04045529931284454,0.33048010317735127,0.15578387188450477,-0.16053194180389563,-1.2885650222042737,-0.2832888969603796,BEAR,-0.013234820555223736,-0.12513867917014798,0.2331207143173355,False,RESEARCH_WHY_REQUIRED
PNR,Pentair,Industrial Machinery & Supplies & Components,US,DISCOVERY,77360,55.720001220703125,-0.013106586535050813,-0.017803601792403367,-0.15048019009395353,-0.2350541475975686,56.30400085449219,59.79750003814697,65.8526507695516,-0.007281452249350509,-0.003179417489000472,-0.06818844959810466,-0.1516443215315847,-0.5050275259603383,2026-09-17,1,0.6523470029501592,0.028715000026211128,0.7338283834935128,0.0490484521735561,-0.15048019009395353,-1.340845567341171,-2.251378580789908,BEAR,-0.024097834520754424,-0.142080296726513,-0.2746135110208222,False,RESEARCH_WHY_REQUIRED
PEP,PepsiCo,Soft Drinks & Non-alcoholic Beverages,US,DISCOVERY,77476,133.66000366210938,-0.0050617291522842,-0.021880646673427484,-0.05254681377331494,-0.04901178364234282,135.23200073242188,138.2640808105469,137.94555943806967,-0.0006276235541696895,-0.00036526642995148587,-0.033299155655228674,-0.07410643160756736,-0.1968233066290037,2026-09-17,1,1.3159262970413836,0.014308611612170471,0.4043227497815322,0.0351208693923674,-0.0662344115087723,-0.5454063655824902,-0.6049358288864575,BEAR,-0.02817487940177854,-0.044146920405874424,-0.08857114706559643,False,RESEARCH_WHY_REQUIRED
PFE,Pfizer,Pharmaceuticals,US,DISCOVERY,78003,27.639999389648438,0.00655500040703072,-0.0003616719356167586,-0.02124647260384771,0.13768333659272036,27.617999267578124,28.063999748229982,25.988569800059,0.0015302304051389335,0.0018391863312023221,-0.015108336744062534,-0.053748707430079756,-0.053748707430079756,2026-09-17,1,0.9120015624289799,0.018813326085644965,0.12048196924113974,0.050957026618281,-0.05375607679818872,-0.2486175929188146,-0.0502348160522607,PULLBACK,-0.0066559046639678154,-0.012846579236407196,0.09812397316946675,False,RESEARCH_WHY_REQUIRED
PCG,PG&E Corporation,Multi-Utilities,US,DISCOVERY,1004980,13.380000114440918,0.0022471709448661503,-0.046329268061405804,-0.2419263227409022,-0.19982599143816282,13.456000137329102,15.202000093460082,16.647840166091918,-0.011375814067397495,-0.0017438502316111883,-0.11985264885000169,-0.27322106326243434,-0.29762982912143887,2026-09-17,1,0.47300023362786797,0.07874226365319026,0.37357828052093817,0.2494307870897897,-0.28376910776810294,-2.053807419351006,-0.3623386700446305,BEAR,-0.05262350078975686,-0.23352642937346169,-0.23938535486141643,False,RESEARCH_WHY_REQUIRED
PM,Philip Morris International,Tobacco,US,DISCOVERY,1413329,190.47999572753906,-0.006415997826153874,0.0037413260214651523,0.0028958198966326787,0.07481768872081318,192.44400024414062,189.75600051879883,187.9173334757487,0.0006802580507274453,0.0010515959904133286,0.0038154008661692718,-0.031424833822277676,-0.08317288812177126,2026-09-17,1,0.7560744491128684,0.0238513969048859,0.012664107260368353,0.06147926886811734,-0.059608485112815246,-0.02601667624987415,0.0005965095950691006,STRONG_UP,-0.0025529067068859046,0.011295713264073193,0.03525832529755957,False,RESEARCH_WHY_REQUIRED
PSX,Phillips 66,Oil & Gas Refining & Marketing,US,DISCOVERY,1534701,274.2099914550781,0.03620143746174209,0.06073258711988494,0.13174294875335324,0.6183244864407684,264.05999755859375,252.5474998474121,218.56837768554686,0.006472594114403034,0.006149461058056988,0.08577590996051998,0.0,0.0,2026-09-17,1,1.2989240782225786,0.028531333776098206,0.48290517495108987,0.0681181996625987,-0.02458105711173808,0.8320778382440034,0.9339552723270467,STRONG_UP,0.05443835439153388,0.14014284212079375,0.5787651230175148,False,RESEARCH_WHY_REQUIRED
PNW,Pinnacle West Capital,Multi-Utilities,US,DISCOVERY,764622,95.58999633789062,0.006316438442093508,-0.0103530390093588,-0.03862017454992672,-0.07295367451287271,95.39599914550782,97.16649932861328,101.68521563212077,-0.002149252716772136,-0.0005879350705497903,-0.0162247585496621,-0.045245767922694746,-0.1322493021700485,2026-09-17,1,0.8204622342947773,0.015288508860989149,0.37354045463080265,0.03068040089691318,-0.04555967781749137,-0.3662513587526326,-0.47020890006531935,BEAR,-0.016647271737709857,-0.03022028118248621,-0.11251303793612633,False,RESEARCH_WHY_REQUIRED
PNC,PNC Financial Services,Diversified Banks,US,DISCOVERY,713676,232.00999450683594,0.002246269823027891,-0.04514775460365106,-0.058630251616471396,-0.020154519724496334,238.2480010986328,241.55600051879884,247.3717076619466,-0.0027075523641617145,0.0010315290152455644,-0.039518811337580506,-0.06394741412283234,-0.1040701183098286,2026-09-17,1,1.0743506018017959,0.021438426734787335,0.3217548659258459,0.056137094062676286,-0.060740082824402686,-0.5530258995139986,-0.3360446254484483,BEAR,-0.051441987332002115,-0.05023035824903088,-0.05971388314774995,False,RESEARCH_WHY_REQUIRED
PPG,PPG Industries,Specialty Chemicals,US,DISCOVERY,79879,105.44999694824219,0.004476982056388579,0.003807652402326056,-0.07435043325880297,-0.09850599583167496,105.21399993896485,109.97600021362305,114.29319190979004,-0.003772535360353176,-0.0006907258231308417,-0.04115446330644257,-0.09274719175208845,-0.19499807040815142,2026-09-17,1,0.9371904140755409,0.02713541555018143,0.3599665382669935,0.05710732123459428,-0.08328962534351281,-0.6655804113867309,-0.468655638195294,BEAR,-0.002486580326025001,-0.06595053989136246,-0.13806535925492858,False,RESEARCH_WHY_REQUIRED
PPL,PPL Corporation,Electric Utilities,US,DISCOVERY,922224,33.599998474121094,0.005686879005589063,-0.01783106187303085,-0.04537991558671761,-0.06642414432121657,33.62200012207031,34.228444290161136,35.1237372080485,-0.001882469599370199,-0.00037550373718548536,-0.01836033828217798,-0.05072933378535727,-0.14854834856175214,2026-09-17,1,0.834752327882234,0.01521853910099794,0.282713777864804,0.04851278069096983,-0.055892071170912105,-0.45956973025154596,-0.2644566481651902,BEAR,-0.024125294601381908,-0.0369800222192771,-0.10598350774447018,False,RESEARCH_WHY_REQUIRED
PFG,Principal Financial Group,Life & Health Insurance,US,DISCOVERY,1126328,115.94000244140625,-0.006001345609611741,0.0085247335137284,0.04641344632527944,0.039708031773978636,116.80400085449219,113.31164588928223,111.81965560913086,0.0014804031555059227,0.0011094455634955813,0.023195820089774388,-0.04324144124916063,-0.04324144124916063,2026-09-17,1,1.1660663163347695,0.024309465852891923,0.1875566082388483,0.08648377577254118,-0.037887143804137935,0.24332158282773558,0.10065643517161464,STRONG_UP,0.002230500785377343,0.05481333969271995,0.00014866835072502305,False,RESEARCH_WHY_REQUIRED
PG,Procter & Gamble,Personal Care Products,US,DISCOVERY,80424,147.5500030517578,0.0036049432995164388,0.032034705126598784,0.021955936152781463,-0.01463962460703383,146.5280029296875,145.3865005493164,146.28705978393555,0.0002818767613219001,-1.3709306118647934e-05,0.0148810411851652,-0.00545967616110421,-0.10450927163935397,2026-09-17,1,0.7388908567753107,0.015539521799296397,0.13836733089965506,0.042245185050883656,-0.033866161072001244,0.1457510842500324,0.07191314889979551,REBOUND,0.025740472398247727,0.030355829520221977,-0.05419898803028744,False,RESEARCH_WHY_REQUIRED
PGR,Progressive Corporation,Property & Casualty Insurance,US,DISCOVERY,80661,216.2899932861328,-0.003226011287664088,0.00046251373142780494,-0.004510567345040295,0.0032270082650196485,218.6459991455078,219.35349807739257,217.50987065633137,0.001855995442831414,0.0014574164748532754,-0.013966063081332303,-0.04062986820182701,-0.09645756172485376,2026-09-17,1,2.0304157536800775,0.017154545708426013,0.022467012747142037,0.056542845009883706,-0.04028226306814919,-0.11139331769829836,-0.0017922510623607432,BEAR,-0.005831718996923252,0.003889326022400219,-0.036332355158233964,False,RESEARCH_WHY_REQUIRED
PLD,Prologis,Industrial REITs,US,DISCOVERY,1045609,135.17999267578125,0.010767063881201855,0.013713555614065065,-0.0357166064657769,-0.061939790491928104,134.49916381835936,137.53678436279296,140.07860107421874,-0.001665662271616955,-0.0006234257052323972,-0.017135718985511472,-0.05261270570161447,-0.11148845718936451,2026-09-17,1,1.0146792818751633,0.016667609460205506,0.21857296345316227,0.04454607408365945,-0.062430139353851666,-0.386739593898343,-0.17524966409057602,BEAR,0.007419322885714008,-0.027316713098336387,-0.10149915391518172,False,RESEARCH_WHY_REQUIRED
PRU,Prudential Financial,Life & Health Insurance,US,DISCOVERY,1137774,117.93000030517578,0.007604232593015681,-0.004642159319500294,-0.02396135530478649,0.09966295109201728,118.60399932861328,119.45355339050293,117.6384516398112,-0.001379425545106599,0.0022979980621494252,-0.012754355497040293,-0.045642141325380914,-0.06599248633994359,2026-09-17,1,0.748697885804983,0.02193794494808364,0.11503391410447818,0.059989429257691636,-0.049999969036547354,-0.3854533001899957,-0.04594756979796202,PULLBACK,-0.010936392047851351,-0.015561461937345977,0.06010358766876367,False,RESEARCH_WHY_REQUIRED
PEG,Public Service Enterprise Group,Electric Utilities,US,DISCOVERY,788784,70.9800033569336,0.008381928859228394,-0.020695363279898404,-0.049164774737632144,-0.11996047172850766,71.01999969482422,72.40090255737304,76.08517875671387,-0.0020943674646591607,-0.0011611048603350732,-0.01962543490826618,-0.05193361579628519,-0.16889508889963367,2026-09-17,1,0.8953183137057126,0.014727015623888517,0.3405802796120519,0.04455693666191228,-0.0570683606577147,-0.5228187467205239,-0.37580125524023544,BEAR,-0.02698959600824946,-0.04076488137019163,-0.15951983515176127,False,RESEARCH_WHY_REQUIRED
PTC,PTC Inc.,Application Software,US,DISCOVERY,857005,134.44000244140625,0.025007614270480705,0.04443754790598242,-0.11807924240173573,0.19683076871667105,133.15599975585937,144.33949966430663,135.12566693623862,-0.005803199554041995,0.0017861816695948767,-0.06858481043597797,-0.1569045730529567,-0.35365383441631615,2026-09-17,1,1.1773204843769154,0.03896587040179575,0.28836933240180174,0.1255825280630659,-0.19018556972594758,-1.0892725144171007,-0.27113988567581127,BEAR,0.038143315177631365,-0.10967934903429521,0.15727140529341743,False,RESEARCH_WHY_REQUIRED
PSA,Public Storage,Self-Storage REITs,US,DISCOVERY,1393311,300.760009765625,0.020632609070725838,0.03138419419774019,-0.06546369492972559,-0.05429430700814908,295.6017639160156,303.775439453125,314.1838795979818,-0.004466856131523747,-0.00038194518944521924,-0.009926509177070275,-0.06824355275542493,-0.09448429137821024,2026-09-17,1,0.9080228795158021,0.020929776139246067,0.33051630515443386,0.05553265747096388,-0.09390088550154552,-0.6520416637306959,-0.3896233235595307,BEAR,0.025089961469389133,-0.05706380156228508,-0.09385367043140269,False,RESEARCH_WHY_REQUIRED
PHM,PulteGroup,Homebuilding,US,DISCOVERY,822416,118.83999633789062,0.010973996194324487,0.023110939577416723,-0.08861072634173472,-0.058867244818439524,118.50829772949218,123.41111335754394,127.3902411142985,-0.004379160690479672,0.0003625295324293833,-0.03703975189341313,-0.0980663016810489,-0.17226628536087207,2026-09-17,1,0.9584818904078386,0.02533624954553324,0.3463976881965637,0.07032214985244098,-0.11042334177135904,-0.8037832436152156,-0.4364848176371532,BEAR,0.016816706849065666,-0.08021083297429421,-0.09842660824169314,False,RESEARCH_WHY_REQUIRED
DGX,Quest Diagnostics,Health Care Services,US,DISCOVERY,1022079,247.4499969482422,0.0014974709181057033,0.07056328459661754,0.023535748555145508,0.2600470969018718,242.90400085449218,240.84599990844725,228.25251007080078,0.0003519429609757907,0.003127495326070918,0.02741999884700319,-0.005006173583346096,-0.005006173583346096,2026-09-17,1,1.0258132562612075,0.02222814423004188,0.12777908370506572,0.05992465355027883,-0.056571431062659494,0.055200789151221175,0.050185961979171495,STRONG_UP,0.06426905186826648,0.03193564192258602,0.22048773347861816,False,RESEARCH_WHY_REQUIRED
Q,Qnity Electronics,Semiconductor Materials & Equipment,US,DISCOVERY,2058873,117.12999725341797,0.01976316063907313,-0.050194635555663614,-0.07007324648342683,-0.2728582836335528,118.04199981689453,122.06546096801758,134.39510765075684,-0.007150821937063024,-0.0036726961300840885,-0.04043292570609103,-0.12788449202296737,-0.33885398609055783,2026-09-17,1,0.6706725192078803,0.04490946138278651,0.15750998340297548,0.1339769136937353,-0.14120527240636616,-0.7339695681034955,-0.0823816252091592,BEAR,-0.05648886828401467,-0.06167335311598632,-0.3124176470568064,False,RESEARCH_WHY_REQUIRED
RL,Ralph Lauren Corporation,"Apparel, Accessories & Luxury Goods",US,DISCOVERY,1037038,333.0799865722656,-0.015604678472281086,-0.010663340102427421,-0.1187427397011851,-0.17964146254347435,337.4379943847656,348.655500793457,374.61033121744794,-0.007087160065299277,-0.0016230700794042663,-0.044673077538559425,-0.12347371954666941,-0.20803096574723723,2026-09-17,1,0.7295386289107564,0.030395963746598437,0.4645961477100768,0.06996417470016003,-0.1187427397011851,-1.0502857175651175,-0.7885095432074725,BEAR,-0.016957572830778478,-0.11034284633374458,-0.21920082596672796,False,RESEARCH_WHY_REQUIRED
RJF,Raymond James Financial,Investment Banking & Brokerage,US,DISCOVERY,720005,163.77000427246094,-0.004861171636103334,-0.05624384587963449,-0.07958179613440564,0.04391373536073462,168.27000427246094,174.2505012512207,171.4263910929362,-0.00226726473899161,0.002451769249708791,-0.06014615110719135,-0.09718847969798705,-0.10375960104190318,2026-09-17,1,0.9255162949195173,0.02425221533549057,0.2920791783161373,0.0718872455632505,-0.09569299418548316,-0.7418238337876375,-0.32334227639043406,BEAR,-0.06253807860798555,-0.07118190276696512,0.004354371937481005,False,RESEARCH_WHY_REQUIRED
RDDT,Reddit,Interactive Media & Services,US,DISCOVERY,1713445,152.8300018310547,-0.030266523399294032,-0.016158069821092802,0.007382473585278104,-0.07728070201298454,158.04200439453126,154.17150115966797,167.67866643269858,-0.0016855737563477016,-0.0018756054186949214,-0.008701344402322175,-0.08033452541289088,-0.45986925167817017,2026-09-17,1,1.3172635475350696,0.04844037537068505,0.013471192204180695,0.1613987125114294,-0.10963372048734576,-0.08448806873421505,0.0006161803837346332,BEAR,-0.02245230254944386,0.01578236695271862,-0.11684006543623815,False,RESEARCH_WHY_REQUIRED
O,Realty Income,Retail REITs,US,DISCOVERY,726728,57.31999969482422,0.002974596052606193,-0.037770690138101415,-0.08543725272084668,-0.056321894086894475,58.39000015258789,60.783786582946775,62.30113455454509,-0.0023057319412869348,0.00016227772455286481,-0.05698537525949954,-0.09392942633448242,-0.13901861164025897,2026-09-17,1,1.440969682531536,0.015922159246632567,0.6265613617860051,0.035989788957064256,-0.09132528075818191,-0.7579351578576391,-1.4874130402901764,BEAR,-0.04406492286645247,-0.07703735935340617,-0.09588125751014809,False,RESEARCH_WHY_REQUIRED
REG,Regency Centers,Retail REITs,US,DISCOVERY,910606,73.12000274658203,-0.0019109935239709497,-0.019247502551403395,-0.033239992696834975,-0.061135514485612386,73.91600189208984,74.79569549560547,77.49807586669922,-0.0008069975688749984,-0.0004592339324944627,-0.02240359873546327,-0.04301021619168577,-0.11713527885907182,2026-09-17,1,0.9173871357534884,0.014510945631361122,0.2997973905504117,0.03246277484612686,-0.037272306106097886,-0.3889381824520247,-0.3069750851447877,BEAR,-0.02554173527975445,-0.02484009932939446,-0.100694877908866,False,RESEARCH_WHY_REQUIRED
RF,Regions Financial Corporation,Regional Banks,US,DISCOVERY,1281761,28.479999542236328,0.00035125497446508724,-0.049081842512742946,-0.05953437140870799,-0.01779299924386024,29.357999801635742,29.876911640167236,30.426225217183433,-0.002509670791105888,0.000990441666775725,-0.04675557215401294,-0.07316875406578882,-0.11398697158792503,2026-09-17,1,0.9739455773516266,0.02191979232013666,0.32465256668912934,0.05865353041975745,-0.06471751597044162,-0.6274270391128224,-0.3295281007935769,BEAR,-0.055376075241094,-0.05113447804126747,-0.057352362667113854,False,RESEARCH_WHY_REQUIRED
RSG,Republic Services,Environmental & Facilities Services,US,DISCOVERY,1060391,218.92999267578125,-0.003958190918549209,-0.009725027761291694,-0.009545786619800545,0.050067595220265604,222.0720001220703,221.89350051879882,217.93844604492188,0.00157802658426151,0.0012284487130666281,-0.01335554144708484,-0.036908386319340125,-0.05666679224843707,2026-09-17,1,1.2649513499388771,0.016525166254504474,0.054734209702387855,0.043153105679960876,-0.030639863806612766,-0.12323085665963307,-0.012107612613036958,PULLBACK,-0.01601926048964275,-0.0011458932523600307,0.010508231797011991,False,RESEARCH_WHY_REQUIRED
RMD,ResMed|,Health Care Equipment,US,DISCOVERY,943819,228.4199981689453,0.0007447893491578927,0.04025865864001643,-0.006826349546037891,0.19771776689580256,225.4740020751953,229.43000106811525,215.38720016479493,9.002721443009138e-05,0.0029827868965755294,-0.0044022267988835795,-0.0576732511532535,-0.18967717000479645,2026-09-17,1,0.7932639476986153,0.028572062230979193,0.03150698312774428,0.07081197873019751,-0.09179044393342661,-0.18121036299634563,-0.0030373064533413693,PULLBACK,0.033964425911665375,0.0015735438214026232,0.15815840347254895,False,RESEARCH_WHY_REQUIRED
RVTY,Revvity,Health Care Equipment,US,DISCOVERY,31791,146.72999572753906,0.006862005279061556,0.21324617798505252,0.22838007096071622,0.469689750492267,137.08999938964843,129.29750022888183,118.25350964864096,0.005506329442370155,0.004087547483516736,0.1348246908702666,-0.018659767691270424,-0.018659767691270424,2026-09-17,1,1.3797820662990452,0.032365091277974545,0.478428436250289,0.1282728174066441,-0.07637085545706213,1.6715992333861946,0.8518057249345645,STRONG_UP,0.20695194525670146,0.23677996432815673,0.4301303870690134,False,RESEARCH_WHY_REQUIRED
HOOD,Robinhood Markets,Investment Banking & Brokerage,US,DISCOVERY,1783879,109.80999755859375,0.051618458955800195,-0.03105977424855544,0.14660124681693643,0.06353508531325658,110.31599884033203,110.05849952697754,103.51433334350585,0.00830180537291205,0.0034427155951250957,-0.002257908016662369,-0.12327347258607779,-0.2862992517679359,2026-09-17,1,0.9101014741591745,0.06281695928080674,0.15736386824933743,0.26728437403246136,-0.16276461556342636,0.9828673366511373,0.08631158994160724,PULLBACK,-0.037354006976906495,0.15500114018437694,0.023975721890002966,False,RESEARCH_WHY_REQUIRED
ROK,Rockwell Automation,Electrical Components & Equipment,US,DISCOVERY,1024478,410.04998779296875,-0.011737263754846183,-0.026864768387389604,-0.0535924523033845,-0.09870908267804557,417.8420043945313,425.92149810791017,449.0530721028646,-0.002396978014991647,-0.0011130440126473416,-0.03726393334322908,-0.06685935273537313,-0.17300725225617242,2026-09-17,1,1.3984181822918007,0.025996834043717918,0.2630267505865508,0.05321551047219346,-0.06184222478653301,-0.49295510429820655,-0.2648898499750294,BEAR,-0.03315900111574066,-0.04519255893594398,-0.13826844610129918,False,RESEARCH_WHY_REQUIRED
ROL,"Rollins, Inc.",Environmental & Facilities Services,US,DISCOVERY,84839,33.0,-0.015806704401794436,-0.04513892683165899,-0.0899061906353491,-0.2571506346087048,34.06800003051758,35.49300003051758,38.84589646657308,-0.00278189277175477,-0.004492194619455996,-0.07023920289561458,-0.12536442087526123,-0.49539084249691245,2026-09-17,1,1.2285731811110974,0.024816025903214623,0.3662917264409367,0.07039687291356936,-0.11433168313030428,-0.9366121314406614,-0.46780336146440116,BEAR,-0.051433159560010044,-0.08150629726790859,-0.2967099980319584,False,RESEARCH_WHY_REQUIRED
ROP,Roper Technologies,Electronic Equipment & Instruments,US,DISCOVERY,882835,374.760009765625,-0.002820492623957893,-0.03556533348140012,-0.07993714272099728,0.14007367505270696,383.5299987792969,404.69450225830076,382.5349817911784,-0.00110287960910462,0.0033553267036475413,-0.07396812243713091,-0.1276536209468221,-0.275956952342986,2026-09-17,1,0.9955503454563913,0.026557948078564788,0.3253396482672861,0.07019126018983314,-0.1206945118913294,-0.7734657309249383,-0.37051225218076445,BEAR,-0.041859566209751176,-0.07153724935355676,0.10051431162945335,False,RESEARCH_WHY_REQUIRED
ROST,Ross Stores,Apparel Retail,US,DISCOVERY,745732,229.47999572753906,0.020818472474414262,0.017739932924397683,-0.020309719740928545,0.003813626492743083,228.26399841308594,230.62028732299805,232.78792495727538,-0.0036373774952574555,-0.000111058606200325,-0.004944454838276879,-0.05714953284716551,-0.10535599362568526,2026-09-17,1,0.92228612806839,0.02080939421003562,0.08447365112669829,0.07614411093014548,-0.06742933775962523,-0.25673415737594,-0.022531436232148507,BEAR,0.011445700196046626,-0.01190982637348803,-0.03574573693051053,False,RESEARCH_WHY_REQUIRED
RCL,Royal Caribbean Group,"Hotels, Resorts & Cruise Lines",US,DISCOVERY,884887,249.74000549316406,-0.016461849030890763,-0.0357901390793709,-0.16908435080593986,-0.1931638081023761,253.68800354003906,270.0805015563965,292.6740002950033,-0.008721370885606101,-0.0012181898228389083,-0.07531271582367471,-0.16435783398910497,-0.2918649104772071,2026-09-17,1,0.9496645394763548,0.02820646248430429,0.6954021728531784,0.06992940736297983,-0.17054829293057494,-1.4689401898846832,-1.6814331678172723,BEAR,-0.042084371807721954,-0.16068445743849935,-0.2327231715256297,False,RESEARCH_WHY_REQUIRED
SPGI,S&P Global,Financial Exchanges & Data,US,DISCOVERY,64040,404.1099853515625,-0.006514958084472111,-0.015374562325730534,-0.05072585168975896,0.06983030887862451,410.5279968261719,427.76651153564455,422.3965906778971,0.00023252613824743953,0.001336065226219036,-0.055302426782211644,-0.11169002588681054,-0.22119101917401862,2026-09-17,1,0.8001859004501573,0.02947907186910029,0.16940481511602545,0.0815089767229338,-0.10313374451940971,-0.49634754743230236,-0.10542646801120635,BEAR,-0.02166879505408159,-0.04232595832231845,0.0302709454553709,False,RESEARCH_WHY_REQUIRED
CRM,Salesforce,Application Software,US,DISCOVERY,1108524,242.85000610351562,-0.03069365126802226,-0.0006172588332690188,0.17836872443510488,0.5829097184324723,251.23799743652344,241.58649826049805,197.96566619873047,0.011642394169399823,0.006482338698559759,0.005230043285180397,-0.09475522403238612,-0.09475522403238612,2026-09-17,1,0.9283451161990194,0.03967762132112575,0.2975074423046952,0.2458674257464408,-0.08160945115906326,1.1923677535880042,0.2158318566712664,STRONG_UP,-0.006911491561620076,0.1867686178025454,0.5433503550092187,False,RESEARCH_WHY_REQUIRED
SBAC,SBA Communications,Telecom Tower REITs,US,DISCOVERY,1034054,181.1300048828125,0.006165984801731028,-0.001598463725386856,-0.00027590128595600394,-0.03803114369285676,182.56600341796874,185.76200103759766,182.4184883117676,0.0005834759915572765,-0.0011232838615967023,-0.024935111211725425,-0.06744576601393171,-0.18256284779308396,2026-09-17,1,0.9808802196561093,0.028976829689914593,0.0011155500042905769,0.0656613464363812,-0.060045946864327626,-0.13990901501069203,-4.687410439111286e-06,BEAR,-0.007892696453737913,0.00812399208148451,-0.07759050711611037,False,RESEARCH_WHY_REQUIRED
SLB,Schlumberger,Oil & Gas Equipment & Services,US,DISCOVERY,87347,52.08000183105469,-0.004206451419027313,-0.07016598122209938,-0.02240466743795666,0.09542216101088052,53.592000579833986,55.32499465942383,50.98132750193278,0.0021530909385878393,0.0005592375752127563,-0.05865328769293254,-0.13413448011800821,-0.13413448011800821,2026-09-17,1,0.6690232653278094,0.04114355518436296,0.05894602904752943,0.11425342561827884,-0.12894792232176944,-0.33521600161058474,-0.011559094796950607,PULLBACK,-0.07646021395045044,-0.014004774070516146,0.05586279758762691,False,RESEARCH_WHY_REQUIRED
STX,Seagate Technology,"Technology Hardware, Storage & Peripherals",US,DISCOVERY,1137789,803.1300048828125,0.02547308714931651,-0.06865122520820632,-0.035348794996254984,-0.22615982678094637,798.7679931640625,829.3904998779296,855.6878326416015,-0.003645038965922982,-0.001740750065552977,-0.031662401485165526,-0.1321641567642714,-0.2980762717438491,2026-09-17,1,1.4319426062604705,0.05336709269134757,0.06627331769851819,0.15165171423695836,-0.14658661912964,-0.426934034503539,-0.015447777381442035,BEAR,-0.07494545793655738,-0.02694890162881447,-0.2657191902042,False,RESEARCH_WHY_REQUIRED
SRE,Sempra,Multi-Utilities,US,DISCOVERY,1032208,82.18000030517578,0.005875194306771858,-0.021666663033621636,-0.039841058285046804,-0.103182311185126,82.28199768066406,83.87299919128418,88.16686681111653,-0.0014840406853190986,-0.0011271880087070467,-0.02018526703984047,-0.06761968601933788,-0.1808461106317697,2026-09-17,1,0.9160452142012573,0.02461495635856637,0.14004082585407657,0.08535504848659997,-0.07072557220679065,-0.38436540766104865,-0.06536666318002583,BEAR,-0.027960895761972693,-0.03144116491760629,-0.1427416746083796,False,RESEARCH_WHY_REQUIRED
NOW,ServiceNow,Systems Software,US,DISCOVERY,1373715,138.47000122070312,-0.009655314209683796,0.05565299347153685,0.08860066464503702,0.44329787051309855,139.01400146484374,136.4120002746582,118.76450004577637,0.0045204909783511564,0.004086021762709962,0.015086656173219692,-0.07439842532567209,-0.2888982329202152,2026-09-17,1,0.6276665427380843,0.04814702899199806,0.1436950546003114,0.17743140155155396,-0.11406178969019787,0.5098092449477972,0.07175436384124628,STRONG_UP,0.04935876074318579,0.09700055801247753,0.40373850708984493,False,RESEARCH_WHY_REQUIRED
SHW,Sherwin-Williams,Specialty Chemicals,US,DISCOVERY,89800,320.94000244140625,-0.001617585477179162,0.01102570556036353,-0.09024060967577241,-0.003772597575287806,322.6859985351563,333.60950164794923,339.4620778401693,-0.0051053700671581,0.001228251798844678,-0.037977033459654974,-0.09724060188068828,-0.14437608254021972,2026-09-17,1,0.9679921570613357,0.022318354338885384,0.5121845356167881,0.051349556270396564,-0.10016195896820324,-0.8272143953616596,-0.9001021258523989,BEAR,0.004731472832012473,-0.0818407163083319,-0.04333196099854142,False,RESEARCH_WHY_REQUIRED
SPG,Simon Property Group,Retail REITs,US,DISCOVERY,1063761,204.47000122070312,0.00753916803434862,-0.0009771678801555606,-0.0740002559601255,-0.04648607262210269,204.26200256347656,209.62821578979492,218.22151641845704,-0.003149344823241758,0.0001365328295957445,-0.024606489873787774,-0.07329433165316523,-0.1334816677909898,2026-09-17,1,1.1181023338413525,0.016687483557011107,0.502022420078309,0.03969209215463168,-0.08092928451958137,-0.7378795682427763,-0.9359493432291018,BEAR,-0.007271400608506617,-0.06560036259268498,-0.0860454360453563,False,RESEARCH_WHY_REQUIRED
SWKS,Skyworks Solutions,Semiconductors,US,DISCOVERY,4127,91.31999969482422,0.06694711534176023,0.08675474260893878,0.33352796755635783,0.24346400679498115,86.90399932861328,74.47449989318848,67.59400030771891,0.00991363737771696,-0.00026554342339052606,0.22619151287750294,-0.010617587481379087,-0.010617587481379087,2026-09-17,1,0.9925946011374678,0.061506634752999785,0.3879075143310286,0.23095034588988866,-0.1028862082046692,2.5033416122019805,0.5601983593319705,STRONG_UP,0.08046050988058773,0.34192786092379834,0.20390464337172753,False,RESEARCH_WHY_REQUIRED
SJM,J.M. Smucker Company (The),Packaged Foods & Meats,US,DISCOVERY,91419,123.75,0.001537734259958512,0.02213595698299442,0.007408040452934195,0.13071185974682487,122.28999938964844,126.14349937438965,118.99840825398763,0.001509218598306794,0.0027453947323591854,-0.018974417122247567,-0.08933695963040245,-0.08933695963040245,2026-09-17,1,0.8028250976059473,0.022472136086027685,0.03661985668408481,0.06477394912065494,-0.08515941480224798,-0.05667215946876754,0.004188124753533785,PULLBACK,0.015841724254643363,0.01580793382037471,0.09115249632357125,False,RESEARCH_WHY_REQUIRED
SW,Smurfit Westrock,Paper & Plastic Packaging Products & Materials,US,DISCOVERY,2005951,45.47999954223633,0.020188373131799553,0.07746980641292112,-0.066310810982256,0.03459691987600788,44.14800033569336,46.0185001373291,46.051124064127606,-0.0052761301321038855,0.0013894593632161078,-0.011701828470849107,-0.09976248752691408,-0.11723951228924923,2026-09-17,1,1.0342482063172516,0.03303650564428657,0.21320110739433737,0.09296830827530139,-0.14850686857159834,-0.6468474523599261,-0.15206836174504687,BEAR,0.07117557368457006,-0.05791091761481548,-0.004962443547245732,False,RESEARCH_WHY_REQUIRED
SNA,Snap-on,Industrial Machinery & Supplies & Components,US,DISCOVERY,91440,371.6199951171875,-0.003646350552524602,-0.0085638598033011,-0.05663442229176918,-0.03090404725738294,374.5280029296875,383.94750061035154,397.22623341878256,-0.003426905929956571,0.00019440624398043944,-0.032107268503030584,-0.07241097624255743,-0.11605672503720366,2026-09-17,1,1.021139180763594,0.0182239277036507,0.4664428416840214,0.03011561137105556,-0.06505991535264932,-0.5162995055796056,-0.8771769746071004,BEAR,-0.014858092531652156,-0.04823452892432867,-0.07046341068063655,False,RESEARCH_WHY_REQUIRED
SOLV,Solventum,Health Care Technology,US,DISCOVERY,1964738,87.52999877929688,-0.014634729539128921,-0.001369112886399626,-0.0031886890682355506,0.18299772004936687,88.73799896240234,90.20699996948242,84.42783292134602,0.0016198976241797594,0.0024686041694251698,-0.02967620241324065,-0.07041211368899358,-0.07041211368899358,2026-09-17,1,1.1679425134696193,0.02488250276519017,0.017010838731686698,0.05592423775508231,-0.053981018621532484,-0.13427355716122402,-0.0009699242704531599,PULLBACK,-0.007663345614750683,0.005211204299204963,0.14343835662611326,False,RESEARCH_WHY_REQUIRED
SO,Southern Company,Electric Utilities,US,DISCOVERY,92122,86.76000213623047,0.00614633838181633,-0.011282026937544543,-0.058900099374950776,-0.07851677578470828,86.62200012207032,88.34849967956544,92.1729663848877,-0.002484413187994111,-0.0006326185007075534,-0.017979904006251934,-0.06357257736259447,-0.11871442981586644,2026-09-17,1,0.9056536718421205,0.014270492430471755,0.42857177266434676,0.039581185476538994,-0.06768635782529742,-0.5193771773483198,-0.6377504790550325,BEAR,-0.0175762596658956,-0.05050020600751026,-0.1180761392079619,False,RESEARCH_WHY_REQUIRED
LUV,Southwest Airlines,Passenger Airlines,US,DISCOVERY,92380,40.34000015258789,0.030395876892172602,0.042646719680673684,-0.02151260656602927,-0.17974207717548452,39.50600051879883,39.33803157806396,44.61396427154541,-0.006253359592375805,-0.0015615860811208446,0.02547073491808005,-0.031334920816945,-0.25817885642937066,2026-09-17,1,1.5813791765810592,0.029489149394305806,0.08026554138286865,0.08184901174825847,-0.09029446904079652,-0.35520278950587103,-0.0210964185846231,BEAR,0.03635248695232263,-0.013112713198588755,-0.21930144059873813,False,RESEARCH_WHY_REQUIRED
SWK,Stanley Black & Decker,Industrial Machinery & Supplies & Components,US,DISCOVERY,93556,89.12000274658203,0.0007860717846750465,-0.001232776041838135,-0.09924248114183964,0.0726118780019076,88.9760009765625,94.18693389892579,93.63548075358072,-0.005546683886807691,0.0025781432812737406,-0.053796539950872524,-0.11231751955316216,-0.14123424939287377,2026-09-17,1,0.8910359977776784,0.03174033146655819,0.44149157505438075,0.06272203217159716,-0.10666959458669234,-0.9966538351870888,-0.6985538860052493,BEAR,-0.007527008770189192,-0.09084258777439913,0.03305251457865399,False,RESEARCH_WHY_REQUIRED
SBUX,Starbucks,Restaurants,US,DISCOVERY,829224,96.66999816894531,-0.006883071647337924,-0.025700494057499856,-0.0791579817323318,-0.037849444794419984,97.67999877929688,103.35,104.1141586303711,-0.0036261377272034886,0.000923289810195261,-0.06463475404987595,-0.11099871189942112,-0.12021250499703717,2026-09-17,1,1.071237338039084,0.023023834121182106,0.32884888443798616,0.06490589532695444,-0.10977966879186574,-0.6857340546697785,-0.4010577753517177,BEAR,-0.03199472678585091,-0.07075808836489128,-0.0774088082176736,False,RESEARCH_WHY_REQUIRED
STT,State Street Corporation,Asset Management & Custody Banks,US,DISCOVERY,93751,183.07000732421875,0.0009295431022846579,-0.04302140928514453,-0.01474619380214437,0.05900675229924013,186.53200073242186,189.97649993896485,184.41814270019532,-5.630890196335509e-05,0.0026006876461839587,-0.03635445761431022,-0.0656356139044153,-0.0656356139044153,2026-09-17,1,1.0210992985466707,0.02363263042418739,0.06627945088983839,0.06222467644223242,-0.05847833280954717,-0.23376593535891987,-0.015707106630415805,BEAR,-0.049315642013495586,-0.006346300434703855,0.019447388875986515,False,RESEARCH_WHY_REQUIRED
STLD,Steel Dynamics,Steel,US,DISCOVERY,1022671,245.35000610351562,0.029887128000957608,0.03488275775514049,0.06207528651430416,0.009095330647727273,239.4239990234375,236.60399856567383,241.7276700337728,-0.004084106304720612,-0.0020753634158362073,0.036964749500690175,-0.025925038322652694,-0.148346449088398,2026-09-17,1,0.7403226103335931,0.031933976235541645,0.18083242175060443,0.10731356738510407,-0.05293975384696903,0.39537661669962604,0.10460209892157964,REBOUND,0.028588525026789435,0.07047517988174468,-0.03046403277552634,False,RESEARCH_WHY_REQUIRED
STE,Steris,Health Care Equipment,US,DISCOVERY,1757898,208.0399932861328,-0.008861365719090242,-0.020757842906365176,-0.11918129867713512,0.026892173417910392,210.5279968261719,224.31796340942384,222.46185862223308,-0.004654719620895667,0.0012190434316881038,-0.07256650281538346,-0.13175179184970376,-0.2212441603490395,2026-09-17,1,1.2587780716660142,0.02572342725716128,0.6704643251729953,0.04387861334382074,-0.12295726872782287,-1.0490656213549274,-1.821087835312361,BEAR,-0.027052075634716233,-0.1107814053096946,-0.01266719000534322,False,RESEARCH_WHY_REQUIRED
SYK,Stryker Corporation,Health Care Equipment,US,DISCOVERY,310764,280.1300048828125,-0.016259322671829057,0.03748007389048991,-0.17603977930903247,-0.09394243470113717,280.7640014648438,304.40950164794924,321.6239557902018,-0.009700442327897225,-8.161089642672041e-05,-0.07975932628153004,-0.1817438297398184,-0.2807553619088833,2026-09-17,1,0.7751579981993176,0.03832531581150757,0.5146616364758118,0.11218286803274133,-0.20580622083548572,-1.496376711242092,-0.8076181550072771,BEAR,0.03118584116213885,-0.16763988594159196,-0.13350179812439078,False,RESEARCH_WHY_REQUIRED
SYF,Synchrony Financial,Consumer Finance,US,DISCOVERY,1601712,74.41000366210938,-0.006276624045778001,-0.01365321773546957,-0.06543580638969915,-0.004113707713035986,75.44399871826172,77.76099967956543,76.59247296651205,-0.002161855903122251,0.0013608225998364598,-0.0430935305778567,-0.08609671658663387,-0.15128988002492072,2026-09-17,1,0.6839467985030553,0.027679656435141375,0.2402030426856057,0.07821471115263956,-0.0787420235890649,-0.5907289617779059,-0.20095810064065542,BEAR,-0.019947450463820626,-0.05703591302225863,-0.0436730711362896,False,RESEARCH_WHY_REQUIRED
SNPS,Synopsys,Application Software,US,DISCOVERY,883241,381.1700134277344,0.007134019072377651,-0.040285015129701396,-0.050019881604815186,-0.17406280947403174,381.2300048828125,404.2845031738281,410.63416697184243,-0.0030441934077676206,-0.002488534074658832,-0.057173820823291144,-0.18024430207400466,-0.2934491969534464,2026-09-17,1,0.8089173197477195,0.04033070988928868,0.09962759310437497,0.18268324449774784,-0.20906020645529244,-0.5573758087402756,-0.027278694471155912,BEAR,-0.04657924785805245,-0.04161998823737467,-0.21362217289728536,False,RESEARCH_WHY_REQUIRED
SYY,Sysco,Food Distributors,US,DISCOVERY,96021,79.11000061035156,0.005081965830664226,-0.038877378728680134,-0.04062573988982621,0.0044696456425410425,80.83399963378906,81.80549964904785,82.68470344543456,-0.0012552875514955724,0.0010095938910739336,-0.03295009565689577,-0.07202345325100812,-0.12645953209704575,2026-09-17,1,1.3116368574572574,0.023204576584106122,0.19834204156008178,0.06401176643876409,-0.06409036251418043,-0.3925957404254976,-0.12587985987459585,BEAR,-0.04517161145703119,-0.03222584652238569,-0.03508971778071257,False,RESEARCH_WHY_REQUIRED
TMUS,T-Mobile US,Wireless Telecommunication Services,US,DISCOVERY,1283699,166.4499969482422,-0.05565640454058496,-0.06045386369653716,-0.08197708154762884,-0.09296932483404041,177.68199768066407,180.25144958496094,180.1672561645508,-3.130425720655449e-05,-0.00012321542181088196,-0.07656777611773646,-0.12334754711765028,-0.2987322959624127,2026-09-17,1,1.6627773441572047,0.03186283776498698,0.27151724964530705,0.09257603773083223,-0.11472187444992032,-0.7470457926116221,-0.24043145787333903,BEAR,-0.06674809642488821,-0.07357718818018832,-0.13252868825729403,False,RESEARCH_WHY_REQUIRED
TROW,T. Rowe Price,Asset Management & Custody Banks,US,DISCOVERY,1113169,102.83999633789062,0.004296824272024269,-0.031898257215707826,-0.07226819547757513,-0.017742073350731524,103.79079742431641,107.92933387756348,111.700754292806,-0.0023274161296690304,0.0005542940757431293,-0.047154349580682764,-0.08739290176128967,-0.1465627815935857,2026-09-17,1,1.1808645514643579,0.020680505961788862,0.5198613330798434,0.038618990655812514,-0.08147537450768416,-0.7444835230143607,-0.9728229506327704,BEAR,-0.03819248994405888,-0.06386830211013461,-0.05730143677398514,False,RESEARCH_WHY_REQUIRED
TTWO,Take-Two Interactive,Interactive Home Entertainment,US,DISCOVERY,946581,210.6199951171875,-0.005618254355897689,-0.029222028947671785,-0.11145797720747286,-0.13196506904470007,214.54400024414062,222.17449874877929,236.1998326619466,-0.00658738664905282,7.658530791185691e-05,-0.05200643501690483,-0.1427059532880306,-0.20801687153630544,2026-09-17,1,0.9820944792604335,0.036599427767970524,0.3996972712630926,0.1008054600527666,-0.12296481170024787,-0.9781731535722602,-0.4419348845490262,BEAR,-0.03551626167602284,-0.10305808384003234,-0.17152443246795368,False,RESEARCH_WHY_REQUIRED
TPR,"Tapestry, Inc.","Apparel, Accessories & Luxury Goods",US,DISCOVERY,1116132,116.04000091552734,-0.016109898987180737,0.0014671456366244229,-0.11570086148495051,-0.2262014750284853,117.49800109863281,122.20255851745605,137.36056175231934,-0.009712664340467268,-0.002558805182943972,-0.05042903910271579,-0.1240796456582497,-0.29320461427298594,2026-09-17,1,0.6621477290215053,0.030464687433457906,0.40159811108476406,0.08831893829797047,-0.13634195353576495,-1.0826602943991734,-0.5261074048067877,BEAR,-0.004827087091726634,-0.10730096811751,-0.2657608384517389,False,RESEARCH_WHY_REQUIRED
TRGP,Targa Resources,Oil & Gas Storage & Transportation,US,DISCOVERY,1389170,285.07000732421875,0.001053546097276703,-0.023431866849647376,-0.0404590836508717,0.065808847817175,286.6039978027344,291.534001159668,278.4202626546224,0.0026697993573735193,0.0017088092447665295,-0.022172349742179853,-0.07426769804465116,-0.07426769804465116,2026-09-17,1,0.7886131484656639,0.02174029272368303,0.18970919230144934,0.05928137008629463,-0.05783295611688377,-0.39172429325074337,-0.12947507909298722,PULLBACK,-0.029726099577998433,-0.03205919028343118,0.026249484393921385,False,RESEARCH_WHY_REQUIRED
TGT,Target Corporation,Consumer Staples Merchandise Retail,US,DISCOVERY,27419,159.8300018310547,0.033294604338831135,0.026327658228982864,0.0052201373022306985,0.20093048841756422,156.68799743652343,161.3019989013672,147.59831784566242,0.001379981297448966,0.004038487241589022,-0.009125721195883063,-0.06395313715341322,-0.06395313715341322,2026-09-17,1,1.0092472033402424,0.023457968801947424,0.015940118254900645,0.0953730917954873,-0.09117667637185167,-0.10757555745387004,0.000872464175564376,PULLBACK,0.020033425500631807,0.013620030669671213,0.1613711249943106,False,RESEARCH_WHY_REQUIRED
TEL,TE Connectivity,Electronic Manufacturing Services,US,DISCOVERY,1385157,206.60000610351562,0.0217606786433322,0.009627137632290506,0.018847079230964736,0.021456354867744887,205.11000061035156,204.55800094604493,204.74544499715168,-0.0019641347070474425,-0.00048771643848985154,0.00998252401776889,-0.03326938555512293,-0.17560808305877218,2026-09-17,1,1.1837553110517114,0.03055422068411832,0.06261283805167839,0.08732119729375115,-0.04972640220355451,0.0737361566137942,0.013514119780856393,REBOUND,0.0033329049039394487,0.02724697259840525,-0.018103008555508726,False,RESEARCH_WHY_REQUIRED
TDY,Teledyne Technologies,Electronic Equipment & Instruments,US,DISCOVERY,1094285,601.97998046875,0.0014639908809757074,0.00918689097862524,-0.0719208548215261,-0.01783294962505666,600.4979858398438,612.5935028076171,639.4313323974609,-0.006213819725599037,-0.00019229032738401588,-0.017325554858521386,-0.06827229109448274,-0.13715654218382634,2026-09-17,1,0.9590369607625127,0.017292961691126926,0.452078648295997,0.043479628078974396,-0.08232740393147586,-0.6345957270771694,-0.7477957900870595,BEAR,0.0028926582502741827,-0.06352096145408559,-0.05739231304831027,False,RESEARCH_WHY_REQUIRED
TPL,Texas Pacific Land Corporation,Oil & Gas Exploration & Production,US,DISCOVERY,1811074,347.20001220703125,-0.003930329886108641,-0.05162522147333792,-0.06812418818550148,-0.059860983658576616,360.35400390625,368.1249008178711,384.3058308919271,0.0016341356759783853,-0.0004328625474391165,-0.05684181799261767,-0.12355105253660648,-0.36277745993268373,2026-09-17,1,1.23685917309899,0.03827508320865968,0.19274838969236252,0.10989526720691101,-0.09353199637924314,-0.6429455414061165,-0.119484923287298,BEAR,-0.05791945420168898,-0.05972429481806096,-0.09942034708183023,False,RESEARCH_WHY_REQUIRED
TXT,Textron,Aerospace & Defense,US,DISCOVERY,217346,80.91000366210938,0.002478064427028359,0.021849092527856273,-0.06211103276480323,-0.06330508125016943,80.78400115966797,81.00713768005372,86.83809776306153,-0.004867967087854471,-0.0021124052579290648,-0.0011990797444045853,-0.06287119873430702,-0.20286109899788474,2026-09-17,1,1.0986775465391614,0.021082694403345398,0.33537749792153254,0.056094106858646804,-0.08367135102513434,-0.5758308823455378,-0.37135171461903804,BEAR,0.015554859799505216,-0.05371113939736272,-0.10286444467342304,False,RESEARCH_WHY_REQUIRED
TMO,Thermo Fisher Scientific,Life Sciences Tools & Services,US,DISCOVERY,97745,658.3200073242188,0.015252247366945193,0.09225207829279225,0.07380875580165935,0.40369579904997965,634.1285888671875,621.7041198730469,574.8859034220378,0.0018519485939885922,0.004246959463529003,0.05889600258503824,-0.007911749991790784,-0.007911749991790784,2026-09-17,1,2.1622145700513222,0.02349805229992969,0.3023316699229383,0.07116221715922277,-0.05240577775682953,0.41327163855858734,0.3135754517951806,STRONG_UP,0.0859578455644412,0.08220864916909987,0.36413643562672604,False,RESEARCH_WHY_REQUIRED
TJX,TJX Companies,Apparel Retail,US,DISCOVERY,109198,126.55000305175781,0.03020194419138722,0.0010283569426947636,-0.12422143216776604,-0.22756747367622043,125.19999847412109,131.8900001525879,146.88846867879232,-0.009779302929771751,-0.0033341782606576046,-0.04048826366405389,-0.11186751229489544,-0.25323943048050335,2026-09-17,1,1.4444427270409168,0.01965345677751091,0.600534899676957,0.05938829471478303,-0.14989621911494377,-1.1125828214824076,-1.2561280916191708,BEAR,-0.005265875785656293,-0.11582153880032553,-0.26712683709947405,False,RESEARCH_WHY_REQUIRED
TKO,TKO Group Holdings,Movies & Entertainment,US,DISCOVERY,1973266,189.3000030517578,-0.016265601741704883,0.0022945548897990165,-0.05758773532741013,-0.06228349352765172,190.86478271484376,189.05943222045897,189.63601659138996,-0.0011271568918486922,-0.0011747982743850864,0.0012724614078938323,-0.06385368190260665,-0.1557925176647933,2026-09-17,1,0.7073766827722171,0.02948897204043346,0.1961517324035061,0.0932614209634224,-0.09628637927847905,-0.5568928002571483,-0.12112118744251614,BEAR,-0.00399967783855204,-0.049187841959969614,-0.10184285695090534,False,RESEARCH_WHY_REQUIRED
TTD,Trade Desk (The),Advertising,US,DISCOVERY,1671933,14.260000228881836,-0.01587298453204733,0.02075876566283741,0.05317579535135186,-0.20468488643776217,14.61200008392334,13.977000093460083,16.314833466211955,0.0023186318283461983,-0.005666723813021845,0.020247559099192625,-0.0682783440350897,-0.7471182765875405,2026-09-17,1,1.065414569841559,0.04541173555175313,0.12371137230277747,0.11741108472811976,-0.08018555506372615,0.18035193280172426,0.05602921250102262,BEAR,0.014464532934486352,0.061575688718792376,-0.24424424986101578,False,RESEARCH_WHY_REQUIRED
TSCO,Tractor Supply,Other Specialty Retail,US,DISCOVERY,916365,32.81999969482422,0.0012202842287050153,-0.02088307736813655,-0.06752999276768223,0.11343453579932783,33.09399948120117,34.3809757232666,32.62179810206096,-0.0022516996580962804,0.002234038208146243,-0.04540231903267433,-0.09111051952140392,-0.4432639476442306,2026-09-17,1,1.0153869029944018,0.03242273527710984,0.2784211177776179,0.07107649184626257,-0.08741646853320639,-0.6812748125564401,-0.2645287574203931,PULLBACK,-0.027177310096487606,-0.05913009940024172,0.07387517237607422,False,RESEARCH_WHY_REQUIRED
TT,Trane Technologies,Building Products,US,DISCOVERY,1466258,423.3299865722656,0.003912905343254058,-0.037514495381703594,-0.06838765995921947,-0.10542904743129244,427.2539978027344,442.5334701538086,463.62432454427085,-0.00444594217325069,-0.0006671856965316278,-0.04339442070871735,-0.0885583283022423,-0.16118607758614,2026-09-17,1,0.8964858530479569,0.02404930027633442,0.36531159594985535,0.0548745257889819,-0.08787892330236757,-0.6202832170329619,-0.4552714550837123,BEAR,-0.04380872811005465,-0.05998776659177896,-0.14498841085454606,False,RESEARCH_WHY_REQUIRED
TDG,TransDigm Group,Aerospace & Defense,US,DISCOVERY,1260221,1076.010009765625,-0.0037958871240348913,-0.045142335383329124,-0.12012332903344047,-0.17082025982553184,1098.531982421875,1152.1714965820313,1227.3936686197917,-0.005128182987639553,-0.0013365057122623,-0.06610256115720858,-0.12231944054183819,-0.2645332028606753,2026-09-17,1,1.0797588194848469,0.023764366425479022,0.5615444882402322,0.05996307597460991,-0.12012332903344047,-1.0369621683658872,-1.1249355079175485,BEAR,-0.05143656811168018,-0.11172343566599996,-0.21037962324878545,False,RESEARCH_WHY_REQUIRED
TRV,Travelers Companies (The),Property & Casualty Insurance,US,DISCOVERY,86312,379.489990234375,0.0015042140463485953,0.03245726617429168,0.05126022273468234,0.20137388998446104,377.9260009765625,369.52644805908204,361.98914438883463,0.00044440312334966404,0.0033398384313053134,0.026963001505375228,-0.011719055481767549,-0.04492733479377242,2026-09-17,1,0.9477318853500726,0.01652007864296115,0.3358319892949559,0.0438577086219857,-0.023187468981544335,0.238082690439511,0.3925153208770503,STRONG_UP,0.02616303344594062,0.05966011610212285,0.16181452656120743,False,RESEARCH_WHY_REQUIRED
TRMB,Trimble Inc.,Application Software,US,DISCOVERY,864749,57.33000183105469,0.00017449644598266367,0.008620719161706258,-0.03240503238726267,0.16548085854033512,57.970000457763675,59.13449993133545,56.10433343251546,0.0004532325735216688,0.0019166889583295006,-0.03051514940307387,-0.07532255111202113,-0.3208954859685834,2026-09-17,1,0.6383961866935937,0.0274102306164127,0.1259841494800847,0.06947700553719342,-0.07637310193399072,-0.3475648080680063,-0.05876074267475982,PULLBACK,0.0023264864333552016,-0.024005139019822153,0.1259214951170815,False,RESEARCH_WHY_REQUIRED
TFC,Truist Financial,Diversified Banks,US,DISCOVERY,92230,48.45000076293945,0.00020648506428644353,-0.03735348698030905,-0.049440855354346946,-0.014895000099667155,49.56999969482422,50.25650005340576,50.95984312693278,-0.002064904911903685,0.0006200278769302922,-0.035945584920290985,-0.06629405795281684,-0.11128311297390514,2026-09-17,1,1.5934199625232701,0.024148619253390364,0.24371341410100372,0.06415791664303445,-0.06214913464352112,-0.4485044885860521,-0.18780846207215446,BEAR,-0.043647719708660104,-0.04104096198690643,-0.05445436352292077,False,RESEARCH_WHY_REQUIRED
TYL,Tyler Technologies,Application Software,US,DISCOVERY,860731,341.57000732421875,-0.014057254020517385,0.018153082563654666,-0.015307880200208235,0.2236511764693021,347.4700073242187,356.7675033569336,326.5570027669271,0.0030685868591858586,0.0030234267488513955,-0.04259775873563876,-0.13203565577276055,-0.37130496042937833,2026-09-17,1,0.5906354273970283,0.03915532608238106,0.036821295311875724,0.12017047691623169,-0.11545858964803357,-0.23336871597699552,-0.004690469672044286,PULLBACK,0.011858849835303609,-0.006907986832767721,0.1840918130460485,False,RESEARCH_WHY_REQUIRED
TSN,Tyson Foods,Packaged Foods & Meats,US,DISCOVERY,100493,52.2599983215332,0.0026860973238200803,-0.003812443126760323,-0.0990969100261867,-0.08136753184418033,52.61399917602539,54.18787593841553,56.49285780588786,-0.00390712420833243,-0.0009480195478795762,-0.03557765613609509,-0.10823545247573951,-0.23442065005924007,2026-09-17,1,0.9974430878383496,0.026064015469893967,0.4352893939437706,0.08461079178299839,-0.11357755980326656,-0.9596674063243751,-0.5098148001927437,BEAR,-0.01010667585511138,-0.09069701665874619,-0.12092689526743394,False,RESEARCH_WHY_REQUIRED
USB,U.S. Bancorp,Diversified Banks,US,DISCOVERY,36104,60.25,0.008705850690589267,-0.034609835806652,-0.040910533386009584,0.011917285108842712,61.544000244140626,62.17600002288818,62.778227933247884,-0.002047305993996594,0.0017440468520107755,-0.030976582960936416,-0.05430857218950935,-0.08822641751675686,2026-09-17,1,1.1557802397032897,0.021031400616096898,0.21578510083167474,0.05990744815251484,-0.05981425011925057,-0.4207130776376993,-0.14735869819230632,BEAR,-0.04090406853500306,-0.03251064001856907,-0.0276420783144109,False,RESEARCH_WHY_REQUIRED
UBER,Uber,Passenger Ground Transportation,US,DISCOVERY,1543151,70.87000274658203,-0.0014090245512342614,-0.023290998744135982,-0.09187593650474601,0.017224122422492272,71.51399993896484,75.23249969482421,73.74866663614908,-0.0026980662893353116,0.0009257224270342864,-0.057986866925043956,-0.1395616513728325,-0.3051279122366021,2026-09-17,1,1.117092349081772,0.031392491248280946,0.31406055129509297,0.08191207549406802,-0.11798376985149983,-0.7937660841034806,-0.35226316871342256,BEAR,-0.02958523147248704,-0.0834760431373055,-0.02233524100076134,False,RESEARCH_WHY_REQUIRED
UDR,"UDR, Inc.",Multi-Family Residential REITs,US,DISCOVERY,74208,34.209999084472656,-0.005523326540067486,-0.02245809232550855,-0.08422224287250413,-0.09596926680226536,34.744204711914065,36.2705020904541,37.939986864725746,-0.0029778664385897284,-0.0007712165837275897,-0.05680933230101992,-0.10985169790511351,-0.17604064891292626,2026-09-17,1,1.1272768444780847,0.01703321900646705,0.572400592413279,0.03952306715239374,-0.10521428341231098,-0.7640609750209945,-1.2197651950622115,BEAR,-0.028752325053859606,-0.07582234950506361,-0.13552863022551898,False,RESEARCH_WHY_REQUIRED
ULTA,Ulta Beauty,Other Specialty Retail,US,DISCOVERY,1403568,543.72998046875,0.0249000234697494,0.015122333536392585,0.03008431489493768,0.18374588283755755,542.8000122070313,540.4909973144531,509.81099497477214,0.0018248147868768988,0.0023347231591385902,0.005992668093253162,-0.04346988576899691,-0.23950654887781087,2026-09-17,1,0.6320957152154544,0.034528039312305345,0.0840211898561508,0.094774176456388,-0.05956175260009633,0.14684090157606605,0.026670977559408907,STRONG_UP,0.008828100808041528,0.038484208262378194,0.14418651941430394,False,RESEARCH_WHY_REQUIRED
UNP,Union Pacific Corporation,Rail Transportation,US,DISCOVERY,100885,282.4800109863281,0.0055531734444937975,-0.01154730144539362,-0.05967227163848232,0.09737026300452345,283.3739990234375,294.1417755126953,290.3188222249349,-0.0015948581775495226,0.001626231576775843,-0.03964674689965564,-0.09663886008407663,-0.1018990877037772,2026-09-17,1,0.9553653170411243,0.019750875890079345,0.41188168242962764,0.045981894581950435,-0.09141824706999446,-0.5913809926853556,-0.5345128960063246,BEAR,-0.017841534173744678,-0.05127237827104181,0.05781089958126984,False,RESEARCH_WHY_REQUIRED
UAL,United Airlines Holdings,Passenger Airlines,US,DISCOVERY,100517,107.63999938964844,0.012605797736790159,0.010799150614596575,-0.0703057477584288,-0.11443852992900616,107.9279998779297,109.80899963378906,120.11149965922037,-0.007138815143187219,-0.0002547403551723904,-0.01975248159416987,-0.10097722900118022,-0.22432805306896053,2026-09-17,1,0.9209818121783878,0.0343074831918508,0.19207169541761118,0.09979606394225679,-0.10884938259154298,-0.710405630823519,-0.13531339449798105,BEAR,0.004504917886245519,-0.06190585439098828,-0.15399789335225977,False,RESEARCH_WHY_REQUIRED
UPS,United Parcel Service,Air Freight & Logistics,US,DISCOVERY,1090727,100.16999816894531,0.014174360367128713,0.0020005696288896146,-0.02615207491196081,-0.03839074310939139,100.80599822998047,102.42500076293945,105.69682083129882,-0.0010149611385491192,-0.0005474181182466753,-0.022016134510101648,-0.06479322567322943,-0.14283392118313298,2026-09-17,1,0.7921170050458892,0.019409867045782916,0.12815644082582145,0.061455910232462094,-0.0653861056222097,-0.2799862368142839,-0.054535956399467726,BEAR,-0.004293663099461442,-0.017752181544520296,-0.077950106532645,False,RESEARCH_WHY_REQUIRED
UNH,UnitedHealth Group,Managed Health Care,US,DISCOVERY,731766,375.2099914550781,-0.00013328974376491942,-0.027710941319355697,-0.028536570006370887,-0.07753112677943674,377.343994140625,388.77049255371094,405.6483103434245,-0.001865254091462814,-0.00017373169426863682,-0.03488047925025928,-0.07135911553497587,-0.18218367051263085,2026-09-17,1,0.9945070691233501,0.027094064856915907,0.12073179863503135,0.06153947632700976,-0.05857619354666299,-0.33789407984593983,-0.055984737429939924,BEAR,-0.034005174047706754,-0.020136676638930373,-0.11709049020269036,False,RESEARCH_WHY_REQUIRED
UHS,Universal Health Services,Health Care Facilities,US,DISCOVERY,352915,180.75,-0.0025385282093915995,0.04649142382205107,0.050092734774290326,0.24074383259095167,177.3780029296875,173.91456604003906,164.2076321919759,0.001133273818437208,0.0029286281846125687,0.03930340117910114,-0.011647008015870153,-0.2630325232389291,2026-09-17,1,1.4907026671474963,0.030421054323408903,0.19144109502162493,0.07146212260002091,-0.06157643617180897,0.28390071539962763,0.13419427871591327,STRONG_UP,0.04019719109370001,0.05849262814173084,0.20118446916769805,False,RESEARCH_WHY_REQUIRED
VLO,Valero Energy,Oil & Gas Refining & Marketing,US,DISCOVERY,1035002,412.5299987792969,0.0229369173477465,0.07031109830186932,0.1913879372282361,0.6994595033596231,397.24400634765624,369.78100128173827,322.70849126180013,0.007717978211801412,0.006569579390711365,0.1156062570802221,-0.0022058410499755654,-0.0022058410499755654,2026-09-17,1,1.1656868719375755,0.03327498303530986,0.5638559491361576,0.07223765482196692,-0.024221699375861827,1.2958367081249447,1.4938916173981636,STRONG_UP,0.06401686557351827,0.19978783059567662,0.6599001399363695,False,RESEARCH_WHY_REQUIRED
VEEV,Veeva Systems,Health Care Technology,US,DISCOVERY,1393052,263.75,-0.00434123791234875,0.010613797597766927,0.05079681274900394,0.6514306487540791,264.6679992675781,265.6235008239746,223.82683385213215,0.00428777435279206,0.008182966188800479,-0.007053219380675824,-0.10967455882195387,-0.15056360708534622,2026-09-17,1,0.6377960726026398,0.03330804596257194,0.12408755438587216,0.17231494134506725,-0.08712245593383106,0.12514242585387236,0.036579835825138844,PULLBACK,0.004319564869415871,0.05919670611644445,0.6118712853308255,False,RESEARCH_WHY_REQUIRED
VTR,Ventas,Health Care REITs,US,DISCOVERY,740260,87.70999908447266,-0.005668291635749667,-0.030185794816870892,-0.04507348348856954,0.03342778287016035,88.71399841308593,91.10899925231934,92.11880366007487,-0.0006005154398488448,0.0016820469906523015,-0.037306964139002474,-0.07185186153997192,-0.1367125944710168,2026-09-17,1,1.0297708844654547,0.020925283265987794,0.34158338558072665,0.03497125235080416,-0.06522436989398528,-0.4386115623305981,-0.4402574130173674,BEAR,-0.03648002754522195,-0.03667359012112903,-0.006131580553093263,False,RESEARCH_WHY_REQUIRED
VLTO,Veralto,Environmental & Facilities Services,US,DISCOVERY,1967680,95.25,-0.005221932114882533,0.019261670524770125,-0.048451533946576086,0.1275462369435123,95.3760009765625,96.97949981689453,94.86835505167643,-0.0011920913012465405,0.002331789396841346,-0.017833664023427342,-0.05693069306930698,-0.11817169079889289,2026-09-17,1,1.2095593353057428,0.019241104154583216,0.33797902368196214,0.041339950268457014,-0.06643358268979527,-0.4774032228844983,-0.396120508922142,PULLBACK,0.012967437796419068,-0.04005164057913557,0.08798687352025869,False,RESEARCH_WHY_REQUIRED
VRSN,Verisign,Internet Services & Infrastructure,US,DISCOVERY,1014473,302.04998779296875,0.012028400591946653,0.04569839505117623,0.10628864646162972,0.22537282130403202,297.8159973144531,291.0999984741211,279.49307276407876,0.0017538384421784856,0.0005171105821399183,0.03761590304446916,-0.004022822121868885,-0.030540668609060684,2026-09-17,1,0.9956417522161505,0.025574044710350234,0.4241447430337464,0.06335247333655833,-0.04251348119373599,0.7682625915610766,0.7116023774064345,STRONG_UP,0.039404162322825176,0.11468853982907024,0.1858134578807784,False,RESEARCH_WHY_REQUIRED
VRSK,Verisk Analytics,Research & Consulting Services,US,DISCOVERY,1442145,176.47999572753906,-0.02899589695989513,0.006215488479122344,-0.050935541893830205,0.012548968247013237,180.11378784179686,184.9483856201172,188.12676569620768,-0.0005850838621545914,0.0005750277773897895,-0.04578785515853134,-0.10271762289106978,-0.3015935619910908,2026-09-17,1,0.8695754497217815,0.03647293937853972,0.14704344664132743,0.11077095208371132,-0.09704136962423693,-0.5124999518886516,-0.06761463628977757,BEAR,-7.87442492287127e-05,-0.04253564852638969,-0.027010395176240376,False,RESEARCH_WHY_REQUIRED
VZ,Verizon,Integrated Telecommunication Services,US,DISCOVERY,732712,48.33000183105469,-0.02873787256258198,-0.03281967879898651,-0.02086707387683595,0.051870114744606344,50.28800048828125,50.07950019836426,46.764792124430336,0.0025262136769057136,0.0016062919441508956,-0.03493442147744741,-0.06464092231956042,-0.06464092231956042,2026-09-17,1,1.5172757008327877,0.02061717449237162,0.10564098310498603,0.05889979786061197,-0.06064137775741629,-0.245530703828617,-0.037426583433955746,PULLBACK,-0.039113911527337564,-0.012467180509395437,0.012310751321352731,False,RESEARCH_WHY_REQUIRED
VTRS,Viatris,Pharmaceuticals,US,DISCOVERY,1792044,17.1299991607666,0.0064629083457370395,0.04578754813348218,0.06205995607040382,0.09577613795302153,16.793999862670898,16.658500003814698,16.642659838994344,0.001707170858927382,0.0008563426729487129,0.028303818281594006,-0.010112750148686067,-0.06152938465859603,2026-09-17,1,0.9102510935558267,0.024330761342000445,0.2634797430445555,0.06280445386349678,-0.04154482068356069,0.3796905470076999,0.2603563962888028,STRONG_UP,0.039493315405131124,0.07045984943784434,0.05621677452976792,False,RESEARCH_WHY_REQUIRED
VICI,Vici Properties,Hotel & Resort REITs,US,DISCOVERY,1705696,24.110000610351562,-0.017121894192306253,-0.02507072152694023,-0.08570345684325498,-0.09429001313863661,24.65400047302246,25.507000255584718,26.181000105539958,-0.0024637730496711633,-0.0011709443574740872,-0.054769264564039966,-0.1119704991120467,-0.2329486301496021,2026-09-17,1,0.888047941904177,0.016854307183456534,0.5330189506792905,0.03973117532492526,-0.09970126989673322,-0.7467824047834212,-1.1497663047365578,BEAR,-0.03136495425529129,-0.07730356347581446,-0.13384937656189022,False,RESEARCH_WHY_REQUIRED
V,Visa Inc.,Transaction & Payment Processing Services,US,DISCOVERY,1403161,369.92999267578125,-0.0026959265083588146,0.00740720918274862,0.012009585895492725,0.12827939492579543,372.44199829101564,374.9095031738281,362.76756083170574,0.001154222099882833,0.002488898359743887,-0.013281899914225681,-0.04056335905631292,-0.04056335905631292,2026-09-17,1,0.8325649871569437,0.014643702545466184,0.0668491431890793,0.053364763923240834,-0.04407253227408148,0.008337011982690337,0.015044206479093976,PULLBACK,0.0011129764543975629,0.02040947926293324,0.08872003150254182,False,RESEARCH_WHY_REQUIRED
VMRK,Vivmark Residential,Multi-Family Residential REITs,US,DISCOVERY,906107,63.0099983215332,0.0003174574144080289,-0.030913540838325204,-0.02082362368861257,-0.030981422046820195,64.6979995727539,65.54400024414062,66.8589272181193,5.864515728699415e-05,-0.00010830642059536258,-0.03866108130673551,-0.08175465171237206,-0.11874128221631886,2026-09-17,1,0.8497072613711103,0.019282660806722307,0.0920330652824752,0.06740844521805056,-0.07557965596289695,-0.2038385506033324,-0.028430590739075366,BEAR,-0.03720777356667626,-0.012423730321172055,-0.07054078547007381,False,RESEARCH_WHY_REQUIRED
VMC,Vulcan Materials Company,Construction Materials,US,DISCOVERY,1396009,244.5,0.0008186530730407426,-0.02434160397025642,-0.1150922518925207,-0.18100139996248366,248.25599975585936,261.7485008239746,278.7188168843587,-0.005432582713914868,-0.001319815954457546,-0.06589722871258852,-0.13048117686563776,-0.25728265357827407,2026-09-17,1,0.9298264565079369,0.02727721847012626,0.5011029321596936,0.06700920392727916,-0.1158160917661295,-1.0031302365130077,-0.860673780795741,BEAR,-0.030635836698607477,-0.10669235852508019,-0.22056076338573727,False,RESEARCH_WHY_REQUIRED
WRB,W. R. Berkley Corporation,Property & Casualty Insurance,US,DISCOVERY,11544,70.0999984741211,0.0021444107565851134,0.0007137104951493445,0.0070391877528106495,0.016531313874467823,70.41999969482421,69.26399993896484,70.91916669209799,-3.3402343746619456e-05,0.0006618047991118804,0.012069740931694994,-0.01903163486951509,-0.09489991948008603,2026-09-17,1,1.6535426962259065,0.01886082144745834,0.04434365521522121,0.046102308653217655,-0.030703005499950864,0.00033205355644871926,0.0067706655875693885,BEAR,-0.005580522233201712,0.015439081120251164,-0.02302804954878579,False,RESEARCH_WHY_REQUIRED
GWW,W. W. Grainger,Industrial Machinery & Supplies & Components,US,DISCOVERY,277135,1262.6099853515625,0.003457135689107549,-0.0069839361308504655,-0.033926292112835044,-0.04195766174448101,1269.5820068359376,1296.360498046875,1329.8644714355469,-0.0012524660798296692,-1.1355671671062626e-05,-0.026034820365293143,-0.056317063130304934,-0.10904515358109856,2026-09-17,1,0.9965599152758986,0.020144508439396115,0.166528898528838,0.05754886878047065,-0.05775841067908405,-0.3246445554511166,-0.09817235640668695,BEAR,-0.013278168859201522,-0.02552639874539453,-0.08151702516773462,False,RESEARCH_WHY_REQUIRED
WAB,Wabtec,Construction Machinery & Heavy Transportation Equipment,US,DISCOVERY,943452,278.82000732421875,0.008864971778113517,-0.0051735174877478585,-0.045888523279481896,0.032738014834601925,278.99000244140626,286.1929992675781,282.588883972168,-0.0027998997902369785,0.0012608879812318042,-0.0257623071222155,-0.07949814149053736,-0.08978675249137447,2026-09-17,1,1.0598316259618705,0.022520906934351482,0.2604385776187792,0.05143504318335017,-0.08042194962579052,-0.4503994658513207,-0.23235407209307365,BEAR,-0.011467750216098915,-0.03748862991204138,-0.006821348588651688,False,RESEARCH_WHY_REQUIRED
DIS,Walt Disney Company (The),Movies & Entertainment,US,DISCOVERY,1744489,105.3499984741211,-0.015328529978443917,-0.004441515989969447,-0.014776038778129608,0.025376603140072396,106.77999877929688,107.23449974060058,101.76007130940755,0.0008248173676489722,0.0011811592143400203,-0.01757364720344745,-0.058281971148518075,-0.08723636966905102,2026-09-17,1,0.9990695649541463,0.020584431596649855,0.06016763753105071,0.06463429582723847,-0.06355055905459972,-0.17961845507424298,-0.01375491654962208,PULLBACK,-0.010735748718320504,-0.006376145410689094,-0.014182760283181217,False,RESEARCH_WHY_REQUIRED
WBD,Warner Bros. Discovery,Broadcasting,US,DISCOVERY,1437107,28.239999771118164,0.006056290635631623,0.0014184045069700613,-0.010164770716710514,0.05059526238142853,28.096000289916994,28.36750011444092,27.230333423614503,0.0007152473454434379,0.0010087998911951857,-0.004494592149762555,-0.025870990200807187,-0.058666674296061205,2026-09-17,1,1.4243479210954195,0.011002650865339322,0.09206384960151523,0.028785375388104443,-0.03425604789570269,-0.13077408784337263,-0.032509839106834984,PULLBACK,-0.004875828221380996,-0.0017648773492699998,0.011035898958174917,False,RESEARCH_WHY_REQUIRED
WM,Waste Management,Environmental & Facilities Services,US,DISCOVERY,823768,213.3300018310547,-0.003130832565164998,-0.002314954398466851,-0.04801484249763277,-0.02086997129239143,215.2260009765625,218.26268310546874,225.55193557739258,-0.0019859862056169873,0.00010485373768442561,-0.02259974634340256,-0.059216600917752715,-0.13302520527525274,2026-09-17,1,0.9923954239563139,0.016545527934132623,0.3021456560908567,0.044808592025741424,-0.05381605822422608,-0.4690438429506434,-0.3237654974789705,BEAR,-0.008609187126817908,-0.039614949130192256,-0.060429334715645044,False,RESEARCH_WHY_REQUIRED
WAT,Waters Corporation,Life Sciences Tools & Services,US,DISCOVERY,1000697,429.7200012207031,0.026466620926263618,0.0699133192613901,0.033378234429221054,0.2030234785424354,416.7600036621094,411.9735046386719,393.7415023803711,-0.00019380971666164659,0.0019624385201952262,0.04307679106110496,-0.004759406414985512,-0.004759406414985512,2026-09-17,1,1.086233101528499,0.026695936300678555,0.14579844539786993,0.06444201066346539,-0.04657454935754146,0.16698001016610226,0.0755174247327619,STRONG_UP,0.06361908653303905,0.04177812779666157,0.1634641151191818,False,RESEARCH_WHY_REQUIRED
WEC,WEC Energy Group,Electric Utilities,US,DISCOVERY,783325,104.7300033569336,0.01305867807489225,-0.0058850984923345395,-0.04216200050630048,-0.0744442453156755,104.4240005493164,106.01049995422363,110.02341906229655,-0.0016292029288073756,-0.0008016049630257845,-0.012078960082661294,-0.04643538549663451,-0.11898146757985173,2026-09-17,1,0.9625391562664259,0.015161432128190974,0.2812690415111343,0.04360827980891587,-0.05450886486272255,-0.38879406641147063,-0.2719406847177335,BEAR,-0.012179331220685596,-0.033762107138859965,-0.11400360873892912,False,RESEARCH_WHY_REQUIRED
WFC,Wells Fargo,Diversified Banks,US,DISCOVERY,72971,86.88999938964844,-0.001838066128662219,-0.02861931409651164,0.011054188052762592,0.03873591544799693,88.53200073242188,87.27700004577636,86.59916966756185,0.0006655531109014372,0.0013390904876752424,-0.004434165426457692,-0.055440793483589546,-0.09655866939029079,2026-09-17,1,0.9440231902548061,0.026056176869393592,0.04752355988171588,0.06750214157765846,-0.03765645687676811,0.00771075766982135,0.007782484460360943,PULLBACK,-0.034913546824862696,0.019454081420203106,-0.0008234479752566859,False,RESEARCH_WHY_REQUIRED
WELL,Welltower,Health Care REITs,US,DISCOVERY,766704,232.25999450683594,-0.009552262230976827,-0.014636681128346374,-0.01472023621768448,0.07105618372521949,233.8699981689453,237.38799896240235,235.80853093465169,0.0003897644252910362,0.0022878034581876277,-0.021601784748935815,-0.04435483491231629,-0.08645458316037191,2026-09-17,1,0.828561812822636,0.022005807485005805,0.10149169268560024,0.03948826956827655,-0.038499764637155875,-0.20672003408837678,-0.03783355682075485,BEAR,-0.02093091385669743,-0.006320342850243965,0.03149682030196588,False,RESEARCH_WHY_REQUIRED
WST,West Pharmaceutical Services,Health Care Supplies,US,DISCOVERY,105770,366.6000061035156,0.012679197298611555,0.06492376500658126,0.039145092616293065,0.09051836517414524,359.0080078125,348.0600021362305,350.0227406819661,3.9081973067398604e-05,0.0010071283370690278,0.05326668923029132,-0.010980136446921529,-0.04963866017307561,2026-09-17,1,0.8942301283580217,0.022534291336170076,0.19114183472102075,0.0603505217586709,-0.047573245597198444,0.23431021983077663,0.12398011823199391,REBOUND,0.0586295322782302,0.04754498598373358,0.05095900175089163,False,RESEARCH_WHY_REQUIRED
WY,Weyerhaeuser,Timber REITs,US,DISCOVERY,106535,21.65999984741211,-0.006877561769981111,-0.015006817969115183,-0.11213495831222364,-0.10559590208846958,22.00999984741211,23.010976314544678,23.732578404744466,-0.004681316464105798,-0.0008554092434424716,-0.058710088988212505,-0.1245799490355507,-0.1986422198579343,2026-09-17,1,1.019866999439647,0.02166463406836763,0.7171238684954739,0.041781399973158925,-0.11213495831222364,-1.0204819925042636,-1.9246520018501114,BEAR,-0.02130105069746624,-0.10373506494478313,-0.1451552655117232,False,RESEARCH_WHY_REQUIRED
WSM,"Williams-Sonoma, Inc.",Homefurnishing Retail,US,DISCOVERY,719955,218.9199981689453,0.0032997306634880985,-0.02154289445731694,-0.09652923785776701,-0.028694822934031805,222.8499969482422,228.61599884033203,231.5965461730957,-0.00423926419241149,0.0011395878447856206,-0.042411732864586216,-0.11750718867507193,-0.1411197038206119,2026-09-17,1,0.8857383533658703,0.03203061253010019,0.3905495332550818,0.07175973366189084,-0.09950064319785834,-0.9073567163477201,-0.5253565874205659,BEAR,-0.027837127185667998,-0.0881293444903265,-0.06825418635728542,False,RESEARCH_WHY_REQUIRED
WMB,Williams Companies,Oil & Gas Storage & Transportation,US,DISCOVERY,107263,71.80999755859375,0.012834922611146826,-0.006708632998622788,-0.012404696793023362,-0.045633039176957046,71.82799835205078,72.75853843688965,72.92969258626302,-6.574626517290062e-05,0.0005289543940211253,-0.013036832496555184,-0.0589191957164974,-0.09008988096959802,2026-09-17,1,0.7323993575780225,0.02587169809400292,0.049755165513163405,0.07689633408590574,-0.05822407687919562,-0.20173432636940467,-0.008026361066679385,BEAR,-0.013002865726973845,-0.004004803425582848,-0.08519240260021066,False,RESEARCH_WHY_REQUIRED
WTW,Willis Towers Watson,Insurance Brokers,US,DISCOVERY,1140536,310.989990234375,-0.006135992474716967,-0.014013548639596807,-0.07294461886367731,0.21188898759512376,317.0379943847656,331.71849670410154,314.271071879069,-0.00250004801581751,0.004068802988702343,-0.06248824432668498,-0.11527415551627496,-0.11527415551627496,2026-09-17,1,0.8121066742449454,0.025134011106120478,0.24830032140221664,0.07870464932623329,-0.11335711978795437,-0.7554934751714342,-0.23012836552180974,BEAR,-0.020307781367947864,-0.0645447254962368,0.17232962417187014,False,RESEARCH_WHY_REQUIRED
WDAY,"Workday, Inc.",Application Software,US,DISCOVERY,1327811,199.27999877929688,0.061354945725893284,0.07666542072593563,0.004334243616005429,0.7309129117813877,191.5239990234375,194.71949920654296,167.27216555277508,-0.00024961848654690087,0.006111875826282785,0.023420867408438184,-0.05924563538344807,-0.2024014652345737,2026-09-17,1,1.2046779112993768,0.04551563705390034,0.009279246188225412,0.14049512769187142,-0.10549971981553474,-0.23169809833247085,0.00028626269261710214,STRONG_UP,0.07037118799758457,0.012734136983445943,0.6913535483581341,False,RESEARCH_WHY_REQUIRED
WYNN,Wynn Resorts,Casinos & Gaming,US,DISCOVERY,1174922,82.95999908447266,-0.015077813390071415,-0.061750726052268834,-0.17122876774148654,-0.20150654169014393,85.87200012207032,92.03999977111816,96.5732810974121,-0.007552867196704702,-0.0022197763545992824,-0.09865276737532958,-0.18233786878509073,-0.3797252463830957,2026-09-17,1,1.1240031089877234,0.029110419445780817,0.6801583764656302,0.06864062075286835,-0.17271639315576048,-1.4497984399289425,-1.69670203144824,BEAR,-0.06804495878061989,-0.16282887437404603,-0.24106590511339754,False,RESEARCH_WHY_REQUIRED
XEL,Xcel Energy,Multi-Utilities,US,DISCOVERY,72903,73.62999725341797,0.01265298006504545,-0.01573394835995623,-0.06531292372060593,-0.07601766693582712,73.45865783691406,75.32800331115723,77.69826723734538,-0.0023830747049333363,-0.0004100935305293807,-0.022541498288827788,-0.0711613279144746,-0.10813004633071444,2026-09-17,1,0.9060464288277661,0.018074058020723167,0.34382250927532404,0.052210192160839705,-0.07978450780614421,-0.621184024637375,-0.4301086127503232,BEAR,-0.022028181088307286,-0.05691303035316542,-0.11557703035908073,False,RESEARCH_WHY_REQUIRED
XYL,Xylem Inc.,Industrial Machinery & Supplies & Components,US,DISCOVERY,1524472,107.5999984741211,0.0030763665645738847,0.00985448514584486,-0.07056635207422102,-0.021653237014713778,107.36399841308594,109.31096687316895,115.74882367451985,-0.005348036282056933,-0.00011556489869377544,-0.015652303222539965,-0.07048632012168554,-0.29274445186720277,2026-09-17,1,0.9042552137421244,0.02506304759734389,0.37135389915646394,0.05920860693937041,-0.08706462907593382,-0.6636015509413867,-0.44258920022968623,BEAR,0.0035602524174938033,-0.0621664587067805,-0.06121260043796739,False,RESEARCH_WHY_REQUIRED
YUM,Yum! Brands,Restaurants,US,DISCOVERY,1041061,135.75,-0.016019183867182596,-0.05657098772796321,-0.06506945947079212,-0.10003693318411688,140.33600158691405,148.404541015625,151.08884201049804,-0.00114000200492643,-0.0001592799862424226,-0.08527057817113992,-0.13676431900478747,-0.19810504118905226,2026-09-17,1,0.9000316849710596,0.02945095948963014,0.18235947772669212,0.0963681940006376,-0.13292407547843588,-0.6149142055151358,-0.12313225092682863,BEAR,-0.06286522045631426,-0.05666956610335161,-0.1395962966073705,False,RESEARCH_WHY_REQUIRED
ZBRA,Zebra Technologies,Electronic Equipment & Instruments,US,DISCOVERY,877212,347.80999755859375,0.01943257232294071,0.011046154719619006,-0.01928661061781123,0.4631078402009652,346.7799987792969,353.7064971923828,316.8091654459635,-0.00382910807514122,0.006468536463995318,-0.016670600287508774,-0.06321375053293565,-0.09947443837836412,2026-09-17,1,0.9916213670899241,0.03251774088771386,0.06574394260674338,0.0777522121338048,-0.07416356778809297,-0.417073077968933,-0.01630793242710457,PULLBACK,0.004751921991267949,-0.010886717250370714,0.42354847677771157,False,RESEARCH_WHY_REQUIRED
ZBH,Zimmer Biomet,Health Care Equipment,US,DISCOVERY,1136869,94.25,-0.026141752543998753,0.019580241354288486,-0.06442324797888066,0.07914178362612945,95.89400024414063,97.98050079345703,94.80766690572104,-0.0017531370572013813,0.0020034673029366646,-0.0380739102499682,-0.08370601360355301,-0.1110690674159891,2026-09-17,1,1.2949282216463684,0.0317847745894663,0.22716128572256403,0.0801030615678906,-0.0881830247998977,-0.6092434535676595,-0.18269548697464952,BEAR,0.013286008625937429,-0.056023354611440146,0.039582420202875834,False,RESEARCH_WHY_REQUIRED
ZTS,Zoetis,Pharmaceuticals,US,DISCOVERY,1555280,73.0199966430664,0.00027392661734793045,0.0021959378448332956,-0.047730876989346194,-0.0430893284742323,73.21799926757812,75.27649879455566,75.19639078776042,-0.0006591455707497927,-0.0007252888736761124,-0.029976183637973053,-0.07276194738963293,-0.5023244457878375,2026-09-17,1,0.8953058863162966,0.024049184386580845,0.22021668935897518,0.07288177089765412,-0.0626528050464521,-0.42431754733142885,-0.14422173859571563,BEAR,-0.004098294883517761,-0.03933098362190568,-0.08264869189748592,False,RESEARCH_WHY_REQUIRED
