snapshot_date_utc,ticker,theme,price,ret_1d,ret_5d,ret_20d,ret_60d,rs_5d_vs_bench,rs_20d_vs_bench,rs_60d_vs_bench,acceleration,er20,vol20,maxdd20,keynes_legacy,keynes_v2,leader_score_v1,raw_leader_state,snapshot_date_taipei,last_price_date,universe_layer,local_benchmark,global_benchmark,local_rs_status,rs_5d_vs_local,rs_20d_vs_local,rs_60d_vs_local,rs_5d_vs_global,rs_20d_vs_global,rs_60d_vs_global,global_rs_basis
2026-09-05,DELL,AI_Server,524.1400146484375,0.0150080361357805,0.1488252364269551,0.1550786242777404,0.4172458526318534,0.1477333707193764,0.1590488377705463,0.355544502787569,0.11005558035752,0.2094657439661364,0.2354889875063911,-0.1405634029502649,0.9112099174647448,0.1379413099166696,0.9311224489795918,PERSISTENT,,,,,,,,,,,,,
2026-09-05,BOAT,Shipping,50.84999847412109,0.0099304868947909,0.0381788270592413,0.1455282535097106,0.2411519882607513,0.0370869613516626,0.1494984670025165,0.1794506384164669,0.0017967636818136,0.4586118666852987,0.0752794862103423,-0.044630363121339,1.057752553675252,0.8865759765024875,0.8418367346938775,PERSISTENT,,,,,,,,,,,,,
2026-09-05,SBLK,Shipping,32.41999816894531,0.0172575247953818,0.0636482498636759,0.1217992594075352,0.2201730726877149,0.0625563841560972,0.1257694729003411,0.1584717228434304,0.033198435011792,0.3801294236944189,0.088546787281332,-0.0491803489755128,0.875574297396759,0.5228815602071486,0.8193877551020408,PERSISTENT,,,,,,,,,,,,,
2026-09-05,MU,Memory,1016.5900268554688,0.0609815222391092,0.089756279418879,0.1584147342901258,0.1398282518835505,0.0886644137113004,0.1623849477829317,0.078126902039266,0.0501525958463476,0.2721080048378919,0.152287419476188,-0.1001433232757289,1.0163385199983117,0.2830563248945921,0.7979591836734695,PERSISTENT,,,,,,,,,,,,,
2026-09-05,SMCI,AI_Server,39.59000015258789,0.0454185706156691,0.0676914292768742,0.2717636113040278,0.3525794169260734,0.0665995635692955,0.2757338247968337,0.290878067081789,-0.0002494735491327,0.3341232407779662,0.2413612186061724,-0.1172189248432828,1.9125074694779125,0.3762101428671822,0.778061224489796,PULLBACK_LEADER,,,,,,,,,,,,,
2026-09-05,GNOM,Genomics,64.26000213623047,-0.0109281063742139,-0.0084404011450861,0.1046172237116609,0.3410410100262582,-0.0095322668526648,0.1085874372044668,0.2793396601819737,-0.0345947070730013,0.2315479299624437,0.1615211743784197,-0.0529526308048863,0.6587872328152434,0.1499735355570163,0.7760204081632653,PULLBACK_LEADER,,,,,,,,,,,,,
2026-09-05,CEG,Nuclear_Power,298.9599914550781,0.0487984713481628,0.0802529049867322,0.10771045695969,0.2338422933953374,0.0791610392791535,0.1116806704524959,0.172140943551053,0.0533252907468096,0.3291063187901875,0.0938553784368318,-0.0554690740804756,0.759367955157855,0.377689510985995,0.7709183673469387,PERSISTENT,,,,,,,,,,,,,
2026-09-05,REGN,Biotech,827.719970703125,-0.0186728639395077,0.0422190762394953,0.05528072079318,0.3757499162560966,0.0411272105319167,0.0592509342859859,0.3140485664118122,0.0283988960412003,0.1827376095664261,0.0823333775096415,-0.0554802613150112,0.2841227023228901,0.1226946722994788,0.764795918367347,PERSISTENT,,,,,,,,,,,,,
2026-09-05,DAC,Shipping,155.25999450683594,0.0072007827071141,0.0303955538470823,0.1033257046617595,0.2073093867651962,0.0293036881395036,0.1072959181545654,0.1456080369209118,0.0045641276816424,0.3688481471718402,0.0739375740586041,-0.040505947262624,0.7239675909294028,0.5154550335869414,0.7551020408163266,PERSISTENT,,,,,,,,,,,,,
2026-09-05,IDNA,Genomics,39.77000045776367,-0.012906439462583,0.0122168371354409,0.1434733137896813,0.3881326697135867,0.0111249714278622,0.1474435272824872,0.3264313198693023,-0.0236514913119793,0.3392250642417195,0.1552742212477114,-0.0535197985825107,0.986583554608689,0.3134438137650255,0.7479591836734694,PULLBACK_LEADER,,,,,,,,,,,,,
2026-09-05,NEM,Gold_Miners,128.08999633789062,-0.0179406307543642,0.0008594544309414,0.1337404189413995,0.380726538459609,-0.0002324112766372,0.1377106324342054,0.3190251886153246,-0.0325756503044084,0.2425751141929744,0.1364858893142194,-0.0925706836815978,0.9012541270083684,0.2376956149821294,0.7392857142857143,PULLBACK_LEADER,,,,,,,,,,,,,
2026-09-05,XLE,Energy,64.05999755859375,-0.0086661275794808,0.0220165482881149,0.1140869140625,0.0997424473578325,0.0209246825805362,0.1180571275553059,0.0380410975135481,-0.00650518022751,0.5248001250000763,0.0608381688551391,-0.0265097823797487,0.8342279877651573,0.9841326241004272,0.7219387755102039,PULLBACK_LEADER,,,,,,,,,,,,,
2026-09-05,NVDA,AI_Semiconductor,230.3600006103516,0.0083607077593532,0.0588830033504808,0.0285765034141165,0.1493863023397901,0.0577911376429021,0.0325467169069224,0.0876849524955056,0.0517388774969516,0.0733271538267078,0.1282856573867342,-0.0746560457007837,0.1548924893148553,0.0163341226475489,0.7142857142857144,PERSISTENT,,,,,,,,,,,,,
2026-09-05,AMGN,Biotech,437.2300109863281,-0.0155137895312309,0.0111234388077128,0.0639493806999995,0.2946140312180545,0.0100315731001341,0.0679195941928054,0.23291268137377,-0.004863906367287,0.2728973046596845,0.062253085674977,-0.0314527567823124,0.3641342231308033,0.2803333110072757,0.7112244897959183,PULLBACK_LEADER,,,,,,,,,,,,,
2026-09-05,VRTX,Biotech,546.1199951171875,-0.0212202064470651,0.0081780956927675,0.1008929930332542,0.2534025058580569,0.0070862299851888,0.1048632065260601,0.1917011560137724,-0.017045152565546,0.2963467436764865,0.0937212841532929,-0.0451241825968051,0.682886899907813,0.3190236904594187,0.7030612244897959,PULLBACK_LEADER,,,,,,,,,,,,,
2026-09-05,GDX,Gold_Miners,99.26000213623048,-0.0219725665038676,-0.0039136917579188,0.1042385450017153,0.3448043004937555,-0.0050055574654975,0.1082087584945212,0.2831029506494711,-0.0299733280083477,0.1871380627859404,0.1462995501446778,-0.1028240979842187,0.6756893105284084,0.1333360175062419,0.7025510204081634,PULLBACK_LEADER,,,,,,,,,,,,,
2026-09-05,IBB,Biotech,211.9199981689453,-0.008839621211494,0.0142139328264208,0.0718728995626576,0.2771651149471583,0.0131220671188421,0.0758431130554635,0.2154637651028739,-0.0037542920642436,0.2696904687161535,0.0868930732055605,-0.0369192916563134,0.4504363259319083,0.2230722801711399,0.693877551020408,NEUTRAL,,,,,,,,,,,,,
2026-09-05,CVX,Energy,208.6000061035156,-0.0128714798714252,0.0333895049677237,0.1181389838837216,0.0990516477843845,0.032297639260145,0.1221091973765275,0.0373502979401001,0.0038547589967933,0.5354714913500171,0.062351718320737,-0.0291587688944953,0.8604896220355212,1.014567995726799,0.6908163265306123,EMERGING,,,,,,,,,,,,,
2026-09-05,MRNA,Biotech,145.5500030517578,-0.0223012841695618,0.0547865588639915,1.459861543956377,2.164818389643732,0.0536946931564128,1.4638317574491828,2.1031170397994474,-0.3101788271251027,0.354306824452641,1.8044532083381395,-0.2354627618354927,11.046559139575354,0.2866457857646964,0.688265306122449,NEUTRAL,,,,,,,,,,,,,
2026-09-05,AEM,Gold_Miners,204.72999572753903,-0.0115869700125352,-0.0073697176846591,0.1448942363386827,0.342667900472424,-0.0084615833922377,0.1488644498314886,0.2809665506281396,-0.0435932767693297,0.2396188929029901,0.1625945356400328,-0.1367631690375742,0.973623943615145,0.2135335997783126,0.6739795918367347,NEUTRAL,,,,,,,,,,,,,
2026-09-05,ZIM,Shipping,28.57999992370605,0.0358825576528785,0.0415451664526576,0.0624535438289932,0.1283063564859454,0.0404533007450789,0.0664237573217991,0.066605006641661,0.0259317804954092,0.121037509914642,0.1423345146660365,-0.088104050761851,0.4227053411507504,0.0531088432636505,0.6612244897959183,EMERGING,,,,,,,,,,,,,
2026-09-05,XBI,Biotech,163.80999755859375,-0.0034676195844203,0.0088064578937121,0.0409226831112921,0.2713231649131,0.0077145921861334,0.044892896604098,0.2096218150688156,-0.0014242128841108,0.1479780346310086,0.0911858850218559,-0.0422883989377255,0.1958318285297115,0.0664100394176699,0.6443877551020408,NEUTRAL,,,,,,,,,,,,,
2026-09-05,XOM,Energy,159.47000122070312,-0.0168917167853728,0.0176121140232949,0.0420152131250317,0.0587571795937851,0.0165202483157163,0.0459854266178376,-0.0029441702504993,0.007108310742037,0.160870908003251,0.0749184146501492,-0.0584411183374926,0.2541009535950791,0.0902184798882487,0.6392857142857142,EMERGING,,,,,,,,,,,,,
2026-09-05,BNTX,Biotech,103.76000213623048,0.0085537024329893,0.0165075213163383,0.1077186309866964,0.2044109146656443,0.0154156556087596,0.1116888444795023,0.1427095648213598,-0.0104221364303357,0.1838892557357067,0.2513466535616638,-0.1283348985471164,0.759054758345592,0.0788086835464996,0.6362244897959185,NEUTRAL,,,,,,,,,,,,,
2026-09-05,VST,Power,149.3000030517578,0.0352239757873851,0.0890656287113229,0.0619532466089107,0.0776671740080272,0.0879737630037442,0.0659234601017166,0.0159658241637428,0.0735773170590952,0.1959506706830411,0.0883180866068261,-0.0841828178603537,0.4062525070935125,0.1374551996133216,0.6285714285714286,EMERGING,,,,,,,,,,,,,
2026-09-05,META,Internet_AI,616.77001953125,0.0099725337795733,0.0670392005305018,0.0416653351841456,0.0801955245872338,0.0659473348229231,0.0456355486769515,0.0184941747429494,0.0566228667344654,0.1300818607453331,0.0923503696550113,-0.0925524313308643,0.2553949786093454,0.0586884963165661,0.6193877551020409,EMERGING,,,,,,,,,,,,,
2026-09-05,TSM,Foundry,428.9100036621094,0.028536470630939,0.0272801660953878,0.0211170244184939,0.0493211098767201,0.0261883003878091,0.0250872379112998,-0.0123802399675643,0.0220009099907643,0.086697246885453,0.0730173094421811,-0.0483792515591779,0.1043625165904678,0.0250733407391027,0.6020408163265306,EMERGING,,,,,,,,,,,,,
2026-09-05,ANET,AI_Networking,193.77999877929688,0.0122231315715053,-0.0081892008574536,0.0270843306299064,0.2768845927348011,-0.0092810665650323,0.0310545441227123,0.2151832428905167,-0.0149602835149302,0.0518834593228219,0.1378824181949231,-0.1270783847980997,0.0638336539196528,0.010191500736055,0.5887755102040817,NEUTRAL,,,,,,,,,,,,,
2026-09-05,XLF,Financials,58.09999847412109,-0.0078552405803004,0.0,0.0086805557855118,0.1123874972876064,-0.0010918657075786,0.0126507692783177,0.050686147443322,-0.0021701389463779,0.0690607938577033,0.0340284705202056,-0.0224853689724457,-0.0013194284614331,0.0176171912668705,0.5862244897959183,NEUTRAL,,,,,,,,,,,,,
2026-09-05,F,Auto,14.619999885559082,0.0145732158480686,0.0533141041078422,0.0457797113218199,0.0223776007381839,0.0522222384002635,0.0497499248146258,-0.0393237491061004,0.0418691762773872,0.1495328664634685,0.0910443511749813,-0.0455172308560075,0.2541215435957096,0.075189414515845,0.5846938775510204,EMERGING,,,,,,,,,,,,,
2026-09-05,AAPL,Consumer_Tech,319.9700012207031,-0.0251058482340651,0.0008445073611602,0.0211917624644779,0.097366129212717,-0.0002473583464184,0.0251619759572838,0.0356647793684326,-0.0044534332549592,0.0978776237303079,0.0605747642687333,-0.0353620369804923,0.094094583802566,0.0342419715160306,0.5770408163265306,NEUTRAL,,,,,,,,,,,,,
2026-09-05,JPM,Financials,358.6400146484375,-0.0094459010473886,0.00285224412834,0.0031327636752718,0.160121620154197,0.0017603784207613,0.0071029771680777,0.0984202703099126,0.0020690532095221,0.0223647351252665,0.0397637888270956,-0.0373240734875464,-0.0749954093170405,0.0017619907929842,0.5739795918367347,EMERGING,,,,,,,,,,,,,
2026-09-05,PLTR,Software_AI,174.3300018310547,-0.0449241056433528,-0.0642009334162577,0.0134876309418552,0.3388372079124451,-0.0652927991238364,0.0174578444346611,0.2771358580681606,-0.0675728411517215,0.0250108568345418,0.1520168743907292,-0.0907822605734121,-0.0988339913113255,0.0022190773746394,0.5739795918367346,NEUTRAL,,,,,,,,,,,,,
2026-09-05,TSLA,EV,354.0799865722656,-0.0592236597871772,0.0152831156193995,0.0776066743017889,-0.0720931104841265,0.0141912499118208,0.0815768877945948,-0.133794460328411,-0.0041185529560476,0.1449028962058506,0.1430935683013568,-0.0592236597871772,0.4622252107871318,0.0785879617422801,0.5704081632653062,NEUTRAL,,,,,,,,,,,,,
2026-09-05,GM,Auto,87.76000213623047,0.0061912509512687,0.017271421712566,0.0020552672004163,0.105289678207711,0.0161795560049873,0.0060254806932222,0.0435883283634266,0.0167576049124619,0.0091556633519282,0.0657293235311535,-0.0631225460096899,-0.0689740227077726,0.0002862852312233,0.567857142857143,EMERGING,,,,,,,,,,,,,
2026-09-05,ZS,Cybersecurity,169.8000030517578,-0.0449943749307539,-0.0783259675971659,0.0066398531219367,0.3613404832985505,-0.0794178333047446,0.0106100666147426,0.299639133454266,-0.0799859308776501,0.0097954395777075,0.1820940386214725,-0.1050058203630648,-0.1289649868818115,0.0003571796229748,0.5678571428571428,NEUTRAL,,,,,,,,,,,,,
2026-09-05,FCX,Copper,72.7300033569336,0.0023429686336822,-0.0486591725285101,0.044671078535748,0.1715528545708158,-0.0497510382360888,0.0486412920285539,0.1098515047265313,-0.0598269421624471,0.0925870656936296,0.1319280943358316,-0.0931047691208409,0.2316797930667777,0.0313501389057149,0.5658163265306123,NEUTRAL,,,,,,,,,,,,,
2026-09-05,IGV,Software,104.56999969482422,-0.0222533643883108,-0.0450228338372217,0.0183075003283856,0.1418431710422245,-0.0461146995448004,0.0222777138211915,0.0801418211979401,-0.0495997089193181,0.0485285843336657,0.1149145187518973,-0.0625453367020143,0.0438662920542354,0.007731286553467,0.5591836734693878,NEUTRAL,,,,,,,,,,,,,
2026-09-05,ORCL,Cloud_AI,158.77999877929688,0.0307712652542082,0.0525687262507603,0.0799890774390268,-0.2110702419108741,0.0514768605431816,0.0839592909318327,-0.2727715917551585,0.0325714568910036,0.1425108325007752,0.1419829364472388,-0.0953782728207388,0.3380824590095111,0.0802864787983921,0.556122448979592,EMERGING,,,,,,,,,,,,,
2026-09-05,COPX,Copper,90.66000366210938,-0.006465713291952,-0.0398220141892843,0.0298762344573726,0.1705617460862534,-0.040913879896863,0.0338464479501785,0.1088603962419689,-0.0472910728036274,0.0836781894906097,0.0985364024187679,-0.0747537512970761,0.1259177702968116,0.0253712247131294,0.5551020408163265,NEUTRAL,,,,,,,,,,,,,
2026-09-05,CRWD,Cybersecurity,213.1000061035156,-0.0086988654536389,-0.0242673440525863,-0.0061561051986841,0.3159601649816839,-0.025359209760165,-0.0021858917058782,0.2542588151373994,-0.0227283177529153,0.0079050895793489,0.2714249103178979,-0.1780250703400884,-0.2887172196991822,-0.0001792929138246,0.5489795918367347,WEAKENING,,,,,,,,,,,,,
2026-09-05,VRT,AI_Infrastructure,280.5299987792969,0.0435219759380753,0.0912167941180415,0.0298458335718685,-0.0016015808578395,0.0901249284104628,0.0338160470646744,-0.063302930702124,0.0837553357250743,0.0624376570292871,0.1384684232690514,-0.1322828600654159,0.0650667025539389,0.013457970245625,0.5489795918367346,EARLY_EMERGING,,,,,,,,,,,,,
2026-09-05,URA,Uranium,46.060001373291016,0.0078774749308867,0.0107527250767669,0.0256068031571186,0.0876033773988682,0.0096608593691882,0.0295770166499245,0.0259020275545838,0.0043510242874872,0.06301378223994,0.124485145330177,-0.0915857019433504,0.0456773876469681,0.0129620406814316,0.5489795918367346,EARLY_EMERGING,,,,,,,,,,,,,
2026-09-05,6857.T,Semiconductor_Equipment,33090.0,0.0250929368029739,-0.0618089027502126,0.0048587913756452,0.3112740241727758,-0.0629007684577913,0.002737935635052,0.2693784680924613,-0.0630236005941239,0.0087815587266739,0.1399686109304497,-0.1455796717840126,-0.1223200846875045,0.0003048380742099,0.5448979591836736,NEUTRAL,,,,,,,,,,,,,
2026-09-05,BAC,Financials,62.68000030517578,-0.005710669497514,0.0057766465358546,-0.0077568130120734,0.1492482444629188,0.0046847808282759,-0.0037865995192675,0.0875468946186344,0.0077158497888729,0.0436328630019817,0.0486667085446629,-0.0561641648938123,-0.1814743270223695,-0.0069544863338596,0.5357142857142857,NEUTRAL,,,,,,,,,,,,,
2026-09-05,MSFT,Cloud_AI,499.7000122070313,-0.0204265329920316,-0.0269312723713154,-0.0005799676653682,0.257549905949699,-0.0280231380788941,0.0033902458274376,0.1958485561054146,-0.0267862804549733,0.002404260971876,0.0658931193581148,-0.0508042358200844,-0.1608244819860565,-2.116144502458284e-05,0.5336734693877551,NEUTRAL,,,,,,,,,,,,,
2026-09-05,SCCO,Copper,198.759994506836,-0.0038590902479413,-0.0526215842913896,0.0104748270195149,0.1990052054721891,-0.0537134499989683,0.0144450405123208,0.1373038556279047,-0.0552402910462683,0.022070606326286,0.1369225218901026,-0.0953118012393026,-0.0260080709659793,0.001688442341642,0.526530612244898,NEUTRAL,,,,,,,,,,,,,
2026-09-05,SPY,Market_US,770.1900024414062,-0.0038542371465761,0.0010918657075786,-0.0039702134928059,0.0617013498442844,0.0,0.0,0.0,0.0020844190807801,0.0470788534994884,0.0228362979655065,-0.020697248270783,-0.0622252811204665,-0.008184912443857,0.525,NEUTRAL,,,,,,,,,,,,,
2026-09-05,QQQ,Factor_Growth,718.9600219726562,0.0017975379954848,0.0035314396699468,-0.0056290985979886,0.0364284038148359,0.0024395739623681,-0.0016588851051827,-0.0252729460294485,0.004938714319444,0.0456227589033241,0.0362178981655921,-0.0351742316204409,-0.0844683991369573,-0.0070908313620213,0.5219387755102041,NEUTRAL,,,,,,,,,,,,,
2026-09-05,HPE,AI_Server,52.0,-0.0448199612097691,-0.0059262352351857,-0.0229237353010155,0.1431083332893079,-0.0070181009427644,-0.0189535218082096,0.0814069834450235,-0.0001953014099318,0.0422438135986573,0.1482076812165222,-0.1496155267234785,-0.4590220048753781,-0.0065339798389147,0.5198979591836734,WEAKENING,,,,,,,,,,,,,
2026-09-05,CCJ,Uranium,100.73999786376952,0.0011925572839599,0.0072992271967426,0.0343977666610106,0.0600862796782086,0.006207361489164,0.0383679801538165,-0.0016150701660757,-0.0013002144685099,0.0866751797347657,0.1288691275577437,-0.1033904471965031,0.1300631346443036,0.0231353518435337,0.5127551020408163,NEUTRAL,,,,,,,,,,,,,
2026-09-05,AMD,AI_Semiconductor,477.5700073242188,0.0469352935159312,0.0257528697490352,-0.01197860435868,0.0556366352062631,0.0246610040414565,-0.0080083908658741,-0.0060647146380212,0.0287475208387052,0.0274966891102815,0.1306584968918116,-0.1132020632751312,-0.2594520527587916,-0.0025208613895077,0.4913265306122448,WEAKENING,,,,,,,,,,,,,
2026-09-05,NRG,Power,119.0199966430664,0.0641988603386893,0.0710942557705018,0.0075340676402384,-0.0135101936361174,0.0700023900629231,0.0115042811330443,-0.0752115434804019,0.0692107388604422,0.016202426016551,0.1366833158342655,-0.1325253169410938,-0.0726175384919336,0.0008930875930217,0.4908163265306123,EARLY_EMERGING,,,,,,,,,,,,,
2026-09-05,009150.KS,MLCC,1401000.0,0.0393175074183975,-0.0140745953553835,0.1399511798209927,-0.2238227146814404,-0.0151664610629622,0.1378303240803995,-0.199948440695699,-0.0490623903106317,0.1737373737373737,0.2050754228792,-0.1553273427471116,0.6602478874010341,0.1185649167129541,0.4892857142857143,NEUTRAL,,,,,,,,,,,,,
2026-09-05,UEC,Uranium,11.539999961853027,0.0026064059404546,-0.0693548131559683,0.0248667608596484,0.2250530645848085,-0.070446678863547,0.0288369743524543,0.1633517147405241,-0.0755715033708804,0.0381470968352179,0.2145006142349677,-0.1549192125114789,-0.0366372833552949,0.0044223404108862,0.4826530612244898,NEUTRAL,,,,,,,,,,,,,
2026-09-05,SMH,Semiconductor,567.010009765625,0.0260767911985666,0.0251306698164697,-0.0269263808352755,-0.0068311354895861,0.024038804108891,-0.0229561673424696,-0.0685324853338705,0.0318622650252886,0.0900739435719058,0.0879641762035638,-0.0822294275402351,-0.3118202523140171,-0.0275721937341805,0.4744897959183674,WEAKENING,,,,,,,,,,,,,
2026-09-05,RSP,Factor_Breadth,219.0,-0.0047716566107515,-0.0076578115125761,-0.0049525028671326,0.0603786437534863,-0.0087496772201548,-0.0009822893743267,-0.001322706090798,-0.0064196857957929,0.0547460806974733,0.0249159963056102,-0.0232527173103379,-0.0839648523448563,-0.0108817692173707,0.4688775510204082,WEAKENING,,,,,,,,,,,,,
2026-09-05,ASML,Semiconductor_Equipment,1714.8800048828125,0.0417266937118352,0.0110366771565741,-0.0149972058989538,-0.0111348451875917,0.0099448114489955,-0.0110269924061479,-0.0728361950318762,0.0147859786313126,0.0481156775635709,0.0941703400694922,-0.1258178205984124,-0.2364068562149202,-0.0076627176121063,0.4663265306122449,WEAKENING,,,,,,,,,,,,,
2026-09-05,GS,Financials,1038.6099853515625,0.0006550842594779,0.0044681236383539,-0.000961899187282,0.0372719273568915,0.0033762579307752,0.0030083143055238,-0.0244294224873928,0.0047085984351744,0.0042735042735042,0.0719540069638724,-0.0531882810748246,-0.0846780532789362,-5.712927550503399e-05,0.4612244897959183,NEUTRAL,,,,,,,,,,,,,
2026-09-05,005930.KS,Memory,255500.0,0.022,-0.0058365758754863,0.1084598698481562,-0.1553719008264462,-0.006928441583065,0.106339014107563,-0.1772593462664397,-0.0329515433375254,0.1470588235294117,0.1976779844398876,-0.1119005328596802,0.6377568025979374,0.080686682966829,0.4464285714285714,NEUTRAL,,,,,,,,,,,,,
2026-09-05,QCOM,Semiconductor,168.74000549316406,0.0010084722166401,0.0277118154826847,0.0052424930275987,-0.1174685764307729,0.026619949775106,0.0092127065204046,-0.1791699262750573,0.026401192225785,0.020982486216509,0.0750697984095845,-0.0555820433523776,-0.1940004758538224,0.001465310151648,0.4459183673469388,NEUTRAL,,,,,,,,,,,,,
2026-09-05,LRCX,Semiconductor_Equipment,307.6499938964844,0.0512198115451461,0.0190460421207281,-0.0118837711080728,-0.0439713935153652,0.0179541764131494,-0.0079135576152669,-0.1056727433596497,0.0220169848977463,0.023041556978451,0.1429051807533715,-0.16147042114063,-0.2760017484310575,-0.0019160998059132,0.4413265306122449,WEAKENING,,,,,,,,,,,,,
2026-09-05,IWM,Factor_SmallCap,296.010009765625,0.0027778966680334,0.0008791538989856,-0.0184042573215977,0.0494948504763035,-0.000212711808593,-0.0144340438287918,-0.0122064993679809,0.005480218229385,0.1441932450497051,0.0341976325880109,-0.0475924782456348,-0.1863134938564535,-0.0776009736668538,0.4372448979591836,WEAKENING,,,,,,,,,,,,,
2026-09-05,ETN,Power_Grid,410.8500061035156,0.0345739604027657,0.0200357697717772,-0.0843139591463838,0.0942577517015463,0.0189439040641985,-0.0803437456535779,0.0325564018572619,0.0411142595583731,0.2604474665782549,0.0986168715921868,-0.1505565729335032,-0.7468614064773229,-0.2226734300360624,0.4239795918367346,WEAKENING,,,,,,,,,,,,,
2026-09-05,000660.KS,Memory,1647000.0,0.031954887218045,-0.0036297640653357,0.1016722408026755,-0.19580078125,-0.0047216297729144,0.0995513850620823,-0.1800431227993097,-0.0290478242660046,0.1391941391941392,0.2131545396745466,-0.0974729241877256,0.4541251732973949,0.0663939884183363,0.4173469387755102,NEUTRAL,,,,,,,,,,,,,
2026-09-05,XLU,Utilities,43.08000183105469,0.0011620509685412,0.0081910201864712,-0.0121531477156427,-0.0209090492942116,0.0070991544788925,-0.0081829342228368,-0.0826103991384961,0.0112293071153819,0.0873144655590008,0.0395522073153695,-0.046942039417504,-0.1320695878735176,-0.0268289855276571,0.4173469387755102,WEAKENING,,,,,,,,,,,,,
2026-09-05,MTUM,Factor_Momentum,304.8599853515625,0.018168364437473,0.0171832572930965,-0.0144187956389817,-0.0001968649925502,0.0160913915855178,-0.0104485821461758,-0.0618982148368346,0.0207879562028419,0.0751603533327573,0.0580283246026655,-0.0793306353572576,-0.1834655254037728,-0.0186757377932105,0.4147959183673469,WEAKENING,,,,,,,,,,,,,
2026-09-05,NVO,Pharma,46.59999847412109,-0.0191538598097501,0.0217057191519713,-0.0139652956168513,0.0885306465604236,0.0206138534443927,-0.0099950821240454,0.0268292967161392,0.0251970430561842,0.0431936999586325,0.0864849136299663,-0.0727497107815057,-0.1921374938970178,-0.0069747747137585,0.411734693877551,WEAKENING,,,,,,,,,,,,,
2026-09-05,SOXX,Semiconductor,519.8599853515625,0.0351652184692719,0.022098994027526,-0.0430909738032044,-0.039980838809301,0.0210071283199473,-0.0391207603103985,-0.1016821886535854,0.0328717374783271,0.1366530530226672,0.0949564574979785,-0.1051831414941038,-0.4721164867912977,-0.0620127717807187,0.4,WEAKENING,,,,,,,,,,,,,
2026-09-05,HACK,Cybersecurity,110.75,-0.0069936231313011,-0.0414575114901494,-0.0404609100938437,0.1769394452270678,-0.0425493771977281,-0.0364906966010378,0.1152380953827834,-0.0313422839666884,0.0929722422631479,0.1282242670329473,-0.1132168604549995,-0.4812595173097038,-0.0293372044346777,0.4,WEAKENING,,,,,,,,,,,,,
2026-09-05,FTNT,Cybersecurity,156.2899932861328,-0.0004477316701552,-0.0584940163485975,-0.0209847539233506,0.1253599351325696,-0.0595858820561762,-0.0170145404305447,0.0636585852882851,-0.0532478278677598,0.0387149676502381,0.1556985297937211,-0.1055678065865899,-0.3859388086371337,-0.0052179302551352,0.3908163265306123,WEAKENING,,,,,,,,,,,,,
2026-09-05,LLY,Pharma,1149.3599853515625,-0.0088306230165284,-0.0214964969776266,-0.0306567177332277,0.0114311274410543,-0.0225883626852053,-0.0266865042404218,-0.05027022240323,-0.0138323175443197,0.0986725976018018,0.0939642365805029,-0.1023009387860757,-0.360813110448908,-0.0321928648895176,0.3760204081632653,WEAKENING,,,,,,,,,,,,,
2026-09-05,PANW,Cybersecurity,333.260009765625,0.0039766443167745,-0.1031512875750609,-0.0840982158463281,0.2660892341771366,-0.1042431532826396,-0.0801280023535222,0.2043878843328521,-0.0821267336134789,0.1320671813251974,0.2026128078481781,-0.1705050227617977,-0.9541634174245928,-0.0548169409390201,0.3704081632653062,WEAKENING,,,,,,,,,,,,,
2026-09-05,GEV,Power_Grid,941.9500122070312,0.000116777104844,0.0329192150410202,-0.04884279299565,0.0863347323034549,0.0318273493334415,-0.0448725795028441,0.0246333824591704,0.0451299132899327,0.1318809950142782,0.1115226522521771,-0.1672566920325533,-0.4910895255870723,-0.0577589934372907,0.3591836734693877,WEAKENING,,,,,,,,,,,,,
2026-09-05,XLI,Industrials,175.27000427246094,0.0040674079044304,-0.010556594352663,-0.053515437926769,0.0330661351482952,-0.0116484600602417,-0.0495452244339631,-0.0286352146959891,0.0028222651290291,0.4158618397756836,0.0345991079444049,-0.0738834335164372,-0.4688358852219549,-0.6432254990038384,0.3581632653061224,WEAKENING,,,,,,,,,,,,,
2026-09-05,AMZN,Cloud_AI,258.510009765625,-0.0015063118580656,-0.0297263188375119,-0.0581827476737407,0.086176511620273,-0.0308181845450906,-0.0542125341809348,0.0244751617759886,-0.0151806319190767,0.2244557011975431,0.0749881934312929,-0.0833183446872098,-0.5497661714543165,-0.174153407745111,0.3545918367346938,WEAKENING,,,,,,,,,,,,,
2026-09-05,NET,Cybersecurity,278.9200134277344,-0.0196478019964766,-0.0697704881458891,-0.0711025955543143,0.2697228376777272,-0.0708623538534678,-0.0671323820615084,0.2080214878334427,-0.0519948392573105,0.0999764490951765,0.1858586974480606,-0.1755886669759351,-0.7679514277567081,-0.0382472551598365,0.3494897959183674,WEAKENING,,,,,,,,,,,,,
2026-09-05,INTC,Semiconductor,95.8000030517578,0.0450529613320271,0.0707499915579519,-0.0575504022263271,-0.1050074529861018,0.0696581258503732,-0.0535801887335212,-0.1667088028303862,0.0851375921145337,0.1291105666380024,0.1344786842103344,-0.1654552010932157,-0.6838130065394621,-0.0552531063589558,0.3403061224489796,WEAKENING,,,,,,,,,,,,,
2026-09-05,CAT,Industrials,813.9400024414062,0.0172469662063234,0.0171071570651748,-0.0335434995881056,-0.0493131798115463,0.0160152913575961,-0.0295732860952997,-0.1110145296558308,0.0254930319622012,0.1203202661952791,0.0833979465295437,-0.1162479991282768,-0.3782347417611752,-0.0483940308785944,0.3397959183673469,WEAKENING,,,,,,,,,,,,,
2026-09-05,KLAC,Semiconductor_Equipment,185.6000061035156,0.0732045997651624,0.0573089506787483,-0.0631467087390552,-0.1309396240246411,0.0562170849711696,-0.0591764952462493,-0.1926409738689255,0.0730956278635121,0.1493018267759725,0.1354660494849597,-0.1837894475089481,-0.7241694845464854,-0.0695961756135655,0.3341836734693877,WEAKENING,,,,,,,,,,,,,
2026-09-05,HUBB,Power_Grid,460.7200012207031,0.0012387424356827,0.0023060469698228,-0.1036401292355542,-0.0146923483628659,0.0012141812622441,-0.0996699157427483,-0.0763936982071503,0.0282160792787113,0.3720231821960938,0.0765794505600388,-0.1468573154914562,-0.8929244391453243,-0.5034840338949244,0.3255102040816327,WEAKENING,,,,,,,,,,,,,
2026-09-05,COST,Consumer,915.739990234375,-0.0104494042540926,-0.03144465862479,-0.0338461066889783,-0.0687737120500133,-0.0325365243323687,-0.0298758931961724,-0.1304750618942978,-0.0229831319525454,0.1687534534965518,0.0556211767184492,-0.0572987778266332,-0.3306997141127592,-0.1026883595090019,0.3209183673469387,WEAKENING,,,,,,,,,,,,,
2026-09-05,WMT,Consumer,107.13999938964844,-0.011805928803857,0.0392860917220658,-0.0421099610972495,-0.1115349312272602,0.0381942260144871,-0.0381397476044436,-0.1732362810715446,0.0498135819963782,0.1475101484327006,0.1096716802318545,-0.1153349248894968,-0.4435484126095356,-0.05663856520497,0.308673469387755,WEAKENING,,,,,,,,,,,,,
2026-09-05,6976.T,MLCC,9426.0,0.0642429716608332,0.0196884465599307,-0.0516148505885903,-0.3978920472692431,0.018596580852352,-0.0537357063291835,-0.4124464742773095,0.0325921592070783,0.0817790530846484,0.1944840809473455,-0.2158477202301904,-1.0218740447713883,-0.0217036457980503,0.2928571428571428,WEAKENING,,,,,,,,,,,,,
2026-09-05,PWR,Power_Grid,624.4099731445312,0.0070154107716429,0.0360211722213181,-0.0706248522632319,-0.0407269871284379,0.0349293065137394,-0.0666546387704259,-0.1024283369727223,0.0536773852871261,0.1814047215755417,0.1073092873931459,-0.1655937004275781,-0.6798255080312813,-0.1193902407923702,0.2892857142857143,WEAKENING,,,,,,,,,,,,,
2026-09-05,GOOGL,Cloud_AI,338.4599914550781,-0.0117379683552114,-0.0234571250431779,-0.0447078658866524,-0.050283442343032,-0.0245489907507566,-0.0407376523938465,-0.1119847921873165,-0.0122801585715148,0.2232873217781766,0.0606897127217911,-0.0629335441133602,-0.4457077396611318,-0.164487508484517,0.2872448979591837,WEAKENING,,,,,,,,,,,,,
2026-09-05,ITA,Defense,225.6100006103516,-0.0016372914602299,-0.0309681577486883,-0.100259219898897,0.0032908147339907,-0.032060023456267,-0.0962890064060911,-0.0584105351102937,-0.005903352773964,0.5281510106538997,0.0546559329012363,-0.1178817074465565,-0.866761087551748,-0.9688245265643652,0.2801020408163265,WEAKENING,,,,,,,,,,,,,
2026-09-05,RTX,Defense,200.7899932861328,-0.0066294541350087,-0.0515800532871982,-0.0997175519656081,0.1317850692825213,-0.0526719189947769,-0.0957473384728022,0.0700837194382368,-0.0266506652957962,0.4885761971788022,0.0582878343096269,-0.1095836006559337,-0.9257807570408364,-0.8358454711584603,0.2790816326530612,WEAKENING,,,,,,,,,,,,,
2026-09-05,8035.T,Semiconductor_Equipment,53320.0,0.0003752345215759,-0.0517517339498488,-0.0363274896078077,-0.1376354520459324,-0.0528435996574275,-0.0384483453484009,-0.0727934114056507,-0.0426698615478969,0.1050705697856769,0.1048333404432414,-0.1161590946912963,-0.5367895791584405,-0.0364096957688969,0.2724489795918367,WEAKENING,,,,,,,,,,,,,
2026-09-05,AVGO,AI_Semiconductor,357.8999938964844,0.0020718731850923,-0.0295290392801165,-0.1633159114322486,-0.0381618166463585,-0.0306209049876952,-0.1593456979394427,-0.0998631664906429,0.0112999385779456,0.5734690048271469,0.0992459247774806,-0.1687161300264539,-1.4120050776643347,-0.9436822057074652,0.2704081632653061,WEAKENING,,,,,,,,,,,,,
2026-09-05,6981.T,MLCC,7191.0,0.0420228952325749,-0.0278491280248749,-0.0309931276108341,-0.1686705202312138,-0.0289409937324536,-0.0331139833514273,-0.2163875776622223,-0.0201008461221663,0.0593701600413009,0.1724966667211931,-0.1696546745277343,-0.6180493031539418,-0.0106672608892193,0.2551020408163265,WEAKENING,,,,,,,,,,,,,
2026-09-05,6762.T,Electronic_Components,2907.5,0.026478375992939,-0.0657133676092545,-0.0350149352804514,-0.2012362637362637,-0.0668052333168331,-0.0371357910210445,-0.2592576018407452,-0.0569596337891416,0.0988290398126463,0.1079880600948283,-0.126849568434032,-0.47273321886666,-0.0320451393406843,0.2433673469387755,WEAKENING,,,,,,,,,,,,,
2026-09-05,TXN,Analog_Semiconductor,258.44000244140625,0.0181617640826394,-0.0007733227486207,-0.096616280160085,-0.0835786195809414,-0.0018651884561994,-0.0926460666672791,-0.1452799694252259,0.0233807472914005,0.3451547048639494,0.0778315146149371,-0.1144434835398898,-0.8703444340282189,-0.4284583671368883,0.2397959183673469,WEAKENING,,,,,,,,,,,,,
2026-09-05,URI,Industrials,1009.8599853515624,0.0160886135137721,-0.0197913270064911,-0.131557209044524,-0.044010026325402,-0.0208831927140697,-0.1275869955517181,-0.1057113761696865,0.0130979752546399,0.4420876695338122,0.0860132002979559,-0.158822777335008,-1.154054826638625,-0.6761731891778978,0.2372448979591837,WEAKENING,,,,,,,,,,,,,
2026-09-05,NOC,Defense,514.97998046875,-0.0251022452119569,-0.0560698470311801,-0.0990238198131358,-0.0500978224182548,-0.0571617127387588,-0.0950536063203298,-0.1117991722625393,-0.0313138920778961,0.3600510955848522,0.0741941960637547,-0.1258784539086886,-0.8462113621163332,-0.4805447960118001,0.2346938775510204,WEAKENING,,,,,,,,,,,,,
2026-09-05,LMT,Defense,525.280029296875,-0.0143915615620189,-0.0684046252710779,-0.1065906652079269,0.0004952378118021,-0.0694964909786566,-0.102620451715121,-0.0612061120324822,-0.0417569589690962,0.3445870549759963,0.0803951250155759,-0.1370177505133308,-0.9370575516451756,-0.4568655550298085,0.2178571428571428,WEAKENING,,,,,,,,,,,,,
2026-09-05,AMAT,Semiconductor_Equipment,454.7099914550781,0.043128140292787,-0.0150757505799014,-0.1566012926130413,-0.0851089866992704,-0.01616761628748,-0.1526310791202354,-0.1468103365435549,0.0240745725733589,0.358316141317785,0.1308020025027395,-0.2047614991387267,-1.477900840772482,-0.4289901516859963,0.1964285714285714,WEAKENING,,,,,,,,,,,,,
2026-09-05,6146.T,Semiconductor_Equipment,54460.0,0.0077720207253886,-0.0823925863521483,-0.1157655463549277,-0.2226662860405367,-0.0834844520597269,-0.1178864020955209,-0.2348416141716007,-0.0534511997634163,0.2641719155242683,0.1368671539740001,-0.1800940676680321,-1.124559561595423,-0.2234429901136413,0.146938775510204,WEAKENING,,,,,,,,,,,,,
,DELL,AI_Server,524.1400146484375,0.0150080361357805,0.1488252364269551,0.1550786242777404,0.4195877422811918,0.1477333707193764,0.1590488377705463,0.3551512019262466,0.11005558035752,0.2094657439661364,0.2354889875063911,-0.1405634029502649,0.9112099174647448,0.1379413099166696,0.9275510204081632,PERSISTENT,2026-09-05,2026-09-04,,,,,,,,,,,
,SBLK,Shipping,32.41999816894531,0.0172575247953818,0.0636482498636759,0.1564227413943626,0.2814318755483194,0.0625563841560972,0.1603929548871685,0.2169953351933742,0.0245425645150852,0.436561139036109,0.096922143731644,-0.0491803489755128,0.875574297396759,0.7045664440042542,0.8520408163265305,PERSISTENT,2026-09-05,2026-09-04,,,,,,,,,,,
,BOAT,Shipping,50.84999847412109,0.0099304868947909,0.0381788270592413,0.1455282535097106,0.27349569405353,0.0370869613516626,0.1494984670025165,0.2090591536985848,0.0017967636818136,0.4586118666852987,0.0752794862103423,-0.044630363121339,1.057752553675252,0.8865759765024875,0.8433673469387757,PERSISTENT,2026-09-05,2026-09-04,,,,,,,,,,,
,MU,Memory,1016.5900268554688,0.0609815222391092,0.089756279418879,0.1584147342901258,0.1400035522848071,0.0886644137113004,0.1623849477829317,0.0755670119298619,0.0501525958463476,0.2721080048378919,0.152287419476188,-0.1001433232757289,1.0163385199983117,0.2830563248945921,0.7948979591836736,PERSISTENT,2026-09-05,2026-09-04,,,,,,,,,,,
,SMCI,AI_Server,39.59000015258789,0.0454185706156691,0.0676914292768742,0.2717636113040278,0.3525794169260734,0.0665995635692955,0.2757338247968337,0.2881428765711282,-0.0002494735491327,0.3341232407779662,0.2413612186061724,-0.1172189248432828,1.9125074694779125,0.3762101428671822,0.778061224489796,PULLBACK_LEADER,2026-09-05,2026-09-04,,,,,,,,,,,
,GNOM,Genomics,64.26000213623047,-0.0109281063742139,-0.0084404011450861,0.1046172237116609,0.3424247485828549,-0.0095322668526648,0.1085874372044668,0.2779882082279097,-0.0345947070730013,0.2315479299624437,0.1615211743784197,-0.0529526308048863,0.6587872328152434,0.1499735355570163,0.7760204081632653,PULLBACK_LEADER,2026-09-05,2026-09-04,,,,,,,,,,,
,CEG,Nuclear_Power,298.9599914550781,0.0487984713481628,0.0802529049867322,0.1094132601117394,0.2357390097760958,0.0791610392791535,0.1133834736045453,0.1713024694211506,0.0528995899587973,0.3355170055907983,0.0930998499103784,-0.0540171368873686,0.759367955157855,0.394307933256138,0.7714285714285715,PERSISTENT,2026-09-05,2026-09-04,,,,,,,,,,,
,REGN,Biotech,827.719970703125,-0.0186728639395077,0.0422190762394953,0.0565130085661653,0.3773563653718279,0.0411272105319167,0.0604832220589712,0.3129198250168827,0.028090824097954,0.1859012159452925,0.0823791891595599,-0.0554802613150112,0.2841227023228901,0.1275302308308493,0.758673469387755,PERSISTENT,2026-09-05,2026-09-04,,,,,,,,,,,
,DAC,Shipping,155.25999450683594,0.0072007827071141,0.0303955538470823,0.1033257046617595,0.2158738813568324,0.0293036881395036,0.1072959181545654,0.1514373410018872,0.0045641276816424,0.3688481471718402,0.0739375740586041,-0.040505947262624,0.7239675909294028,0.5154550335869414,0.7540816326530613,PERSISTENT,2026-09-05,2026-09-04,,,,,,,,,,,
,IDNA,Genomics,39.77000045776367,-0.012906439462583,0.0122168371354409,0.1434733137896813,0.3939857790403536,0.0111249714278622,0.1474435272824872,0.3295492386854084,-0.0236514913119793,0.3392250642417195,0.1552742212477114,-0.0535197985825107,0.986583554608689,0.3134438137650255,0.7433673469387755,PULLBACK_LEADER,2026-09-05,2026-09-04,,,,,,,,,,,
,NEM,Gold_Miners,128.08999633789062,-0.0179406307543642,0.0029429355806311,0.1361004612812246,0.383600802651066,0.0018510698730525,0.1400706747740305,0.3191642622961208,-0.0310821797396749,0.2457653100563721,0.1370935833954108,-0.0925706967429901,0.9012541270083684,0.2439849571159079,0.7408163265306122,PULLBACK_LEADER,2026-09-05,2026-09-04,,,,,,,,,,,
,XLE,Energy,64.05999755859375,-0.0086661275794808,0.0220165482881149,0.1140869140625,0.1076735058626485,0.0209246825805362,0.1180571275553059,0.0432369655077033,-0.00650518022751,0.5248001250000763,0.0608381688551391,-0.0265097823797487,0.8342279877651573,0.9841326241004272,0.7209183673469386,PULLBACK_LEADER,2026-09-05,2026-09-04,,,,,,,,,,,
,AMGN,Biotech,437.2300109863281,-0.0155137895312309,0.0111234388077128,0.0701671697252663,0.3021798441399987,0.0100315731001341,0.0741373832180722,0.2377433037850536,-0.0064183536236037,0.2909741160028299,0.0634946117262655,-0.0314527567823124,0.3641342231308033,0.3215521699896334,0.7158163265306122,PULLBACK_LEADER,2026-09-05,2026-09-04,,,,,,,,,,,
,NVDA,AI_Semiconductor,230.3600006103516,0.0083607077593532,0.0588830033504808,0.0285765034141165,0.1493863023397901,0.0577911376429021,0.0325467169069224,0.0849497619848449,0.0517388774969516,0.0733271538267078,0.1282856573867342,-0.0746560457007837,0.1548924893148553,0.0163341226475489,0.7112244897959183,PERSISTENT,2026-09-05,2026-09-04,,,,,,,,,,,
,GDX,Gold_Miners,99.26000213623048,-0.0219725665038676,-0.0039136917579188,0.1042385450017153,0.3448043004937555,-0.0050055574654975,0.1082087584945212,0.2803677601388104,-0.0299733280083477,0.1871380627859404,0.1462995501446778,-0.1028240979842187,0.6756893105284084,0.1333360175062419,0.6989795918367346,NEUTRAL,2026-09-05,2026-09-04,,,,,,,,,,,
,VRTX,Biotech,546.1199951171875,-0.0212202064470651,0.0081780956927675,0.1008929930332542,0.2534025058580569,0.0070862299851888,0.1048632065260601,0.1889659655031117,-0.017045152565546,0.2963467436764865,0.0937212841532929,-0.0451241825968051,0.682886899907813,0.3190236904594187,0.6959183673469388,NEUTRAL,2026-09-05,2026-09-04,,,,,,,,,,,
,CVX,Energy,208.6000061035156,-0.0128714798714252,0.0333895049677237,0.1278972019328719,0.1086432802478478,0.032297639260145,0.1318674154256778,0.0442067398929026,0.0014152044845057,0.5530136741471183,0.0621381643403263,-0.0291587688944953,0.8604896220355212,1.138252188568948,0.6948979591836735,EMERGING,2026-09-05,2026-09-04,,,,,,,,,,,
,IBB,Biotech,211.9199981689453,-0.008839621211494,0.0142139328264208,0.0718728995626576,0.2773447167851619,0.0131220671188421,0.0758431130554635,0.2129081764302167,-0.0037542920642436,0.2696904687161535,0.0868930732055605,-0.0369192916563134,0.4504363259319083,0.2230722801711399,0.6887755102040818,NEUTRAL,2026-09-05,2026-09-04,,,,,,,,,,,
,MRNA,Biotech,145.5500030517578,-0.0223012841695618,0.0547865588639915,1.459861543956377,2.164818389643732,0.0536946931564128,1.4638317574491828,2.1003818492887865,-0.3101788271251027,0.354306824452641,1.8044532083381395,-0.2354627618354927,11.046559139575354,0.2866457857646964,0.6862244897959184,NEUTRAL,2026-09-05,2026-09-04,,,,,,,,,,,
,AEM,Gold_Miners,204.72999572753903,-0.0115869700125352,-0.0051656231442576,0.147436502105543,0.3456492761004168,-0.0062574888518363,0.1514067155983489,0.2812127357454717,-0.0420247486706433,0.2447146522586114,0.1618547111659406,-0.1348463417822993,0.973623943615145,0.2229151816655698,0.6775510204081633,NEUTRAL,2026-09-05,2026-09-04,,,,,,,,,,,
,ZIM,Shipping,28.57999992370605,0.0358825576528785,0.0415451664526576,0.0624535438289932,0.1283063564859454,0.0404533007450789,0.0664237573217991,0.0638698161310002,0.0259317804954092,0.121037509914642,0.1423345146660365,-0.088104050761851,0.4227053411507504,0.0531088432636505,0.6688775510204081,EMERGING,2026-09-05,2026-09-04,,,,,,,,,,,
,XOM,Energy,159.47000122070312,-0.0168917167853728,0.0176121140232949,0.0487623611354182,0.0656127686418808,0.0165202483157163,0.0527325746282241,0.0011762282869356,0.0054215237394404,0.1811118474361105,0.075776397741241,-0.0584411183374926,0.2541009535950791,0.1165460694072544,0.6489795918367347,EMERGING,2026-09-05,2026-09-04,,,,,,,,,,,
,XBI,Biotech,163.80999755859375,-0.0034676195844203,0.0088064578937121,0.0409226831112921,0.2725711243661564,0.0077145921861334,0.044892896604098,0.2081345840112112,-0.0014242128841108,0.1479780346310086,0.0911858850218559,-0.0422883989377255,0.1958318285297115,0.0664100394176699,0.6362244897959184,NEUTRAL,2026-09-05,2026-09-04,,,,,,,,,,,
,BNTX,Biotech,103.76000213623048,0.0085537024329893,0.0165075213163383,0.1077186309866964,0.2044109146656443,0.0154156556087596,0.1116888444795023,0.1399743743106991,-0.0104221364303357,0.1838892557357067,0.2513466535616638,-0.1283348985471164,0.759054758345592,0.0788086835464996,0.6306122448979592,NEUTRAL,2026-09-05,2026-09-04,,,,,,,,,,,
,VST,Power,149.3000030517578,0.0352239757873851,0.0890656287113229,0.0619532466089107,0.0791763449826066,0.0879737630037442,0.0659234601017166,0.0147398046276614,0.0735773170590952,0.1959506706830411,0.0883180866068261,-0.0841828178603537,0.4062525070935125,0.1374551996133216,0.6275510204081632,EMERGING,2026-09-05,2026-09-04,,,,,,,,,,,
,META,Internet_AI,616.77001953125,0.0099725337795733,0.0670392005305018,0.0416653351841456,0.0811966351510773,0.0659473348229231,0.0456355486769515,0.0167600947961321,0.0566228667344654,0.1300818607453331,0.0923503696550113,-0.0925524313308643,0.2553949786093454,0.0586884963165661,0.6193877551020409,EMERGING,2026-09-05,2026-09-04,,,,,,,,,,,
,TSM,Foundry,428.9100036621094,0.028536470630939,0.0272801660953878,0.0211170244184939,0.0517784414696302,0.0261883003878091,0.0250872379112998,-0.0126580988853148,0.0220009099907643,0.086697246885453,0.0730173094421811,-0.0483792515591779,0.1043625165904678,0.0250733407391027,0.6020408163265306,EMERGING,2026-09-05,2026-09-04,,,,,,,,,,,
,F,Auto,14.619999885559082,0.0145732158480686,0.0533141041078422,0.0571058672475508,0.0334502945264858,0.0522222384002635,0.0610760807403567,-0.0309862458284593,0.0390376372959545,0.17991466908363,0.0912031874885867,-0.0455172308560075,0.2541215435957096,0.1126515804051534,0.5938775510204083,EMERGING,2026-09-05,2026-09-04,,,,,,,,,,,
,ANET,AI_Networking,193.77999877929688,0.0122231315715053,-0.0081892008574536,0.0270843306299064,0.2768845927348011,-0.0092810665650323,0.0310545441227123,0.2124480523798559,-0.0149602835149302,0.0518834593228219,0.1378824181949231,-0.1270783847980997,0.0638336539196528,0.010191500736055,0.5846938775510204,NEUTRAL,2026-09-05,2026-09-04,,,,,,,,,,,
,XLF,Financials,58.09999847412109,-0.0078552405803004,0.0,0.0086805557855118,0.1162842002329818,-0.0010918657075786,0.0126507692783177,0.0518476598780366,-0.0021701389463779,0.0690607938577033,0.0340284705202056,-0.0224853689724457,-0.0013194284614331,0.0176171912668705,0.5836734693877551,NEUTRAL,2026-09-05,2026-09-04,,,,,,,,,,,
,AAPL,Consumer_Tech,319.9700012207031,-0.0251058482340651,0.0008445073611602,0.022072458046372,0.0983125328662744,-0.0002473583464184,0.0260426715391779,0.0338759925113292,-0.0046736071504327,0.1022644077839949,0.0603248659664971,-0.0345301144920966,0.094094583802566,0.037417851068296,0.5760204081632654,NEUTRAL,2026-09-05,2026-09-04,,,,,,,,,,,
,TSLA,EV,354.0799865722656,-0.0592236597871772,0.0152831156193995,0.0776066743017889,-0.0720931104841265,0.0141912499118208,0.0815768877945948,-0.1365296508390717,-0.0041185529560476,0.1449028962058506,0.1430935683013568,-0.0592236597871772,0.4622252107871318,0.0785879617422801,0.5693877551020409,NEUTRAL,2026-09-05,2026-09-04,,,,,,,,,,,
,PLTR,Software_AI,174.3300018310547,-0.0449241056433528,-0.0642009334162577,0.0134876309418552,0.3388372079124451,-0.0652927991238364,0.0174578444346611,0.2744006675574999,-0.0675728411517215,0.0250108568345418,0.1520168743907292,-0.0907822605734121,-0.0988339913113255,0.0022190773746394,0.5693877551020408,NEUTRAL,2026-09-05,2026-09-04,,,,,,,,,,,
,JPM,Financials,358.6400146484375,-0.0094459010473886,0.00285224412834,0.0031327636752718,0.1653479062360243,0.0017603784207613,0.0071029771680777,0.1009113658810791,0.0020690532095221,0.0223647351252665,0.0397637888270956,-0.0373240734875464,-0.0749954093170405,0.0017619907929842,0.5683673469387756,EMERGING,2026-09-05,2026-09-04,,,,,,,,,,,
,GM,Auto,87.76000213623047,0.0082720727611422,0.0193751553604162,0.0041275024014464,0.1075754703201219,0.0182832896528375,0.0080977158942523,0.0431389299651767,0.0183432797600546,0.0182187240997851,0.0659613556095895,-0.0631225981024913,-0.0689740227077726,0.0011400285330433,0.5673469387755102,EMERGING,2026-09-05,2026-09-04,,,,,,,,,,,
,ZS,Cybersecurity,169.8000030517578,-0.0449943749307539,-0.0783259675971659,0.0066398531219367,0.3613404832985505,-0.0794178333047446,0.0106100666147426,0.2969039429436053,-0.0799859308776501,0.0097954395777075,0.1820940386214725,-0.1050058203630648,-0.1289649868818115,0.0003571796229748,0.5632653061224491,NEUTRAL,2026-09-05,2026-09-04,,,,,,,,,,,
,FCX,Copper,72.7300033569336,0.0023429686336822,-0.0486591725285101,0.044671078535748,0.1743964210530466,-0.0497510382360888,0.0486412920285539,0.1099598806981014,-0.0598269421624471,0.0925870656936296,0.1319280943358316,-0.0931047691208409,0.2316797930667777,0.0313501389057149,0.5581632653061225,NEUTRAL,2026-09-05,2026-09-04,,,,,,,,,,,
,IGV,Software,104.56999969482422,-0.0222533643883108,-0.0450228338372217,0.0183075003283856,0.1420572430175204,-0.0461146995448004,0.0222777138211915,0.0776207026625752,-0.0495997089193181,0.0485285843336657,0.1149145187518973,-0.0625453367020143,0.0438662920542354,0.007731286553467,0.5571428571428572,NEUTRAL,2026-09-05,2026-09-04,,,,,,,,,,,
,COPX,Copper,90.66000366210938,-0.006465713291952,-0.0398220141892843,0.0298762344573726,0.1745396552090534,-0.040913879896863,0.0338464479501785,0.1101031148541082,-0.0472910728036274,0.0836781894906097,0.0985364024187679,-0.0747537512970761,0.1259177702968116,0.0253712247131294,0.5561224489795918,NEUTRAL,2026-09-05,2026-09-04,,,,,,,,,,,
,ORCL,Cloud_AI,158.77999877929688,0.0307712652542082,0.0525687262507603,0.0799890774390268,-0.2083255636563077,0.0514768605431816,0.0839592909318327,-0.2727621040112529,0.0325714568910036,0.1425108325007752,0.1419829364472388,-0.0953782728207388,0.3380824590095111,0.0802864787983921,0.5556122448979592,EMERGING,2026-09-05,2026-09-04,,,,,,,,,,,
,BAC,Financials,62.68000030517578,-0.0006377089044051,0.0109081606700083,-0.0026942912344916,0.1551118127985025,0.0098162949624296,0.0012759222583142,0.0906752724435573,0.0115817334786312,0.0155998948527024,0.0483399287319395,-0.0561641477320122,-0.1814743270223695,-0.000869481214871,0.5525510204081632,EMERGING,2026-09-05,2026-09-04,,,,,,,,,,,
,VRT,AI_Infrastructure,280.5299987792969,0.0435219759380753,0.0912167941180415,0.0298458335718685,-0.0013938803103189,0.0901249284104628,0.0338160470646744,-0.0658304206652641,0.0837553357250743,0.0624376570292871,0.1384684232690514,-0.1322828600654159,0.0650667025539389,0.013457970245625,0.5479591836734694,EARLY_EMERGING,2026-09-05,2026-09-04,,,,,,,,,,,
,URA,Uranium,46.060001373291016,0.0078774749308867,0.0107527250767669,0.0256068031571186,0.0876033773988682,0.0096608593691882,0.0295770166499245,0.023166837043923,0.0043510242874872,0.06301378223994,0.124485145330177,-0.0915857019433504,0.0456773876469681,0.0129620406814316,0.5448979591836736,EARLY_EMERGING,2026-09-05,2026-09-04,,,,,,,,,,,
,6857.T,Semiconductor_Equipment,33090.0,0.0250929368029739,-0.0618089027502126,0.0048587913756452,0.3112740241727758,-0.0629007684577913,0.002737935635052,0.2666942643696326,-0.0630236005941239,0.0087815587266739,0.1399686109304497,-0.1455796717840126,-0.1223200846875045,0.0003048380742099,0.5428571428571429,NEUTRAL,2026-09-05,2026-09-04,,,,,,,,,,,
,CRWD,Cybersecurity,213.1000061035156,-0.0086988654536389,-0.0242673440525863,-0.0061561051986841,0.3159601649816839,-0.025359209760165,-0.0021858917058782,0.2515236246267387,-0.0227283177529153,0.0079050895793489,0.2714249103178979,-0.1780250703400884,-0.2887172196991822,-0.0001792929138246,0.5408163265306122,WEAKENING,2026-09-05,2026-09-04,,,,,,,,,,,
,SCCO,Copper,198.759994506836,-0.0038590902479413,-0.0526215842913896,0.0160603230520088,0.2056328863787608,-0.0537134499989683,0.0200305365448147,0.1411963460238157,-0.0566366650543918,0.0340518781175163,0.1363005817405334,-0.0953118012393026,-0.0260080709659793,0.0040123391706134,0.5321428571428571,NEUTRAL,2026-09-05,2026-09-04,,,,,,,,,,,
,MSFT,Cloud_AI,499.7000122070313,-0.0204265329920316,-0.0269312723713154,0.0013014827290129,0.259917302146023,-0.0280231380788941,0.0052716962218188,0.1954807617910778,-0.0272566430535686,0.0054299143556852,0.0657222703274091,-0.0508042333054766,-0.1608244819860565,0.0001075273224546,0.5316326530612245,NEUTRAL,2026-09-05,2026-09-04,,,,,,,,,,,
,HPE,AI_Server,52.0,-0.0448199612097691,-0.0059262352351857,-0.0229237353010155,0.1464527258879286,-0.0070181009427644,-0.0189535218082096,0.0820161855329835,-0.0001953014099318,0.0422438135986573,0.1482076812165222,-0.1496155267234785,-0.4590220048753781,-0.0065339798389147,0.5188775510204082,WEAKENING,2026-09-05,2026-09-04,,,,,,,,,,,
,SPY,Market_US,770.1900024414062,-0.0038542371465761,0.0010918657075786,-0.0039702134928059,0.0644365403549451,0.0,0.0,0.0,0.0020844190807801,0.0470788534994884,0.0228362979655065,-0.020697248270783,-0.0622252811204665,-0.008184912443857,0.5173469387755103,NEUTRAL,2026-09-05,2026-09-04,,,,,,,,,,,
,QQQ,Factor_Growth,718.9600219726562,0.0017975379954848,0.0035314396699468,-0.0056290985979886,0.037567358096902,0.0024395739623681,-0.0016588851051827,-0.0268691822580431,0.004938714319444,0.0456227589033241,0.0362178981655921,-0.0351742316204409,-0.0844683991369573,-0.0070908313620213,0.5142857142857143,NEUTRAL,2026-09-05,2026-09-04,,,,,,,,,,,
,CCJ,Uranium,100.73999786376952,0.0011925572839599,0.0072992271967426,0.0343977666610106,0.0600862796782086,0.006207361489164,0.0383679801538165,-0.0043502606767364,-0.0013002144685099,0.0866751797347657,0.1288691275577437,-0.1033904471965031,0.1300631346443036,0.0231353518435337,0.5076530612244897,NEUTRAL,2026-09-05,2026-09-04,,,,,,,,,,,
,NRG,Power,119.0199966430664,0.0641988603386893,0.0710942557705018,0.0075340676402384,-0.0100085024008906,0.0700023900629231,0.0115042811330443,-0.0744450427558358,0.0692107388604422,0.016202426016551,0.1366833158342655,-0.1325253169410938,-0.0726175384919336,0.0008930875930217,0.488265306122449,EARLY_EMERGING,2026-09-05,2026-09-04,,,,,,,,,,,
,009150.KS,MLCC,1401000.0,0.0393175074183975,-0.0140745953553835,0.1399511798209927,-0.2238227146814404,-0.0151664610629622,0.1378303240803995,-0.2026326444185278,-0.0490623903106317,0.1737373737373737,0.2050754228792,-0.1553273427471116,0.6602478874010341,0.1185649167129541,0.4841836734693878,NEUTRAL,2026-09-05,2026-09-04,,,,,,,,,,,
,AMD,AI_Semiconductor,477.5700073242188,0.0469352935159312,0.0257528697490352,-0.01197860435868,0.0556366352062631,0.0246610040414565,-0.0080083908658741,-0.008799905148682,0.0287475208387052,0.0274966891102815,0.1306584968918116,-0.1132020632751312,-0.2594520527587916,-0.0025208613895077,0.4831632653061224,WEAKENING,2026-09-05,2026-09-04,,,,,,,,,,,
,GS,Financials,1038.6099853515625,0.0006550842594779,0.0093876461992727,0.0039309836556506,0.0423521210792163,0.0082957804916941,0.0079011971484566,-0.0220844192757287,0.0084049002853601,0.017825078277321,0.0705003276249422,-0.0485511119699242,-0.0846780532789362,0.0009938973864293,0.4811224489795918,EARLY_EMERGING,2026-09-05,2026-09-04,,,,,,,,,,,
,UEC,Uranium,11.539999961853027,0.0026064059404546,-0.0693548131559683,0.0248667608596484,0.2250530645848085,-0.070446678863547,0.0288369743524543,0.1606165242298634,-0.0755715033708804,0.0381470968352179,0.2145006142349677,-0.1549192125114789,-0.0366372833552949,0.0044223404108862,0.4795918367346939,NEUTRAL,2026-09-05,2026-09-04,,,,,,,,,,,
,SMH,Semiconductor,567.010009765625,0.0260767911985666,0.0251306698164697,-0.0269263808352755,-0.0068311354895861,0.024038804108891,-0.0229561673424696,-0.0712676758445313,0.0318622650252886,0.0900739435719058,0.0879641762035638,-0.0822294275402351,-0.3118202523140171,-0.0275721937341805,0.4760204081632653,WEAKENING,2026-09-05,2026-09-04,,,,,,,,,,,
,ASML,Semiconductor_Equipment,1714.8800048828125,0.0417266937118352,0.0110366771565741,-0.0149972058989538,-0.009855911989554,0.0099448114489955,-0.0110269924061479,-0.0742924523444992,0.0147859786313126,0.0481156775635709,0.0941703400694922,-0.1258178205984124,-0.2364068562149202,-0.0076627176121063,0.4683673469387754,WEAKENING,2026-09-05,2026-09-04,,,,,,,,,,,
,QCOM,Semiconductor,168.74000549316406,0.0010084722166401,0.0333051145988969,0.0107135104751938,-0.1126653991464901,0.0322132488913182,0.0146837239679997,-0.1771019395014352,0.0306267369800984,0.0438376041526425,0.0746135289790552,-0.0555821164255699,-0.1940004758538224,0.0062944969595068,0.4653061224489796,EARLY_EMERGING,2026-09-05,2026-09-04,,,,,,,,,,,
,RSP,Factor_Breadth,219.0,-0.0047716566107515,-0.0076578115125761,-0.0049525028671326,0.0644853015289774,-0.0087496772201548,-0.0009822893743267,4.876117403229685e-05,-0.0064196857957929,0.0547460806974733,0.0249159963056102,-0.0232527173103379,-0.0839648523448563,-0.0108817692173707,0.4627551020408164,WEAKENING,2026-09-05,2026-09-04,,,,,,,,,,,
,NVO,Pharma,46.59999847412109,-0.0191538598097501,0.0217057191519713,-0.0013654482488737,0.1024402499785439,0.0206138534443927,0.0026047652439321,0.0380037096235987,0.0220470812141898,0.0043452619267072,0.0840869151495962,-0.0727497107815057,-0.1921374938970178,-7.056068447944161e-05,0.4464285714285714,NEUTRAL,2026-09-05,2026-09-04,,,,,,,,,,,
,005930.KS,Memory,255500.0,0.022,-0.0058365758754863,0.1084598698481562,-0.1544403876336493,-0.006928441583065,0.106339014107563,-0.1789899915484997,-0.0329515433375254,0.1470588235294117,0.1976779844398876,-0.1119005328596802,0.6377568025979374,0.080686682966829,0.4423469387755102,NEUTRAL,2026-09-05,2026-09-04,,,,,,,,,,,
,IWM,Factor_SmallCap,296.010009765625,0.0027778966680334,0.0008791538989856,-0.0184042573215977,0.0519906809842254,-0.000212711808593,-0.0144340438287918,-0.0124458593707197,0.005480218229385,0.1441932450497051,0.0341976325880109,-0.0475924782456348,-0.1863134938564535,-0.0776009736668538,0.4362244897959183,WEAKENING,2026-09-05,2026-09-04,,,,,,,,,,,
,LRCX,Semiconductor_Equipment,307.6499938964844,0.0512198115451461,0.0190460421207281,-0.0118837711080728,-0.043297920467246,0.0179541764131494,-0.0079135576152669,-0.1077344608221911,0.0220169848977463,0.023041556978451,0.1429051807533715,-0.16147042114063,-0.2760017484310575,-0.0019160998059132,0.4346938775510204,WEAKENING,2026-09-05,2026-09-04,,,,,,,,,,,
,ETN,Power_Grid,410.8500061035156,0.0345739604027657,0.0200357697717772,-0.0843139591463838,0.0969500468390582,0.0189439040641985,-0.0803437456535779,0.0325135064841131,0.0411142595583731,0.2604474665782549,0.0986168715921868,-0.1505565729335032,-0.7468614064773229,-0.2226734300360624,0.4255102040816326,WEAKENING,2026-09-05,2026-09-04,,,,,,,,,,,
,000660.KS,Memory,1647000.0,0.031954887218045,-0.0036297640653357,0.1019111417717903,-0.1956263955662263,-0.0047216297729144,0.0997902860311972,-0.1825404611220973,-0.0291075495082833,0.1395617762539072,0.2131029861074206,-0.097472917941449,0.4541251732973949,0.0667419083398736,0.4168367346938775,NEUTRAL,2026-09-05,2026-09-04,,,,,,,,,,,
,XLU,Utilities,43.08000183105469,0.0011620509685412,0.0081910201864712,-0.0121531477156427,-0.0146570793805962,0.0070991544788925,-0.0081829342228368,-0.0790936197355414,0.0112293071153819,0.0873144655590008,0.0395522073153695,-0.046942039417504,-0.1320695878735176,-0.0268289855276571,0.4163265306122448,WEAKENING,2026-09-05,2026-09-04,,,,,,,,,,,
,MTUM,Factor_Momentum,304.8599853515625,0.018168364437473,0.0171832572930965,-0.0144187956389817,0.0009077617840704,0.0160913915855178,-0.0104485821461758,-0.0635287785708746,0.0207879562028419,0.0751603533327573,0.0580283246026655,-0.0793306353572576,-0.1834655254037728,-0.0186757377932105,0.4147959183673469,WEAKENING,2026-09-05,2026-09-04,,,,,,,,,,,
,SOXX,Semiconductor,519.8599853515625,0.0351652184692719,0.022098994027526,-0.0430909738032044,-0.0395249647351246,0.0210071283199473,-0.0391207603103985,-0.1039615050900698,0.0328717374783271,0.1366530530226672,0.0949564574979785,-0.1051831414941038,-0.4721164867912977,-0.0620127717807187,0.4015306122448979,WEAKENING,2026-09-05,2026-09-04,,,,,,,,,,,
,HACK,Cybersecurity,110.75,-0.0069936231313011,-0.0414575114901494,-0.0404609100938437,0.1769394452270678,-0.0425493771977281,-0.0364906966010378,0.1125029048721226,-0.0313422839666884,0.0929722422631479,0.1282242670329473,-0.1132168604549995,-0.4812595173097038,-0.0293372044346777,0.3918367346938776,WEAKENING,2026-09-05,2026-09-04,,,,,,,,,,,
,FTNT,Cybersecurity,156.2899932861328,-0.0004477316701552,-0.0584940163485975,-0.0209847539233506,0.1253599351325696,-0.0595858820561762,-0.0170145404305447,0.0609233947776244,-0.0532478278677598,0.0387149676502381,0.1556985297937211,-0.1055678065865899,-0.3859388086371337,-0.0052179302551352,0.3887755102040817,WEAKENING,2026-09-05,2026-09-04,,,,,,,,,,,
,LLY,Pharma,1149.3599853515625,-0.0088306230165284,-0.0214964969776266,-0.0292676781136884,0.0128805177207567,-0.0225883626852053,-0.0252974646208825,-0.0515560226341884,-0.0141795774492045,0.0945401939026437,0.0936213538939094,-0.1023009387860757,-0.360813110448908,-0.029554923624409,0.3770408163265306,WEAKENING,2026-09-05,2026-09-04,,,,,,,,,,,
,PANW,Cybersecurity,333.260009765625,0.0039766443167745,-0.1031512875750609,-0.0840982158463281,0.2660892341771366,-0.1042431532826396,-0.0801280023535222,0.2016526938221914,-0.0821267336134789,0.1320671813251974,0.2026128078481781,-0.1705050227617977,-0.9541634174245928,-0.0548169409390201,0.3642857142857142,WEAKENING,2026-09-05,2026-09-04,,,,,,,,,,,
,XLI,Industrials,175.27000427246094,0.0040674079044304,-0.010556594352663,-0.053515437926769,0.035607830790812,-0.0116484600602417,-0.0495452244339631,-0.028828709564133,0.0028222651290291,0.4158618397756836,0.0345991079444049,-0.0738834335164372,-0.4688358852219549,-0.6432254990038384,0.3596938775510204,WEAKENING,2026-09-05,2026-09-04,,,,,,,,,,,
,GEV,Power_Grid,941.9500122070312,0.000116777104844,0.0329192150410202,-0.04884279299565,0.0868897908522399,0.0318273493334415,-0.0448725795028441,0.0224532504972947,0.0451299132899327,0.1318809950142782,0.1115226522521771,-0.1672566920325533,-0.4910895255870723,-0.0577589934372907,0.3591836734693877,WEAKENING,2026-09-05,2026-09-04,,,,,,,,,,,
,AMZN,Cloud_AI,258.510009765625,-0.0015063118580656,-0.0297263188375119,-0.0581827476737407,0.086176511620273,-0.0308181845450906,-0.0542125341809348,0.0217399712653278,-0.0151806319190767,0.2244557011975431,0.0749881934312929,-0.0833183446872098,-0.5497661714543165,-0.174153407745111,0.3525510204081633,WEAKENING,2026-09-05,2026-09-04,,,,,,,,,,,
,NET,Cybersecurity,278.9200134277344,-0.0196478019964766,-0.0697704881458891,-0.0711025955543143,0.2697228376777272,-0.0708623538534678,-0.0671323820615084,0.205286297322782,-0.0519948392573105,0.0999764490951765,0.1858586974480606,-0.1755886669759351,-0.7679514277567081,-0.0382472551598365,0.3454081632653062,WEAKENING,2026-09-05,2026-09-04,,,,,,,,,,,
,INTC,Semiconductor,95.8000030517578,0.0450529613320271,0.0707499915579519,-0.0575504022263271,-0.1050074529861018,0.0696581258503732,-0.0535801887335212,-0.1694439933410469,0.0851375921145337,0.1291105666380024,0.1344786842103344,-0.1654552010932157,-0.6838130065394621,-0.0552531063589558,0.3392857142857143,WEAKENING,2026-09-05,2026-09-04,,,,,,,,,,,
,CAT,Industrials,813.9400024414062,0.0172469662063234,0.0171071570651748,-0.0335434995881056,-0.0475495543251505,0.0160152913575961,-0.0295732860952997,-0.1119860946800956,0.0254930319622012,0.1203202661952791,0.0833979465295437,-0.1162479991282768,-0.3782347417611752,-0.0483940308785944,0.3372448979591836,WEAKENING,2026-09-05,2026-09-04,,,,,,,,,,,
,KLAC,Semiconductor_Equipment,185.6000061035156,0.0732045997651624,0.0573089506787483,-0.0620878194301824,-0.129957385123054,0.0562170849711696,-0.0581176059373765,-0.1943939254779991,0.0728309055362939,0.1462854317007816,0.1355847017775077,-0.1828669230888776,-0.7241694845464854,-0.0669879665598905,0.3331632653061224,WEAKENING,2026-09-05,2026-09-04,,,,,,,,,,,
,HUBB,Power_Grid,460.7200012207031,0.0012387424356827,0.0054120352635738,-0.1008624931612682,-0.0116390837214271,0.0043201695559951,-0.0968922796684623,-0.0760756240763723,0.0306276585538908,0.365420612574154,0.0762545914164232,-0.1442135962184731,-0.8929244391453243,-0.4833444564074998,0.3311224489795918,WEAKENING,2026-09-05,2026-09-04,,,,,,,,,,,
,COST,Consumer,915.739990234375,-0.0104494042540926,-0.03144465862479,-0.0338461066889783,-0.0672931592079776,-0.0325365243323687,-0.0298758931961724,-0.1317296995629228,-0.0229831319525454,0.1687534534965518,0.0556211767184492,-0.0572987778266332,-0.3306997141127592,-0.1026883595090019,0.3209183673469387,WEAKENING,2026-09-05,2026-09-04,,,,,,,,,,,
,WMT,Consumer,107.13999938964844,-0.011805928803857,0.0392860917220658,-0.0398167843729295,-0.1094079529443489,0.0381942260144871,-0.0358465708801236,-0.173844493299294,0.0492402878152982,0.1394723896229185,0.1097092800049013,-0.1132170026831081,-0.4435484126095356,-0.0506187084934371,0.3158163265306122,WEAKENING,2026-09-05,2026-09-04,,,,,,,,,,,
,6976.T,MLCC,9426.0,0.0642429716608332,0.0196884465599307,-0.0516148505885903,-0.3978920472692431,0.018596580852352,-0.0537357063291835,-0.4151306780001382,0.0325921592070783,0.0817790530846484,0.1944840809473455,-0.2158477202301904,-1.0218740447713883,-0.0217036457980503,0.2943877551020408,WEAKENING,2026-09-05,2026-09-04,,,,,,,,,,,
,PWR,Power_Grid,624.4099731445312,0.0070154107716429,0.0360211722213181,-0.0706248522632319,-0.0405804383813852,0.0349293065137394,-0.0666546387704259,-0.1050169787363304,0.0536773852871261,0.1814047215755417,0.1073092873931459,-0.1655937004275781,-0.6798255080312813,-0.1193902407923702,0.2892857142857143,WEAKENING,2026-09-05,2026-09-04,,,,,,,,,,,
,GOOGL,Cloud_AI,338.4599914550781,-0.0111027236665746,-0.0228294574531315,-0.0440937977170623,-0.049673022055277,-0.0239213231607102,-0.0401235842242564,-0.1141095624102221,-0.011806008023866,0.2208975421285547,0.0605879125761159,-0.0629335932194993,-0.4457077396611318,-0.1607616292536277,0.2852040816326531,WEAKENING,2026-09-05,2026-09-04,,,,,,,,,,,
,ITA,Defense,225.6100006103516,-0.0016372914602299,-0.0309681577486883,-0.100259219898897,0.0039951131078415,-0.032060023456267,-0.0962890064060911,-0.0604414272471036,-0.005903352773964,0.5281510106538997,0.0546559329012363,-0.1178817074465565,-0.866761087551748,-0.9688245265643652,0.2795918367346939,WEAKENING,2026-09-05,2026-09-04,,,,,,,,,,,
,RTX,Defense,200.7899932861328,-0.0066294541350087,-0.0515800532871982,-0.0967268275702959,0.1355448443189764,-0.0526719189947769,-0.09275661407749,0.0711083039640312,-0.0273983463946242,0.4650553231036911,0.0593726306629909,-0.1095836006559337,-0.9257807570408364,-0.7576441459000185,0.2795918367346938,WEAKENING,2026-09-05,2026-09-04,,,,,,,,,,,
,AVGO,AI_Semiconductor,357.8999938964844,0.0020718731850923,-0.0295290392801165,-0.1633159114322486,-0.0366395409910507,-0.0306209049876952,-0.1593456979394427,-0.1010760813459958,0.0112999385779456,0.5734690048271469,0.0992459247774806,-0.1687161300264539,-1.4120050776643347,-0.9436822057074652,0.2688775510204082,WEAKENING,2026-09-05,2026-09-04,,,,,,,,,,,
,8035.T,Semiconductor_Equipment,53320.0,0.0003752345215759,-0.0517517339498488,-0.0363274896078077,-0.1376354520459324,-0.0528435996574275,-0.0384483453484009,-0.0754776151284795,-0.0426698615478969,0.1050705697856769,0.1048333404432414,-0.1161590946912963,-0.5367895791584405,-0.0364096957688969,0.2658163265306122,WEAKENING,2026-09-05,2026-09-04,,,,,,,,,,,
,6981.T,MLCC,7191.0,0.0420228952325749,-0.0278491280248749,-0.0309931276108341,-0.1686705202312138,-0.0289409937324536,-0.0331139833514273,-0.2190717813850511,-0.0201008461221663,0.0593701600413009,0.1724966667211931,-0.1696546745277343,-0.6180493031539418,-0.0106672608892193,0.2551020408163265,WEAKENING,2026-09-05,2026-09-04,,,,,,,,,,,
,NOC,Defense,514.97998046875,-0.0251022452119569,-0.0517768300152279,-0.0949261931167925,-0.0457777062018898,-0.0528686957228066,-0.0909559796239866,-0.1102142465568349,-0.0280452817360297,0.3502815712256255,0.0739670929118731,-0.1219030115196846,-0.8462113621163332,-0.4495363379365669,0.2413265306122448,WEAKENING,2026-09-05,2026-09-04,,,,,,,,,,,
,6762.T,Electronic_Components,2907.5,0.026478375992939,-0.0657133676092545,-0.0350149352804514,-0.2012362637362637,-0.0668052333168331,-0.0371357910210445,-0.2619418055635739,-0.0569596337891416,0.0988290398126463,0.1079880600948283,-0.126849568434032,-0.47273321886666,-0.0320451393406843,0.2397959183673469,WEAKENING,2026-09-05,2026-09-04,,,,,,,,,,,
,URI,Industrials,1009.8599853515624,0.0160886135137721,-0.0197913270064911,-0.1300585988332812,-0.0423603657582287,-0.0208831927140697,-0.1260883853404752,-0.1067969061131739,0.0127233227018291,0.4388659761257011,0.0859122725069837,-0.158822777335008,-1.154054826638625,-0.6643788164941056,0.2392857142857143,WEAKENING,2026-09-05,2026-09-04,,,,,,,,,,,
,TXN,Analog_Semiconductor,258.44000244140625,0.0181617640826394,-0.0007733227486207,-0.096616280160085,-0.0788864837737391,-0.0018651884561994,-0.0926460666672791,-0.1433230241286843,0.0233807472914005,0.3451547048639494,0.0778315146149371,-0.1144434835398898,-0.8703444340282189,-0.4284583671368883,0.236734693877551,WEAKENING,2026-09-05,2026-09-04,,,,,,,,,,,
,LMT,Defense,525.280029296875,-0.0143915615620189,-0.0626424562282867,-0.1010647126305795,0.0066835496341699,-0.0637343219358654,-0.0970944991377736,-0.0577529907207752,-0.0373762780706418,0.3326336206555732,0.0786881838915594,-0.1316799829366636,-0.9370575516451756,-0.4272245160614357,0.221938775510204,WEAKENING,2026-09-05,2026-09-04,,,,,,,,,,,
,AMAT,Semiconductor_Equipment,454.7099914550781,0.043128140292787,-0.0150757505799014,-0.1556994776080922,-0.0841306962086784,-0.01616761628748,-0.1517292641152863,-0.1485672365636235,0.0238491188221216,0.3553164738163339,0.1308766090119938,-0.2039111513084451,-1.477900840772482,-0.4227079978339191,0.1989795918367347,WEAKENING,2026-09-05,2026-09-04,,,,,,,,,,,
,6146.T,Semiconductor_Equipment,54460.0,0.0077720207253886,-0.0823925863521483,-0.1157655463549277,-0.2226662860405367,-0.0834844520597269,-0.1178864020955209,-0.2375258178944295,-0.0534511997634163,0.2641719155242683,0.1368671539740001,-0.1800940676680321,-1.124559561595423,-0.2234429901136413,0.1459183673469387,WEAKENING,2026-09-05,2026-09-04,,,,,,,,,,,
,DELL,AI_Server,524.1400146484375,0.0150080361357805,0.1488252364269551,0.1550786242777404,0.4195877422811918,0.1477333707193764,0.1590488377705463,0.3551512019262466,0.11005558035752,0.2094657439661364,0.2354889875063911,-0.1405634029502649,0.9112099174647448,0.1379413099166696,0.9275510204081632,PERSISTENT,2026-09-06,2026-09-04,,,,,,,,,,,
,SBLK,Shipping,32.41999816894531,0.0172575247953818,0.0636482498636759,0.1564227413943626,0.2814318755483194,0.0625563841560972,0.1603929548871685,0.2169953351933742,0.0245425645150852,0.436561139036109,0.096922143731644,-0.0491803489755128,0.875574297396759,0.7045664440042542,0.8520408163265305,PERSISTENT,2026-09-06,2026-09-04,,,,,,,,,,,
,BOAT,Shipping,50.84999847412109,0.0099304868947909,0.0381788270592413,0.1455282535097106,0.27349569405353,0.0370869613516626,0.1494984670025165,0.2090591536985848,0.0017967636818136,0.4586118666852987,0.0752794862103423,-0.044630363121339,1.057752553675252,0.8865759765024875,0.8433673469387757,PERSISTENT,2026-09-06,2026-09-04,,,,,,,,,,,
,MU,Memory,1016.5900268554688,0.0609815222391092,0.089756279418879,0.1584147342901258,0.1400035522848071,0.0886644137113004,0.1623849477829317,0.0755670119298619,0.0501525958463476,0.2721080048378919,0.152287419476188,-0.1001433232757289,1.0163385199983117,0.2830563248945921,0.7948979591836736,PERSISTENT,2026-09-06,2026-09-04,,,,,,,,,,,
,SMCI,AI_Server,39.59000015258789,0.0454185706156691,0.0676914292768742,0.2717636113040278,0.3525794169260734,0.0665995635692955,0.2757338247968337,0.2881428765711282,-0.0002494735491327,0.3341232407779662,0.2413612186061724,-0.1172189248432828,1.9125074694779125,0.3762101428671822,0.778061224489796,PULLBACK_LEADER,2026-09-06,2026-09-04,,,,,,,,,,,
,GNOM,Genomics,64.26000213623047,-0.0109281063742139,-0.0084404011450861,0.1046172237116609,0.3424247485828549,-0.0095322668526648,0.1085874372044668,0.2779882082279097,-0.0345947070730013,0.2315479299624437,0.1615211743784197,-0.0529526308048863,0.6587872328152434,0.1499735355570163,0.7760204081632653,PULLBACK_LEADER,2026-09-06,2026-09-04,,,,,,,,,,,
,CEG,Nuclear_Power,298.9599914550781,0.0487984713481628,0.0802529049867322,0.1094132601117394,0.2357390097760958,0.0791610392791535,0.1133834736045453,0.1713024694211506,0.0528995899587973,0.3355170055907983,0.0930998499103784,-0.0540171368873686,0.759367955157855,0.394307933256138,0.7714285714285715,PERSISTENT,2026-09-06,2026-09-04,,,,,,,,,,,
,REGN,Biotech,827.719970703125,-0.0186728639395077,0.0422190762394953,0.0565130085661653,0.3773563653718279,0.0411272105319167,0.0604832220589712,0.3129198250168827,0.028090824097954,0.1859012159452925,0.0823791891595599,-0.0554802613150112,0.2841227023228901,0.1275302308308493,0.758673469387755,PERSISTENT,2026-09-06,2026-09-04,,,,,,,,,,,
,DAC,Shipping,155.25999450683594,0.0072007827071141,0.0303955538470823,0.1033257046617595,0.2158738813568324,0.0293036881395036,0.1072959181545654,0.1514373410018872,0.0045641276816424,0.3688481471718402,0.0739375740586041,-0.040505947262624,0.7239675909294028,0.5154550335869414,0.7540816326530613,PERSISTENT,2026-09-06,2026-09-04,,,,,,,,,,,
,IDNA,Genomics,39.77000045776367,-0.012906439462583,0.0122168371354409,0.1434733137896813,0.3939857790403536,0.0111249714278622,0.1474435272824872,0.3295492386854084,-0.0236514913119793,0.3392250642417195,0.1552742212477114,-0.0535197985825107,0.986583554608689,0.3134438137650255,0.7433673469387755,PULLBACK_LEADER,2026-09-06,2026-09-04,,,,,,,,,,,
,NEM,Gold_Miners,128.08999633789062,-0.0179406307543642,0.0029429355806311,0.1361004612812246,0.383600802651066,0.0018510698730525,0.1400706747740305,0.3191642622961208,-0.0310821797396749,0.2457653100563721,0.1370935833954108,-0.0925706967429901,0.9012541270083684,0.2439849571159079,0.7408163265306122,PULLBACK_LEADER,2026-09-06,2026-09-04,,,,,,,,,,,
,XLE,Energy,64.05999755859375,-0.0086661275794808,0.0220165482881149,0.1140869140625,0.1076735058626485,0.0209246825805362,0.1180571275553059,0.0432369655077033,-0.00650518022751,0.5248001250000763,0.0608381688551391,-0.0265097823797487,0.8342279877651573,0.9841326241004272,0.7209183673469386,PULLBACK_LEADER,2026-09-06,2026-09-04,,,,,,,,,,,
,AMGN,Biotech,437.2300109863281,-0.0155137895312309,0.0111234388077128,0.0701671697252663,0.3021798441399987,0.0100315731001341,0.0741373832180722,0.2377433037850536,-0.0064183536236037,0.2909741160028299,0.0634946117262655,-0.0314527567823124,0.3641342231308033,0.3215521699896334,0.7158163265306122,PULLBACK_LEADER,2026-09-06,2026-09-04,,,,,,,,,,,
,NVDA,AI_Semiconductor,230.3600006103516,0.0083607077593532,0.0588830033504808,0.0285765034141165,0.1493863023397901,0.0577911376429021,0.0325467169069224,0.0849497619848449,0.0517388774969516,0.0733271538267078,0.1282856573867342,-0.0746560457007837,0.1548924893148553,0.0163341226475489,0.7112244897959183,PERSISTENT,2026-09-06,2026-09-04,,,,,,,,,,,
,GDX,Gold_Miners,99.26000213623048,-0.0219725665038676,-0.0039136917579188,0.1042385450017153,0.3448043004937555,-0.0050055574654975,0.1082087584945212,0.2803677601388104,-0.0299733280083477,0.1871380627859404,0.1462995501446778,-0.1028240979842187,0.6756893105284084,0.1333360175062419,0.6989795918367346,NEUTRAL,2026-09-06,2026-09-04,,,,,,,,,,,
,VRTX,Biotech,546.1199951171875,-0.0212202064470651,0.0081780956927675,0.1008929930332542,0.2534025058580569,0.0070862299851888,0.1048632065260601,0.1889659655031117,-0.017045152565546,0.2963467436764865,0.0937212841532929,-0.0451241825968051,0.682886899907813,0.3190236904594187,0.6959183673469388,NEUTRAL,2026-09-06,2026-09-04,,,,,,,,,,,
,CVX,Energy,208.6000061035156,-0.0128714798714252,0.0333895049677237,0.1278972019328719,0.1086432802478478,0.032297639260145,0.1318674154256778,0.0442067398929026,0.0014152044845057,0.5530136741471183,0.0621381643403263,-0.0291587688944953,0.8604896220355212,1.138252188568948,0.6948979591836735,EMERGING,2026-09-06,2026-09-04,,,,,,,,,,,
,IBB,Biotech,211.9199981689453,-0.008839621211494,0.0142139328264208,0.0718728995626576,0.2773447167851619,0.0131220671188421,0.0758431130554635,0.2129081764302167,-0.0037542920642436,0.2696904687161535,0.0868930732055605,-0.0369192916563134,0.4504363259319083,0.2230722801711399,0.6887755102040818,NEUTRAL,2026-09-06,2026-09-04,,,,,,,,,,,
,MRNA,Biotech,145.5500030517578,-0.0223012841695618,0.0547865588639915,1.459861543956377,2.164818389643732,0.0536946931564128,1.4638317574491828,2.1003818492887865,-0.3101788271251027,0.354306824452641,1.8044532083381395,-0.2354627618354927,11.046559139575354,0.2866457857646964,0.6862244897959184,NEUTRAL,2026-09-06,2026-09-04,,,,,,,,,,,
,AEM,Gold_Miners,204.72999572753903,-0.0115869700125352,-0.0051656231442576,0.147436502105543,0.3456492761004168,-0.0062574888518363,0.1514067155983489,0.2812127357454717,-0.0420247486706433,0.2447146522586114,0.1618547111659406,-0.1348463417822993,0.973623943615145,0.2229151816655698,0.6775510204081633,NEUTRAL,2026-09-06,2026-09-04,,,,,,,,,,,
,ZIM,Shipping,28.57999992370605,0.0358825576528785,0.0415451664526576,0.0624535438289932,0.1283063564859454,0.0404533007450789,0.0664237573217991,0.0638698161310002,0.0259317804954092,0.121037509914642,0.1423345146660365,-0.088104050761851,0.4227053411507504,0.0531088432636505,0.6688775510204081,EMERGING,2026-09-06,2026-09-04,,,,,,,,,,,
,XOM,Energy,159.47000122070312,-0.0168917167853728,0.0176121140232949,0.0487623611354182,0.0656127686418808,0.0165202483157163,0.0527325746282241,0.0011762282869356,0.0054215237394404,0.1811118474361105,0.075776397741241,-0.0584411183374926,0.2541009535950791,0.1165460694072544,0.6489795918367347,EMERGING,2026-09-06,2026-09-04,,,,,,,,,,,
,XBI,Biotech,163.80999755859375,-0.0034676195844203,0.0088064578937121,0.0409226831112921,0.2725711243661564,0.0077145921861334,0.044892896604098,0.2081345840112112,-0.0014242128841108,0.1479780346310086,0.0911858850218559,-0.0422883989377255,0.1958318285297115,0.0664100394176699,0.6362244897959184,NEUTRAL,2026-09-06,2026-09-04,,,,,,,,,,,
,BNTX,Biotech,103.76000213623048,0.0085537024329893,0.0165075213163383,0.1077186309866964,0.2044109146656443,0.0154156556087596,0.1116888444795023,0.1399743743106991,-0.0104221364303357,0.1838892557357067,0.2513466535616638,-0.1283348985471164,0.759054758345592,0.0788086835464996,0.6306122448979592,NEUTRAL,2026-09-06,2026-09-04,,,,,,,,,,,
,VST,Power,149.3000030517578,0.0352239757873851,0.0890656287113229,0.0619532466089107,0.0791763449826066,0.0879737630037442,0.0659234601017166,0.0147398046276614,0.0735773170590952,0.1959506706830411,0.0883180866068261,-0.0841828178603537,0.4062525070935125,0.1374551996133216,0.6275510204081632,EMERGING,2026-09-06,2026-09-04,,,,,,,,,,,
,META,Internet_AI,616.77001953125,0.0099725337795733,0.0670392005305018,0.0416653351841456,0.0811966351510773,0.0659473348229231,0.0456355486769515,0.0167600947961321,0.0566228667344654,0.1300818607453331,0.0923503696550113,-0.0925524313308643,0.2553949786093454,0.0586884963165661,0.6193877551020409,EMERGING,2026-09-06,2026-09-04,,,,,,,,,,,
,TSM,Foundry,428.9100036621094,0.028536470630939,0.0272801660953878,0.0211170244184939,0.0517784414696302,0.0261883003878091,0.0250872379112998,-0.0126580988853148,0.0220009099907643,0.086697246885453,0.0730173094421811,-0.0483792515591779,0.1043625165904678,0.0250733407391027,0.6020408163265306,EMERGING,2026-09-06,2026-09-04,,,,,,,,,,,
,F,Auto,14.619999885559082,0.0145732158480686,0.0533141041078422,0.0571058672475508,0.0334502945264858,0.0522222384002635,0.0610760807403567,-0.0309862458284593,0.0390376372959545,0.17991466908363,0.0912031874885867,-0.0455172308560075,0.2541215435957096,0.1126515804051534,0.5938775510204083,EMERGING,2026-09-06,2026-09-04,,,,,,,,,,,
,ANET,AI_Networking,193.77999877929688,0.0122231315715053,-0.0081892008574536,0.0270843306299064,0.2768845927348011,-0.0092810665650323,0.0310545441227123,0.2124480523798559,-0.0149602835149302,0.0518834593228219,0.1378824181949231,-0.1270783847980997,0.0638336539196528,0.010191500736055,0.5846938775510204,NEUTRAL,2026-09-06,2026-09-04,,,,,,,,,,,
,XLF,Financials,58.09999847412109,-0.0078552405803004,0.0,0.0086805557855118,0.1162842002329818,-0.0010918657075786,0.0126507692783177,0.0518476598780366,-0.0021701389463779,0.0690607938577033,0.0340284705202056,-0.0224853689724457,-0.0013194284614331,0.0176171912668705,0.5836734693877551,NEUTRAL,2026-09-06,2026-09-04,,,,,,,,,,,
,AAPL,Consumer_Tech,319.9700012207031,-0.0251058482340651,0.0008445073611602,0.022072458046372,0.0983125328662744,-0.0002473583464184,0.0260426715391779,0.0338759925113292,-0.0046736071504327,0.1022644077839949,0.0603248659664971,-0.0345301144920966,0.094094583802566,0.037417851068296,0.5760204081632654,NEUTRAL,2026-09-06,2026-09-04,,,,,,,,,,,
,TSLA,EV,354.0799865722656,-0.0592236597871772,0.0152831156193995,0.0776066743017889,-0.0720931104841265,0.0141912499118208,0.0815768877945948,-0.1365296508390717,-0.0041185529560476,0.1449028962058506,0.1430935683013568,-0.0592236597871772,0.4622252107871318,0.0785879617422801,0.5693877551020409,NEUTRAL,2026-09-06,2026-09-04,,,,,,,,,,,
,PLTR,Software_AI,174.3300018310547,-0.0449241056433528,-0.0642009334162577,0.0134876309418552,0.3388372079124451,-0.0652927991238364,0.0174578444346611,0.2744006675574999,-0.0675728411517215,0.0250108568345418,0.1520168743907292,-0.0907822605734121,-0.0988339913113255,0.0022190773746394,0.5693877551020408,NEUTRAL,2026-09-06,2026-09-04,,,,,,,,,,,
,JPM,Financials,358.6400146484375,-0.0094459010473886,0.00285224412834,0.0031327636752718,0.1653479062360243,0.0017603784207613,0.0071029771680777,0.1009113658810791,0.0020690532095221,0.0223647351252665,0.0397637888270956,-0.0373240734875464,-0.0749954093170405,0.0017619907929842,0.5683673469387756,EMERGING,2026-09-06,2026-09-04,,,,,,,,,,,
,GM,Auto,87.76000213623047,0.0082720727611422,0.0193751553604162,0.0041275024014464,0.1075754703201219,0.0182832896528375,0.0080977158942523,0.0431389299651767,0.0183432797600546,0.0182187240997851,0.0659613556095895,-0.0631225981024913,-0.0689740227077726,0.0011400285330433,0.5673469387755102,EMERGING,2026-09-06,2026-09-04,,,,,,,,,,,
,ZS,Cybersecurity,169.8000030517578,-0.0449943749307539,-0.0783259675971659,0.0066398531219367,0.3613404832985505,-0.0794178333047446,0.0106100666147426,0.2969039429436053,-0.0799859308776501,0.0097954395777075,0.1820940386214725,-0.1050058203630648,-0.1289649868818115,0.0003571796229748,0.5632653061224491,NEUTRAL,2026-09-06,2026-09-04,,,,,,,,,,,
,FCX,Copper,72.7300033569336,0.0023429686336822,-0.0486591725285101,0.044671078535748,0.1743964210530466,-0.0497510382360888,0.0486412920285539,0.1099598806981014,-0.0598269421624471,0.0925870656936296,0.1319280943358316,-0.0931047691208409,0.2316797930667777,0.0313501389057149,0.5581632653061225,NEUTRAL,2026-09-06,2026-09-04,,,,,,,,,,,
,IGV,Software,104.56999969482422,-0.0222533643883108,-0.0450228338372217,0.0183075003283856,0.1420572430175204,-0.0461146995448004,0.0222777138211915,0.0776207026625752,-0.0495997089193181,0.0485285843336657,0.1149145187518973,-0.0625453367020143,0.0438662920542354,0.007731286553467,0.5571428571428572,NEUTRAL,2026-09-06,2026-09-04,,,,,,,,,,,
,COPX,Copper,90.66000366210938,-0.006465713291952,-0.0398220141892843,0.0298762344573726,0.1745396552090534,-0.040913879896863,0.0338464479501785,0.1101031148541082,-0.0472910728036274,0.0836781894906097,0.0985364024187679,-0.0747537512970761,0.1259177702968116,0.0253712247131294,0.5561224489795918,NEUTRAL,2026-09-06,2026-09-04,,,,,,,,,,,
,ORCL,Cloud_AI,158.77999877929688,0.0307712652542082,0.0525687262507603,0.0799890774390268,-0.2083255636563077,0.0514768605431816,0.0839592909318327,-0.2727621040112529,0.0325714568910036,0.1425108325007752,0.1419829364472388,-0.0953782728207388,0.3380824590095111,0.0802864787983921,0.5556122448979592,EMERGING,2026-09-06,2026-09-04,,,,,,,,,,,
,BAC,Financials,62.68000030517578,-0.0006377089044051,0.0109081606700083,-0.0026942912344916,0.1551118127985025,0.0098162949624296,0.0012759222583142,0.0906752724435573,0.0115817334786312,0.0155998948527024,0.0483399287319395,-0.0561641477320122,-0.1814743270223695,-0.000869481214871,0.5525510204081632,EMERGING,2026-09-06,2026-09-04,,,,,,,,,,,
,VRT,AI_Infrastructure,280.5299987792969,0.0435219759380753,0.0912167941180415,0.0298458335718685,-0.0013938803103189,0.0901249284104628,0.0338160470646744,-0.0658304206652641,0.0837553357250743,0.0624376570292871,0.1384684232690514,-0.1322828600654159,0.0650667025539389,0.013457970245625,0.5479591836734694,EARLY_EMERGING,2026-09-06,2026-09-04,,,,,,,,,,,
,URA,Uranium,46.060001373291016,0.0078774749308867,0.0107527250767669,0.0256068031571186,0.0876033773988682,0.0096608593691882,0.0295770166499245,0.023166837043923,0.0043510242874872,0.06301378223994,0.124485145330177,-0.0915857019433504,0.0456773876469681,0.0129620406814316,0.5448979591836736,EARLY_EMERGING,2026-09-06,2026-09-04,,,,,,,,,,,
,6857.T,Semiconductor_Equipment,33090.0,0.0250929368029739,-0.0618089027502126,0.0048587913756452,0.3112740241727758,-0.0629007684577913,0.002737935635052,0.2666942643696326,-0.0630236005941239,0.0087815587266739,0.1399686109304497,-0.1455796717840126,-0.1223200846875045,0.0003048380742099,0.5428571428571429,NEUTRAL,2026-09-06,2026-09-04,,,,,,,,,,,
,CRWD,Cybersecurity,213.1000061035156,-0.0086988654536389,-0.0242673440525863,-0.0061561051986841,0.3159601649816839,-0.025359209760165,-0.0021858917058782,0.2515236246267387,-0.0227283177529153,0.0079050895793489,0.2714249103178979,-0.1780250703400884,-0.2887172196991822,-0.0001792929138246,0.5408163265306122,WEAKENING,2026-09-06,2026-09-04,,,,,,,,,,,
,SCCO,Copper,198.759994506836,-0.0038590902479413,-0.0526215842913896,0.0160603230520088,0.2056328863787608,-0.0537134499989683,0.0200305365448147,0.1411963460238157,-0.0566366650543918,0.0340518781175163,0.1363005817405334,-0.0953118012393026,-0.0260080709659793,0.0040123391706134,0.5321428571428571,NEUTRAL,2026-09-06,2026-09-04,,,,,,,,,,,
,MSFT,Cloud_AI,499.7000122070313,-0.0204265329920316,-0.0269312723713154,0.0013014827290129,0.259917302146023,-0.0280231380788941,0.0052716962218188,0.1954807617910778,-0.0272566430535686,0.0054299143556852,0.0657222703274091,-0.0508042333054766,-0.1608244819860565,0.0001075273224546,0.5316326530612245,NEUTRAL,2026-09-06,2026-09-04,,,,,,,,,,,
,HPE,AI_Server,52.0,-0.0448199612097691,-0.0059262352351857,-0.0229237353010155,0.1464527258879286,-0.0070181009427644,-0.0189535218082096,0.0820161855329835,-0.0001953014099318,0.0422438135986573,0.1482076812165222,-0.1496155267234785,-0.4590220048753781,-0.0065339798389147,0.5188775510204082,WEAKENING,2026-09-06,2026-09-04,,,,,,,,,,,
,SPY,Market_US,770.1900024414062,-0.0038542371465761,0.0010918657075786,-0.0039702134928059,0.0644365403549451,0.0,0.0,0.0,0.0020844190807801,0.0470788534994884,0.0228362979655065,-0.020697248270783,-0.0622252811204665,-0.008184912443857,0.5173469387755103,NEUTRAL,2026-09-06,2026-09-04,,,,,,,,,,,
,QQQ,Factor_Growth,718.9600219726562,0.0017975379954848,0.0035314396699468,-0.0056290985979886,0.037567358096902,0.0024395739623681,-0.0016588851051827,-0.0268691822580431,0.004938714319444,0.0456227589033241,0.0362178981655921,-0.0351742316204409,-0.0844683991369573,-0.0070908313620213,0.5142857142857143,NEUTRAL,2026-09-06,2026-09-04,,,,,,,,,,,
,CCJ,Uranium,100.73999786376952,0.0011925572839599,0.0072992271967426,0.0343977666610106,0.0600862796782086,0.006207361489164,0.0383679801538165,-0.0043502606767364,-0.0013002144685099,0.0866751797347657,0.1288691275577437,-0.1033904471965031,0.1300631346443036,0.0231353518435337,0.5076530612244897,NEUTRAL,2026-09-06,2026-09-04,,,,,,,,,,,
,NRG,Power,119.0199966430664,0.0641988603386893,0.0710942557705018,0.0075340676402384,-0.0100085024008906,0.0700023900629231,0.0115042811330443,-0.0744450427558358,0.0692107388604422,0.016202426016551,0.1366833158342655,-0.1325253169410938,-0.0726175384919336,0.0008930875930217,0.488265306122449,EARLY_EMERGING,2026-09-06,2026-09-04,,,,,,,,,,,
,009150.KS,MLCC,1401000.0,0.0393175074183975,-0.0140745953553835,0.1399511798209927,-0.2238227146814404,-0.0151664610629622,0.1378303240803995,-0.2026326444185278,-0.0490623903106317,0.1737373737373737,0.2050754228792,-0.1553273427471116,0.6602478874010341,0.1185649167129541,0.4841836734693878,NEUTRAL,2026-09-06,2026-09-04,,,,,,,,,,,
,AMD,AI_Semiconductor,477.5700073242188,0.0469352935159312,0.0257528697490352,-0.01197860435868,0.0556366352062631,0.0246610040414565,-0.0080083908658741,-0.008799905148682,0.0287475208387052,0.0274966891102815,0.1306584968918116,-0.1132020632751312,-0.2594520527587916,-0.0025208613895077,0.4831632653061224,WEAKENING,2026-09-06,2026-09-04,,,,,,,,,,,
,GS,Financials,1038.6099853515625,0.0006550842594779,0.0093876461992727,0.0039309836556506,0.0423521210792163,0.0082957804916941,0.0079011971484566,-0.0220844192757287,0.0084049002853601,0.017825078277321,0.0705003276249422,-0.0485511119699242,-0.0846780532789362,0.0009938973864293,0.4811224489795918,EARLY_EMERGING,2026-09-06,2026-09-04,,,,,,,,,,,
,UEC,Uranium,11.539999961853027,0.0026064059404546,-0.0693548131559683,0.0248667608596484,0.2250530645848085,-0.070446678863547,0.0288369743524543,0.1606165242298634,-0.0755715033708804,0.0381470968352179,0.2145006142349677,-0.1549192125114789,-0.0366372833552949,0.0044223404108862,0.4795918367346939,NEUTRAL,2026-09-06,2026-09-04,,,,,,,,,,,
,SMH,Semiconductor,567.010009765625,0.0260767911985666,0.0251306698164697,-0.0269263808352755,-0.0068311354895861,0.024038804108891,-0.0229561673424696,-0.0712676758445313,0.0318622650252886,0.0900739435719058,0.0879641762035638,-0.0822294275402351,-0.3118202523140171,-0.0275721937341805,0.4760204081632653,WEAKENING,2026-09-06,2026-09-04,,,,,,,,,,,
,ASML,Semiconductor_Equipment,1714.8800048828125,0.0417266937118352,0.0110366771565741,-0.0149972058989538,-0.009855911989554,0.0099448114489955,-0.0110269924061479,-0.0742924523444992,0.0147859786313126,0.0481156775635709,0.0941703400694922,-0.1258178205984124,-0.2364068562149202,-0.0076627176121063,0.4683673469387754,WEAKENING,2026-09-06,2026-09-04,,,,,,,,,,,
,QCOM,Semiconductor,168.74000549316406,0.0010084722166401,0.0333051145988969,0.0107135104751938,-0.1126653991464901,0.0322132488913182,0.0146837239679997,-0.1771019395014352,0.0306267369800984,0.0438376041526425,0.0746135289790552,-0.0555821164255699,-0.1940004758538224,0.0062944969595068,0.4653061224489796,EARLY_EMERGING,2026-09-06,2026-09-04,,,,,,,,,,,
,RSP,Factor_Breadth,219.0,-0.0047716566107515,-0.0076578115125761,-0.0049525028671326,0.0644853015289774,-0.0087496772201548,-0.0009822893743267,4.876117403229685e-05,-0.0064196857957929,0.0547460806974733,0.0249159963056102,-0.0232527173103379,-0.0839648523448563,-0.0108817692173707,0.4627551020408164,WEAKENING,2026-09-06,2026-09-04,,,,,,,,,,,
,NVO,Pharma,46.59999847412109,-0.0191538598097501,0.0217057191519713,-0.0013654482488737,0.1024402499785439,0.0206138534443927,0.0026047652439321,0.0380037096235987,0.0220470812141898,0.0043452619267072,0.0840869151495962,-0.0727497107815057,-0.1921374938970178,-7.056068447944161e-05,0.4464285714285714,NEUTRAL,2026-09-06,2026-09-04,,,,,,,,,,,
,005930.KS,Memory,255500.0,0.022,-0.0058365758754863,0.1084598698481562,-0.1544403876336493,-0.006928441583065,0.106339014107563,-0.1789899915484997,-0.0329515433375254,0.1470588235294117,0.1976779844398876,-0.1119005328596802,0.6377568025979374,0.080686682966829,0.4423469387755102,NEUTRAL,2026-09-06,2026-09-04,,,,,,,,,,,
,IWM,Factor_SmallCap,296.010009765625,0.0027778966680334,0.0008791538989856,-0.0184042573215977,0.0519906809842254,-0.000212711808593,-0.0144340438287918,-0.0124458593707197,0.005480218229385,0.1441932450497051,0.0341976325880109,-0.0475924782456348,-0.1863134938564535,-0.0776009736668538,0.4362244897959183,WEAKENING,2026-09-06,2026-09-04,,,,,,,,,,,
,LRCX,Semiconductor_Equipment,307.6499938964844,0.0512198115451461,0.0190460421207281,-0.0118837711080728,-0.043297920467246,0.0179541764131494,-0.0079135576152669,-0.1077344608221911,0.0220169848977463,0.023041556978451,0.1429051807533715,-0.16147042114063,-0.2760017484310575,-0.0019160998059132,0.4346938775510204,WEAKENING,2026-09-06,2026-09-04,,,,,,,,,,,
,ETN,Power_Grid,410.8500061035156,0.0345739604027657,0.0200357697717772,-0.0843139591463838,0.0969500468390582,0.0189439040641985,-0.0803437456535779,0.0325135064841131,0.0411142595583731,0.2604474665782549,0.0986168715921868,-0.1505565729335032,-0.7468614064773229,-0.2226734300360624,0.4255102040816326,WEAKENING,2026-09-06,2026-09-04,,,,,,,,,,,
,000660.KS,Memory,1647000.0,0.031954887218045,-0.0036297640653357,0.1019111417717903,-0.1956263955662263,-0.0047216297729144,0.0997902860311972,-0.1825404611220973,-0.0291075495082833,0.1395617762539072,0.2131029861074206,-0.097472917941449,0.4541251732973949,0.0667419083398736,0.4168367346938775,NEUTRAL,2026-09-06,2026-09-04,,,,,,,,,,,
,XLU,Utilities,43.08000183105469,0.0011620509685412,0.0081910201864712,-0.0121531477156427,-0.0146570793805962,0.0070991544788925,-0.0081829342228368,-0.0790936197355414,0.0112293071153819,0.0873144655590008,0.0395522073153695,-0.046942039417504,-0.1320695878735176,-0.0268289855276571,0.4163265306122448,WEAKENING,2026-09-06,2026-09-04,,,,,,,,,,,
,MTUM,Factor_Momentum,304.8599853515625,0.018168364437473,0.0171832572930965,-0.0144187956389817,0.0009077617840704,0.0160913915855178,-0.0104485821461758,-0.0635287785708746,0.0207879562028419,0.0751603533327573,0.0580283246026655,-0.0793306353572576,-0.1834655254037728,-0.0186757377932105,0.4147959183673469,WEAKENING,2026-09-06,2026-09-04,,,,,,,,,,,
,SOXX,Semiconductor,519.8599853515625,0.0351652184692719,0.022098994027526,-0.0430909738032044,-0.0395249647351246,0.0210071283199473,-0.0391207603103985,-0.1039615050900698,0.0328717374783271,0.1366530530226672,0.0949564574979785,-0.1051831414941038,-0.4721164867912977,-0.0620127717807187,0.4015306122448979,WEAKENING,2026-09-06,2026-09-04,,,,,,,,,,,
,HACK,Cybersecurity,110.75,-0.0069936231313011,-0.0414575114901494,-0.0404609100938437,0.1769394452270678,-0.0425493771977281,-0.0364906966010378,0.1125029048721226,-0.0313422839666884,0.0929722422631479,0.1282242670329473,-0.1132168604549995,-0.4812595173097038,-0.0293372044346777,0.3918367346938776,WEAKENING,2026-09-06,2026-09-04,,,,,,,,,,,
,FTNT,Cybersecurity,156.2899932861328,-0.0004477316701552,-0.0584940163485975,-0.0209847539233506,0.1253599351325696,-0.0595858820561762,-0.0170145404305447,0.0609233947776244,-0.0532478278677598,0.0387149676502381,0.1556985297937211,-0.1055678065865899,-0.3859388086371337,-0.0052179302551352,0.3887755102040817,WEAKENING,2026-09-06,2026-09-04,,,,,,,,,,,
,LLY,Pharma,1149.3599853515625,-0.0088306230165284,-0.0214964969776266,-0.0292676781136884,0.0128805177207567,-0.0225883626852053,-0.0252974646208825,-0.0515560226341884,-0.0141795774492045,0.0945401939026437,0.0936213538939094,-0.1023009387860757,-0.360813110448908,-0.029554923624409,0.3770408163265306,WEAKENING,2026-09-06,2026-09-04,,,,,,,,,,,
,PANW,Cybersecurity,333.260009765625,0.0039766443167745,-0.1031512875750609,-0.0840982158463281,0.2660892341771366,-0.1042431532826396,-0.0801280023535222,0.2016526938221914,-0.0821267336134789,0.1320671813251974,0.2026128078481781,-0.1705050227617977,-0.9541634174245928,-0.0548169409390201,0.3642857142857142,WEAKENING,2026-09-06,2026-09-04,,,,,,,,,,,
,XLI,Industrials,175.27000427246094,0.0040674079044304,-0.010556594352663,-0.053515437926769,0.035607830790812,-0.0116484600602417,-0.0495452244339631,-0.028828709564133,0.0028222651290291,0.4158618397756836,0.0345991079444049,-0.0738834335164372,-0.4688358852219549,-0.6432254990038384,0.3596938775510204,WEAKENING,2026-09-06,2026-09-04,,,,,,,,,,,
,GEV,Power_Grid,941.9500122070312,0.000116777104844,0.0329192150410202,-0.04884279299565,0.0868897908522399,0.0318273493334415,-0.0448725795028441,0.0224532504972947,0.0451299132899327,0.1318809950142782,0.1115226522521771,-0.1672566920325533,-0.4910895255870723,-0.0577589934372907,0.3591836734693877,WEAKENING,2026-09-06,2026-09-04,,,,,,,,,,,
,AMZN,Cloud_AI,258.510009765625,-0.0015063118580656,-0.0297263188375119,-0.0581827476737407,0.086176511620273,-0.0308181845450906,-0.0542125341809348,0.0217399712653278,-0.0151806319190767,0.2244557011975431,0.0749881934312929,-0.0833183446872098,-0.5497661714543165,-0.174153407745111,0.3525510204081633,WEAKENING,2026-09-06,2026-09-04,,,,,,,,,,,
,NET,Cybersecurity,278.9200134277344,-0.0196478019964766,-0.0697704881458891,-0.0711025955543143,0.2697228376777272,-0.0708623538534678,-0.0671323820615084,0.205286297322782,-0.0519948392573105,0.0999764490951765,0.1858586974480606,-0.1755886669759351,-0.7679514277567081,-0.0382472551598365,0.3454081632653062,WEAKENING,2026-09-06,2026-09-04,,,,,,,,,,,
,INTC,Semiconductor,95.8000030517578,0.0450529613320271,0.0707499915579519,-0.0575504022263271,-0.1050074529861018,0.0696581258503732,-0.0535801887335212,-0.1694439933410469,0.0851375921145337,0.1291105666380024,0.1344786842103344,-0.1654552010932157,-0.6838130065394621,-0.0552531063589558,0.3392857142857143,WEAKENING,2026-09-06,2026-09-04,,,,,,,,,,,
,CAT,Industrials,813.9400024414062,0.0172469662063234,0.0171071570651748,-0.0335434995881056,-0.0475495543251505,0.0160152913575961,-0.0295732860952997,-0.1119860946800956,0.0254930319622012,0.1203202661952791,0.0833979465295437,-0.1162479991282768,-0.3782347417611752,-0.0483940308785944,0.3372448979591836,WEAKENING,2026-09-06,2026-09-04,,,,,,,,,,,
,KLAC,Semiconductor_Equipment,185.6000061035156,0.0732045997651624,0.0573089506787483,-0.0620878194301824,-0.129957385123054,0.0562170849711696,-0.0581176059373765,-0.1943939254779991,0.0728309055362939,0.1462854317007816,0.1355847017775077,-0.1828669230888776,-0.7241694845464854,-0.0669879665598905,0.3331632653061224,WEAKENING,2026-09-06,2026-09-04,,,,,,,,,,,
,HUBB,Power_Grid,460.7200012207031,0.0012387424356827,0.0054120352635738,-0.1008624931612682,-0.0116390837214271,0.0043201695559951,-0.0968922796684623,-0.0760756240763723,0.0306276585538908,0.365420612574154,0.0762545914164232,-0.1442135962184731,-0.8929244391453243,-0.4833444564074998,0.3311224489795918,WEAKENING,2026-09-06,2026-09-04,,,,,,,,,,,
,COST,Consumer,915.739990234375,-0.0104494042540926,-0.03144465862479,-0.0338461066889783,-0.0672931592079776,-0.0325365243323687,-0.0298758931961724,-0.1317296995629228,-0.0229831319525454,0.1687534534965518,0.0556211767184492,-0.0572987778266332,-0.3306997141127592,-0.1026883595090019,0.3209183673469387,WEAKENING,2026-09-06,2026-09-04,,,,,,,,,,,
,WMT,Consumer,107.13999938964844,-0.011805928803857,0.0392860917220658,-0.0398167843729295,-0.1094079529443489,0.0381942260144871,-0.0358465708801236,-0.173844493299294,0.0492402878152982,0.1394723896229185,0.1097092800049013,-0.1132170026831081,-0.4435484126095356,-0.0506187084934371,0.3158163265306122,WEAKENING,2026-09-06,2026-09-04,,,,,,,,,,,
,6976.T,MLCC,9426.0,0.0642429716608332,0.0196884465599307,-0.0516148505885903,-0.3978920472692431,0.018596580852352,-0.0537357063291835,-0.4151306780001382,0.0325921592070783,0.0817790530846484,0.1944840809473455,-0.2158477202301904,-1.0218740447713883,-0.0217036457980503,0.2943877551020408,WEAKENING,2026-09-06,2026-09-04,,,,,,,,,,,
,PWR,Power_Grid,624.4099731445312,0.0070154107716429,0.0360211722213181,-0.0706248522632319,-0.0405804383813852,0.0349293065137394,-0.0666546387704259,-0.1050169787363304,0.0536773852871261,0.1814047215755417,0.1073092873931459,-0.1655937004275781,-0.6798255080312813,-0.1193902407923702,0.2892857142857143,WEAKENING,2026-09-06,2026-09-04,,,,,,,,,,,
,GOOGL,Cloud_AI,338.4599914550781,-0.0111027236665746,-0.0228294574531315,-0.0440937977170623,-0.049673022055277,-0.0239213231607102,-0.0401235842242564,-0.1141095624102221,-0.011806008023866,0.2208975421285547,0.0605879125761159,-0.0629335932194993,-0.4457077396611318,-0.1607616292536277,0.2852040816326531,WEAKENING,2026-09-06,2026-09-04,,,,,,,,,,,
,ITA,Defense,225.6100006103516,-0.0016372914602299,-0.0309681577486883,-0.100259219898897,0.0039951131078415,-0.032060023456267,-0.0962890064060911,-0.0604414272471036,-0.005903352773964,0.5281510106538997,0.0546559329012363,-0.1178817074465565,-0.866761087551748,-0.9688245265643652,0.2795918367346939,WEAKENING,2026-09-06,2026-09-04,,,,,,,,,,,
,RTX,Defense,200.7899932861328,-0.0066294541350087,-0.0515800532871982,-0.0967268275702959,0.1355448443189764,-0.0526719189947769,-0.09275661407749,0.0711083039640312,-0.0273983463946242,0.4650553231036911,0.0593726306629909,-0.1095836006559337,-0.9257807570408364,-0.7576441459000185,0.2795918367346938,WEAKENING,2026-09-06,2026-09-04,,,,,,,,,,,
,AVGO,AI_Semiconductor,357.8999938964844,0.0020718731850923,-0.0295290392801165,-0.1633159114322486,-0.0366395409910507,-0.0306209049876952,-0.1593456979394427,-0.1010760813459958,0.0112999385779456,0.5734690048271469,0.0992459247774806,-0.1687161300264539,-1.4120050776643347,-0.9436822057074652,0.2688775510204082,WEAKENING,2026-09-06,2026-09-04,,,,,,,,,,,
,8035.T,Semiconductor_Equipment,53320.0,0.0003752345215759,-0.0517517339498488,-0.0363274896078077,-0.1376354520459324,-0.0528435996574275,-0.0384483453484009,-0.0754776151284795,-0.0426698615478969,0.1050705697856769,0.1048333404432414,-0.1161590946912963,-0.5367895791584405,-0.0364096957688969,0.2658163265306122,WEAKENING,2026-09-06,2026-09-04,,,,,,,,,,,
,6981.T,MLCC,7191.0,0.0420228952325749,-0.0278491280248749,-0.0309931276108341,-0.1686705202312138,-0.0289409937324536,-0.0331139833514273,-0.2190717813850511,-0.0201008461221663,0.0593701600413009,0.1724966667211931,-0.1696546745277343,-0.6180493031539418,-0.0106672608892193,0.2551020408163265,WEAKENING,2026-09-06,2026-09-04,,,,,,,,,,,
,NOC,Defense,514.97998046875,-0.0251022452119569,-0.0517768300152279,-0.0949261931167925,-0.0457777062018898,-0.0528686957228066,-0.0909559796239866,-0.1102142465568349,-0.0280452817360297,0.3502815712256255,0.0739670929118731,-0.1219030115196846,-0.8462113621163332,-0.4495363379365669,0.2413265306122448,WEAKENING,2026-09-06,2026-09-04,,,,,,,,,,,
,6762.T,Electronic_Components,2907.5,0.026478375992939,-0.0657133676092545,-0.0350149352804514,-0.2012362637362637,-0.0668052333168331,-0.0371357910210445,-0.2619418055635739,-0.0569596337891416,0.0988290398126463,0.1079880600948283,-0.126849568434032,-0.47273321886666,-0.0320451393406843,0.2397959183673469,WEAKENING,2026-09-06,2026-09-04,,,,,,,,,,,
,URI,Industrials,1009.8599853515624,0.0160886135137721,-0.0197913270064911,-0.1300585988332812,-0.0423603657582287,-0.0208831927140697,-0.1260883853404752,-0.1067969061131739,0.0127233227018291,0.4388659761257011,0.0859122725069837,-0.158822777335008,-1.154054826638625,-0.6643788164941056,0.2392857142857143,WEAKENING,2026-09-06,2026-09-04,,,,,,,,,,,
,TXN,Analog_Semiconductor,258.44000244140625,0.0181617640826394,-0.0007733227486207,-0.096616280160085,-0.0788864837737391,-0.0018651884561994,-0.0926460666672791,-0.1433230241286843,0.0233807472914005,0.3451547048639494,0.0778315146149371,-0.1144434835398898,-0.8703444340282189,-0.4284583671368883,0.236734693877551,WEAKENING,2026-09-06,2026-09-04,,,,,,,,,,,
,LMT,Defense,525.280029296875,-0.0143915615620189,-0.0626424562282867,-0.1010647126305795,0.0066835496341699,-0.0637343219358654,-0.0970944991377736,-0.0577529907207752,-0.0373762780706418,0.3326336206555732,0.0786881838915594,-0.1316799829366636,-0.9370575516451756,-0.4272245160614357,0.221938775510204,WEAKENING,2026-09-06,2026-09-04,,,,,,,,,,,
,AMAT,Semiconductor_Equipment,454.7099914550781,0.043128140292787,-0.0150757505799014,-0.1556994776080922,-0.0841306962086784,-0.01616761628748,-0.1517292641152863,-0.1485672365636235,0.0238491188221216,0.3553164738163339,0.1308766090119938,-0.2039111513084451,-1.477900840772482,-0.4227079978339191,0.1989795918367347,WEAKENING,2026-09-06,2026-09-04,,,,,,,,,,,
,6146.T,Semiconductor_Equipment,54460.0,0.0077720207253886,-0.0823925863521483,-0.1157655463549277,-0.2226662860405367,-0.0834844520597269,-0.1178864020955209,-0.2375258178944295,-0.0534511997634163,0.2641719155242683,0.1368671539740001,-0.1800940676680321,-1.124559561595423,-0.2234429901136413,0.1459183673469387,WEAKENING,2026-09-06,2026-09-04,,,,,,,,,,,
,DELL,AI_Server,524.1400146484375,0.0150080361357805,0.1488252364269551,0.1550786242777404,0.4195877422811918,0.1477333707193764,0.1590488377705463,0.3551512019262466,0.11005558035752,0.2094657439661364,0.2354889875063911,-0.1405634029502649,0.9112099174647448,0.1379413099166696,0.926530612244898,PERSISTENT,2026-09-07,2026-09-04,,,,,,,,,,,
,SBLK,Shipping,32.41999816894531,0.0172575247953818,0.0636482498636759,0.1564227413943626,0.2814318755483194,0.0625563841560972,0.1603929548871685,0.2169953351933742,0.0245425645150852,0.436561139036109,0.096922143731644,-0.0491803489755128,0.875574297396759,0.7045664440042542,0.8566326530612245,PERSISTENT,2026-09-07,2026-09-04,,,,,,,,,,,
,BOAT,Shipping,50.84999847412109,0.0099304868947909,0.0381788270592413,0.1455282535097106,0.27349569405353,0.0370869613516626,0.1494984670025165,0.2090591536985848,0.0017967636818136,0.4586118666852987,0.0752794862103423,-0.044630363121339,1.057752553675252,0.8865759765024875,0.842857142857143,PERSISTENT,2026-09-07,2026-09-04,,,,,,,,,,,
,MU,Memory,1016.5900268554688,0.0609815222391092,0.089756279418879,0.1584147342901258,0.1400035522848071,0.0886644137113004,0.1623849477829317,0.0755670119298619,0.0501525958463476,0.2721080048378919,0.152287419476188,-0.1001433232757289,1.0163385199983117,0.2830563248945921,0.7933673469387756,PERSISTENT,2026-09-07,2026-09-04,,,,,,,,,,,
,SMCI,AI_Server,39.59000015258789,0.0454185706156691,0.0676914292768742,0.2717636113040278,0.3525794169260734,0.0665995635692955,0.2757338247968337,0.2881428765711282,-0.0002494735491327,0.3341232407779662,0.2413612186061724,-0.1172189248432828,1.9125074694779125,0.3762101428671822,0.7775510204081634,PULLBACK_LEADER,2026-09-07,2026-09-04,,,,,,,,,,,
,CEG,Nuclear_Power,298.9599914550781,0.0487984713481628,0.0802529049867322,0.1094132601117394,0.2357390097760958,0.0791610392791535,0.1133834736045453,0.1713024694211506,0.0528995899587973,0.3355170055907983,0.0930998499103784,-0.0540171368873686,0.759367955157855,0.394307933256138,0.770918367346939,PERSISTENT,2026-09-07,2026-09-04,,,,,,,,,,,
,GNOM,Genomics,64.26000213623047,-0.0109281063742139,-0.0084404011450861,0.1046172237116609,0.3424247485828549,-0.0095322668526648,0.1085874372044668,0.2779882082279097,-0.0345947070730013,0.2315479299624437,0.1615211743784197,-0.0529526308048863,0.6587872328152434,0.1499735355570163,0.7678571428571428,PULLBACK_LEADER,2026-09-07,2026-09-04,,,,,,,,,,,
,REGN,Biotech,827.719970703125,-0.0186728639395077,0.0422190762394953,0.0565130085661653,0.3773563653718279,0.0411272105319167,0.0604832220589712,0.3129198250168827,0.028090824097954,0.1859012159452925,0.0823791891595599,-0.0554802613150112,0.2841227023228901,0.1275302308308493,0.7637755102040815,PERSISTENT,2026-09-07,2026-09-04,,,,,,,,,,,
,DAC,Shipping,155.25999450683594,0.0072007827071141,0.0303955538470823,0.1033257046617595,0.2158738813568324,0.0293036881395036,0.1072959181545654,0.1514373410018872,0.0045641276816424,0.3688481471718402,0.0739375740586041,-0.040505947262624,0.7239675909294028,0.5154550335869414,0.7566326530612245,PERSISTENT,2026-09-07,2026-09-04,,,,,,,,,,,
,IDNA,Genomics,39.77000045776367,-0.012906439462583,0.0122168371354409,0.1434733137896813,0.3939857790403536,0.0111249714278622,0.1474435272824872,0.3295492386854084,-0.0236514913119793,0.3392250642417195,0.1552742212477114,-0.0535197985825107,0.986583554608689,0.3134438137650255,0.7459183673469388,PULLBACK_LEADER,2026-09-07,2026-09-04,,,,,,,,,,,
,NEM,Gold_Miners,128.08999633789062,-0.0179406307543642,0.0029429355806311,0.1361004612812246,0.383600802651066,0.0018510698730525,0.1400706747740305,0.3191642622961208,-0.0310821797396749,0.2457653100563721,0.1370935833954108,-0.0925706967429901,0.9012541270083684,0.2439849571159079,0.7418367346938776,PULLBACK_LEADER,2026-09-07,2026-09-04,,,,,,,,,,,
,AMGN,Biotech,437.2300109863281,-0.0155137895312309,0.0111234388077128,0.0701671697252663,0.3021798441399987,0.0100315731001341,0.0741373832180722,0.2377433037850536,-0.0064183536236037,0.2909741160028299,0.0634946117262655,-0.0314527567823124,0.3641342231308033,0.3215521699896334,0.7224489795918366,PULLBACK_LEADER,2026-09-07,2026-09-04,,,,,,,,,,,
,XLE,Energy,64.05999755859375,-0.0086661275794808,0.0220165482881149,0.1140869140625,0.1076735058626485,0.0209246825805362,0.1180571275553059,0.0432369655077033,-0.00650518022751,0.5248001250000763,0.0608381688551391,-0.0265097823797487,0.8342279877651573,0.9841326241004272,0.720408163265306,PULLBACK_LEADER,2026-09-07,2026-09-04,,,,,,,,,,,
,NVDA,AI_Semiconductor,230.3600006103516,0.0083607077593532,0.0588830033504808,0.0285765034141165,0.1493863023397901,0.0577911376429021,0.0325467169069224,0.0849497619848449,0.0517388774969516,0.0733271538267078,0.1282856573867342,-0.0746560457007837,0.1548924893148553,0.0163341226475489,0.708673469387755,PERSISTENT,2026-09-07,2026-09-04,,,,,,,,,,,
,CVX,Energy,208.6000061035156,-0.0128714798714252,0.0333895049677237,0.1278972019328719,0.1086432802478478,0.032297639260145,0.1318674154256778,0.0442067398929026,0.0014152044845057,0.5530136741471183,0.0621381643403263,-0.0291587688944953,0.8604896220355212,1.138252188568948,0.7015306122448979,PERSISTENT,2026-09-07,2026-09-04,,,,,,,,,,,
,GDX,Gold_Miners,99.26000213623048,-0.0219725665038676,-0.0039136917579188,0.1042385450017153,0.3448043004937555,-0.0050055574654975,0.1082087584945212,0.2803677601388104,-0.0299733280083477,0.1871380627859404,0.1462995501446778,-0.1028240979842187,0.6756893105284084,0.1333360175062419,0.6979591836734695,NEUTRAL,2026-09-07,2026-09-04,,,,,,,,,,,
,IBB,Biotech,211.9199981689453,-0.008839621211494,0.0142139328264208,0.0718728995626576,0.2773447167851619,0.0131220671188421,0.0758431130554635,0.2129081764302167,-0.0037542920642436,0.2696904687161535,0.0868930732055605,-0.0369192916563134,0.4504363259319083,0.2230722801711399,0.6964285714285715,NEUTRAL,2026-09-07,2026-09-04,,,,,,,,,,,
,VRTX,Biotech,546.1199951171875,-0.0212202064470651,0.0081780956927675,0.1008929930332542,0.2534025058580569,0.0070862299851888,0.1048632065260601,0.1889659655031117,-0.017045152565546,0.2963467436764865,0.0937212841532929,-0.0451241825968051,0.682886899907813,0.3190236904594187,0.6948979591836735,NEUTRAL,2026-09-07,2026-09-04,,,,,,,,,,,
,MRNA,Biotech,145.5500030517578,-0.0223012841695618,0.0547865588639915,1.459861543956377,2.164818389643732,0.0536946931564128,1.4638317574491828,2.1003818492887865,-0.3101788271251027,0.354306824452641,1.8044532083381395,-0.2354627618354927,11.046559139575354,0.2866457857646964,0.694387755102041,NEUTRAL,2026-09-07,2026-09-04,,,,,,,,,,,
,AEM,Gold_Miners,204.72999572753903,-0.0115869700125352,-0.0051656231442576,0.147436502105543,0.3456492761004168,-0.0062574888518363,0.1514067155983489,0.2812127357454717,-0.0420247486706433,0.2447146522586114,0.1618547111659406,-0.1348463417822993,0.973623943615145,0.2229151816655698,0.6795918367346939,NEUTRAL,2026-09-07,2026-09-04,,,,,,,,,,,
,ZIM,Shipping,28.57999992370605,0.0358825576528785,0.0415451664526576,0.0624535438289932,0.1283063564859454,0.0404533007450789,0.0664237573217991,0.0638698161310002,0.0259317804954092,0.121037509914642,0.1423345146660365,-0.088104050761851,0.4227053411507504,0.0531088432636505,0.6760204081632653,EMERGING,2026-09-07,2026-09-04,,,,,,,,,,,
,XOM,Energy,159.47000122070312,-0.0168917167853728,0.0176121140232949,0.0487623611354182,0.0656127686418808,0.0165202483157163,0.0527325746282241,0.0011762282869356,0.0054215237394404,0.1811118474361105,0.075776397741241,-0.0584411183374926,0.2541009535950791,0.1165460694072544,0.6474489795918369,EMERGING,2026-09-07,2026-09-04,,,,,,,,,,,
,XBI,Biotech,163.80999755859375,-0.0034676195844203,0.0088064578937121,0.0409226831112921,0.2725711243661564,0.0077145921861334,0.044892896604098,0.2081345840112112,-0.0014242128841108,0.1479780346310086,0.0911858850218559,-0.0422883989377255,0.1958318285297115,0.0664100394176699,0.6448979591836735,NEUTRAL,2026-09-07,2026-09-04,,,,,,,,,,,
,BNTX,Biotech,103.76000213623048,0.0085537024329893,0.0165075213163383,0.1077186309866964,0.2044109146656443,0.0154156556087596,0.1116888444795023,0.1399743743106991,-0.0104221364303357,0.1838892557357067,0.2513466535616638,-0.1283348985471164,0.759054758345592,0.0788086835464996,0.6357142857142858,NEUTRAL,2026-09-07,2026-09-04,,,,,,,,,,,
,VST,Power,149.3000030517578,0.0352239757873851,0.0890656287113229,0.0619532466089107,0.0791763449826066,0.0879737630037442,0.0659234601017166,0.0147398046276614,0.0735773170590952,0.1959506706830411,0.0883180866068261,-0.0841828178603537,0.4062525070935125,0.1374551996133216,0.6244897959183673,EMERGING,2026-09-07,2026-09-04,,,,,,,,,,,
,META,Internet_AI,616.77001953125,0.0099725337795733,0.0670392005305018,0.0416653351841456,0.0811966351510773,0.0659473348229231,0.0456355486769515,0.0167600947961321,0.0566228667344654,0.1300818607453331,0.0923503696550113,-0.0925524313308643,0.2553949786093454,0.0586884963165661,0.6234693877551021,EMERGING,2026-09-07,2026-09-04,,,,,,,,,,,
,TSM,Foundry,428.9100036621094,0.028536470630939,0.0272801660953878,0.0211170244184939,0.0517784414696302,0.0261883003878091,0.0250872379112998,-0.0126580988853148,0.0220009099907643,0.086697246885453,0.0730173094421811,-0.0483792515591779,0.1043625165904678,0.0250733407391027,0.5994897959183674,EMERGING,2026-09-07,2026-09-04,,,,,,,,,,,
,F,Auto,14.619999885559082,0.0145732158480686,0.0533141041078422,0.0571058672475508,0.0334502945264858,0.0522222384002635,0.0610760807403567,-0.0309862458284593,0.0390376372959545,0.17991466908363,0.0912031874885867,-0.0455172308560075,0.2541215435957096,0.1126515804051534,0.5943877551020408,EMERGING,2026-09-07,2026-09-04,,,,,,,,,,,
,XLF,Financials,58.09999847412109,-0.0078552405803004,0.0,0.0086805557855118,0.1162842002329818,-0.0010918657075786,0.0126507692783177,0.0518476598780366,-0.0021701389463779,0.0690607938577033,0.0340284705202056,-0.0224853689724457,-0.0013194284614331,0.0176171912668705,0.5841836734693877,NEUTRAL,2026-09-07,2026-09-04,,,,,,,,,,,
,ANET,AI_Networking,193.77999877929688,0.0122231315715053,-0.0081892008574536,0.0270843306299064,0.2768845927348011,-0.0092810665650323,0.0310545441227123,0.2124480523798559,-0.0149602835149302,0.0518834593228219,0.1378824181949231,-0.1270783847980997,0.0638336539196528,0.010191500736055,0.5821428571428571,NEUTRAL,2026-09-07,2026-09-04,,,,,,,,,,,
,AAPL,Consumer_Tech,319.9700012207031,-0.0251058482340651,0.0008445073611602,0.022072458046372,0.0983125328662744,-0.0002473583464184,0.0260426715391779,0.0338759925113292,-0.0046736071504327,0.1022644077839949,0.0603248659664971,-0.0345301144920966,0.094094583802566,0.037417851068296,0.5785714285714287,NEUTRAL,2026-09-07,2026-09-04,,,,,,,,,,,
,PLTR,Software_AI,174.3300018310547,-0.0449241056433528,-0.0642009334162577,0.0134876309418552,0.3388372079124451,-0.0652927991238364,0.0174578444346611,0.2744006675574999,-0.0675728411517215,0.0250108568345418,0.1520168743907292,-0.0907822605734121,-0.0988339913113255,0.0022190773746394,0.573469387755102,NEUTRAL,2026-09-07,2026-09-04,,,,,,,,,,,
,JPM,Financials,358.6400146484375,-0.0094459010473886,0.00285224412834,0.0031327636752718,0.1653479062360243,0.0017603784207613,0.0071029771680777,0.1009113658810791,0.0020690532095221,0.0223647351252665,0.0397637888270956,-0.0373240734875464,-0.0749954093170405,0.0017619907929842,0.5709183673469389,EMERGING,2026-09-07,2026-09-04,,,,,,,,,,,
,TSLA,EV,354.0799865722656,-0.0592236597871772,0.0152831156193995,0.0776066743017889,-0.0720931104841265,0.0141912499118208,0.0815768877945948,-0.1365296508390717,-0.0041185529560476,0.1449028962058506,0.1430935683013568,-0.0592236597871772,0.4622252107871318,0.0785879617422801,0.5668367346938776,NEUTRAL,2026-09-07,2026-09-04,,,,,,,,,,,
,FCX,Copper,72.7300033569336,0.0023429686336822,-0.0486591725285101,0.044671078535748,0.1743964210530466,-0.0497510382360888,0.0486412920285539,0.1099598806981014,-0.0598269421624471,0.0925870656936296,0.1319280943358316,-0.0931047691208409,0.2316797930667777,0.0313501389057149,0.564795918367347,NEUTRAL,2026-09-07,2026-09-04,,,,,,,,,,,
,GM,Auto,87.76000213623047,0.0082720727611422,0.0193751553604162,0.0041275024014464,0.1075754703201219,0.0182832896528375,0.0080977158942523,0.0431389299651767,0.0183432797600546,0.0182187240997851,0.0659613556095895,-0.0631225981024913,-0.0689740227077726,0.0011400285330433,0.5637755102040817,EMERGING,2026-09-07,2026-09-04,,,,,,,,,,,
,ZS,Cybersecurity,169.8000030517578,-0.0449943749307539,-0.0783259675971659,0.0066398531219367,0.3613404832985505,-0.0794178333047446,0.0106100666147426,0.2969039429436053,-0.0799859308776501,0.0097954395777075,0.1820940386214725,-0.1050058203630648,-0.1289649868818115,0.0003571796229748,0.5602040816326531,NEUTRAL,2026-09-07,2026-09-04,,,,,,,,,,,
,COPX,Copper,90.66000366210938,-0.006465713291952,-0.0398220141892843,0.0298762344573726,0.1745396552090534,-0.040913879896863,0.0338464479501785,0.1101031148541082,-0.0472910728036274,0.0836781894906097,0.0985364024187679,-0.0747537512970761,0.1259177702968116,0.0253712247131294,0.5581632653061224,NEUTRAL,2026-09-07,2026-09-04,,,,,,,,,,,
,ORCL,Cloud_AI,158.77999877929688,0.0307712652542082,0.0525687262507603,0.0799890774390268,-0.2083255636563077,0.0514768605431816,0.0839592909318327,-0.2727621040112529,0.0325714568910036,0.1425108325007752,0.1419829364472388,-0.0953782728207388,0.3380824590095111,0.0802864787983921,0.5556122448979592,EMERGING,2026-09-07,2026-09-04,,,,,,,,,,,
,BAC,Financials,62.68000030517578,-0.0006377089044051,0.0109081606700083,-0.0026942912344916,0.1551118127985025,0.0098162949624296,0.0012759222583142,0.0906752724435573,0.0115817334786312,0.0155998948527024,0.0483399287319395,-0.0561641477320122,-0.1814743270223695,-0.000869481214871,0.553061224489796,EMERGING,2026-09-07,2026-09-04,,,,,,,,,,,
,VRT,AI_Infrastructure,280.5299987792969,0.0435219759380753,0.0912167941180415,0.0298458335718685,-0.0013938803103189,0.0901249284104628,0.0338160470646744,-0.0658304206652641,0.0837553357250743,0.0624376570292871,0.1384684232690514,-0.1322828600654159,0.0650667025539389,0.013457970245625,0.5530612244897959,EMERGING,2026-09-07,2026-09-04,,,,,,,,,,,
,IGV,Software,104.56999969482422,-0.0222533643883108,-0.0450228338372217,0.0183075003283856,0.1420572430175204,-0.0461146995448004,0.0222777138211915,0.0776207026625752,-0.0495997089193181,0.0485285843336657,0.1149145187518973,-0.0625453367020143,0.0438662920542354,0.007731286553467,0.5525510204081633,NEUTRAL,2026-09-07,2026-09-04,,,,,,,,,,,
,6857.T,Semiconductor_Equipment,33880.0,0.0238742822605015,0.0056396556841793,0.0525007766387077,0.3457795431976167,-0.0629007684577913,0.002737935635052,0.2666942643696326,-0.0074855384754975,0.0925013683634373,0.1395621916862206,-0.1455796717840126,0.2581419275783649,0.0347973446142372,0.55,NEUTRAL,2026-09-07,2026-09-07,,,,,,,,,,,
,URA,Uranium,46.060001373291016,0.0078774749308867,0.0107527250767669,0.0256068031571186,0.0876033773988682,0.0096608593691882,0.0295770166499245,0.023166837043923,0.0043510242874872,0.06301378223994,0.124485145330177,-0.0915857019433504,0.0456773876469681,0.0129620406814316,0.5494897959183673,EARLY_EMERGING,2026-09-07,2026-09-04,,,,,,,,,,,
,CRWD,Cybersecurity,213.1000061035156,-0.0086988654536389,-0.0242673440525863,-0.0061561051986841,0.3159601649816839,-0.025359209760165,-0.0021858917058782,0.2515236246267387,-0.0227283177529153,0.0079050895793489,0.2714249103178979,-0.1780250703400884,-0.2887172196991822,-0.0001792929138246,0.5362244897959185,WEAKENING,2026-09-07,2026-09-04,,,,,,,,,,,
,SCCO,Copper,198.759994506836,-0.0038590902479413,-0.0526215842913896,0.0160603230520088,0.2056328863787608,-0.0537134499989683,0.0200305365448147,0.1411963460238157,-0.0566366650543918,0.0340518781175163,0.1363005817405334,-0.0953118012393026,-0.0260080709659793,0.0040123391706134,0.5352040816326531,NEUTRAL,2026-09-07,2026-09-04,,,,,,,,,,,
,MSFT,Cloud_AI,499.7000122070313,-0.0204265329920316,-0.0269312723713154,0.0013014827290129,0.259917302146023,-0.0280231380788941,0.0052716962218188,0.1954807617910778,-0.0272566430535686,0.0054299143556852,0.0657222703274091,-0.0508042333054766,-0.1608244819860565,0.0001075273224546,0.528061224489796,NEUTRAL,2026-09-07,2026-09-04,,,,,,,,,,,
,SPY,Market_US,770.1900024414062,-0.0038542371465761,0.0010918657075786,-0.0039702134928059,0.0644365403549451,0.0,0.0,0.0,0.0020844190807801,0.0470788534994884,0.0228362979655065,-0.020697248270783,-0.0622252811204665,-0.008184912443857,0.5158163265306123,NEUTRAL,2026-09-07,2026-09-04,,,,,,,,,,,
,CCJ,Uranium,100.73999786376952,0.0011925572839599,0.0072992271967426,0.0343977666610106,0.0600862796782086,0.006207361489164,0.0383679801538165,-0.0043502606767364,-0.0013002144685099,0.0866751797347657,0.1288691275577437,-0.1033904471965031,0.1300631346443036,0.0231353518435337,0.5153061224489796,NEUTRAL,2026-09-07,2026-09-04,,,,,,,,,,,
,HPE,AI_Server,52.0,-0.0448199612097691,-0.0059262352351857,-0.0229237353010155,0.1464527258879286,-0.0070181009427644,-0.0189535218082096,0.0820161855329835,-0.0001953014099318,0.0422438135986573,0.1482076812165222,-0.1496155267234785,-0.4590220048753781,-0.0065339798389147,0.513265306122449,WEAKENING,2026-09-07,2026-09-04,,,,,,,,,,,
,QQQ,Factor_Growth,718.9600219726562,0.0017975379954848,0.0035314396699468,-0.0056290985979886,0.037567358096902,0.0024395739623681,-0.0016588851051827,-0.0268691822580431,0.004938714319444,0.0456227589033241,0.0362178981655921,-0.0351742316204409,-0.0844683991369573,-0.0070908313620213,0.5096938775510205,NEUTRAL,2026-09-07,2026-09-04,,,,,,,,,,,
,UEC,Uranium,11.539999961853027,0.0026064059404546,-0.0693548131559683,0.0248667608596484,0.2250530645848085,-0.070446678863547,0.0288369743524543,0.1606165242298634,-0.0755715033708804,0.0381470968352179,0.2145006142349677,-0.1549192125114789,-0.0366372833552949,0.0044223404108862,0.4857142857142857,NEUTRAL,2026-09-07,2026-09-04,,,,,,,,,,,
,NRG,Power,119.0199966430664,0.0641988603386893,0.0710942557705018,0.0075340676402384,-0.0100085024008906,0.0700023900629231,0.0115042811330443,-0.0744450427558358,0.0692107388604422,0.016202426016551,0.1366833158342655,-0.1325253169410938,-0.0726175384919336,0.0008930875930217,0.4852040816326531,EARLY_EMERGING,2026-09-07,2026-09-04,,,,,,,,,,,
,GS,Financials,1038.6099853515625,0.0006550842594779,0.0093876461992727,0.0039309836556506,0.0423521210792163,0.0082957804916941,0.0079011971484566,-0.0220844192757287,0.0084049002853601,0.017825078277321,0.0705003276249422,-0.0485511119699242,-0.0846780532789362,0.0009938973864293,0.4836734693877551,EARLY_EMERGING,2026-09-07,2026-09-04,,,,,,,,,,,
,AMD,AI_Semiconductor,477.5700073242188,0.0469352935159312,0.0257528697490352,-0.01197860435868,0.0556366352062631,0.0246610040414565,-0.0080083908658741,-0.008799905148682,0.0287475208387052,0.0274966891102815,0.1306584968918116,-0.1132020632751312,-0.2594520527587916,-0.0025208613895077,0.4801020408163265,WEAKENING,2026-09-07,2026-09-04,,,,,,,,,,,
,SMH,Semiconductor,567.010009765625,0.0260767911985666,0.0251306698164697,-0.0269263808352755,-0.0068311354895861,0.024038804108891,-0.0229561673424696,-0.0712676758445313,0.0318622650252886,0.0900739435719058,0.0879641762035638,-0.0822294275402351,-0.3118202523140171,-0.0275721937341805,0.475,WEAKENING,2026-09-07,2026-09-04,,,,,,,,,,,
,RSP,Factor_Breadth,219.0,-0.0047716566107515,-0.0076578115125761,-0.0049525028671326,0.0644853015289774,-0.0087496772201548,-0.0009822893743267,4.876117403229685e-05,-0.0064196857957929,0.0547460806974733,0.0249159963056102,-0.0232527173103379,-0.0839648523448563,-0.0108817692173707,0.4673469387755102,WEAKENING,2026-09-07,2026-09-04,,,,,,,,,,,
,QCOM,Semiconductor,168.74000549316406,0.0010084722166401,0.0333051145988969,0.0107135104751938,-0.1126653991464901,0.0322132488913182,0.0146837239679997,-0.1771019395014352,0.0306267369800984,0.0438376041526425,0.0746135289790552,-0.0555821164255699,-0.1940004758538224,0.0062944969595068,0.4663265306122449,EARLY_EMERGING,2026-09-07,2026-09-04,,,,,,,,,,,
,ASML,Semiconductor_Equipment,1714.8800048828125,0.0417266937118352,0.0110366771565741,-0.0149972058989538,-0.009855911989554,0.0099448114489955,-0.0110269924061479,-0.0742924523444992,0.0147859786313126,0.0481156775635709,0.0941703400694922,-0.1258178205984124,-0.2364068562149202,-0.0076627176121063,0.4627551020408164,WEAKENING,2026-09-07,2026-09-04,,,,,,,,,,,
,005930.KS,Memory,267000.0,0.0450097847358121,0.0269230769230768,0.1558441558441559,-0.1060386336955634,-0.006928441583065,0.106339014107563,-0.1789899915484997,-0.0120379620379621,0.1988950276243093,0.2013897961501697,-0.1119005328596802,1.0199295586477886,0.1539135957940858,0.4571428571428571,NEUTRAL,2026-09-07,2026-09-07,,,,,,,,,,,
,NVO,Pharma,46.59999847412109,-0.0191538598097501,0.0217057191519713,-0.0013654482488737,0.1024402499785439,0.0206138534443927,0.0026047652439321,0.0380037096235987,0.0220470812141898,0.0043452619267072,0.0840869151495962,-0.0727497107815057,-0.1921374938970178,-7.056068447944161e-05,0.4530612244897959,NEUTRAL,2026-09-07,2026-09-04,,,,,,,,,,,
,IWM,Factor_SmallCap,296.010009765625,0.0027778966680334,0.0008791538989856,-0.0184042573215977,0.0519906809842254,-0.000212711808593,-0.0144340438287918,-0.0124458593707197,0.005480218229385,0.1441932450497051,0.0341976325880109,-0.0475924782456348,-0.1863134938564535,-0.0776009736668538,0.4428571428571428,WEAKENING,2026-09-07,2026-09-04,,,,,,,,,,,
,009150.KS,MLCC,1437000.0,0.025695931477516,-0.0144032921810699,0.124413145539906,-0.2038781163434903,-0.0151664610629622,0.1378303240803995,-0.2026326444185278,-0.0455065785660464,0.1627430910951893,0.2032054360787889,-0.1553273427471116,0.5442024470835156,0.0996399519065496,0.4341836734693878,NEUTRAL,2026-09-07,2026-09-07,,,,,,,,,,,
,000660.KS,Memory,1745000.0,0.0595021250758955,0.0424133811230584,0.2274109348949939,-0.1692630172795672,-0.0047216297729144,0.0997902860311972,-0.1825404611220973,-0.01443935260069,0.2895829167456923,0.2113276024767359,-0.097472917941449,1.463636432824269,0.3116219606665282,0.4301020408163266,NEUTRAL,2026-09-07,2026-09-07,,,,,,,,,,,
,LRCX,Semiconductor_Equipment,307.6499938964844,0.0512198115451461,0.0190460421207281,-0.0118837711080728,-0.043297920467246,0.0179541764131494,-0.0079135576152669,-0.1077344608221911,0.0220169848977463,0.023041556978451,0.1429051807533715,-0.16147042114063,-0.2760017484310575,-0.0019160998059132,0.4290816326530612,WEAKENING,2026-09-07,2026-09-04,,,,,,,,,,,
,ETN,Power_Grid,410.8500061035156,0.0345739604027657,0.0200357697717772,-0.0843139591463838,0.0969500468390582,0.0189439040641985,-0.0803437456535779,0.0325135064841131,0.0411142595583731,0.2604474665782549,0.0986168715921868,-0.1505565729335032,-0.7468614064773229,-0.2226734300360624,0.4229591836734694,WEAKENING,2026-09-07,2026-09-04,,,,,,,,,,,
,MTUM,Factor_Momentum,304.8599853515625,0.018168364437473,0.0171832572930965,-0.0144187956389817,0.0009077617840704,0.0160913915855178,-0.0104485821461758,-0.0635287785708746,0.0207879562028419,0.0751603533327573,0.0580283246026655,-0.0793306353572576,-0.1834655254037728,-0.0186757377932105,0.4173469387755102,WEAKENING,2026-09-07,2026-09-04,,,,,,,,,,,
,XLU,Utilities,43.08000183105469,0.0011620509685412,0.0081910201864712,-0.0121531477156427,-0.0146570793805962,0.0070991544788925,-0.0081829342228368,-0.0790936197355414,0.0112293071153819,0.0873144655590008,0.0395522073153695,-0.046942039417504,-0.1320695878735176,-0.0268289855276571,0.4147959183673469,WEAKENING,2026-09-07,2026-09-04,,,,,,,,,,,
,SOXX,Semiconductor,519.8599853515625,0.0351652184692719,0.022098994027526,-0.0430909738032044,-0.0395249647351246,0.0210071283199473,-0.0391207603103985,-0.1039615050900698,0.0328717374783271,0.1366530530226672,0.0949564574979785,-0.1051831414941038,-0.4721164867912977,-0.0620127717807187,0.4,WEAKENING,2026-09-07,2026-09-04,,,,,,,,,,,
,HACK,Cybersecurity,110.75,-0.0069936231313011,-0.0414575114901494,-0.0404609100938437,0.1769394452270678,-0.0425493771977281,-0.0364906966010378,0.1125029048721226,-0.0313422839666884,0.0929722422631479,0.1282242670329473,-0.1132168604549995,-0.4812595173097038,-0.0293372044346777,0.3918367346938776,WEAKENING,2026-09-07,2026-09-04,,,,,,,,,,,
,FTNT,Cybersecurity,156.2899932861328,-0.0004477316701552,-0.0584940163485975,-0.0209847539233506,0.1253599351325696,-0.0595858820561762,-0.0170145404305447,0.0609233947776244,-0.0532478278677598,0.0387149676502381,0.1556985297937211,-0.1055678065865899,-0.3859388086371337,-0.0052179302551352,0.3892857142857143,WEAKENING,2026-09-07,2026-09-04,,,,,,,,,,,
,LLY,Pharma,1149.3599853515625,-0.0088306230165284,-0.0214964969776266,-0.0292676781136884,0.0128805177207567,-0.0225883626852053,-0.0252974646208825,-0.0515560226341884,-0.0141795774492045,0.0945401939026437,0.0936213538939094,-0.1023009387860757,-0.360813110448908,-0.029554923624409,0.375,WEAKENING,2026-09-07,2026-09-04,,,,,,,,,,,
,PANW,Cybersecurity,333.260009765625,0.0039766443167745,-0.1031512875750609,-0.0840982158463281,0.2660892341771366,-0.1042431532826396,-0.0801280023535222,0.2016526938221914,-0.0821267336134789,0.1320671813251974,0.2026128078481781,-0.1705050227617977,-0.9541634174245928,-0.0548169409390201,0.3683673469387755,WEAKENING,2026-09-07,2026-09-04,,,,,,,,,,,
,GEV,Power_Grid,941.9500122070312,0.000116777104844,0.0329192150410202,-0.04884279299565,0.0868897908522399,0.0318273493334415,-0.0448725795028441,0.0224532504972947,0.0451299132899327,0.1318809950142782,0.1115226522521771,-0.1672566920325533,-0.4910895255870723,-0.0577589934372907,0.3658163265306122,WEAKENING,2026-09-07,2026-09-04,,,,,,,,,,,
,XLI,Industrials,175.27000427246094,0.0040674079044304,-0.010556594352663,-0.053515437926769,0.035607830790812,-0.0116484600602417,-0.0495452244339631,-0.028828709564133,0.0028222651290291,0.4158618397756836,0.0345991079444049,-0.0738834335164372,-0.4688358852219549,-0.6432254990038384,0.363265306122449,WEAKENING,2026-09-07,2026-09-04,,,,,,,,,,,
,NET,Cybersecurity,278.9200134277344,-0.0196478019964766,-0.0697704881458891,-0.0711025955543143,0.2697228376777272,-0.0708623538534678,-0.0671323820615084,0.205286297322782,-0.0519948392573105,0.0999764490951765,0.1858586974480606,-0.1755886669759351,-0.7679514277567081,-0.0382472551598365,0.3489795918367347,WEAKENING,2026-09-07,2026-09-04,,,,,,,,,,,
,AMZN,Cloud_AI,258.510009765625,-0.0015063118580656,-0.0297263188375119,-0.0581827476737407,0.086176511620273,-0.0308181845450906,-0.0542125341809348,0.0217399712653278,-0.0151806319190767,0.2244557011975431,0.0749881934312929,-0.0833183446872098,-0.5497661714543165,-0.174153407745111,0.3479591836734694,WEAKENING,2026-09-07,2026-09-04,,,,,,,,,,,
,CAT,Industrials,813.9400024414062,0.0172469662063234,0.0171071570651748,-0.0335434995881056,-0.0475495543251505,0.0160152913575961,-0.0295732860952997,-0.1119860946800956,0.0254930319622012,0.1203202661952791,0.0833979465295437,-0.1162479991282768,-0.3782347417611752,-0.0483940308785944,0.3413265306122449,WEAKENING,2026-09-07,2026-09-04,,,,,,,,,,,
,INTC,Semiconductor,95.8000030517578,0.0450529613320271,0.0707499915579519,-0.0575504022263271,-0.1050074529861018,0.0696581258503732,-0.0535801887335212,-0.1694439933410469,0.0851375921145337,0.1291105666380024,0.1344786842103344,-0.1654552010932157,-0.6838130065394621,-0.0552531063589558,0.3392857142857143,WEAKENING,2026-09-07,2026-09-04,,,,,,,,,,,
,HUBB,Power_Grid,460.7200012207031,0.0012387424356827,0.0054120352635738,-0.1008624931612682,-0.0116390837214271,0.0043201695559951,-0.0968922796684623,-0.0760756240763723,0.0306276585538908,0.365420612574154,0.0762545914164232,-0.1442135962184731,-0.8929244391453243,-0.4833444564074998,0.3321428571428572,WEAKENING,2026-09-07,2026-09-04,,,,,,,,,,,
,KLAC,Semiconductor_Equipment,185.6000061035156,0.0732045997651624,0.0573089506787483,-0.0620878194301824,-0.129957385123054,0.0562170849711696,-0.0581176059373765,-0.1943939254779991,0.0728309055362939,0.1462854317007816,0.1355847017775077,-0.1828669230888776,-0.7241694845464854,-0.0669879665598905,0.3311224489795917,WEAKENING,2026-09-07,2026-09-04,,,,,,,,,,,
,WMT,Consumer,107.13999938964844,-0.011805928803857,0.0392860917220658,-0.0398167843729295,-0.1094079529443489,0.0381942260144871,-0.0358465708801236,-0.173844493299294,0.0492402878152982,0.1394723896229185,0.1097092800049013,-0.1132170026831081,-0.4435484126095356,-0.0506187084934371,0.3204081632653061,WEAKENING,2026-09-07,2026-09-04,,,,,,,,,,,
,COST,Consumer,915.739990234375,-0.0104494042540926,-0.03144465862479,-0.0338461066889783,-0.0672931592079776,-0.0325365243323687,-0.0298758931961724,-0.1317296995629228,-0.0229831319525454,0.1687534534965518,0.0556211767184492,-0.0572987778266332,-0.3306997141127592,-0.1026883595090019,0.3142857142857143,WEAKENING,2026-09-07,2026-09-04,,,,,,,,,,,
,PWR,Power_Grid,624.4099731445312,0.0070154107716429,0.0360211722213181,-0.0706248522632319,-0.0405804383813852,0.0349293065137394,-0.0666546387704259,-0.1050169787363304,0.0536773852871261,0.1814047215755417,0.1073092873931459,-0.1655937004275781,-0.6798255080312813,-0.1193902407923702,0.2974489795918367,WEAKENING,2026-09-07,2026-09-04,,,,,,,,,,,
,6981.T,MLCC,7402.0,0.0293422333472395,0.0293422333472395,0.0191380972050116,-0.1745288279246124,-0.0289409937324536,-0.0331139833514273,-0.2190717813850511,0.0245577090459865,0.0353959765724471,0.1736136112086438,-0.1696546745277343,-0.2108685837266476,0.0039018348595705,0.2887755102040816,WEAKENING,2026-09-07,2026-09-07,,,,,,,,,,,
,8035.T,Semiconductor_Equipment,56150.0,0.0530757689422356,-0.0051381998582565,0.0302752293577981,-0.114353312302839,-0.0528435996574275,-0.0384483453484009,-0.0754776151284795,-0.0127070071977061,0.0780880265026029,0.1170536736328431,-0.1161590946912963,-0.00113535274336,0.0201969988560939,0.2862244897959184,WEAKENING,2026-09-07,2026-09-07,,,,,,,,,,,
,GOOGL,Cloud_AI,338.4599914550781,-0.0111027236665746,-0.0228294574531315,-0.0440937977170623,-0.049673022055277,-0.0239213231607102,-0.0401235842242564,-0.1141095624102221,-0.011806008023866,0.2208975421285547,0.0605879125761159,-0.0629335932194993,-0.4457077396611318,-0.1607616292536277,0.2821428571428572,WEAKENING,2026-09-07,2026-09-04,,,,,,,,,,,
,RTX,Defense,200.7899932861328,-0.0066294541350087,-0.0515800532871982,-0.0967268275702959,0.1355448443189764,-0.0526719189947769,-0.09275661407749,0.0711083039640312,-0.0273983463946242,0.4650553231036911,0.0593726306629909,-0.1095836006559337,-0.9257807570408364,-0.7576441459000185,0.2801020408163265,WEAKENING,2026-09-07,2026-09-04,,,,,,,,,,,
,ITA,Defense,225.6100006103516,-0.0016372914602299,-0.0309681577486883,-0.100259219898897,0.0039951131078415,-0.032060023456267,-0.0962890064060911,-0.0604414272471036,-0.005903352773964,0.5281510106538997,0.0546559329012363,-0.1178817074465565,-0.866761087551748,-0.9688245265643652,0.2801020408163265,WEAKENING,2026-09-07,2026-09-04,,,,,,,,,,,
,AVGO,AI_Semiconductor,357.8999938964844,0.0020718731850923,-0.0295290392801165,-0.1633159114322486,-0.0366395409910507,-0.0306209049876952,-0.1593456979394427,-0.1010760813459958,0.0112999385779456,0.5734690048271469,0.0992459247774806,-0.1687161300264539,-1.4120050776643347,-0.9436822057074652,0.2673469387755102,WEAKENING,2026-09-07,2026-09-04,,,,,,,,,,,
,URI,Industrials,1009.8599853515624,0.0160886135137721,-0.0197913270064911,-0.1300585988332812,-0.0423603657582287,-0.0208831927140697,-0.1260883853404752,-0.1067969061131739,0.0127233227018291,0.4388659761257011,0.0859122725069837,-0.158822777335008,-1.154054826638625,-0.6643788164941056,0.2428571428571428,WEAKENING,2026-09-07,2026-09-04,,,,,,,,,,,
,TXN,Analog_Semiconductor,258.44000244140625,0.0181617640826394,-0.0007733227486207,-0.096616280160085,-0.0788864837737391,-0.0018651884561994,-0.0926460666672791,-0.1433230241286843,0.0233807472914005,0.3451547048639494,0.0778315146149371,-0.1144434835398898,-0.8703444340282189,-0.4284583671368883,0.2423469387755102,WEAKENING,2026-09-07,2026-09-04,,,,,,,,,,,
,6976.T,MLCC,9664.0,0.0252493104179927,0.0522648083623693,-0.0036086194453036,-0.4188815393866506,0.018596580852352,-0.0537357063291835,-0.4151306780001382,0.0531669632236952,0.0055812470100462,0.1947648757006177,-0.2158477202301904,-0.6344499072527068,-0.0001034097981838,0.2392857142857142,WEAKENING,2026-09-07,2026-09-07,,,,,,,,,,,
,NOC,Defense,514.97998046875,-0.0251022452119569,-0.0517768300152279,-0.0949261931167925,-0.0457777062018898,-0.0528686957228066,-0.0909559796239866,-0.1102142465568349,-0.0280452817360297,0.3502815712256255,0.0739670929118731,-0.1219030115196846,-0.8462113621163332,-0.4495363379365669,0.2336734693877551,WEAKENING,2026-09-07,2026-09-04,,,,,,,,,,,
,LMT,Defense,525.280029296875,-0.0143915615620189,-0.0626424562282867,-0.1010647126305795,0.0066835496341699,-0.0637343219358654,-0.0970944991377736,-0.0577529907207752,-0.0373762780706418,0.3326336206555732,0.0786881838915594,-0.1316799829366636,-0.9370575516451756,-0.4272245160614357,0.2178571428571428,WEAKENING,2026-09-07,2026-09-04,,,,,,,,,,,
,AMAT,Semiconductor_Equipment,454.7099914550781,0.043128140292787,-0.0150757505799014,-0.1556994776080922,-0.0841306962086784,-0.01616761628748,-0.1517292641152863,-0.1485672365636235,0.0238491188221216,0.3553164738163339,0.1308766090119938,-0.2039111513084451,-1.477900840772482,-0.4227079978339191,0.2035714285714286,WEAKENING,2026-09-07,2026-09-04,,,,,,,,,,,
,6762.T,Electronic_Components,2977.0,0.0239036973344797,-0.0328135152696555,-0.0036813922356091,-0.1639988767200224,-0.0668052333168331,-0.0371357910210445,-0.2619418055635739,-0.0318931672107533,0.0098920863309352,0.1106231155845861,-0.126849568434032,-0.2203548264192781,-0.0003291956624095,0.1948979591836734,WEAKENING,2026-09-07,2026-09-07,,,,,,,,,,,
,6146.T,Semiconductor_Equipment,56760.0,0.0422328314359161,-0.0233998623537509,-0.028747433264887,-0.1894902184777952,-0.0834844520597269,-0.1178864020955209,-0.2375258178944295,-0.0162130040375291,0.0642693190512624,0.1360763148706896,-0.1800940676680321,-0.4309057199518927,-0.013577513192958,0.1301020408163265,WEAKENING,2026-09-07,2026-09-07,,,,,,,,,,,
,DELL,AI_Server,524.1400146484375,0.0150080361357805,0.1488252364269551,0.1550786242777404,0.4195877422811918,0.1477333707193764,0.1590488377705463,0.3551512019262466,0.11005558035752,0.2094657439661364,0.2354889875063911,-0.1405634029502649,0.9112099174647448,0.1379413099166696,0.9275510204081632,PERSISTENT,2026-09-08,2026-09-04,,,,,,,,,,,
,SBLK,Shipping,32.41999816894531,0.0172575247953818,0.0636482498636759,0.1564227413943626,0.2814318755483194,0.0625563841560972,0.1603929548871685,0.2169953351933742,0.0245425645150852,0.436561139036109,0.096922143731644,-0.0491803489755128,0.875574297396759,0.7045664440042542,0.8566326530612245,PERSISTENT,2026-09-08,2026-09-04,,,,,,,,,,,
,BOAT,Shipping,50.84999847412109,0.0099304868947909,0.0381788270592413,0.1455282535097106,0.27349569405353,0.0370869613516626,0.1494984670025165,0.2090591536985848,0.0017967636818136,0.4586118666852987,0.0752794862103423,-0.044630363121339,1.057752553675252,0.8865759765024875,0.838265306122449,PERSISTENT,2026-09-08,2026-09-04,,,,,,,,,,,
,MU,Memory,1016.5900268554688,0.0609815222391092,0.089756279418879,0.1584147342901258,0.1400035522848071,0.0886644137113004,0.1623849477829317,0.0755670119298619,0.0501525958463476,0.2721080048378919,0.152287419476188,-0.1001433232757289,1.0163385199983117,0.2830563248945921,0.7948979591836736,PERSISTENT,2026-09-08,2026-09-04,,,,,,,,,,,
,SMCI,AI_Server,39.59000015258789,0.0454185706156691,0.0676914292768742,0.2717636113040278,0.3525794169260734,0.0665995635692955,0.2757338247968337,0.2881428765711282,-0.0002494735491327,0.3341232407779662,0.2413612186061724,-0.1172189248432828,1.9125074694779125,0.3762101428671822,0.7729591836734695,PULLBACK_LEADER,2026-09-08,2026-09-04,,,,,,,,,,,
,CEG,Nuclear_Power,298.9599914550781,0.0487984713481628,0.0802529049867322,0.1094132601117394,0.2357390097760958,0.0791610392791535,0.1133834736045453,0.1713024694211506,0.0528995899587973,0.3355170055907983,0.0930998499103784,-0.0540171368873686,0.759367955157855,0.394307933256138,0.7714285714285716,PERSISTENT,2026-09-08,2026-09-04,,,,,,,,,,,
,GNOM,Genomics,64.26000213623047,-0.0109281063742139,-0.0084404011450861,0.1046172237116609,0.3424247485828549,-0.0095322668526648,0.1085874372044668,0.2779882082279097,-0.0345947070730013,0.2315479299624437,0.1615211743784197,-0.0529526308048863,0.6587872328152434,0.1499735355570163,0.7688775510204081,PULLBACK_LEADER,2026-09-08,2026-09-04,,,,,,,,,,,
,REGN,Biotech,827.719970703125,-0.0186728639395077,0.0422190762394953,0.0565130085661653,0.3773563653718279,0.0411272105319167,0.0604832220589712,0.3129198250168827,0.028090824097954,0.1859012159452925,0.0823791891595599,-0.0554802613150112,0.2841227023228901,0.1275302308308493,0.764795918367347,PERSISTENT,2026-09-08,2026-09-04,,,,,,,,,,,
,DAC,Shipping,155.25999450683594,0.0072007827071141,0.0303955538470823,0.1033257046617595,0.2158738813568324,0.0293036881395036,0.1072959181545654,0.1514373410018872,0.0045641276816424,0.3688481471718402,0.0739375740586041,-0.040505947262624,0.7239675909294028,0.5154550335869414,0.753061224489796,PERSISTENT,2026-09-08,2026-09-04,,,,,,,,,,,
,IDNA,Genomics,39.77000045776367,-0.012906439462583,0.0122168371354409,0.1434733137896813,0.3939857790403536,0.0111249714278622,0.1474435272824872,0.3295492386854084,-0.0236514913119793,0.3392250642417195,0.1552742212477114,-0.0535197985825107,0.986583554608689,0.3134438137650255,0.7448979591836735,PULLBACK_LEADER,2026-09-08,2026-09-04,,,,,,,,,,,
,NEM,Gold_Miners,128.08999633789062,-0.0179406307543642,0.0029429355806311,0.1361004612812246,0.383600802651066,0.0018510698730525,0.1400706747740305,0.3191642622961208,-0.0310821797396749,0.2457653100563721,0.1370935833954108,-0.0925706967429901,0.9012541270083684,0.2439849571159079,0.7403061224489796,PULLBACK_LEADER,2026-09-08,2026-09-04,,,,,,,,,,,
,AMGN,Biotech,437.2300109863281,-0.0155137895312309,0.0111234388077128,0.0701671697252663,0.3021798441399987,0.0100315731001341,0.0741373832180722,0.2377433037850536,-0.0064183536236037,0.2909741160028299,0.0634946117262655,-0.0314527567823124,0.3641342231308033,0.3215521699896334,0.7137755102040816,PULLBACK_LEADER,2026-09-08,2026-09-04,,,,,,,,,,,
,NVDA,AI_Semiconductor,230.3600006103516,0.0083607077593532,0.0588830033504808,0.0285765034141165,0.1493863023397901,0.0577911376429021,0.0325467169069224,0.0849497619848449,0.0517388774969516,0.0733271538267078,0.1282856573867342,-0.0746560457007837,0.1548924893148553,0.0163341226475489,0.713265306122449,PERSISTENT,2026-09-08,2026-09-04,,,,,,,,,,,
,XLE,Energy,64.05999755859375,-0.0086661275794808,0.0220165482881149,0.1140869140625,0.1076735058626485,0.0209246825805362,0.1180571275553059,0.0432369655077033,-0.00650518022751,0.5248001250000763,0.0608381688551391,-0.0265097823797487,0.8342279877651573,0.9841326241004272,0.7127551020408162,PULLBACK_LEADER,2026-09-08,2026-09-04,,,,,,,,,,,
,GDX,Gold_Miners,99.26000213623048,-0.0219725665038676,-0.0039136917579188,0.1042385450017153,0.3448043004937555,-0.0050055574654975,0.1082087584945212,0.2803677601388104,-0.0299733280083477,0.1871380627859404,0.1462995501446778,-0.1028240979842187,0.6756893105284084,0.1333360175062419,0.6979591836734695,NEUTRAL,2026-09-08,2026-09-04,,,,,,,,,,,
,CVX,Energy,208.6000061035156,-0.0128714798714252,0.0333895049677237,0.1278972019328719,0.1086432802478478,0.032297639260145,0.1318674154256778,0.0442067398929026,0.0014152044845057,0.5530136741471183,0.0621381643403263,-0.0291587688944953,0.8604896220355212,1.138252188568948,0.696938775510204,EMERGING,2026-09-08,2026-09-04,,,,,,,,,,,
,MRNA,Biotech,145.5500030517578,-0.0223012841695618,0.0547865588639915,1.459861543956377,2.164818389643732,0.0536946931564128,1.4638317574491828,2.1003818492887865,-0.3101788271251027,0.354306824452641,1.8044532083381395,-0.2354627618354927,11.046559139575354,0.2866457857646964,0.694387755102041,NEUTRAL,2026-09-08,2026-09-04,,,,,,,,,,,
,VRTX,Biotech,546.1199951171875,-0.0212202064470651,0.0081780956927675,0.1008929930332542,0.2534025058580569,0.0070862299851888,0.1048632065260601,0.1889659655031117,-0.017045152565546,0.2963467436764865,0.0937212841532929,-0.0451241825968051,0.682886899907813,0.3190236904594187,0.6938775510204082,NEUTRAL,2026-09-08,2026-09-04,,,,,,,,,,,
,IBB,Biotech,211.9199981689453,-0.008839621211494,0.0142139328264208,0.0718728995626576,0.2773447167851619,0.0131220671188421,0.0758431130554635,0.2129081764302167,-0.0037542920642436,0.2696904687161535,0.0868930732055605,-0.0369192916563134,0.4504363259319083,0.2230722801711399,0.6903061224489796,NEUTRAL,2026-09-08,2026-09-04,,,,,,,,,,,
,AEM,Gold_Miners,204.72999572753903,-0.0115869700125352,-0.0051656231442576,0.147436502105543,0.3456492761004168,-0.0062574888518363,0.1514067155983489,0.2812127357454717,-0.0420247486706433,0.2447146522586114,0.1618547111659406,-0.1348463417822993,0.973623943615145,0.2229151816655698,0.6795918367346939,NEUTRAL,2026-09-08,2026-09-04,,,,,,,,,,,
,ZIM,Shipping,28.57999992370605,0.0358825576528785,0.0415451664526576,0.0624535438289932,0.1283063564859454,0.0404533007450789,0.0664237573217991,0.0638698161310002,0.0259317804954092,0.121037509914642,0.1423345146660365,-0.088104050761851,0.4227053411507504,0.0531088432636505,0.6770408163265307,EMERGING,2026-09-08,2026-09-04,,,,,,,,,,,
,XOM,Energy,159.47000122070312,-0.0168917167853728,0.0176121140232949,0.0487623611354182,0.0656127686418808,0.0165202483157163,0.0527325746282241,0.0011762282869356,0.0054215237394404,0.1811118474361105,0.075776397741241,-0.0584411183374926,0.2541009535950791,0.1165460694072544,0.6443877551020409,EMERGING,2026-09-08,2026-09-04,,,,,,,,,,,
,XBI,Biotech,163.80999755859375,-0.0034676195844203,0.0088064578937121,0.0409226831112921,0.2725711243661564,0.0077145921861334,0.044892896604098,0.2081345840112112,-0.0014242128841108,0.1479780346310086,0.0911858850218559,-0.0422883989377255,0.1958318285297115,0.0664100394176699,0.639795918367347,NEUTRAL,2026-09-08,2026-09-04,,,,,,,,,,,
,BNTX,Biotech,103.76000213623048,0.0085537024329893,0.0165075213163383,0.1077186309866964,0.2044109146656443,0.0154156556087596,0.1116888444795023,0.1399743743106991,-0.0104221364303357,0.1838892557357067,0.2513466535616638,-0.1283348985471164,0.759054758345592,0.0788086835464996,0.6295918367346939,NEUTRAL,2026-09-08,2026-09-04,,,,,,,,,,,
,VST,Power,149.3000030517578,0.0352239757873851,0.0890656287113229,0.0619532466089107,0.0791763449826066,0.0879737630037442,0.0659234601017166,0.0147398046276614,0.0735773170590952,0.1959506706830411,0.0883180866068261,-0.0841828178603537,0.4062525070935125,0.1374551996133216,0.6265306122448979,EMERGING,2026-09-08,2026-09-04,,,,,,,,,,,
,META,Internet_AI,616.77001953125,0.0099725337795733,0.0670392005305018,0.0416653351841456,0.0811966351510773,0.0659473348229231,0.0456355486769515,0.0167600947961321,0.0566228667344654,0.1300818607453331,0.0923503696550113,-0.0925524313308643,0.2553949786093454,0.0586884963165661,0.6234693877551021,EMERGING,2026-09-08,2026-09-04,,,,,,,,,,,
,6857.T,Semiconductor_Equipment,35090.0,0.017691415313225,0.0512282804074295,0.0242265032107413,0.2841720036596522,-0.0629007684577913,0.002737935635052,0.2666942643696326,0.0451716546047442,0.0476737507179781,0.1298086680107043,-0.1455796717840126,0.0303541500005097,0.0088974664984771,0.6183673469387756,EMERGING,2026-09-08,2026-09-08,,,,,,,,,,,
,TSM,Foundry,428.9100036621094,0.028536470630939,0.0272801660953878,0.0211170244184939,0.0517784414696302,0.0261883003878091,0.0250872379112998,-0.0126580988853148,0.0220009099907643,0.086697246885453,0.0730173094421811,-0.0483792515591779,0.1043625165904678,0.0250733407391027,0.5994897959183674,EMERGING,2026-09-08,2026-09-04,,,,,,,,,,,
,F,Auto,14.619999885559082,0.0145732158480686,0.0533141041078422,0.0571058672475508,0.0334502945264858,0.0522222384002635,0.0610760807403567,-0.0309862458284593,0.0390376372959545,0.17991466908363,0.0912031874885867,-0.0455172308560075,0.2541215435957096,0.1126515804051534,0.5943877551020408,EMERGING,2026-09-08,2026-09-04,,,,,,,,,,,
,ANET,AI_Networking,193.77999877929688,0.0122231315715053,-0.0081892008574536,0.0270843306299064,0.2768845927348011,-0.0092810665650323,0.0310545441227123,0.2124480523798559,-0.0149602835149302,0.0518834593228219,0.1378824181949231,-0.1270783847980997,0.0638336539196528,0.010191500736055,0.5826530612244899,NEUTRAL,2026-09-08,2026-09-04,,,,,,,,,,,
,XLF,Financials,58.09999847412109,-0.0078552405803004,0.0,0.0086805557855118,0.1162842002329818,-0.0010918657075786,0.0126507692783177,0.0518476598780366,-0.0021701389463779,0.0690607938577033,0.0340284705202056,-0.0224853689724457,-0.0013194284614331,0.0176171912668705,0.5801020408163264,NEUTRAL,2026-09-08,2026-09-04,,,,,,,,,,,
,PLTR,Software_AI,174.3300018310547,-0.0449241056433528,-0.0642009334162577,0.0134876309418552,0.3388372079124451,-0.0652927991238364,0.0174578444346611,0.2744006675574999,-0.0675728411517215,0.0250108568345418,0.1520168743907292,-0.0907822605734121,-0.0988339913113255,0.0022190773746394,0.5755102040816327,NEUTRAL,2026-09-08,2026-09-04,,,,,,,,,,,
,AAPL,Consumer_Tech,319.9700012207031,-0.0251058482340651,0.0008445073611602,0.022072458046372,0.0983125328662744,-0.0002473583464184,0.0260426715391779,0.0338759925113292,-0.0046736071504327,0.1022644077839949,0.0603248659664971,-0.0345301144920966,0.094094583802566,0.037417851068296,0.5724489795918368,NEUTRAL,2026-09-08,2026-09-04,,,,,,,,,,,
,JPM,Financials,358.6400146484375,-0.0094459010473886,0.00285224412834,0.0031327636752718,0.1653479062360243,0.0017603784207613,0.0071029771680777,0.1009113658810791,0.0020690532095221,0.0223647351252665,0.0397637888270956,-0.0373240734875464,-0.0749954093170405,0.0017619907929842,0.5683673469387754,EMERGING,2026-09-08,2026-09-04,,,,,,,,,,,
,FCX,Copper,72.7300033569336,0.0023429686336822,-0.0486591725285101,0.044671078535748,0.1743964210530466,-0.0497510382360888,0.0486412920285539,0.1099598806981014,-0.0598269421624471,0.0925870656936296,0.1319280943358316,-0.0931047691208409,0.2316797930667777,0.0313501389057149,0.5658163265306123,NEUTRAL,2026-09-08,2026-09-04,,,,,,,,,,,
,GM,Auto,87.76000213623047,0.0082720727611422,0.0193751553604162,0.0041275024014464,0.1075754703201219,0.0182832896528375,0.0080977158942523,0.0431389299651767,0.0183432797600546,0.0182187240997851,0.0659613556095895,-0.0631225981024913,-0.0689740227077726,0.0011400285330433,0.5653061224489795,EMERGING,2026-09-08,2026-09-04,,,,,,,,,,,
,ZS,Cybersecurity,169.8000030517578,-0.0449943749307539,-0.0783259675971659,0.0066398531219367,0.3613404832985505,-0.0794178333047446,0.0106100666147426,0.2969039429436053,-0.0799859308776501,0.0097954395777075,0.1820940386214725,-0.1050058203630648,-0.1289649868818115,0.0003571796229748,0.5622448979591838,NEUTRAL,2026-09-08,2026-09-04,,,,,,,,,,,
,COPX,Copper,90.66000366210938,-0.006465713291952,-0.0398220141892843,0.0298762344573726,0.1745396552090534,-0.040913879896863,0.0338464479501785,0.1101031148541082,-0.0472910728036274,0.0836781894906097,0.0985364024187679,-0.0747537512970761,0.1259177702968116,0.0253712247131294,0.5607142857142857,NEUTRAL,2026-09-08,2026-09-04,,,,,,,,,,,
,TSLA,EV,354.0799865722656,-0.0592236597871772,0.0152831156193995,0.0776066743017889,-0.0720931104841265,0.0141912499118208,0.0815768877945948,-0.1365296508390717,-0.0041185529560476,0.1449028962058506,0.1430935683013568,-0.0592236597871772,0.4622252107871318,0.0785879617422801,0.5607142857142857,NEUTRAL,2026-09-08,2026-09-04,,,,,,,,,,,
,ORCL,Cloud_AI,158.77999877929688,0.0307712652542082,0.0525687262507603,0.0799890774390268,-0.2083255636563077,0.0514768605431816,0.0839592909318327,-0.2727621040112529,0.0325714568910036,0.1425108325007752,0.1419829364472388,-0.0953782728207388,0.3380824590095111,0.0802864787983921,0.5576530612244898,EMERGING,2026-09-08,2026-09-04,,,,,,,,,,,
,BAC,Financials,62.68000030517578,-0.0006377089044051,0.0109081606700083,-0.0026942912344916,0.1551118127985025,0.0098162949624296,0.0012759222583142,0.0906752724435573,0.0115817334786312,0.0155998948527024,0.0483399287319395,-0.0561641477320122,-0.1814743270223695,-0.000869481214871,0.5566326530612244,EMERGING,2026-09-08,2026-09-04,,,,,,,,,,,
,VRT,AI_Infrastructure,280.5299987792969,0.0435219759380753,0.0912167941180415,0.0298458335718685,-0.0013938803103189,0.0901249284104628,0.0338160470646744,-0.0658304206652641,0.0837553357250743,0.0624376570292871,0.1384684232690514,-0.1322828600654159,0.0650667025539389,0.013457970245625,0.5551020408163265,EMERGING,2026-09-08,2026-09-04,,,,,,,,,,,
,IGV,Software,104.56999969482422,-0.0222533643883108,-0.0450228338372217,0.0183075003283856,0.1420572430175204,-0.0461146995448004,0.0222777138211915,0.0776207026625752,-0.0495997089193181,0.0485285843336657,0.1149145187518973,-0.0625453367020143,0.0438662920542354,0.007731286553467,0.5535714285714286,NEUTRAL,2026-09-08,2026-09-04,,,,,,,,,,,
,URA,Uranium,46.060001373291016,0.0078774749308867,0.0107527250767669,0.0256068031571186,0.0876033773988682,0.0096608593691882,0.0295770166499245,0.023166837043923,0.0043510242874872,0.06301378223994,0.124485145330177,-0.0915857019433504,0.0456773876469681,0.0129620406814316,0.546938775510204,EARLY_EMERGING,2026-09-08,2026-09-04,,,,,,,,,,,
,CRWD,Cybersecurity,213.1000061035156,-0.0086988654536389,-0.0242673440525863,-0.0061561051986841,0.3159601649816839,-0.025359209760165,-0.0021858917058782,0.2515236246267387,-0.0227283177529153,0.0079050895793489,0.2714249103178979,-0.1780250703400884,-0.2887172196991822,-0.0001792929138246,0.5403061224489796,WEAKENING,2026-09-08,2026-09-04,,,,,,,,,,,
,SCCO,Copper,198.759994506836,-0.0038590902479413,-0.0526215842913896,0.0160603230520088,0.2056328863787608,-0.0537134499989683,0.0200305365448147,0.1411963460238157,-0.0566366650543918,0.0340518781175163,0.1363005817405334,-0.0953118012393026,-0.0260080709659793,0.0040123391706134,0.5352040816326531,NEUTRAL,2026-09-08,2026-09-04,,,,,,,,,,,
,MSFT,Cloud_AI,499.7000122070313,-0.0204265329920316,-0.0269312723713154,0.0013014827290129,0.259917302146023,-0.0280231380788941,0.0052716962218188,0.1954807617910778,-0.0272566430535686,0.0054299143556852,0.0657222703274091,-0.0508042333054766,-0.1608244819860565,0.0001075273224546,0.5311224489795918,NEUTRAL,2026-09-08,2026-09-04,,,,,,,,,,,
,SPY,Market_US,770.1900024414062,-0.0038542371465761,0.0010918657075786,-0.0039702134928059,0.0644365403549451,0.0,0.0,0.0,0.0020844190807801,0.0470788534994884,0.0228362979655065,-0.020697248270783,-0.0622252811204665,-0.008184912443857,0.5122448979591837,NEUTRAL,2026-09-08,2026-09-04,,,,,,,,,,,
,CCJ,Uranium,100.73999786376952,0.0011925572839599,0.0072992271967426,0.0343977666610106,0.0600862796782086,0.006207361489164,0.0383679801538165,-0.0043502606767364,-0.0013002144685099,0.0866751797347657,0.1288691275577437,-0.1033904471965031,0.1300631346443036,0.0231353518435337,0.510204081632653,NEUTRAL,2026-09-08,2026-09-04,,,,,,,,,,,
,HPE,AI_Server,52.0,-0.0448199612097691,-0.0059262352351857,-0.0229237353010155,0.1464527258879286,-0.0070181009427644,-0.0189535218082096,0.0820161855329835,-0.0001953014099318,0.0422438135986573,0.1482076812165222,-0.1496155267234785,-0.4590220048753781,-0.0065339798389147,0.5096938775510205,WEAKENING,2026-09-08,2026-09-04,,,,,,,,,,,
,QQQ,Factor_Growth,718.9600219726562,0.0017975379954848,0.0035314396699468,-0.0056290985979886,0.037567358096902,0.0024395739623681,-0.0016588851051827,-0.0268691822580431,0.004938714319444,0.0456227589033241,0.0362178981655921,-0.0351742316204409,-0.0844683991369573,-0.0070908313620213,0.5076530612244898,NEUTRAL,2026-09-08,2026-09-04,,,,,,,,,,,
,000660.KS,Memory,1837000.0,0.0302860347728546,0.0850561134081511,0.2939425158817443,-0.1453961649362141,-0.0047216297729144,0.0997902860311972,-0.1825404611220973,0.011570484437715,0.3458938878831359,0.2181904239446563,-0.097472917941449,2.001544703418381,0.4659825018639505,0.488265306122449,EARLY_EMERGING,2026-09-08,2026-09-08,,,,,,,,,,,
,UEC,Uranium,11.539999961853027,0.0026064059404546,-0.0693548131559683,0.0248667608596484,0.2250530645848085,-0.070446678863547,0.0288369743524543,0.1606165242298634,-0.0755715033708804,0.0381470968352179,0.2145006142349677,-0.1549192125114789,-0.0366372833552949,0.0044223404108862,0.4877551020408163,NEUTRAL,2026-09-08,2026-09-04,,,,,,,,,,,
,NRG,Power,119.0199966430664,0.0641988603386893,0.0710942557705018,0.0075340676402384,-0.0100085024008906,0.0700023900629231,0.0115042811330443,-0.0744450427558358,0.0692107388604422,0.016202426016551,0.1366833158342655,-0.1325253169410938,-0.0726175384919336,0.0008930875930217,0.4872448979591838,EARLY_EMERGING,2026-09-08,2026-09-04,,,,,,,,,,,
,AMD,AI_Semiconductor,477.5700073242188,0.0469352935159312,0.0257528697490352,-0.01197860435868,0.0556366352062631,0.0246610040414565,-0.0080083908658741,-0.008799905148682,0.0287475208387052,0.0274966891102815,0.1306584968918116,-0.1132020632751312,-0.2594520527587916,-0.0025208613895077,0.4841836734693878,WEAKENING,2026-09-08,2026-09-04,,,,,,,,,,,
,GS,Financials,1038.6099853515625,0.0006550842594779,0.0093876461992727,0.0039309836556506,0.0423521210792163,0.0082957804916941,0.0079011971484566,-0.0220844192757287,0.0084049002853601,0.017825078277321,0.0705003276249422,-0.0485511119699242,-0.0846780532789362,0.0009938973864293,0.4836734693877551,EARLY_EMERGING,2026-09-08,2026-09-04,,,,,,,,,,,
,SMH,Semiconductor,567.010009765625,0.0260767911985666,0.0251306698164697,-0.0269263808352755,-0.0068311354895861,0.024038804108891,-0.0229561673424696,-0.0712676758445313,0.0318622650252886,0.0900739435719058,0.0879641762035638,-0.0822294275402351,-0.3118202523140171,-0.0275721937341805,0.4770408163265306,WEAKENING,2026-09-08,2026-09-04,,,,,,,,,,,
,005930.KS,Memory,273000.0,0.011111111111111,0.0459770114942528,0.1869565217391304,-0.1525547863727007,-0.006928441583065,0.106339014107563,-0.1789899915484997,-0.0007621189405297,0.2311827956989247,0.2035081714384799,-0.1119005328596802,1.271845069911098,0.2123803239166965,0.4704081632653061,NEUTRAL,2026-09-08,2026-09-08,,,,,,,,,,,
,QCOM,Semiconductor,168.74000549316406,0.0010084722166401,0.0333051145988969,0.0107135104751938,-0.1126653991464901,0.0322132488913182,0.0146837239679997,-0.1771019395014352,0.0306267369800984,0.0438376041526425,0.0746135289790552,-0.0555821164255699,-0.1940004758538224,0.0062944969595068,0.4683673469387755,EARLY_EMERGING,2026-09-08,2026-09-04,,,,,,,,,,,
,ASML,Semiconductor_Equipment,1714.8800048828125,0.0417266937118352,0.0110366771565741,-0.0149972058989538,-0.009855911989554,0.0099448114489955,-0.0110269924061479,-0.0742924523444992,0.0147859786313126,0.0481156775635709,0.0941703400694922,-0.1258178205984124,-0.2364068562149202,-0.0076627176121063,0.4622448979591836,WEAKENING,2026-09-08,2026-09-04,,,,,,,,,,,
,RSP,Factor_Breadth,219.0,-0.0047716566107515,-0.0076578115125761,-0.0049525028671326,0.0644853015289774,-0.0087496772201548,-0.0009822893743267,4.876117403229685e-05,-0.0064196857957929,0.0547460806974733,0.0249159963056102,-0.0232527173103379,-0.0839648523448563,-0.0108817692173707,0.4607142857142858,WEAKENING,2026-09-08,2026-09-04,,,,,,,,,,,
,NVO,Pharma,46.59999847412109,-0.0191538598097501,0.0217057191519713,-0.0013654482488737,0.1024402499785439,0.0206138534443927,0.0026047652439321,0.0380037096235987,0.0220470812141898,0.0043452619267072,0.0840869151495962,-0.0727497107815057,-0.1921374938970178,-7.056068447944161e-05,0.4561224489795918,NEUTRAL,2026-09-08,2026-09-04,,,,,,,,,,,
,009150.KS,MLCC,1431000.0,-0.0158184319119669,0.0006993006993007,0.1232339089481946,-0.1651108518086347,-0.0151664610629622,0.1378303240803995,-0.2026326444185278,-0.0301091765377478,0.1549851924975321,0.2058273714980236,-0.1553273427471116,0.543193258106108,0.0927934460881102,0.4443877551020408,NEUTRAL,2026-09-08,2026-09-08,,,,,,,,,,,
,IWM,Factor_SmallCap,296.010009765625,0.0027778966680334,0.0008791538989856,-0.0184042573215977,0.0519906809842254,-0.000212711808593,-0.0144340438287918,-0.0124458593707197,0.005480218229385,0.1441932450497051,0.0341976325880109,-0.0475924782456348,-0.1863134938564535,-0.0776009736668538,0.4428571428571428,WEAKENING,2026-09-08,2026-09-04,,,,,,,,,,,
,LRCX,Semiconductor_Equipment,307.6499938964844,0.0512198115451461,0.0190460421207281,-0.0118837711080728,-0.043297920467246,0.0179541764131494,-0.0079135576152669,-0.1077344608221911,0.0220169848977463,0.023041556978451,0.1429051807533715,-0.16147042114063,-0.2760017484310575,-0.0019160998059132,0.4321428571428571,WEAKENING,2026-09-08,2026-09-04,,,,,,,,,,,
,ETN,Power_Grid,410.8500061035156,0.0345739604027657,0.0200357697717772,-0.0843139591463838,0.0969500468390582,0.0189439040641985,-0.0803437456535779,0.0325135064841131,0.0411142595583731,0.2604474665782549,0.0986168715921868,-0.1505565729335032,-0.7468614064773229,-0.2226734300360624,0.425,WEAKENING,2026-09-08,2026-09-04,,,,,,,,,,,
,MTUM,Factor_Momentum,304.8599853515625,0.018168364437473,0.0171832572930965,-0.0144187956389817,0.0009077617840704,0.0160913915855178,-0.0104485821461758,-0.0635287785708746,0.0207879562028419,0.0751603533327573,0.0580283246026655,-0.0793306353572576,-0.1834655254037728,-0.0186757377932105,0.4188775510204081,WEAKENING,2026-09-08,2026-09-04,,,,,,,,,,,
,XLU,Utilities,43.08000183105469,0.0011620509685412,0.0081910201864712,-0.0121531477156427,-0.0146570793805962,0.0070991544788925,-0.0081829342228368,-0.0790936197355414,0.0112293071153819,0.0873144655590008,0.0395522073153695,-0.046942039417504,-0.1320695878735176,-0.0268289855276571,0.4147959183673468,WEAKENING,2026-09-08,2026-09-04,,,,,,,,,,,
,SOXX,Semiconductor,519.8599853515625,0.0351652184692719,0.022098994027526,-0.0430909738032044,-0.0395249647351246,0.0210071283199473,-0.0391207603103985,-0.1039615050900698,0.0328717374783271,0.1366530530226672,0.0949564574979785,-0.1051831414941038,-0.4721164867912977,-0.0620127717807187,0.403061224489796,WEAKENING,2026-09-08,2026-09-04,,,,,,,,,,,
,HACK,Cybersecurity,110.75,-0.0069936231313011,-0.0414575114901494,-0.0404609100938437,0.1769394452270678,-0.0425493771977281,-0.0364906966010378,0.1125029048721226,-0.0313422839666884,0.0929722422631479,0.1282242670329473,-0.1132168604549995,-0.4812595173097038,-0.0293372044346777,0.3923469387755102,WEAKENING,2026-09-08,2026-09-04,,,,,,,,,,,
,FTNT,Cybersecurity,156.2899932861328,-0.0004477316701552,-0.0584940163485975,-0.0209847539233506,0.1253599351325696,-0.0595858820561762,-0.0170145404305447,0.0609233947776244,-0.0532478278677598,0.0387149676502381,0.1556985297937211,-0.1055678065865899,-0.3859388086371337,-0.0052179302551352,0.391326530612245,WEAKENING,2026-09-08,2026-09-04,,,,,,,,,,,
,LLY,Pharma,1149.3599853515625,-0.0088306230165284,-0.0214964969776266,-0.0292676781136884,0.0128805177207567,-0.0225883626852053,-0.0252974646208825,-0.0515560226341884,-0.0141795774492045,0.0945401939026437,0.0936213538939094,-0.1023009387860757,-0.360813110448908,-0.029554923624409,0.3729591836734693,WEAKENING,2026-09-08,2026-09-04,,,,,,,,,,,
,PANW,Cybersecurity,333.260009765625,0.0039766443167745,-0.1031512875750609,-0.0840982158463281,0.2660892341771366,-0.1042431532826396,-0.0801280023535222,0.2016526938221914,-0.0821267336134789,0.1320671813251974,0.2026128078481781,-0.1705050227617977,-0.9541634174245928,-0.0548169409390201,0.3704081632653062,WEAKENING,2026-09-08,2026-09-04,,,,,,,,,,,
,GEV,Power_Grid,941.9500122070312,0.000116777104844,0.0329192150410202,-0.04884279299565,0.0868897908522399,0.0318273493334415,-0.0448725795028441,0.0224532504972947,0.0451299132899327,0.1318809950142782,0.1115226522521771,-0.1672566920325533,-0.4910895255870723,-0.0577589934372907,0.3678571428571428,WEAKENING,2026-09-08,2026-09-04,,,,,,,,,,,
,XLI,Industrials,175.27000427246094,0.0040674079044304,-0.010556594352663,-0.053515437926769,0.035607830790812,-0.0116484600602417,-0.0495452244339631,-0.028828709564133,0.0028222651290291,0.4158618397756836,0.0345991079444049,-0.0738834335164372,-0.4688358852219549,-0.6432254990038384,0.3596938775510204,WEAKENING,2026-09-08,2026-09-04,,,,,,,,,,,
,NET,Cybersecurity,278.9200134277344,-0.0196478019964766,-0.0697704881458891,-0.0711025955543143,0.2697228376777272,-0.0708623538534678,-0.0671323820615084,0.205286297322782,-0.0519948392573105,0.0999764490951765,0.1858586974480606,-0.1755886669759351,-0.7679514277567081,-0.0382472551598365,0.3510204081632653,WEAKENING,2026-09-08,2026-09-04,,,,,,,,,,,
,AMZN,Cloud_AI,258.510009765625,-0.0015063118580656,-0.0297263188375119,-0.0581827476737407,0.086176511620273,-0.0308181845450906,-0.0542125341809348,0.0217399712653278,-0.0151806319190767,0.2244557011975431,0.0749881934312929,-0.0833183446872098,-0.5497661714543165,-0.174153407745111,0.3464285714285714,WEAKENING,2026-09-08,2026-09-04,,,,,,,,,,,
,INTC,Semiconductor,95.8000030517578,0.0450529613320271,0.0707499915579519,-0.0575504022263271,-0.1050074529861018,0.0696581258503732,-0.0535801887335212,-0.1694439933410469,0.0851375921145337,0.1291105666380024,0.1344786842103344,-0.1654552010932157,-0.6838130065394621,-0.0552531063589558,0.3433673469387755,WEAKENING,2026-09-08,2026-09-04,,,,,,,,,,,
,CAT,Industrials,813.9400024414062,0.0172469662063234,0.0171071570651748,-0.0335434995881056,-0.0475495543251505,0.0160152913575961,-0.0295732860952997,-0.1119860946800956,0.0254930319622012,0.1203202661952791,0.0833979465295437,-0.1162479991282768,-0.3782347417611752,-0.0483940308785944,0.3428571428571428,WEAKENING,2026-09-08,2026-09-04,,,,,,,,,,,
,HUBB,Power_Grid,460.7200012207031,0.0012387424356827,0.0054120352635738,-0.1008624931612682,-0.0116390837214271,0.0043201695559951,-0.0968922796684623,-0.0760756240763723,0.0306276585538908,0.365420612574154,0.0762545914164232,-0.1442135962184731,-0.8929244391453243,-0.4833444564074998,0.3321428571428572,WEAKENING,2026-09-08,2026-09-04,,,,,,,,,,,
,KLAC,Semiconductor_Equipment,185.6000061035156,0.0732045997651624,0.0573089506787483,-0.0620878194301824,-0.129957385123054,0.0562170849711696,-0.0581176059373765,-0.1943939254779991,0.0728309055362939,0.1462854317007816,0.1355847017775077,-0.1828669230888776,-0.7241694845464854,-0.0669879665598905,0.3321428571428571,WEAKENING,2026-09-08,2026-09-04,,,,,,,,,,,
,WMT,Consumer,107.13999938964844,-0.011805928803857,0.0392860917220658,-0.0398167843729295,-0.1094079529443489,0.0381942260144871,-0.0358465708801236,-0.173844493299294,0.0492402878152982,0.1394723896229185,0.1097092800049013,-0.1132170026831081,-0.4435484126095356,-0.0506187084934371,0.3239795918367347,WEAKENING,2026-09-08,2026-09-04,,,,,,,,,,,
,COST,Consumer,915.739990234375,-0.0104494042540926,-0.03144465862479,-0.0338461066889783,-0.0672931592079776,-0.0325365243323687,-0.0298758931961724,-0.1317296995629228,-0.0229831319525454,0.1687534534965518,0.0556211767184492,-0.0572987778266332,-0.3306997141127592,-0.1026883595090019,0.3153061224489796,WEAKENING,2026-09-08,2026-09-04,,,,,,,,,,,
,8035.T,Semiconductor_Equipment,55930.0,0.0016117478510029,0.0172790105492905,-0.0144493392070484,-0.1775,-0.0528435996574275,-0.0384483453484009,-0.0754776151284795,0.0208913453510527,0.0439442658092175,0.1065903412896235,-0.1161590946912963,-0.3566903827146618,-0.0059570651073982,0.3066326530612245,WEAKENING,2026-09-08,2026-09-08,,,,,,,,,,,
,PWR,Power_Grid,624.4099731445312,0.0070154107716429,0.0360211722213181,-0.0706248522632319,-0.0405804383813852,0.0349293065137394,-0.0666546387704259,-0.1050169787363304,0.0536773852871261,0.1814047215755417,0.1073092873931459,-0.1655937004275781,-0.6798255080312813,-0.1193902407923702,0.298469387755102,WEAKENING,2026-09-08,2026-09-04,,,,,,,,,,,
,RTX,Defense,200.7899932861328,-0.0066294541350087,-0.0515800532871982,-0.0967268275702959,0.1355448443189764,-0.0526719189947769,-0.09275661407749,0.0711083039640312,-0.0273983463946242,0.4650553231036911,0.0593726306629909,-0.1095836006559337,-0.9257807570408364,-0.7576441459000185,0.2801020408163265,WEAKENING,2026-09-08,2026-09-04,,,,,,,,,,,
,GOOGL,Cloud_AI,338.4599914550781,-0.0111027236665746,-0.0228294574531315,-0.0440937977170623,-0.049673022055277,-0.0239213231607102,-0.0401235842242564,-0.1141095624102221,-0.011806008023866,0.2208975421285547,0.0605879125761159,-0.0629335932194993,-0.4457077396611318,-0.1607616292536277,0.2780612244897959,WEAKENING,2026-09-08,2026-09-04,,,,,,,,,,,
,ITA,Defense,225.6100006103516,-0.0016372914602299,-0.0309681577486883,-0.100259219898897,0.0039951131078415,-0.032060023456267,-0.0962890064060911,-0.0604414272471036,-0.005903352773964,0.5281510106538997,0.0546559329012363,-0.1178817074465565,-0.866761087551748,-0.9688245265643652,0.2714285714285714,WEAKENING,2026-09-08,2026-09-04,,,,,,,,,,,
,AVGO,AI_Semiconductor,357.8999938964844,0.0020718731850923,-0.0295290392801165,-0.1633159114322486,-0.0366395409910507,-0.0306209049876952,-0.1593456979394427,-0.1010760813459958,0.0112999385779456,0.5734690048271469,0.0992459247774806,-0.1687161300264539,-1.4120050776643347,-0.9436822057074652,0.263265306122449,WEAKENING,2026-09-08,2026-09-04,,,,,,,,,,,
,TXN,Analog_Semiconductor,258.44000244140625,0.0181617640826394,-0.0007733227486207,-0.096616280160085,-0.0788864837737391,-0.0018651884561994,-0.0926460666672791,-0.1433230241286843,0.0233807472914005,0.3451547048639494,0.0778315146149371,-0.1144434835398898,-0.8703444340282189,-0.4284583671368883,0.2423469387755102,WEAKENING,2026-09-08,2026-09-04,,,,,,,,,,,
,URI,Industrials,1009.8599853515624,0.0160886135137721,-0.0197913270064911,-0.1300585988332812,-0.0423603657582287,-0.0208831927140697,-0.1260883853404752,-0.1067969061131739,0.0127233227018291,0.4388659761257011,0.0859122725069837,-0.158822777335008,-1.154054826638625,-0.6643788164941056,0.2413265306122449,WEAKENING,2026-09-08,2026-09-04,,,,,,,,,,,
,NOC,Defense,514.97998046875,-0.0251022452119569,-0.0517768300152279,-0.0949261931167925,-0.0457777062018898,-0.0528686957228066,-0.0909559796239866,-0.1102142465568349,-0.0280452817360297,0.3502815712256255,0.0739670929118731,-0.1219030115196846,-0.8462113621163332,-0.4495363379365669,0.2346938775510204,WEAKENING,2026-09-08,2026-09-04,,,,,,,,,,,
,6981.T,MLCC,7237.0,-0.0502624671916011,-0.0072702331961591,-0.0089016707751301,-0.1541608228143992,-0.0289409937324536,-0.0331139833514273,-0.2190717813850511,-0.0050448155023766,0.0144798396079304,0.1888536954764892,-0.1696546745277343,-0.4287075923635333,-0.0006825112145212,0.225,WEAKENING,2026-09-08,2026-09-08,,,,,,,,,,,
,LMT,Defense,525.280029296875,-0.0143915615620189,-0.0626424562282867,-0.1010647126305795,0.0066835496341699,-0.0637343219358654,-0.0970944991377736,-0.0577529907207752,-0.0373762780706418,0.3326336206555732,0.0786881838915594,-0.1316799829366636,-0.9370575516451756,-0.4272245160614357,0.2188775510204081,WEAKENING,2026-09-08,2026-09-04,,,,,,,,,,,
,AMAT,Semiconductor_Equipment,454.7099914550781,0.043128140292787,-0.0150757505799014,-0.1556994776080922,-0.0841306962086784,-0.01616761628748,-0.1517292641152863,-0.1485672365636235,0.0238491188221216,0.3553164738163339,0.1308766090119938,-0.2039111513084451,-1.477900840772482,-0.4227079978339191,0.2035714285714286,WEAKENING,2026-09-08,2026-09-04,,,,,,,,,,,
,6976.T,MLCC,9257.0,-0.0577157980456025,-0.002800818700851,-0.0304775869291998,-0.4113195548489666,0.018596580852352,-0.0537357063291835,-0.4151306780001382,0.0048185780314489,0.0425003651234117,0.2059024899602241,-0.2158477202301904,-0.8465612633052626,-0.0062908834799508,0.1785714285714285,WEAKENING,2026-09-08,2026-09-08,,,,,,,,,,,
,6146.T,Semiconductor_Equipment,56630.0,-0.0090988626421697,0.0007068386640749,-0.1008256589393458,-0.2912390488110138,-0.0834844520597269,-0.1178864020955209,-0.2375258178944295,0.0259132533989114,0.2820968458462905,0.11151915660219,-0.1800940676680321,-1.0091188535737836,-0.2550467671543056,0.1693877551020408,WEAKENING,2026-09-08,2026-09-08,,,,,,,,,,,
,6762.T,Electronic_Components,2891.0,-0.0300285187049152,-0.061058785319909,-0.0505747126436781,-0.1749429223744292,-0.0668052333168331,-0.0371357910210445,-0.2619418055635739,-0.0484151071589895,0.1341463414634146,0.1129429049233737,-0.126849568434032,-0.5945364504123777,-0.0600694012281322,0.1494897959183673,WEAKENING,2026-09-08,2026-09-08,,,,,,,,,,,
,DELL,AI_Server,524.1400146484375,0.0150080361357805,0.1488252364269551,0.1550786242777404,0.4195877422811918,0.1477333707193764,0.1590488377705463,0.3551512019262466,0.11005558035752,0.2094657439661364,0.2354889875063911,-0.1405634029502649,0.9112099027851972,0.1379413099166696,0.9275510204081632,PERSISTENT,2026-09-09,2026-09-04,,,,,,,,,,,
,SBLK,Shipping,32.41999816894531,0.0172575247953818,0.0636482498636759,0.1564227413943626,0.2814318755483194,0.0625563841560972,0.1603929548871685,0.2169953351933742,0.0245425645150852,0.436561139036109,0.096922143731644,-0.0491803489755128,0.8755742881699331,0.7045664440042542,0.851530612244898,PERSISTENT,2026-09-09,2026-09-04,,,,,,,,,,,
,BOAT,Shipping,50.84999847412109,0.0099304868947909,0.0381788270592413,0.1455282535097106,0.27349569405353,0.0370869613516626,0.1494984670025165,0.2090591536985848,0.0017967636818136,0.4586118666852987,0.0752794862103423,-0.044630363121339,1.0577525315202674,0.8865759765024875,0.8336734693877552,PERSISTENT,2026-09-09,2026-09-04,,,,,,,,,,,
,MU,Memory,1016.5900268554688,0.0609815222391092,0.089756279418879,0.1584147342901258,0.1400035522848071,0.0886644137113004,0.1623849477829317,0.0755670119298619,0.0501525958463476,0.2721080048378919,0.152287419476188,-0.1001433232757289,1.0163385066070962,0.2830563248945921,0.7933673469387756,PERSISTENT,2026-09-09,2026-09-04,,,,,,,,,,,
,CEG,Nuclear_Power,298.9599914550781,0.0487984713481628,0.0802529049867322,0.1094132601117394,0.2357390097760958,0.0791610392791535,0.1133834736045453,0.1713024694211506,0.0528995899587973,0.3355170055907983,0.0930998499103784,-0.0540171368873686,0.7593679491516908,0.394307933256138,0.7719387755102043,PERSISTENT,2026-09-09,2026-09-04,,,,,,,,,,,
,SMCI,AI_Server,39.59000015258789,0.0454185706156691,0.0676914292768742,0.2717636113040278,0.3525794169260734,0.0665995635692955,0.2757338247968337,0.2881428765711282,-0.0002494735491327,0.3341232407779662,0.2413612186061724,-0.1172189248432828,1.9125074207847368,0.3762101428671822,0.7704081632653063,PULLBACK_LEADER,2026-09-09,2026-09-04,,,,,,,,,,,
,GNOM,Genomics,64.26000213623047,-0.0109281063742139,-0.0084404011450861,0.1046172237116609,0.3424247485828549,-0.0095322668526648,0.1085874372044668,0.2779882082279097,-0.0345947070730013,0.2315479299624437,0.1615211743784197,-0.0529526308048863,0.6587872073608274,0.1499735355570163,0.7683673469387755,PULLBACK_LEADER,2026-09-09,2026-09-04,,,,,,,,,,,
,REGN,Biotech,827.719970703125,-0.0186728639395077,0.0422190762394953,0.0565130085661653,0.3773563653718279,0.0411272105319167,0.0604832220589712,0.3129198250168827,0.028090824097954,0.1859012159452925,0.0823791891595599,-0.0554802613150112,0.2841226850587341,0.1275302308308493,0.7581632653061223,PERSISTENT,2026-09-09,2026-09-04,,,,,,,,,,,
,DAC,Shipping,155.25999450683594,0.0072007827071141,0.0303955538470823,0.1033257046617595,0.2158738813568324,0.0293036881395036,0.1072959181545654,0.1514373410018872,0.0045641276816424,0.3688481471718402,0.0739375740586041,-0.040505947262624,0.7239675688435367,0.5154550335869414,0.75,PERSISTENT,2026-09-09,2026-09-04,,,,,,,,,,,
,IDNA,Genomics,39.77000045776367,-0.012906439462583,0.0122168371354409,0.1434733137896813,0.3939857790403536,0.0111249714278622,0.1474435272824872,0.3295492386854084,-0.0236514913119793,0.3392250642417195,0.1552742212477114,-0.0535197985825107,0.9865835459641106,0.3134438137650255,0.7418367346938777,PULLBACK_LEADER,2026-09-09,2026-09-04,,,,,,,,,,,
,NEM,Gold_Miners,128.08999633789062,-0.0179406307543642,0.0029429355806311,0.1361004612812246,0.383600802651066,0.0018510698730525,0.1400706747740305,0.3191642622961208,-0.0310821797396749,0.2457653100563721,0.1370935833954108,-0.0925706967429901,0.9012541001433768,0.2439849571159079,0.7387755102040817,PULLBACK_LEADER,2026-09-09,2026-09-04,,,,,,,,,,,
,XLE,Energy,64.05999755859375,-0.0086661275794808,0.0220165482881149,0.1140869140625,0.1076735058626485,0.0209246825805362,0.1180571275553059,0.0432369655077033,-0.00650518022751,0.5248001250000763,0.0608381688551391,-0.0265097823797487,0.834227983320677,0.9841326241004272,0.7132653061224489,PULLBACK_LEADER,2026-09-09,2026-09-04,,,,,,,,,,,
,NVDA,AI_Semiconductor,230.3600006103516,0.0083607077593532,0.0588830033504808,0.0285765034141165,0.1493863023397901,0.0577911376429021,0.0325467169069224,0.0849497619848449,0.0517388774969516,0.0733271538267078,0.1282856573867342,-0.0746560457007837,0.1548924859249244,0.0163341226475489,0.7127551020408163,PERSISTENT,2026-09-09,2026-09-04,,,,,,,,,,,
,AMGN,Biotech,437.2300109863281,-0.0155137895312309,0.0111234388077128,0.0701671697252663,0.3021798441399987,0.0100315731001341,0.0741373832180722,0.2377433037850536,-0.0064183536236037,0.2909741160028299,0.0634946117262655,-0.0314527567823124,0.3641342325192846,0.3215521699896334,0.7122448979591836,PULLBACK_LEADER,2026-09-09,2026-09-04,,,,,,,,,,,
,GDX,Gold_Miners,99.26000213623048,-0.0219725665038676,-0.0039136917579188,0.1042385450017153,0.3448043004937555,-0.0050055574654975,0.1082087584945212,0.2803677601388104,-0.0299733280083477,0.1871380627859404,0.1462995501446778,-0.1028240979842187,0.6756892957763895,0.1333360175062419,0.6959183673469387,NEUTRAL,2026-09-09,2026-09-04,,,,,,,,,,,
,MRNA,Biotech,145.5500030517578,-0.0223012841695618,0.0547865588639915,1.459861543956377,2.164818389643732,0.0536946931564128,1.4638317574491828,2.1003818492887865,-0.3101788271251027,0.354306824452641,1.8044532083381395,-0.2354627618354927,11.046559517667642,0.2866457857646964,0.6933673469387756,NEUTRAL,2026-09-09,2026-09-04,,,,,,,,,,,
,VRTX,Biotech,546.1199951171875,-0.0212202064470651,0.0081780956927675,0.1008929930332542,0.2534025058580569,0.0070862299851888,0.1048632065260601,0.1889659655031117,-0.017045152565546,0.2963467436764865,0.0937212841532929,-0.0451241825968051,0.6828869095186773,0.3190236904594187,0.6923469387755102,NEUTRAL,2026-09-09,2026-09-04,,,,,,,,,,,
,CVX,Energy,208.6000061035156,-0.0128714798714252,0.0333895049677237,0.1278972019328719,0.1086432802478478,0.032297639260145,0.1318674154256778,0.0442067398929026,0.0014152044845057,0.5530136741471183,0.0621381643403263,-0.0291587688944953,0.8604896182139854,1.138252188568948,0.6923469387755101,EMERGING,2026-09-09,2026-09-04,,,,,,,,,,,
,IBB,Biotech,211.9199981689453,-0.008839621211494,0.0142139328264208,0.0718728995626576,0.2773447167851619,0.0131220671188421,0.0758431130554635,0.2129081764302167,-0.0037542920642436,0.2696904687161535,0.0868930732055605,-0.0369192916563134,0.4504363238307434,0.2230722801711399,0.6872448979591838,NEUTRAL,2026-09-09,2026-09-04,,,,,,,,,,,
,AEM,Gold_Miners,204.72999572753903,-0.0115869700125352,-0.0051656231442576,0.147436502105543,0.3456492761004168,-0.0062574888518363,0.1514067155983489,0.2812127357454717,-0.0420247486706433,0.2447146522586114,0.1618547111659406,-0.1348463417822993,0.9736239295870354,0.2229151816655698,0.6780612244897959,NEUTRAL,2026-09-09,2026-09-04,,,,,,,,,,,
,ZIM,Shipping,28.57999992370605,0.0358825576528785,0.0415451664526576,0.0624535438289932,0.1283063564859454,0.0404533007450789,0.0664237573217991,0.0638698161310002,0.0259317804954092,0.121037509914642,0.1423345146660365,-0.088104050761851,0.4227053252489782,0.0531088432636505,0.6693877551020408,EMERGING,2026-09-09,2026-09-04,,,,,,,,,,,
,XOM,Energy,159.47000122070312,-0.0168917167853728,0.0176121140232949,0.0487623611354182,0.0656127686418808,0.0165202483157163,0.0527325746282241,0.0011762282869356,0.0054215237394404,0.1811118474361105,0.075776397741241,-0.0584411183374926,0.2541009684587234,0.1165460694072544,0.642857142857143,EMERGING,2026-09-09,2026-09-04,,,,,,,,,,,
,XBI,Biotech,163.80999755859375,-0.0034676195844203,0.0088064578937121,0.0409226831112921,0.2725711243661564,0.0077145921861334,0.044892896604098,0.2081345840112112,-0.0014242128841108,0.1479780346310086,0.0911858850218559,-0.0422883989377255,0.1958318264881089,0.0664100394176699,0.6357142857142858,NEUTRAL,2026-09-09,2026-09-04,,,,,,,,,,,
,VST,Power,149.3000030517578,0.0352239757873851,0.0890656287113229,0.0619532466089107,0.0791763449826066,0.0879737630037442,0.0659234601017166,0.0147398046276614,0.0735773170590952,0.1959506706830411,0.0883180866068261,-0.0841828178603537,0.4062524997177483,0.1374551996133216,0.6295918367346939,EMERGING,2026-09-09,2026-09-04,,,,,,,,,,,
,BNTX,Biotech,103.76000213623048,0.0085537024329893,0.0165075213163383,0.1077186309866964,0.2044109146656443,0.0154156556087596,0.1116888444795023,0.1399743743106991,-0.0104221364303357,0.1838892557357067,0.2513466535616638,-0.1283348985471164,0.7590549224740328,0.0788086835464996,0.628061224489796,NEUTRAL,2026-09-09,2026-09-04,,,,,,,,,,,
,META,Internet_AI,616.77001953125,0.0099725337795733,0.0670392005305018,0.0416653351841456,0.0811966351510773,0.0659473348229231,0.0456355486769515,0.0167600947961321,0.0566228667344654,0.1300818607453331,0.0923503696550113,-0.0925524313308643,0.255394955866755,0.0586884963165661,0.6229591836734695,EMERGING,2026-09-09,2026-09-04,,,,,,,,,,,
,F,Auto,14.619999885559082,0.0145732158480686,0.0533141041078422,0.0571058672475508,0.0334502945264858,0.0522222384002635,0.0610760807403567,-0.0309862458284593,0.0390376372959545,0.17991466908363,0.0912031874885867,-0.0455172308560075,0.2541215308849922,0.1126515804051534,0.5948979591836735,EMERGING,2026-09-09,2026-09-04,,,,,,,,,,,
,TSM,Foundry,428.9100036621094,0.028536470630939,0.0272801660953878,0.0211170244184939,0.0517784414696302,0.0261883003878091,0.0250872379112998,-0.0126580988853148,0.0220009099907643,0.086697246885453,0.0730173094421811,-0.0483792515591779,0.1043625147793333,0.0250733407391027,0.5938775510204082,EMERGING,2026-09-09,2026-09-04,,,,,,,,,,,
,ANET,AI_Networking,193.77999877929688,0.0122231315715053,-0.0081892008574536,0.0270843306299064,0.2768845927348011,-0.0092810665650323,0.0310545441227123,0.2124480523798559,-0.0149602835149302,0.0518834593228219,0.1378824181949231,-0.1270783847980997,0.0638336429337051,0.010191500736055,0.5821428571428572,NEUTRAL,2026-09-09,2026-09-04,,,,,,,,,,,
,XLF,Financials,58.09999847412109,-0.0078552405803004,0.0,0.0086805557855118,0.1162842002329818,-0.0010918657075786,0.0126507692783177,0.0518476598780366,-0.0021701389463779,0.0690607938577033,0.0340284705202056,-0.0224853689724457,-0.001319428185124,0.0176171912668705,0.5780612244897958,NEUTRAL,2026-09-09,2026-09-04,,,,,,,,,,,
,PLTR,Software_AI,174.3300018310547,-0.0449241056433528,-0.0642009334162577,0.0134876309418552,0.3388372079124451,-0.0652927991238364,0.0174578444346611,0.2744006675574999,-0.0675728411517215,0.0250108568345418,0.1520168743907292,-0.0907822605734121,-0.0988339009725161,0.0022190773746394,0.576530612244898,NEUTRAL,2026-09-09,2026-09-04,,,,,,,,,,,
,6857.T,Semiconductor_Equipment,33680.0,-0.0035502958579881,0.0350338045482483,-0.0251808972503617,0.1447994561522774,-0.0629007684577913,0.002737935635052,0.2666942643696326,0.0413290288608387,0.0502599653379549,0.1300231021067474,-0.1455796717840126,-0.3647233842133695,-0.0097335858203317,0.5714285714285715,EMERGING,2026-09-09,2026-09-09,,,,,,,,,,,
,AAPL,Consumer_Tech,319.9700012207031,-0.0251058482340651,0.0008445073611602,0.022072458046372,0.0983125328662744,-0.0002473583464184,0.0260426715391779,0.0338759925113292,-0.0046736071504327,0.1022644077839949,0.0603248659664971,-0.0345301144920966,0.0940945784933669,0.037417851068296,0.5704081632653062,NEUTRAL,2026-09-09,2026-09-04,,,,,,,,,,,
,FCX,Copper,72.7300033569336,0.0023429686336822,-0.0486591725285101,0.044671078535748,0.1743964210530466,-0.0497510382360888,0.0486412920285539,0.1099598806981014,-0.0598269421624471,0.0925870656936296,0.1319280943358316,-0.0931047691208409,0.2316797656093583,0.0313501389057149,0.5668367346938776,NEUTRAL,2026-09-09,2026-09-04,,,,,,,,,,,
,JPM,Financials,358.6400146484375,-0.0094459010473886,0.00285224412834,0.0031327636752718,0.1653479062360243,0.0017603784207613,0.0071029771680777,0.1009113658810791,0.0020690532095221,0.0223647351252665,0.0397637888270956,-0.0373240734875464,-0.074995412440029,0.0017619907929842,0.5663265306122449,EMERGING,2026-09-09,2026-09-04,,,,,,,,,,,
,ZS,Cybersecurity,169.8000030517578,-0.0449943749307539,-0.0783259675971659,0.0066398531219367,0.3613404832985505,-0.0794178333047446,0.0106100666147426,0.2969039429436053,-0.0799859308776501,0.0097954395777075,0.1820940386214725,-0.1050058203630648,-0.1289650368651795,0.0003571796229748,0.5632653061224491,NEUTRAL,2026-09-09,2026-09-04,,,,,,,,,,,
,GM,Auto,87.76000213623047,0.0082720727611422,0.0193751553604162,0.0041275024014464,0.1075754703201219,0.0182832896528375,0.0080977158942523,0.0431389299651767,0.0183432797600546,0.0182187240997851,0.0659613556095895,-0.0631225981024913,-0.0689740339759059,0.0011400285330433,0.563265306122449,EMERGING,2026-09-09,2026-09-04,,,,,,,,,,,
,COPX,Copper,90.66000366210938,-0.006465713291952,-0.0398220141892843,0.0298762344573726,0.1745396552090534,-0.040913879896863,0.0338464479501785,0.1101031148541082,-0.0472910728036274,0.0836781894906097,0.0985364024187679,-0.0747537512970761,0.1259177569837122,0.0253712247131294,0.5591836734693877,NEUTRAL,2026-09-09,2026-09-04,,,,,,,,,,,
,TSLA,EV,354.0799865722656,-0.0592236597871772,0.0152831156193995,0.0776066743017889,-0.0720931104841265,0.0141912499118208,0.0815768877945948,-0.1365296508390717,-0.0041185529560476,0.1449028962058506,0.1430935683013568,-0.0592236597871772,0.4622251244384315,0.0785879617422801,0.5586734693877552,NEUTRAL,2026-09-09,2026-09-04,,,,,,,,,,,
,IGV,Software,104.56999969482422,-0.0222533643883108,-0.0450228338372217,0.0183075003283856,0.1420572430175204,-0.0461146995448004,0.0222777138211915,0.0776207026625752,-0.0495997089193181,0.0485285843336657,0.1149145187518973,-0.0625453367020143,0.043866292729817,0.007731286553467,0.5556122448979592,NEUTRAL,2026-09-09,2026-09-04,,,,,,,,,,,
,VRT,AI_Infrastructure,280.5299987792969,0.0435219759380753,0.0912167941180415,0.0298458335718685,-0.0013938803103189,0.0901249284104628,0.0338160470646744,-0.0658304206652641,0.0837553357250743,0.0624376570292871,0.1384684232690514,-0.1322828600654159,0.0650666970758356,0.013457970245625,0.5551020408163265,EMERGING,2026-09-09,2026-09-04,,,,,,,,,,,
,BAC,Financials,62.68000030517578,-0.0006377089044051,0.0109081606700083,-0.0026942912344916,0.1551118127985025,0.0098162949624296,0.0012759222583142,0.0906752724435573,0.0115817334786312,0.0155998948527024,0.0483399287319395,-0.0561641477320122,-0.1814743463690525,-0.000869481214871,0.5535714285714285,EMERGING,2026-09-09,2026-09-04,,,,,,,,,,,
,ORCL,Cloud_AI,158.77999877929688,0.0307712652542082,0.0525687262507603,0.0799890774390268,-0.2083255636563077,0.0514768605431816,0.0839592909318327,-0.2727621040112529,0.0325714568910036,0.1425108325007752,0.1419829364472388,-0.0953782728207388,0.3380823806504382,0.0802864787983921,0.5510204081632654,EMERGING,2026-09-09,2026-09-04,,,,,,,,,,,
,URA,Uranium,46.060001373291016,0.0078774749308867,0.0107527250767669,0.0256068031571186,0.0876033773988682,0.0096608593691882,0.0295770166499245,0.023166837043923,0.0043510242874872,0.06301378223994,0.124485145330177,-0.0915857019433504,0.045677364181554,0.0129620406814316,0.5438775510204081,EARLY_EMERGING,2026-09-09,2026-09-04,,,,,,,,,,,
,000660.KS,Memory,1818000.0,0.0139431121026212,0.1270923744575325,0.2760660666009273,-0.2052472913708566,-0.0047216297729144,0.0997902860311972,-0.1825404611220973,0.0580758578073006,0.3326183004649722,0.2174357822273858,-0.097472917941449,1.8635470494381992,0.4223068758426508,0.5413265306122449,EARLY_EMERGING,2026-09-09,2026-09-09,,,,,,,,,,,
,CRWD,Cybersecurity,213.1000061035156,-0.0086988654536389,-0.0242673440525863,-0.0061561051986841,0.3159601649816839,-0.025359209760165,-0.0021858917058782,0.2515236246267387,-0.0227283177529153,0.0079050895793489,0.2714249103178979,-0.1780250703400884,-0.2887172670055625,-0.0001792929138246,0.5382653061224489,WEAKENING,2026-09-09,2026-09-04,,,,,,,,,,,
,SCCO,Copper,198.759994506836,-0.0038590902479413,-0.0526215842913896,0.0160603230520088,0.2056328863787608,-0.0537134499989683,0.0200305365448147,0.1411963460238157,-0.0566366650543918,0.0340518781175163,0.1363005817405334,-0.0953118012393026,-0.0260080813161504,0.0040123391706134,0.5372448979591837,NEUTRAL,2026-09-09,2026-09-04,,,,,,,,,,,
,MSFT,Cloud_AI,499.7000122070313,-0.0204265329920316,-0.0269312723713154,0.0013014827290129,0.259917302146023,-0.0280231380788941,0.0052716962218188,0.1954807617910778,-0.0272566430535686,0.0054299143556852,0.0657222703274091,-0.0508042333054766,-0.1608244952592486,0.0001075273224546,0.5290816326530612,NEUTRAL,2026-09-09,2026-09-04,,,,,,,,,,,
,005930.KS,Memory,269000.0,-0.0018552875695733,0.0738522954091815,0.1231732776617953,-0.2009001013728031,-0.006928441583065,0.106339014107563,-0.1789899915484997,0.0430589759937327,0.1690544412607449,0.2011591915585937,-0.1119005328596802,0.7645155282579521,0.1035149797134876,0.5193877551020408,EARLY_EMERGING,2026-09-09,2026-09-09,,,,,,,,,,,
,SPY,Market_US,770.1900024414062,-0.0038542371465761,0.0010918657075786,-0.0039702134928059,0.0644365403549451,0.0,0.0,0.0,0.0020844190807801,0.0470788534994884,0.0228362979655065,-0.020697248270783,-0.0622252829499028,-0.008184912443857,0.5142857142857142,NEUTRAL,2026-09-09,2026-09-04,,,,,,,,,,,
,HPE,AI_Server,52.0,-0.0448199612097691,-0.0059262352351857,-0.0229237353010155,0.1464527258879286,-0.0070181009427644,-0.0189535218082096,0.0820161855329835,-0.0001953014099318,0.0422438135986573,0.1482076812165222,-0.1496155267234785,-0.4590220082643155,-0.0065339798389147,0.5102040816326531,WEAKENING,2026-09-09,2026-09-04,,,,,,,,,,,
,QQQ,Factor_Growth,718.9600219726562,0.0017975379954848,0.0035314396699468,-0.0056290985979886,0.037567358096902,0.0024395739623681,-0.0016588851051827,-0.0268691822580431,0.004938714319444,0.0456227589033241,0.0362178981655921,-0.0351742316204409,-0.0844684044518737,-0.0070908313620213,0.5081632653061224,NEUTRAL,2026-09-09,2026-09-04,,,,,,,,,,,
,CCJ,Uranium,100.73999786376952,0.0011925572839599,0.0072992271967426,0.0343977666610106,0.0600862796782086,0.006207361489164,0.0383679801538165,-0.0043502606767364,-0.0013002144685099,0.0866751797347657,0.1288691275577437,-0.1033904471965031,0.1300631123500216,0.0231353518435337,0.5071428571428571,NEUTRAL,2026-09-09,2026-09-04,,,,,,,,,,,
,UEC,Uranium,11.539999961853027,0.0026064059404546,-0.0693548131559683,0.0248667608596484,0.2250530645848085,-0.070446678863547,0.0288369743524543,0.1606165242298634,-0.0755715033708804,0.0381470968352179,0.2145006142349677,-0.1549192125114789,-0.0366373436089905,0.0044223404108862,0.4887755102040816,NEUTRAL,2026-09-09,2026-09-04,,,,,,,,,,,
,NRG,Power,119.0199966430664,0.0641988603386893,0.0710942557705018,0.0075340676402384,-0.0100085024008906,0.0700023900629231,0.0115042811330443,-0.0744450427558358,0.0692107388604422,0.016202426016551,0.1366833158342655,-0.1325253169410938,-0.0726175470647371,0.0008930875930217,0.488265306122449,EARLY_EMERGING,2026-09-09,2026-09-04,,,,,,,,,,,
,AMD,AI_Semiconductor,477.5700073242188,0.0469352935159312,0.0257528697490352,-0.01197860435868,0.0556366352062631,0.0246610040414565,-0.0080083908658741,-0.008799905148682,0.0287475208387052,0.0274966891102815,0.1306584968918116,-0.1132020632751312,-0.259452059103941,-0.0025208613895077,0.4816326530612245,WEAKENING,2026-09-09,2026-09-04,,,,,,,,,,,
,GS,Financials,1038.6099853515625,0.0006550842594779,0.0093876461992727,0.0039309836556506,0.0423521210792163,0.0082957804916941,0.0079011971484566,-0.0220844192757287,0.0084049002853601,0.017825078277321,0.0705003276249422,-0.0485511119699242,-0.0846780522904086,0.0009938973864293,0.4811224489795919,EARLY_EMERGING,2026-09-09,2026-09-04,,,,,,,,,,,
,SMH,Semiconductor,567.010009765625,0.0260767911985666,0.0251306698164697,-0.0269263808352755,-0.0068311354895861,0.024038804108891,-0.0229561673424696,-0.0712676758445313,0.0318622650252886,0.0900739435719058,0.0879641762035638,-0.0822294275402351,-0.3118202632608711,-0.0275721937341805,0.4724489795918367,WEAKENING,2026-09-09,2026-09-04,,,,,,,,,,,
,QCOM,Semiconductor,168.74000549316406,0.0010084722166401,0.0333051145988969,0.0107135104751938,-0.1126653991464901,0.0322132488913182,0.0146837239679997,-0.1771019395014352,0.0306267369800984,0.0438376041526425,0.0746135289790552,-0.0555821164255699,-0.194000533037873,0.0062944969595068,0.4653061224489796,EARLY_EMERGING,2026-09-09,2026-09-04,,,,,,,,,,,
,RSP,Factor_Breadth,219.0,-0.0047716566107515,-0.0076578115125761,-0.0049525028671326,0.0644853015289774,-0.0087496772201548,-0.0009822893743267,4.876117403229685e-05,-0.0064196857957929,0.0547460806974733,0.0249159963056102,-0.0232527173103379,-0.0839648528401585,-0.0108817692173707,0.4622448979591836,WEAKENING,2026-09-09,2026-09-04,,,,,,,,,,,
,ASML,Semiconductor_Equipment,1714.8800048828125,0.0417266937118352,0.0110366771565741,-0.0149972058989538,-0.009855911989554,0.0099448114489955,-0.0110269924061479,-0.0742924523444992,0.0147859786313126,0.0481156775635709,0.0941703400694922,-0.1258178205984124,-0.2364069027609942,-0.0076627176121063,0.4612244897959184,WEAKENING,2026-09-09,2026-09-04,,,,,,,,,,,
,NVO,Pharma,46.59999847412109,-0.0191538598097501,0.0217057191519713,-0.0013654482488737,0.1024402499785439,0.0206138534443927,0.0026047652439321,0.0380037096235987,0.0220470812141898,0.0043452619267072,0.0840869151495962,-0.0727497107815057,-0.1921374676508764,-7.056068447944161e-05,0.451530612244898,NEUTRAL,2026-09-09,2026-09-04,,,,,,,,,,,
,009150.KS,MLCC,1410000.0,0.0291970802919707,0.0071428571428571,0.1172741679873217,-0.2946473236618309,-0.0151664610629622,0.1378303240803995,-0.2026326444185278,-0.0221756848539733,0.1343012704174228,0.2155596834008179,-0.1553273427471116,0.5022541058297432,0.0730659346838872,0.4464285714285715,NEUTRAL,2026-09-09,2026-09-09,,,,,,,,,,,
,IWM,Factor_SmallCap,296.010009765625,0.0027778966680334,0.0008791538989856,-0.0184042573215977,0.0519906809842254,-0.000212711808593,-0.0144340438287918,-0.0124458593707197,0.005480218229385,0.1441932450497051,0.0341976325880109,-0.0475924782456348,-0.1863135006233758,-0.0776009736668538,0.4413265306122449,WEAKENING,2026-09-09,2026-09-04,,,,,,,,,,,
,LRCX,Semiconductor_Equipment,307.6499938964844,0.0512198115451461,0.0190460421207281,-0.0118837711080728,-0.043297920467246,0.0179541764131494,-0.0079135576152669,-0.1077344608221911,0.0220169848977463,0.023041556978451,0.1429051807533715,-0.16147042114063,-0.2760017670769836,-0.0019160998059132,0.4275510204081633,WEAKENING,2026-09-09,2026-09-04,,,,,,,,,,,
,ETN,Power_Grid,410.8500061035156,0.0345739604027657,0.0200357697717772,-0.0843139591463838,0.0969500468390582,0.0189439040641985,-0.0803437456535779,0.0325135064841131,0.0411142595583731,0.2604474665782549,0.0986168715921868,-0.1505565729335032,-0.7468613967403553,-0.2226734300360624,0.4214285714285714,WEAKENING,2026-09-09,2026-09-04,,,,,,,,,,,
,MTUM,Factor_Momentum,304.8599853515625,0.018168364437473,0.0171832572930965,-0.0144187956389817,0.0009077617840704,0.0160913915855178,-0.0104485821461758,-0.0635287785708746,0.0207879562028419,0.0751603533327573,0.0580283246026655,-0.0793306353572576,-0.1834655283976935,-0.0186757377932105,0.4178571428571429,WEAKENING,2026-09-09,2026-09-04,,,,,,,,,,,
,XLU,Utilities,43.08000183105469,0.0011620509685412,0.0081910201864712,-0.0121531477156427,-0.0146570793805962,0.0070991544788925,-0.0081829342228368,-0.0790936197355414,0.0112293071153819,0.0873144655590008,0.0395522073153695,-0.046942039417504,-0.1320695875450334,-0.0268289855276571,0.4153061224489796,WEAKENING,2026-09-09,2026-09-04,,,,,,,,,,,
,SOXX,Semiconductor,519.8599853515625,0.0351652184692719,0.022098994027526,-0.0430909738032044,-0.0395249647351246,0.0210071283199473,-0.0391207603103985,-0.1039615050900698,0.0328717374783271,0.1366530530226672,0.0949564574979785,-0.1051831414941038,-0.4721165049103808,-0.0620127717807187,0.3994897959183673,WEAKENING,2026-09-09,2026-09-04,,,,,,,,,,,
,FTNT,Cybersecurity,156.2899932861328,-0.0004477316701552,-0.0584940163485975,-0.0209847539233506,0.1253599351325696,-0.0595858820561762,-0.0170145404305447,0.0609233947776244,-0.0532478278677598,0.0387149676502381,0.1556985297937211,-0.1055678065865899,-0.385938824206699,-0.0052179302551352,0.3943877551020409,WEAKENING,2026-09-09,2026-09-04,,,,,,,,,,,
,HACK,Cybersecurity,110.75,-0.0069936231313011,-0.0414575114901494,-0.0404609100938437,0.1769394452270678,-0.0425493771977281,-0.0364906966010378,0.1125029048721226,-0.0313422839666884,0.0929722422631479,0.1282242670329473,-0.1132168604549995,-0.4812595487032574,-0.0293372044346777,0.3918367346938775,WEAKENING,2026-09-09,2026-09-04,,,,,,,,,,,
,LLY,Pharma,1149.3599853515625,-0.0088306230165284,-0.0214964969776266,-0.0292676781136884,0.0128805177207567,-0.0225883626852053,-0.0252974646208825,-0.0515560226341884,-0.0141795774492045,0.0945401939026437,0.0936213538939094,-0.1023009387860757,-0.3608131169195459,-0.029554923624409,0.3755102040816326,WEAKENING,2026-09-09,2026-09-04,,,,,,,,,,,
,PANW,Cybersecurity,333.260009765625,0.0039766443167745,-0.1031512875750609,-0.0840982158463281,0.2660892341771366,-0.1042431532826396,-0.0801280023535222,0.2016526938221914,-0.0821267336134789,0.1320671813251974,0.2026128078481781,-0.1705050227617977,-0.9541634141363022,-0.0548169409390201,0.3734693877551021,WEAKENING,2026-09-09,2026-09-04,,,,,,,,,,,
,GEV,Power_Grid,941.9500122070312,0.000116777104844,0.0329192150410202,-0.04884279299565,0.0868897908522399,0.0318273493334415,-0.0448725795028441,0.0224532504972947,0.0451299132899327,0.1318809950142782,0.1115226522521771,-0.1672566920325533,-0.491089520435916,-0.0577589934372907,0.3719387755102041,WEAKENING,2026-09-09,2026-09-04,,,,,,,,,,,
,XLI,Industrials,175.27000427246094,0.0040674079044304,-0.010556594352663,-0.053515437926769,0.035607830790812,-0.0116484600602417,-0.0495452244339631,-0.028828709564133,0.0028222651290291,0.4158618397756836,0.0345991079444049,-0.0738834335164372,-0.4688358829345973,-0.6432254990038384,0.3576530612244898,WEAKENING,2026-09-09,2026-09-04,,,,,,,,,,,
,NET,Cybersecurity,278.9200134277344,-0.0196478019964766,-0.0697704881458891,-0.0711025955543143,0.2697228376777272,-0.0708623538534678,-0.0671323820615084,0.205286297322782,-0.0519948392573105,0.0999764490951765,0.1858586974480606,-0.1755886669759351,-0.7679514517327178,-0.0382472551598365,0.353061224489796,WEAKENING,2026-09-09,2026-09-04,,,,,,,,,,,
,AMZN,Cloud_AI,258.510009765625,-0.0015063118580656,-0.0297263188375119,-0.0581827476737407,0.086176511620273,-0.0308181845450906,-0.0542125341809348,0.0217399712653278,-0.0151806319190767,0.2244557011975431,0.0749881934312929,-0.0833183446872098,-0.5497661831925713,-0.174153407745111,0.3510204081632653,WEAKENING,2026-09-09,2026-09-04,,,,,,,,,,,
,INTC,Semiconductor,95.8000030517578,0.0450529613320271,0.0707499915579519,-0.0575504022263271,-0.1050074529861018,0.0696581258503732,-0.0535801887335212,-0.1694439933410469,0.0851375921145337,0.1291105666380024,0.1344786842103344,-0.1654552010932157,-0.6838130176971475,-0.0552531063589558,0.3474489795918367,WEAKENING,2026-09-09,2026-09-04,,,,,,,,,,,
,CAT,Industrials,813.9400024414062,0.0172469662063234,0.0171071570651748,-0.0335434995881056,-0.0475495543251505,0.0160152913575961,-0.0295732860952997,-0.1119860946800956,0.0254930319622012,0.1203202661952791,0.0833979465295437,-0.1162479991282768,-0.3782347406521921,-0.0483940308785944,0.3387755102040816,WEAKENING,2026-09-09,2026-09-04,,,,,,,,,,,
,KLAC,Semiconductor_Equipment,185.6000061035156,0.0732045997651624,0.0573089506787483,-0.0620878194301824,-0.129957385123054,0.0562170849711696,-0.0581176059373765,-0.1943939254779991,0.0728309055362939,0.1462854317007816,0.1355847017775077,-0.1828669230888776,-0.7241695141266642,-0.0669879665598905,0.3362244897959183,WEAKENING,2026-09-09,2026-09-04,,,,,,,,,,,
,WMT,Consumer,107.13999938964844,-0.011805928803857,0.0392860917220658,-0.0398167843729295,-0.1094079529443489,0.0381942260144871,-0.0358465708801236,-0.173844493299294,0.0492402878152982,0.1394723896229185,0.1097092800049013,-0.1132170026831081,-0.4435484072044312,-0.0506187084934371,0.3255102040816326,WEAKENING,2026-09-09,2026-09-04,,,,,,,,,,,
,COST,Consumer,915.739990234375,-0.0104494042540926,-0.03144465862479,-0.0338461066889783,-0.0672931592079776,-0.0325365243323687,-0.0298758931961724,-0.1317296995629228,-0.0229831319525454,0.1687534534965518,0.0556211767184492,-0.0572987778266332,-0.330699704096749,-0.1026883595090019,0.3193877551020408,WEAKENING,2026-09-09,2026-09-04,,,,,,,,,,,
,HUBB,Power_Grid,464.75,0.0087471756568395,0.0259381898454746,-0.0766682998399425,-0.0066688326245702,0.0043201695559951,-0.0968922796684623,-0.0760756240763723,0.0451052648054603,0.2829195376633523,0.0762668584392292,-0.1442135962184731,-0.6975180056247579,-0.284408724681318,0.3132653061224489,WEAKENING,2026-09-09,2026-09-08,,,,,,,,,,,
,PWR,Power_Grid,624.4099731445312,0.0070154107716429,0.0360211722213181,-0.0706248522632319,-0.0405804383813852,0.0349293065137394,-0.0666546387704259,-0.1050169787363304,0.0536773852871261,0.1814047215755417,0.1073092873931459,-0.1655937004275781,-0.6798255113563393,-0.1193902407923702,0.3020408163265305,WEAKENING,2026-09-09,2026-09-04,,,,,,,,,,,
,8035.T,Semiconductor_Equipment,53280.0,-0.0133333333333333,0.0032009037845979,-0.0850077279752704,-0.2677295217152281,-0.0528435996574275,-0.0384483453484009,-0.0754776151284795,0.0244528357784155,0.2519083969465648,0.1077687534697207,-0.1161590946912963,-0.919125931617326,-0.1987047246337192,0.2795918367346939,WEAKENING,2026-09-09,2026-09-09,,,,,,,,,,,
,GOOGL,Cloud_AI,338.4599914550781,-0.0111027236665746,-0.0228294574531315,-0.0440937977170623,-0.049673022055277,-0.0239213231607102,-0.0401235842242564,-0.1141095624102221,-0.011806008023866,0.2208975421285547,0.0605879125761159,-0.0629335932194993,-0.4457077714581223,-0.1607616292536277,0.2795918367346938,WEAKENING,2026-09-09,2026-09-04,,,,,,,,,,,
,RTX,Defense,200.7899932861328,-0.0066294541350087,-0.0515800532871982,-0.0967268275702959,0.1355448443189764,-0.0526719189947769,-0.09275661407749,0.0711083039640312,-0.0273983463946242,0.4650553231036911,0.0593726306629909,-0.1095836006559337,-0.9257807423460894,-0.7576441459000185,0.2780612244897959,WEAKENING,2026-09-09,2026-09-04,,,,,,,,,,,
,ITA,Defense,225.6100006103516,-0.0016372914602299,-0.0309681577486883,-0.100259219898897,0.0039951131078415,-0.032060023456267,-0.0962890064060911,-0.0604414272471036,-0.005903352773964,0.5281510106538997,0.0546559329012363,-0.1178817074465565,-0.8667610845556171,-0.9688245265643652,0.2739795918367347,WEAKENING,2026-09-09,2026-09-04,,,,,,,,,,,
,6981.T,MLCC,7041.0,0.0025630072618538,0.0174855491329479,-0.0659326081188643,-0.3000994035785288,-0.0289409937324536,-0.0331139833514273,-0.2190717813850511,0.033968701162664,0.1108138238573021,0.1955697657821212,-0.1696546745277343,-0.8794050487634735,-0.0373587624514315,0.2637755102040816,WEAKENING,2026-09-09,2026-09-09,,,,,,,,,,,
,AVGO,AI_Semiconductor,357.8999938964844,0.0020718731850923,-0.0295290392801165,-0.1633159114322486,-0.0366395409910507,-0.0306209049876952,-0.1593456979394427,-0.1010760813459958,0.0112999385779456,0.5734690048271469,0.0992459247774806,-0.1687161300264539,-1.412005125582512,-0.9436822057074652,0.2607142857142857,WEAKENING,2026-09-09,2026-09-04,,,,,,,,,,,
,URI,Industrials,1009.8599853515624,0.0160886135137721,-0.0197913270064911,-0.1300585988332812,-0.0423603657582287,-0.0208831927140697,-0.1260883853404752,-0.1067969061131739,0.0127233227018291,0.4388659761257011,0.0859122725069837,-0.158822777335008,-1.1540548284257854,-0.6643788164941056,0.2362244897959184,WEAKENING,2026-09-09,2026-09-04,,,,,,,,,,,
,TXN,Analog_Semiconductor,258.44000244140625,0.0181617640826394,-0.0007733227486207,-0.096616280160085,-0.0788864837737391,-0.0018651884561994,-0.0926460666672791,-0.1433230241286843,0.0233807472914005,0.3451547048639494,0.0778315146149371,-0.1144434835398898,-0.8703444355817613,-0.4284583671368883,0.2357142857142857,WEAKENING,2026-09-09,2026-09-04,,,,,,,,,,,
,NOC,Defense,514.97998046875,-0.0251022452119569,-0.0517768300152279,-0.0949261931167925,-0.0457777062018898,-0.0528686957228066,-0.0909559796239866,-0.1102142465568349,-0.0280452817360297,0.3502815712256255,0.0739670929118731,-0.1219030115196846,-0.8462113550441898,-0.4495363379365669,0.2346938775510204,WEAKENING,2026-09-09,2026-09-04,,,,,,,,,,,
,LMT,Defense,525.280029296875,-0.0143915615620189,-0.0626424562282867,-0.1010647126305795,0.0066835496341699,-0.0637343219358654,-0.0970944991377736,-0.0577529907207752,-0.0373762780706418,0.3326336206555732,0.0786881838915594,-0.1316799829366636,-0.9370575334468192,-0.4272245160614357,0.2173469387755102,WEAKENING,2026-09-09,2026-09-04,,,,,,,,,,,
,AMAT,Semiconductor_Equipment,454.7099914550781,0.043128140292787,-0.0150757505799014,-0.1556994776080922,-0.0841306962086784,-0.01616761628748,-0.1517292641152863,-0.1485672365636235,0.0238491188221216,0.3553164738163339,0.1308766090119938,-0.2039111513084451,-1.4779008584106634,-0.4227079978339191,0.1959183673469387,WEAKENING,2026-09-09,2026-09-04,,,,,,,,,,,
,6762.T,Electronic_Components,2822.0,0.0169369369369369,-0.0214979195561719,-0.0937700706486833,-0.2775217613927291,-0.0668052333168331,-0.0371357910210445,-0.2619418055635739,0.0019445981059988,0.2351046698872785,0.1274866844862358,-0.1445745992601725,-0.9402372827685084,-0.1729261498485802,0.1954081632653061,WEAKENING,2026-09-09,2026-09-09,,,,,,,,,,,
,6976.T,MLCC,8901.0,-0.0160291841697988,0.0048543689320388,-0.1328787140769605,-0.538449572206378,0.018596580852352,-0.0537357063291835,-0.4151306780001382,0.0380740474512789,0.2102991057662658,0.1975707018752048,-0.2158477202301904,-1.6646203101891015,-0.1414393656576017,0.1928571428571429,WEAKENING,2026-09-09,2026-09-09,,,,,,,,,,,
,6146.T,Semiconductor_Equipment,55140.0,0.0231953980330301,-0.0005437737901032,-0.1242058449809402,-0.3531964809384164,-0.0834844520597269,-0.1178864020955209,-0.2375258178944295,0.0305076874551317,0.2953172205438066,0.1266962358418925,-0.1823698983462297,-1.1995149303759416,-0.2895123495289966,0.161734693877551,WEAKENING,2026-09-09,2026-09-09,,,,,,,,,,,
,DELL,AI_Server,535.25,0.0025661105579113,0.2594117647058824,0.2138013890248971,0.3553466463132388,0.2585978878735377,0.2243910552032413,0.324859096975709,0.2059614174496581,0.2891669620549251,0.2308680755909522,-0.1405634029502649,1.393495758086877,0.2677905898821274,0.8831632653061224,PERSISTENT,2026-09-10,2026-09-09,,,,,,,,,,,
,BOAT,Shipping,50.810001373291016,0.0045472426633073,0.0443987621719419,0.1686638908472097,0.2281291365509468,0.0435848853395972,0.179253557025554,0.1976415872134169,0.0022327894601394,0.536313188943975,0.0716815917716093,-0.044630363121339,1.2373357661109474,1.2619232765948762,0.8357142857142857,PERSISTENT,2026-09-10,2026-09-09,,,,,,,,,,,
,NEM,Gold_Miners,128.7100067138672,0.0127469543052742,0.0517650002939531,0.1004004621997145,0.2868196749121439,0.0509511234616084,0.1109901283780587,0.256332125574614,0.0266648847440245,0.1933551111365136,0.1339092010131258,-0.0925706967429901,0.6123866673682784,0.1449709383665151,0.8056122448979592,PERSISTENT,2026-09-10,2026-09-09,,,,,,,,,,,
,HPE,AI_Server,58.900001525878906,0.0512226094790224,0.1578534059878076,0.0831188004594192,0.2263302918938428,0.1570395291554629,0.0937084666377634,0.1958427425563129,0.1370737058729528,0.1328630334198648,0.1725413430899199,-0.1496155267234785,0.3999121193409922,0.0640044627304402,0.7923469387755102,PERSISTENT,2026-09-10,2026-09-09,,,,,,,,,,,
,META,Internet_AI,653.6900024414062,0.065544146920544,0.1298959920977329,0.0910836022315444,0.1540017356266132,0.1290821152653882,0.1016732684098886,0.1235141862890834,0.1071250915398468,0.2413211955895368,0.1124817445512899,-0.0925524313308643,0.6518054556594013,0.1954130768223939,0.7734693877551022,PERSISTENT,2026-09-10,2026-09-09,,,,,,,,,,,
,ZIM,Shipping,29.3799991607666,-0.0232713020184478,0.0877452392373741,0.1977170133860413,0.1200914858369726,0.0869313624050294,0.2083066795643855,0.0896039364994427,0.0383159858908637,0.3537562945291506,0.1310816417954594,-0.0624782808201161,1.4982705990658296,0.5335883580856952,0.7729591836734694,PERSISTENT,2026-09-10,2026-09-09,,,,,,,,,,,
,NET,Cybersecurity,314.17999267578125,0.1051002679063479,0.1004167347186582,0.0234876092986504,0.3750875286711703,0.0996028578863135,0.0340772754769946,0.3445999793336405,0.0945448323939955,0.0306977931117102,0.2127109475734646,-0.1755886669759351,-0.0093611864810308,0.003389659907794,0.7581632653061223,PERSISTENT,2026-09-10,2026-09-09,,,,,,,,,,,
,IDNA,Genomics,38.59999847412109,-0.0160591658288691,-0.0269725168694825,0.0965908419741101,0.3020744772500827,-0.0277863937018272,0.1071805081524543,0.2715869279125529,-0.05112022736301,0.2216425023705074,0.1578572721108259,-0.0694310776253196,0.6096208878220843,0.135620207006908,0.7316326530612245,PULLBACK_LEADER,2026-09-10,2026-09-09,,,,,,,,,,,
,CVX,Energy,213.8099975585937,0.0191134149118514,0.0130774435770042,0.0966945179174292,0.1519920628089108,0.0122635667446595,0.1072841840957734,0.121504513471381,-0.011096185902353,0.4964770917531436,0.0491474681714289,-0.0291587688944953,0.6093591472666108,0.9767871027794938,0.7301020408163266,PULLBACK_LEADER,2026-09-10,2026-09-09,,,,,,,,,,,
,SCCO,Copper,209.259994506836,0.003356333699829,0.037944516012722,0.0759975272726929,0.1219859141263381,0.0371306391803774,0.0865871934510371,0.0914983647888083,0.0189451341945488,0.1484532309377721,0.143737375434648,-0.0953118012393026,0.4970152661925838,0.0784909174304651,0.7260204081632653,PERSISTENT,2026-09-10,2026-09-09,,,,,,,,,,,
,MU,Memory,1027.77001953125,0.0275028587537664,0.1010563258946737,0.1833578920678753,0.0471858447254314,0.100242449062329,0.1939475582462195,0.0166982953879015,0.0552168528777048,0.3001035636286008,0.1530312853926266,-0.1001433232757289,1.2385444867435371,0.3595758650776454,0.7173469387755103,PERSISTENT,2026-09-10,2026-09-09,,,,,,,,,,,
,COPX,Copper,95.2699966430664,0.009429957782884,0.0675705840838549,0.075403550979928,0.1119431114441842,0.0667567072515102,0.0859932171582722,0.0814555621066543,0.0487196963388729,0.1985732750106083,0.1044391107659432,-0.0747537512970761,0.4877674888882131,0.1433670772922387,0.7163265306122449,PERSISTENT,2026-09-10,2026-09-09,,,,,,,,,,,
,DAC,Shipping,154.69000244140625,0.0105833608131746,0.0238268991380787,0.1456821029960318,0.1864992483262164,0.0230130223057341,0.156271769174376,0.1560116989886866,-0.0125936266109291,0.5241142234500816,0.0664605247730851,-0.0314589264264962,1.0611567121927097,1.1488633672850788,0.7163265306122448,PULLBACK_LEADER,2026-09-10,2026-09-09,,,,,,,,,,,
,FCX,Copper,76.2300033569336,-0.0050900466675568,0.0518835666192361,0.1068680167972961,0.1170154025886187,0.0510696897868914,0.1174576829756404,0.0865278532510889,0.025166562419912,0.2082625408941025,0.1385568063469202,-0.0931047691208409,0.7278528359283386,0.1606316232693194,0.7127551020408164,PERSISTENT,2026-09-10,2026-09-09,,,,,,,,,,,
,GNOM,Genomics,62.75299835205078,-0.0108447773446157,-0.0309914100984387,0.0514208220198619,0.2832256900966869,-0.0318052869307834,0.0620104881982062,0.2527381407591571,-0.0438466156034042,0.1174557540793143,0.1614061228913267,-0.0751624646319815,0.2349047217778445,0.0374190973522581,0.7096938775510204,PULLBACK_LEADER,2026-09-10,2026-09-09,,,,,,,,,,,
,000660.KS,Memory,1853000.0,-0.0016163793103448,0.1610275689223057,0.2323149831678941,-0.2219136494212904,0.0954649182060487,0.3210767884195067,-0.1472239324963101,0.1029488231303322,0.3052267612306983,0.2146690916615847,-0.097472917941449,1.5196663794348837,0.330316532058023,0.7051020408163265,EMERGING,2026-09-10,2026-09-10,,,,,,,,,,,
,GDX,Gold_Miners,99.47000122070312,0.0107712378736744,0.0507024732713299,0.1037505347221674,0.2429089433703106,0.0498885964389852,0.1143402009005116,0.2124213940327808,0.024764839590788,0.1832973550785277,0.146774401180216,-0.1028240979842187,0.6688520048448426,0.1295675434519817,0.7015306122448981,PERSISTENT,2026-09-10,2026-09-09,,,,,,,,,,,
,XLE,Energy,65.30999755859375,0.0083372077121322,0.0083372077121322,0.0718857251186637,0.143023401683241,0.0075233308797875,0.0824753912970079,0.1125358523457111,-0.0096342235675337,0.4244186648253591,0.0427804729453725,-0.0265097823797487,0.493158381854271,0.7131675125196626,0.6994897959183675,NEUTRAL,2026-09-10,2026-09-09,,,,,,,,,,,
,SMCI,AI_Server,38.93000030517578,-0.0330352228466455,0.0604740200509055,0.231962020101885,0.2780696479081908,0.0596601432185608,0.2425516862802292,0.2475820985706609,0.0024835150254342,0.272998169868562,0.2457502431175151,-0.1172189248432828,1.5962716472454783,0.2576811569482264,0.6959183673469387,EMERGING,2026-09-10,2026-09-09,,,,,,,,,,,
,AEM,Gold_Miners,202.57000732421875,0.0036167806161968,0.0470898392132566,0.1170278485639362,0.2482772238499468,0.0462759623809119,0.1276175147422804,0.217789674512417,0.0178328770722725,0.1961542291097191,0.1632899912621409,-0.1348463417822993,0.7290128276978597,0.1405812275571487,0.6954081632653062,EMERGING,2026-09-10,2026-09-09,,,,,,,,,,,
,SBLK,Shipping,31.15999984741211,0.0045131975365073,0.0035426928519943,0.1608864705906596,0.1831207440717097,0.0027288160196496,0.1714761367690038,0.1526331947341799,-0.0366789247956705,0.4155604549215502,0.1014166122588095,-0.0491803489755128,0.9086893790042144,0.6592416510498208,0.688265306122449,NEUTRAL,2026-09-10,2026-09-09,,,,,,,,,,,
,AMD,AI_Semiconductor,521.0999755859375,0.0303713086727515,0.1337873244580192,0.0986253321373022,0.0186288643299585,0.1329734476256745,0.1092149983156465,-0.0118586850075712,0.1091309914236936,0.1986073389897662,0.1420327126779921,-0.1132020632751312,0.6413845819019393,0.1379098828956364,0.6857142857142856,EMERGING,2026-09-10,2026-09-09,,,,,,,,,,,
,MRNA,Biotech,135.61000061035156,-0.0336350114666541,-0.1209567845033139,1.2388971651578131,1.7170907839099725,-0.1217706613356586,1.2494868313361576,1.6866032345724424,-0.4306810757927672,0.2973765543938724,1.8095799391501184,-0.2354627618354927,9.275166613330263,0.2035936419564848,0.6729591836734694,NEUTRAL,2026-09-10,2026-09-09,,,,,,,,,,,
,CEG,Nuclear_Power,293.9049987792969,-0.0172044448208896,0.04849987991549,0.0574680750606655,0.159981135676366,0.0476860030831454,0.0680577412390097,0.1294935863388362,0.0341328611503237,0.1886747357131913,0.0921778454122002,-0.0540171368873686,0.3465471648522549,0.1176288491614256,0.6341836734693879,EMERGING,2026-09-10,2026-09-09,,,,,,,,,,,
,005930.KS,Memory,269000.0,-0.0018552875695733,0.076,0.0528375733855186,-0.2148785620165216,0.0317531729760844,0.1854902196291845,-0.161778801347396,0.0627906066536204,0.085173501577287,0.1910160930563236,-0.1119005328596802,0.2045792203095376,0.0235601151090683,0.6331632653061225,EMERGING,2026-09-10,2026-09-10,,,,,,,,,,,
,REGN,Biotech,807.6500244140625,-0.0032826611451735,-0.0196280531747179,0.0145459363152962,0.3209284375784869,-0.0204419300070626,0.0251356024936404,0.290440888240957,-0.0232645372535419,0.0518024364510907,0.0791763918608802,-0.0554802613150112,-0.0539791892499696,0.0095169143716315,0.6290816326530613,NEUTRAL,2026-09-10,2026-09-09,,,,,,,,,,,
,ORCL,Cloud_AI,161.6300048828125,-0.0054762451775252,0.1437163636143763,0.1110118891226794,-0.1191423953548632,0.1429024867820316,0.1216015553010236,-0.1496299446923931,0.1159633913337064,0.2082528500288352,0.1351343817381962,-0.0953782728207388,0.5868190702831352,0.1710781667812116,0.6285714285714287,EMERGING,2026-09-10,2026-09-09,,,,,,,,,,,
,XOM,Energy,164.22999572753906,0.0222207891451184,-0.0019447421348153,0.0343767878548548,0.1243685011508008,-0.00275861896716,0.0449664540331991,0.093880951813271,-0.010538939098529,0.1400124942656331,0.0658668404499688,-0.0584411183374926,0.1384620195629915,0.0730743994932434,0.6122448979591837,NEUTRAL,2026-09-10,2026-09-09,,,,,,,,,,,
,6857.T,Semiconductor_Equipment,33920.0,0.0328867235079171,0.050805452292441,-0.0562047857540345,0.1179960448253132,-0.016991228539954,-0.0276966632866254,0.2476967015332007,0.0648566487309496,0.1132286995515695,0.1306252863045185,-0.1455796717840126,-0.612914766404868,-0.0487194706288943,0.610204081632653,NEUTRAL,2026-09-10,2026-09-10,,,,,,,,,,,
,AAPL,Consumer_Tech,315.3399963378906,-0.00278288811402,-0.0301110583394187,0.0342067906940153,0.0840928128207776,-0.0309249351717634,0.0447964568723595,0.0536052634832477,-0.0386627560129225,0.1628414467383587,0.0581706582723549,-0.0392126853302972,0.2030616545093027,0.0957576113168536,0.604591836734694,NEUTRAL,2026-09-10,2026-09-09,,,,,,,,,,,
,IBB,Biotech,205.4900054931641,-0.0088747230098901,-0.0252822390944029,0.0287874228590465,0.2042593800962746,-0.0260961159267476,0.0393770890373907,0.1737718307587448,-0.0324790948091646,0.1017159052567649,0.0905953561305471,-0.0528668918960261,0.1059699003509429,0.0323210692157088,0.6000000000000001,NEUTRAL,2026-09-10,2026-09-09,,,,,,,,,,,
,BAC,Financials,62.66999816894531,0.0044878791799336,0.0161274700148159,-0.0157852371895318,0.1244152769034223,0.0153135931824712,-0.0051955710111876,0.0939277275658925,0.0200737793121989,0.0948317748062068,0.0473114762628943,-0.0561641477320122,-0.2851832732046718,-0.0316401468874534,0.5979591836734693,NEUTRAL,2026-09-10,2026-09-09,,,,,,,,,,,
,TSM,Foundry,435.3599853515625,-0.0082916051217255,0.0515941675158515,0.0315120785431042,0.026961981632007,0.0507802906835068,0.0421017447214484,-0.0035255677055228,0.0437161478800754,0.1199493795750218,0.0765696790390559,-0.0483792515591779,0.1885403354052874,0.0493648963636992,0.5877551020408163,EMERGING,2026-09-10,2026-09-09,,,,,,,,,,,
,NVDA,AI_Semiconductor,223.6699981689453,-0.0091259362848711,0.0286515620750045,0.0283678076733118,0.0900628466672794,0.0278376852426598,0.038957473851656,0.0595752973297496,0.0215596101566765,0.0705062113615301,0.1269218958488178,-0.0746560457007837,0.1526122503843072,0.0157585626207488,0.5852040816326531,EMERGING,2026-09-10,2026-09-09,,,,,,,,,,,
,QCOM,Semiconductor,176.39999389648438,0.0132689850490335,0.0645222658733344,0.0902389122272115,-0.162289547943381,0.0637083890409897,0.1008285784055558,-0.1927770972809108,0.0419625378165315,0.3452091948997074,0.071992239284439,-0.043790350513617,0.440280387686601,0.4327036156703402,0.5790816326530612,EMERGING,2026-09-10,2026-09-09,,,,,,,,,,,
,VST,Power,151.10000610351562,-0.0040864428697545,0.0942931930750647,0.0426442727894997,0.0222375737232496,0.0934793162427201,0.053233938967844,-0.0082499756142802,0.0836321248776898,0.1431883594782171,0.0877884798201356,-0.0841828178603537,0.2521141592712949,0.0695554072058268,0.573469387755102,EMERGING,2026-09-10,2026-09-09,,,,,,,,,,,
,URA,Uranium,46.86000061035156,-0.0134736713610197,0.0664543030246627,0.0374142685391591,0.0294376128979003,0.065640426192318,0.0480039347175034,-0.0010499364396294,0.0571007358898729,0.0889006970801616,0.1272340289971618,-0.0915857019433504,0.1462360387311797,0.0261420201819578,0.5683673469387754,EMERGING,2026-09-10,2026-09-09,,,,,,,,,,,
,XBI,Biotech,159.3800048828125,-0.0157474705632475,-0.0246021368655532,0.0082874517485584,0.192439444340303,-0.0254160136978979,0.0188771179269027,0.1619518950027731,-0.0266739998026928,0.0277248339616621,0.093755346722789,-0.0599822942252661,-0.0635007876013037,0.0024507212839118,0.5505102040816326,NEUTRAL,2026-09-10,2026-09-09,,,,,,,,,,,
,INTC,Semiconductor,106.23999786376952,0.0169426306344835,0.1941103338891234,0.087299138872394,-0.1471461979285553,0.1932964570567787,0.0978888050507382,-0.1776337472660851,0.1722855491710249,0.1658565530786838,0.1578608076891967,-0.1654552010932157,0.4780095418563047,0.0917208930580145,0.5494897959183673,EARLY_EMERGING,2026-09-10,2026-09-09,,,,,,,,,,,
,TSLA,EV,367.80999755859375,-0.0009506901891408,0.0329130313719403,0.1051651099929411,-0.0950225028003668,0.0320991545395956,0.1157547761712853,-0.1255100521378966,0.006621753873705,0.1879901861150049,0.1476042799335646,-0.0592236597871772,0.6825029377239022,0.1339392638836507,0.5459183673469388,EARLY_EMERGING,2026-09-10,2026-09-09,,,,,,,,,,,
,VRTX,Biotech,521.1199951171875,-0.0147098297178073,-0.0484434001902215,-0.0161050295547735,0.1712404281473682,-0.0492572770225662,-0.0055153633764293,0.1407528788098384,-0.0444171428015281,0.0532096105947113,0.0844914289155743,-0.0660262839714243,-0.251928678617544,-0.010142358369653,0.5403061224489797,WEAKENING,2026-09-10,2026-09-09,,,,,,,,,,,
,JPM,Financials,354.7099914550781,0.0033944772603431,-0.0006762100118287,-0.020246428341729,0.1109625660782194,-0.0014900868441733,-0.0096567621633848,0.0804750167406895,0.0043853970736035,0.1412608140772673,0.041298488533014,-0.0373240734875464,-0.2617919435639422,-0.0692525816634523,0.539795918367347,NEUTRAL,2026-09-10,2026-09-09,,,,,,,,,,,
,ANET,AI_Networking,192.92999267578125,-0.010412463931976,0.019391304424944,-0.0248673908312149,0.1818793566743692,0.0185774275925993,-0.0142777246528706,0.1513918073368394,0.0256081521327478,0.0531778427579291,0.1335171412782166,-0.1270783847980997,-0.3536102910460929,-0.0099043028240604,0.5321428571428571,NEUTRAL,2026-09-10,2026-09-09,,,,,,,,,,,
,XLF,Financials,57.060001373291016,-0.004188444449652,-0.002447541744425,-0.0128027313760767,0.0734885604233859,-0.0032614185767697,-0.0022130651977325,0.043001011085856,0.0007531410995941,0.0918112640673053,0.0368581241529981,-0.0256147534976688,-0.1728376477260957,-0.031890796891142,0.5270408163265307,NEUTRAL,2026-09-10,2026-09-09,,,,,,,,,,,
,009150.KS,MLCC,1400000.0,-0.0028490028490028,0.0385756676557864,0.0486891385767789,-0.31640625,-0.0189956950141628,0.1157919055209324,-0.2758311120880119,0.0264033830115917,0.0632911392405063,0.208305718422583,-0.1553273427471116,-0.0388035951609528,0.0147935979506414,0.5239795918367347,EARLY_EMERGING,2026-09-10,2026-09-10,,,,,,,,,,,
,QQQ,Factor_Growth,716.3099975585938,-0.0028537054328903,0.0122519681344808,-0.0029786548988475,-0.0058818541690155,0.0114380913021361,0.0076110112794967,-0.0363694035065453,0.0129966318591926,0.0245189497033558,0.0360668332335631,-0.0351742316204409,-0.0600494217403503,-0.0020249487715082,0.514795918367347,NEUTRAL,2026-09-10,2026-09-09,,,,,,,,,,,
,SPY,Market_US,762.4000244140625,-0.0046477589645284,0.0008138768323446,-0.0105896661783442,0.0304875493375298,0.0,0.0,0.0,0.0034612933769307,0.116073808401336,0.0236687630897148,-0.020697248270783,-0.1135861015353335,-0.051932704652123,0.508673469387755,NEUTRAL,2026-09-10,2026-09-09,,,,,,,,,,,
,CCJ,Uranium,100.41000366210938,-0.015298593114825,0.0431124188009646,0.0170161070399457,-0.0054476567685297,0.0422985419686199,0.0276057732182899,-0.0359352061060596,0.0388583920409781,0.0420630756067934,0.129786950213072,-0.1033904471965031,-0.0036230840662534,0.0055148055777524,0.5020408163265306,EARLY_EMERGING,2026-09-10,2026-09-09,,,,,,,,,,,
,PLTR,Software_AI,169.52999877929688,-0.0045214577725339,-0.0577478851455534,-0.0309249090351497,0.3245566185550048,-0.058561761977898,-0.0203352428568055,0.294069069217475,-0.0500166578867659,0.0575226221035481,0.1527432631941034,-0.0907822605734121,-0.456521498084653,-0.0116462213705291,0.5020408163265306,WEAKENING,2026-09-10,2026-09-09,,,,,,,,,,,
,GS,Financials,1028.780029296875,-0.0074768697297242,0.0261530799175426,-0.0005717106743161,-0.0272231563329726,0.0253392030851979,0.010017955504028,-0.0577107056705025,0.0262960075861217,0.0025278795594641,0.0707807654039582,-0.0485511119699242,-0.1162752892594757,-2.041819863466009e-05,0.5010204081632653,NEUTRAL,2026-09-10,2026-09-09,,,,,,,,,,,
,MSFT,Cloud_AI,491.6499938964844,-0.0046563786895562,-0.0187018388939603,-0.0222989974526979,0.2606222676414409,-0.019515715726305,-0.0117093312743536,0.230134718303911,-0.0131270895307858,0.0939442075634701,0.0654533743377765,-0.0465651233360517,-0.3515806904770472,-0.0320054033324985,0.4887755102040817,WEAKENING,2026-09-10,2026-09-09,,,,,,,,,,,
,BNTX,Biotech,98.12999725341795,-0.0053720493514937,-0.0374221634491793,0.0574352804566982,0.0838303099308779,-0.038236040281524,0.0680249466350424,0.053342760593348,-0.0517809835633539,0.089384421990001,0.2572323846263337,-0.15818823444867,0.3581793699678787,0.0199579044174907,0.488265306122449,NEUTRAL,2026-09-10,2026-09-09,,,,,,,,,,,
,UEC,Uranium,11.600000381469728,-0.0243902399898489,0.0008628325064865,0.0122164348042526,0.0516773039254636,4.895567414187063e-05,0.0228061009825968,0.0211897545879338,-0.0021912761945765,0.0179948989467049,0.2179052971390544,-0.1549192125114789,-0.1334454990426176,0.0010088488562591,0.4801020408163265,NEUTRAL,2026-09-10,2026-09-09,,,,,,,,,,,
,RSP,Factor_Breadth,214.63999938964844,-0.0096433183181439,-0.0135575945488836,-0.0274140331905796,0.0180546208297305,-0.0143714713812282,-0.0168243670122354,-0.0124329285077993,-0.0067040862512386,0.2555976222877326,0.0280758407552676,-0.0364950609457681,-0.2622720217662035,-0.249572640118159,0.4658163265306123,WEAKENING,2026-09-10,2026-09-09,,,,,,,,,,,
,MTUM,Factor_Momentum,309.2900085449219,0.0019437173176009,0.0430663024564634,0.0030810540906609,-0.0455249134317202,0.0422524256241187,0.0136707202690051,-0.0760124627692501,0.0422960389337982,0.0156380295982237,0.0590710592989329,-0.0793306353572576,-0.0396751639971564,0.0008156551725212,0.4591836734693877,EARLY_EMERGING,2026-09-10,2026-09-09,,,,,,,,,,,
,SOXX,Semiconductor,532.0,0.0068129739205244,0.0633407339370524,-0.0041183305068488,-0.1073330941633127,0.0625268571047077,0.0064713356714953,-0.1378206435008425,0.0643703165637646,0.0133528288215132,0.093051078485506,-0.1051831414941038,-0.1541893921119703,-0.0005909803860783,0.4581632653061225,NEUTRAL,2026-09-10,2026-09-09,,,,,,,,,,,
,IGV,Software,101.83000183105467,-0.0080849581282552,-0.040968152774709,-0.0201115894410705,0.1229228400704325,-0.0417820296070536,-0.0095219232627262,0.0924352907329026,-0.0359402554144413,0.0548987857496427,0.1139954260991732,-0.0769579213855622,-0.2610582186724237,-0.0096854924587023,0.4576530612244898,WEAKENING,2026-09-10,2026-09-09,,,,,,,,,,,
,SMH,Semiconductor,574.2899780273438,0.0009760646604806,0.0533179430069841,0.0023737374006393,-0.0736661112437453,0.0525040661746394,0.0129634035789836,-0.1041536605812751,0.0527245086568242,0.0082593469029487,0.08559318168657,-0.0822294275402351,-0.0721047443810187,0.0002290547011113,0.4494897959183673,NEUTRAL,2026-09-10,2026-09-09,,,,,,,,,,,
,IWM,Factor_SmallCap,290.6400146484375,-0.0136763111129568,0.0002409310061399,-0.0343864444723832,-0.0055259626264486,-0.0005729458262047,-0.023796778294039,-0.0360135119639785,0.0088375421242357,0.250787157610472,0.0360847789558035,-0.0475924782456348,-0.3117056776411163,-0.2389838297228192,0.4443877551020408,WEAKENING,2026-09-10,2026-09-09,,,,,,,,,,,
,LRCX,Semiconductor_Equipment,315.8399963378906,-0.0142937922037029,0.0883528016965333,0.0142255952721028,-0.1383482323827097,0.0875389248641886,0.0248152614504471,-0.1688357817202396,0.0847964028785076,0.0263737182142571,0.1478901304654818,-0.16147042114063,-0.0597381514133831,0.0025368957343916,0.4433673469387755,NEUTRAL,2026-09-10,2026-09-09,,,,,,,,,,,
,AMGN,Biotech,391.2699890136719,-0.0048325771273798,-0.1069341884087812,-0.0500685860892859,0.1079858746899404,-0.1077480652411259,-0.0394789199109417,0.0774983253524106,-0.0944170418864597,0.1523263449102266,0.1208536033138146,-0.1189993845910278,-0.5915315583896854,-0.0631074664277895,0.4346938775510204,WEAKENING,2026-09-10,2026-09-09,,,,,,,,,,,
,XLU,Utilities,42.93999862670898,-0.0117376784183045,0.0089285066061215,-0.0158148618958091,-0.0295487492461767,0.0081146297737768,-0.0052251957174649,-0.0600362985837066,0.0128822220800738,0.1155782747603833,0.0388948807841181,-0.046942039417504,-0.1609556432815363,-0.046994730839687,0.4290816326530613,WEAKENING,2026-09-10,2026-09-09,,,,,,,,,,,
,CRWD,Cybersecurity,207.8000030517578,-0.0105704274618674,-0.0338029665917172,-0.0635420965865558,0.217340402851704,-0.0346168434240619,-0.0529524304082116,0.1868528535141742,-0.0179174424450782,0.089082572619268,0.2666892496518808,-0.1780250703400884,-0.7327361236264285,-0.0212250529068616,0.4260204081632653,WEAKENING,2026-09-10,2026-09-09,,,,,,,,,,,
,ZS,Cybersecurity,166.10000610351562,0.0256885488415041,-0.0687895349529532,-0.0697283491204041,0.2824274291568447,-0.0696034117852979,-0.0591386829420599,0.2519398798193148,-0.0513574476728522,0.1068761234677187,0.1829769235262005,-0.1403773805586733,-0.7382191077755098,-0.040728062895458,0.4193877551020407,WEAKENING,2026-09-10,2026-09-09,,,,,,,,,,,
,ASML,Semiconductor_Equipment,1729.52001953125,-0.0200186738495762,0.0386634182810177,-0.0388244757427501,-0.070721616865895,0.037849541448673,-0.0282348095644059,-0.1012091662034249,0.0483695372167052,0.1259782252900363,0.0926433457178336,-0.1258178205984124,-0.420088650178631,-0.0527942780346523,0.4178571428571428,WEAKENING,2026-09-10,2026-09-09,,,,,,,,,,,
,GM,Auto,83.76000213623047,-0.0236624170373386,-0.0198152194913598,-0.0606242909926265,0.0298554771610088,-0.0206290963237045,-0.0500346248142823,-0.0006320721765209,-0.0046591467432032,0.2453277572854092,0.0707118811362793,-0.0631225981024913,-0.5852776651075142,-0.2103298781936728,0.4122448979591837,WEAKENING,2026-09-10,2026-09-09,,,,,,,,,,,
,FTNT,Cybersecurity,157.22000122070312,-0.0015876039757541,-0.0286067637207949,-0.0288467365899806,0.0746411342526223,-0.0294206405531396,-0.0182570704116363,0.0441535849150924,-0.0213950795732998,0.0576045223388731,0.1523786040690274,-0.1055678065865899,-0.4268103994463705,-0.0109050905962386,0.4112244897959184,WEAKENING,2026-09-10,2026-09-09,,,,,,,,,,,
,HACK,Cybersecurity,110.95999908447266,0.0070793136425526,-0.0079570800338845,-0.0659932976926733,0.1552316039457113,-0.0087709568662291,-0.0554036315143291,0.1247440546081815,0.0085412443892838,0.1653310941772879,0.1234949344934826,-0.1132168604549995,-0.6778644733044641,-0.0883497299759528,0.4081632653061224,NEUTRAL,2026-09-10,2026-09-09,,,,,,,,,,,
,ETN,Power_Grid,415.2200012207031,-0.0163693733735598,0.0627319758943074,-0.0959524625058513,0.0634956987447856,0.0619180990619627,-0.0853627963275071,0.0330081494072558,0.0867200915207702,0.3031159047030123,0.0975480854339945,-0.1505565729335032,-0.839525285863218,-0.2981577480638823,0.4076530612244897,NEUTRAL,2026-09-10,2026-09-09,,,,,,,,,,,
,NRG,Power,115.37000274658205,-0.0356903766704286,0.0535110994068077,-0.0368978890989588,-0.0772333850436864,0.052697222574463,-0.0263082229206146,-0.1077209343812163,0.0627355716815474,0.0759972127000551,0.1411400170117851,-0.1325253169410938,-0.4256179426719096,-0.0198677652547149,0.3923469387755102,WEAKENING,2026-09-10,2026-09-09,,,,,,,,,,,
,6981.T,MLCC,7525.0,0.0556958473625139,0.0904216780176785,-0.0945734568643965,-0.285375118708452,-0.0230360990545669,-0.0100779987267155,-0.2296242044935008,0.1140650422337776,0.1873212583412774,0.174437485082404,-0.1696546745277343,-1.1022132123842434,-0.1015585551302488,0.3882653061224489,WEAKENING,2026-09-10,2026-09-10,,,,,,,,,,,
,GEV,Power_Grid,951.0399780273438,-0.0208687438430563,0.0584398373102335,-0.060125732855562,0.0115514237885958,0.0576259604778888,-0.0495360666772177,-0.0189361255489339,0.073471270524124,0.1540877892750707,0.1156889610043319,-0.1672566920325533,-0.5814475078173569,-0.0800823274219752,0.3826530612244898,WEAKENING,2026-09-10,2026-09-09,,,,,,,,,,,
,VRT,AI_Infrastructure,262.8900146484375,-0.0960697768931251,0.0270344704251799,-0.0671373729607389,-0.1318232117697568,0.0262205935928352,-0.0565477067823947,-0.1623107611072867,0.0438188136653646,0.122507058328828,0.1678382344125807,-0.1322828600654159,-0.7118133996319436,-0.0490043409603993,0.3755102040816326,WEAKENING,2026-09-10,2026-09-09,,,,,,,,,,,
,F,Auto,13.449999809265137,-0.0392857279096331,-0.0281792152473226,-0.0379112840004005,-0.0838498717434369,-0.0289930920796673,-0.0273216178220563,-0.1143374210809667,-0.0187013942472225,0.097966733494418,0.1089509294803094,-0.0800273656260157,-0.4113323347440756,-0.0340891507196335,0.3729591836734693,WEAKENING,2026-09-10,2026-09-09,,,,,,,,,,,
,CAT,Industrials,815.5599975585938,-0.0084135578670405,0.0467170102015885,-0.0329748481919012,-0.1026796848652562,0.0459031333692439,-0.0223851820135569,-0.1331672342027861,0.0549607222495638,0.1159474392848518,0.0840584244565712,-0.1162479991282768,-0.3744354341825868,-0.0454844262591788,0.3647959183673469,WEAKENING,2026-09-10,2026-09-09,,,,,,,,,,,
,AMZN,Cloud_AI,252.3999938964844,-0.0177842055590516,-0.0098854710911727,-0.072979013181617,0.058059067983837,-0.0106993479235174,-0.0623893470032728,0.0275715186463072,0.0083592822042314,0.2929384775207623,0.0723935810931627,-0.072979013181617,-0.6677453493569727,-0.2953074110932417,0.3627551020408163,NEUTRAL,2026-09-10,2026-09-09,,,,,,,,,,,
,NVO,Pharma,44.560001373291016,-0.0132860601450041,-0.012411293702359,-0.0432604051479702,0.0284731671231246,-0.0132251705347037,-0.032670738969626,-0.0020143822144051,-0.0015961924153664,0.1284444453090954,0.0890322734870632,-0.0842580864565938,-0.519444913528275,-0.0624106127525224,0.3607142857142857,WEAKENING,2026-09-10,2026-09-09,,,,,,,,,,,
,URI,Industrials,1028.77001953125,0.0133968072835515,0.0390041853910385,-0.0988507349806477,-0.0406750586083234,0.0381903085586938,-0.0882610688023035,-0.0711626079458532,0.0637168691362005,0.3403297616759915,0.0866307532915755,-0.158822777335008,-0.9029523897523504,-0.3883360792700386,0.3591836734693877,WEAKENING,2026-09-10,2026-09-09,,,,,,,,,,,
,GOOGL,Cloud_AI,330.6499938964844,-0.0227863571014973,-0.012409575418861,-0.0376307434776927,-0.0801197240071951,-0.0132234522512056,-0.0270410772993485,-0.1106072733447249,-0.0030018895494378,0.2100320752752673,0.0510552618822651,-0.0494095230140558,-0.3949949526801247,-0.1548060445757209,0.3484693877551021,WEAKENING,2026-09-10,2026-09-09,,,,,,,,,,,
,XLI,Industrials,171.7899932861328,-0.0150785741911604,-0.005442033605379,-0.0749057829332454,-0.0225187199459618,-0.0062559104377237,-0.0643161167549012,-0.0530062692834917,0.0132844121279322,0.5427227643196066,0.0354406063465297,-0.078923390993739,-0.639743495366818,-1.1470761301192034,0.3280612244897959,WEAKENING,2026-09-10,2026-09-09,,,,,,,,,,,
,6976.T,MLCC,9403.0,0.0480383415069103,0.0616461555831546,-0.140100594421582,-0.5342743932639921,-0.0343159774463702,-0.0465756808097874,-0.4805628139240878,0.0966713041885501,0.2480569948186528,0.1914488675700769,-0.2158477202301904,-1.718807898240412,-0.1815259231648564,0.3153061224489796,WEAKENING,2026-09-10,2026-09-10,,,,,,,,,,,
,COST,Consumer,902.5999755859376,-0.0083280418717618,-0.0397464206066048,-0.0441799722707317,-0.0797220260057813,-0.0405602974389495,-0.0335903060923875,-0.1102095753433112,-0.0287014275389218,0.2197179485778335,0.0552383711507008,-0.0708256610036883,-0.414382892090289,-0.1757317001449561,0.3107142857142856,WEAKENING,2026-09-10,2026-09-09,,,,,,,,,,,
,PANW,Cybersecurity,335.1000061035156,-0.0055789804187785,-0.0745394529187402,-0.126888961017172,0.198412173503818,-0.0753533297510848,-0.1162992948388278,0.1679246241662881,-0.0428172126644471,0.2266380010535152,0.1927519667126403,-0.1705050227617977,-1.2809070591111524,-0.1491961974300488,0.3071428571428571,WEAKENING,2026-09-10,2026-09-09,,,,,,,,,,,
,HUBB,Power_Grid,454.9700012207031,-0.0210435691862224,0.0263021446083409,-0.1217045784723594,-0.0430081104951536,0.0254882677759962,-0.1111149122940152,-0.0734956598326834,0.0567282892264307,0.4794077657128177,0.0696379215808365,-0.1442135962184731,-1.0572405152293105,-0.8378498197239462,0.3056122448979592,WEAKENING,2026-09-10,2026-09-09,,,,,,,,,,,
,LLY,Pharma,1124.2099609375,0.0002668601121897,-0.030853481950431,-0.0734136476362636,-0.0063363599728319,-0.0316673587827757,-0.0628239814579194,-0.0368239093103618,-0.0125000700413651,0.270539538163726,0.0850805525889233,-0.1221784337103001,-0.7029273069685769,-0.2334410593498547,0.2938775510204081,WEAKENING,2026-09-10,2026-09-09,,,,,,,,,,,
,8035.T,Semiconductor_Equipment,52810.0,-0.0165735567970204,-0.0091932457786115,-0.1119892382713974,-0.2547276319503245,-0.0240950699934942,-0.0399934041976685,-0.1851600154388581,0.0188040637892377,0.3527542372881356,0.1046924031159564,-0.1211516059244466,-1.1320068905291656,-0.3773404483527904,0.2831632653061224,WEAKENING,2026-09-10,2026-09-10,,,,,,,,,,,
,RTX,Defense,197.5500030517578,-0.0063376818183632,-0.0370930028978013,-0.1145972518439968,0.0799665632243182,-0.037906879730146,-0.1040075856656526,0.0494790138867884,-0.0084436899368021,0.5312571631296064,0.0584209091586061,-0.1239079416415788,-1.0662997079426748,-1.0421031064718094,0.2801020408163265,WEAKENING,2026-09-10,2026-09-09,,,,,,,,,,,
,KLAC,Semiconductor_Equipment,182.9100036621093,-0.0321197597770139,0.0703376693509956,-0.0865629264880361,-0.280597382176958,0.0695237925186509,-0.0759732603096918,-0.3110849315144879,0.0919784009730046,0.2157177450718261,0.1309843682734508,-0.1828669230888776,-0.9191011085714348,-0.142560211992886,0.2765306122448979,WEAKENING,2026-09-10,2026-09-09,,,,,,,,,,,
,ITA,Defense,219.4499969482422,-0.0182525918370495,-0.0266566556668843,-0.1288209517050531,-0.060678158121596,-0.027470532499229,-0.1182312855267089,-0.0911657074591258,0.0055485822593789,0.6168024662318644,0.0548667201408032,-0.133362309887312,-1.0941216643968097,-1.4481835347566572,0.275,WEAKENING,2026-09-10,2026-09-09,,,,,,,,,,,
,TXN,Analog_Semiconductor,261.5899963378906,0.0103119989637319,0.0325649329725126,-0.0698691316270805,-0.1268286312587241,0.0317510561401679,-0.0592794654487363,-0.1573161805962539,0.0500322158792827,0.2558925864032063,0.0775378704299333,-0.1045208968981364,-0.6586142512988633,-0.2305840062754361,0.2739795918367347,WEAKENING,2026-09-10,2026-09-09,,,,,,,,,,,
,LMT,Defense,524.4600219726562,-0.0218036032996208,-0.0368043673596762,-0.1172124480629535,-0.0233673438885736,-0.0376182441920209,-0.1066227818846092,-0.0538548932261034,-0.0075012553439379,0.3876674225841505,0.078365488078917,-0.1330355051991618,-1.0650649963442196,-0.579840038635177,0.2709183673469388,WEAKENING,2026-09-10,2026-09-09,,,,,,,,,,,
,6762.T,Electronic_Components,2850.5,0.013511111111111,0.0063548102383053,-0.118856259659969,-0.2502630194634403,-0.0873679528310455,-0.0626035906085537,-0.2810056121032321,0.0360688751532975,0.334493257938234,0.1201202043170204,-0.1445745992601725,-1.1415456910600543,-0.330973608861756,0.2683673469387755,WEAKENING,2026-09-10,2026-09-10,,,,,,,,,,,
,PWR,Power_Grid,626.97998046875,-0.018887422822593,0.0254992156345195,-0.0650183952845887,-0.113974393818235,0.0246853388021748,-0.0544287291062445,-0.1444619431557648,0.0417538144556667,0.1629543164554334,0.1095529106416644,-0.1655937004275781,-0.6351366940777535,-0.0967115168239072,0.2673469387755102,WEAKENING,2026-09-10,2026-09-09,,,,,,,,,,,
,WMT,Consumer,105.83000183105467,-0.0020745046145426,-0.0008496633255892,-0.063364294897419,-0.1235677619318553,-0.0016635401579339,-0.0527746287190747,-0.1540553112693852,0.0149914103987655,0.2254377780105376,0.1092780410628856,-0.1132170026831081,-0.6302000769692859,-0.1307189048041064,0.25,WEAKENING,2026-09-10,2026-09-09,,,,,,,,,,,
,AVGO,AI_Semiconductor,364.3800048828125,-0.0113414171463811,-0.0143366909163974,-0.124254910973647,-0.044791044911046,-0.0151505677487421,-0.1136652447953028,-0.0752785942485758,0.0167270368270143,0.4136660037188564,0.1060304456756616,-0.1489397584975844,-1.100764454509381,-0.484766730323282,0.2459183673469387,WEAKENING,2026-09-10,2026-09-09,,,,,,,,,,,
,NOC,Defense,515.5700073242188,-0.0058043304146513,-0.0325382647992021,-0.1003581484742053,-0.0589013662871826,-0.0333521416315468,-0.0897684822958611,-0.0893889156247125,-0.0074487276806508,0.3775462655973229,0.0731498677798196,-0.1219030115196846,-0.8892694508088188,-0.5179755661725312,0.2249999999999999,WEAKENING,2026-09-10,2026-09-09,,,,,,,,,,,
,AMAT,Semiconductor_Equipment,468.8500061035156,-0.0083335146052095,0.0611067095779884,-0.1070349013268979,-0.1725846915363236,0.0602928327456437,-0.0964452351485537,-0.2030722408738534,0.0878654349097129,0.2365950847926901,0.1362129877736347,-0.2039111513084451,-1.0830199088295172,-0.185914221317127,0.2076530612244898,WEAKENING,2026-09-10,2026-09-09,,,,,,,,,,,
,6146.T,Semiconductor_Equipment,53580.0,-0.0001866019779809,-0.0085122131754256,-0.1860853714112107,-0.3429797670141018,-0.053826776637964,-0.1353438615836228,-0.2887546607993263,0.038009129677377,0.5403617115130128,0.1098252597393886,-0.187073281747838,-1.698469253355796,-0.9155763439294942,0.198469387755102,WEAKENING,2026-09-10,2026-09-10,,,,,,,,,,,
,FCX,Copper,71.20999908447266,-0.0658533917276069,-0.0367915759431249,0.0287488851296688,0.0178645779601829,-0.0272119372898326,0.0477264425477053,0.0113036809743156,-0.0439787972255422,0.0497374905919747,0.1558783542895058,-0.1088725338372368,0.1044031285562406,0.0091731620479581,0.6326530612244898,NEUTRAL,2026-09-11,2026-09-10,,,,,,,,,,,
,DAC,Shipping,156.88999938964844,0.0142219724191645,0.0233513918730996,0.122165811668057,0.2032819281078948,0.032931030526392,0.1411433690860934,0.1967210311220275,-0.0071900610439146,0.4888382397447492,0.0599276919175687,-0.0314589264264962,0.8717923685518966,0.996522949940174,0.8195876288659792,PULLBACK_LEADER,2026-09-11,2026-09-10,,,,,,,,,,,
,BOAT,Shipping,51.02999877929688,0.0043298051576416,0.0376168861862815,0.1506200797069623,0.2317057888535352,0.0471965248395739,0.1695976371249987,0.2251448918676679,-3.813374045902318e-05,0.5130575926354557,0.0705973263619272,-0.044630363121339,1.090205756462988,1.0946133441490995,0.8051546391752578,PULLBACK_LEADER,2026-09-11,2026-09-10,,,,,,,,,,,
,CVX,Energy,212.759994506836,-0.0049109165321891,0.0046274234261391,0.091641785225556,0.1896718100598546,0.0142070620794315,0.1106193426435924,0.1831109130739874,-0.0182830228802498,0.4584313421390475,0.0498503022884226,-0.0291587688944953,0.5673934312608089,0.8427524943359636,0.7871134020618558,PULLBACK_LEADER,2026-09-11,2026-09-10,,,,,,,,,,,
,SBLK,Shipping,30.739999771118164,-0.0134788215131788,-0.033940915589692,0.1362052891742564,0.1706230832193758,-0.0243612769363996,0.1551828465922928,0.1640621862335085,-0.0679922378832561,0.347695502763813,0.1036086005734718,-0.0518198177887745,0.7167168010673671,0.4570852828472548,0.7706185567010311,PULLBACK_LEADER,2026-09-11,2026-09-10,,,,,,,,,,,
,NET,Cybersecurity,311.1700134277344,-0.0095804294296774,0.1409035145903434,-0.0008990167549287,0.3201391734101027,0.1504831532436358,0.0180785406631076,0.3135782764242354,0.1411282687790756,0.0011996520420692,0.2126037764876335,-0.1755886669759351,-0.2046875797544282,-5.072851027025471e-06,0.7680412371134021,PERSISTENT,2026-09-11,2026-09-10,,,,,,,,,,,
,IDNA,Genomics,37.880001068115234,-0.0186527832763665,-0.0577114340993504,0.0694523722851783,0.2643525442478158,-0.048131795446058,0.0884299297032147,0.2577916472619486,-0.075074527170645,0.155303137033058,0.1596338737470139,-0.0867887780580964,0.3923124891475225,0.067568186106727,0.765979381443299,PULLBACK_LEADER,2026-09-11,2026-09-10,,,,,,,,,,,
,XLE,Energy,64.93000030517578,-0.0058183626951915,-0.0026113390619032,0.063903024805596,0.1772863886309932,0.0069682995913891,0.0828805822236324,0.1707254916451259,-0.0185870952633022,0.3679249900313957,0.0437644272468269,-0.0265097823797487,0.4277197948133376,0.5372290063793674,0.7654639175257733,PULLBACK_LEADER,2026-09-11,2026-09-10,,,,,,,,,,,
,META,Internet_AI,644.3800048828125,-0.0142422211198315,0.0869191725038798,0.1132072766014071,0.0857653603982733,0.0964988111571721,0.1321848340194436,0.079204463412406,0.058617353353528,0.3045497919638004,0.1069955781685277,-0.0862228184934162,0.8279929539378832,0.3222306297877298,0.7618556701030927,PERSISTENT,2026-09-11,2026-09-10,,,,,,,,,,,
,ZIM,Shipping,29.46999931335449,0.0030633136541431,0.0517487092042163,0.1662049378515329,0.1825842384883818,0.0613283478575087,0.1851824952695693,0.1760233415025145,0.0101974747413331,0.3215925748345929,0.1293664418471172,-0.0624782808201161,1.2436415761322468,0.4131695449818778,0.7530927835051546,PERSISTENT,2026-09-11,2026-09-10,,,,,,,,,,,
,AAPL,Consumer_Tech,326.57000732421875,0.0356123901717022,0.0049545048974535,0.0804632169535772,0.1026639508750431,0.0145341435507458,0.0994407743716137,0.0961030538891758,-0.0151612993409407,0.3348940919780199,0.0661108903133047,-0.0392126853302972,0.574080296620838,0.4075978382925467,0.73659793814433,PULLBACK_LEADER,2026-09-11,2026-09-10,,,,,,,,,,,
,XOM,Energy,165.22999572753906,0.0060890216526523,0.0065793595565757,0.0410008785792683,0.1801013261016499,0.0161589982098681,0.0599784359973047,0.1735404291157827,-0.0036708600882413,0.1629665746037908,0.0659623377598096,-0.0584411183374926,0.1900585268609413,0.1012967848735109,0.7355670103092784,PULLBACK_LEADER,2026-09-11,2026-09-10,,,,,,,,,,,
,NEM,Gold_Miners,126.13999938964844,-0.0199674243660952,0.0099279251290689,0.0726628283709318,0.1947313209396521,0.0195075637823612,0.0916403857889682,0.1881704239537849,-0.008237781963664,0.1363314010515683,0.1362548550419183,-0.0925706967429901,0.3894493255434499,0.0727036492984501,0.7283505154639176,PULLBACK_LEADER,2026-09-11,2026-09-10,,,,,,,,,,,
,DELL,AI_Server,506.6199951171875,-0.053489032943134,0.0292969982781936,0.0456553046794374,0.2405142557044788,0.038876636931486,0.0646328620974738,0.2339533587186115,0.0178831721083342,0.0710933794297762,0.2198705619966754,-0.1405634029502649,0.0563194823626526,0.0147622759003379,0.7211340206185566,PERSISTENT,2026-09-11,2026-09-10,,,,,,,,,,,
,6857.T,Semiconductor_Equipment,33920.0,0.0328867235079171,0.050805452292441,-0.0562047857540345,0.1179960448253132,0.0519889810011718,0.0007431145815675,0.3175181340681254,0.0648566487309496,0.1132286995515695,0.1306252863045185,-0.1455796717840126,-0.6129147808355425,-0.0487194706288943,0.7015463917525774,PERSISTENT,2026-09-11,2026-09-10,,,,,,,,,,,
,000660.KS,Memory,1853000.0,-0.0016163793103448,0.1610275689223057,0.2323149831678941,-0.2219136494212904,0.1583707111889402,0.3171532224191646,-0.14769806407278,0.1029488231303322,0.3052267612306983,0.2146690916615847,-0.097472917941449,1.5196663866895546,0.330316532058023,0.6969072164948452,EMERGING,2026-09-11,2026-09-10,,,,,,,,,,,
,GNOM,Genomics,61.970001220703125,-0.0124774457302416,-0.0564859784901721,0.0409877791271655,0.238202461806616,-0.0469063398368797,0.0599653365452019,0.2316415648207488,-0.0667329232719635,0.0911878144047299,0.1620743161470668,-0.0867020747888263,0.152499404037979,0.0230609394798774,0.6757731958762887,NEUTRAL,2026-09-11,2026-09-10,,,,,,,,,,,
,MRNA,Biotech,136.6199951171875,0.0074477877906509,-0.0940919214317542,1.1457515163526917,1.620755655436763,-0.0845122827784619,1.164729073770728,1.6141947584508958,-0.3805298005199271,0.2915084793136551,1.8108611124018148,-0.2354627618354927,8.529407855141692,0.1844405846013753,0.6731958762886598,NEUTRAL,2026-09-11,2026-09-10,,,,,,,,,,,
,IBB,Biotech,202.63999938964844,-0.0138693173747102,-0.0521983325669443,0.0095655547891022,0.1769762533818686,-0.042618693913652,0.0285431122071386,0.1704153563960013,-0.0545897212642199,0.0328766758210677,0.0918139487770018,-0.0660029815684157,-0.0472784095992402,0.0034252272997624,0.6706185567010309,NEUTRAL,2026-09-11,2026-09-10,,,,,,,,,,,
,005930.KS,Memory,269000.0,-0.0018552875695733,0.076,0.0528375733855186,-0.2148785620165216,0.0834319340624739,0.1396937050251194,-0.1291925808575644,0.0627906066536204,0.085173501577287,0.1910160930563236,-0.1119005328596802,0.2045791964349251,0.0235601151090683,0.6541237113402061,EMERGING,2026-09-11,2026-09-10,,,,,,,,,,,
,GDX,Gold_Miners,96.02999877929688,-0.0345833155643942,-0.0163883900351649,0.0557387834856486,0.1261874347347638,-0.0068087513818725,0.074716340903685,0.1196265377488965,-0.030323085906577,0.0945718879980577,0.1520280707710303,-0.1028240979842187,0.2839412407477424,0.0346733465880251,0.6298969072164949,NEUTRAL,2026-09-11,2026-09-10,,,,,,,,,,,
,AMD,AI_Semiconductor,503.6000061035156,-0.0335827486131513,0.1018247249672195,0.0428012625871663,-0.0797792692376839,0.1114043636205118,0.0617788200052027,-0.0863401662235512,0.0911244093204279,0.0845641559047334,0.1464162051533509,-0.1132020632751312,0.2020531723372071,0.0247203008611627,0.625257731958763,EMERGING,2026-09-11,2026-09-10,,,,,,,,,,,
,MSFT,Cloud_AI,492.4400024414063,0.0016068515300098,-0.0088160799046769,0.0019028753118397,0.2341580008999042,0.0007635587486154,0.0208804327298761,0.2275971039140369,-0.0092917987326368,0.0085967906848231,0.0614100334895015,-0.0426071196466324,-0.1593786136798589,0.0002663835178985,0.6242268041237113,NEUTRAL,2026-09-11,2026-09-10,,,,,,,,,,,
,COPX,Copper,88.61000061035156,-0.069906542115949,-0.014349286914706,0.0035107310065667,-0.0100086867139306,-0.0047696482614136,0.0224882884246031,-0.0165695836997978,-0.0152269696663477,0.0077480059830044,0.1278814448765203,-0.0812856048310483,-0.0872112474606856,0.0002127061112725,0.6221649484536083,NEUTRAL,2026-09-11,2026-09-10,,,,,,,,,,,
,QCOM,Semiconductor,176.8800048828125,0.0027211508102988,0.0463795311262491,0.0905909593345895,-0.1945895800307268,0.0559591697795415,0.1095685167526259,-0.201150477016594,0.0237317912926017,0.3466319783057349,0.0719832452849259,-0.043790350513617,0.4431852756708617,0.4362365620842464,0.6216494845360825,EMERGING,2026-09-11,2026-09-10,,,,,,,,,,,
,AEM,Gold_Miners,196.67999267578125,-0.0290764399243486,0.0001016424961846,0.0644601219515821,0.1473615247807131,0.0096812811494769,0.0834376793696185,0.1408006277948459,-0.0160133879917109,0.107628022622303,0.1663732308006495,-0.1348463417822993,0.3088370929548205,0.0416997099248144,0.6190721649484536,NEUTRAL,2026-09-11,2026-09-10,,,,,,,,,,,
,REGN,Biotech,793.260009765625,-0.0178171413526263,-0.0689764650428449,-0.0047665908135978,0.2914018966462905,-0.0593968263895525,0.0142109666044385,0.2848409996604233,-0.0677848173394454,0.0160350195945791,0.0813463109947832,-0.0689764650428449,-0.2092437906426297,-0.0009395924186443,0.6061855670103093,NEUTRAL,2026-09-11,2026-09-10,,,,,,,,,,,
,GM,Auto,86.12000274658203,0.0281757467784344,0.0168268546500336,-0.0053238632828878,0.0265029306645525,0.026406493303326,0.0136536941351486,0.0199420336786853,0.0181578204707555,0.021135015799576,0.0716991231554105,-0.0455788503034761,-0.1433454320254024,-0.0015693348767282,0.6010309278350515,EMERGING,2026-09-11,2026-09-10,,,,,,,,,,,
,TSM,Foundry,428.0299987792969,-0.0168366106644975,0.0301564350885603,-0.0026097987489606,-0.0302899757636222,0.0397360737418527,0.0163677586690758,-0.0368508727494895,0.0308088847758005,0.0100791501656056,0.0769712163435158,-0.0483792515591779,-0.0837965356656735,-0.0003417453269205,0.6,EMERGING,2026-09-11,2026-09-10,,,,,,,,,,,
,XBI,Biotech,156.82000732421875,-0.0160622253743563,-0.0517021711641818,-0.0161239229266011,0.1508353989499173,-0.0421225325108894,0.0028536344914352,0.1442745019640501,-0.0476711904325315,0.0530004824032935,0.094808788529843,-0.0750810704713053,-0.2575707898857714,-0.0090136759112198,0.5912371134020619,NEUTRAL,2026-09-11,2026-09-10,,,,,,,,,,,
,MU,Memory,977.4099731445312,-0.0489993339265599,0.0223098021853991,0.072556482252023,-0.1014987696156503,0.0318894408386914,0.0915340396700594,-0.1080596666015175,0.0041706816223933,0.1228447650220082,0.1573201438096294,-0.1001433232757289,0.3634057623038771,0.0566563429020188,0.5896907216494846,EMERGING,2026-09-11,2026-09-10,,,,,,,,,,,
,SCCO,Copper,194.13999938964844,-0.072254590051103,-0.0495446753615221,-0.0038483247080344,0.022439136581311,-0.0399650367082298,0.0151292327100019,0.0158782395954437,-0.0485825941845135,0.0065634048517278,0.1628186644702094,-0.1163404547730388,-0.140918670553176,-0.0001551303294491,0.5865979381443299,NEUTRAL,2026-09-11,2026-09-10,,,,,,,,,,,
,SMCI,AI_Server,37.380001068115234,-0.0398150327487789,0.0102702991382495,-0.0061153825712255,0.2116693875494342,0.0198499377915418,0.0128621748468108,0.2051084905635669,0.0117991447810558,0.0102724246401209,0.1640945506471594,-0.1172189248432828,-0.3065948236181749,-0.0003828268907204,0.586082474226804,EMERGING,2026-09-11,2026-09-10,,,,,,,,,,,
,VST,Power,147.0500030517578,-0.0268034605437622,0.0250243703463008,0.0025225688195555,-0.0408029567383034,0.0346040089995932,0.021500126237592,-0.0473638537241707,0.0243937281414119,0.0081410429223554,0.0917297336640849,-0.0841828178603537,-0.0688991198458544,0.0002238787818767,0.5701030927835052,EMERGING,2026-09-11,2026-09-10,,,,,,,,,,,
,FTNT,Cybersecurity,158.85000610351562,0.0103676686818257,0.0278893037700782,-0.0123724837085574,0.062612885587054,0.0374689424233706,0.0066050737094789,0.0560519886011867,0.0309824246972176,0.0243722031001974,0.152662387942282,-0.1055678065865899,-0.283116816623955,-0.0019752388906221,0.5701030927835051,EMERGING,2026-09-11,2026-09-10,,,,,,,,,,,
,CRWD,Cybersecurity,208.8600006103516,0.0051010468865573,0.0267427120753791,-0.0582559213637771,0.2056977599125207,0.0363223507286715,-0.0392783639457406,0.1991368629266534,0.0413066924163234,0.0811455648267027,0.2667748564114744,-0.1780250703400884,-0.6825532272093214,-0.0177198470168883,0.5659793814432991,NEUTRAL,2026-09-11,2026-09-10,,,,,,,,,,,
,HPE,AI_Server,55.220001220703125,-0.062478781151795,0.0654061213560921,-0.0607246068928249,0.1297747910450883,0.0749857600093845,-0.0417470494747885,0.1232138940592211,0.0805872730792983,0.1072393991181621,0.1652000544262922,-0.1496155267234785,-0.7442311458903842,-0.0394192990885403,0.5644329896907218,NEUTRAL,2026-09-11,2026-09-10,,,,,,,,,,,
,CEG,Nuclear_Power,285.9700012207031,-0.0269985117352576,-0.0140325720738916,0.0277364969723956,0.0917080348436358,-0.0044529334205992,0.046714054390432,0.0851471378577686,-0.0209666963169905,0.0836426032050732,0.096946532088993,-0.0540171368873686,0.1109393663859436,0.0239302299996784,0.5634020618556701,NEUTRAL,2026-09-11,2026-09-10,,,,,,,,,,,
,BAC,Financials,62.560001373291016,-0.0017551747066877,0.0044598755441398,-0.0297918573344511,0.1254553451399667,0.0140395141974322,-0.0108142999164146,0.1188944481540994,0.0119078398777526,0.19397932632398,0.0451615635465913,-0.0561641477320122,-0.396371210807266,-0.1279628950338485,0.5582474226804124,NEUTRAL,2026-09-11,2026-09-10,,,,,,,,,,,
,ORCL,Cloud_AI,152.94000244140625,-0.0537647848721332,0.0493310630628216,-0.0022181389652812,-0.203321875392951,0.058910701716114,0.0167594184527551,-0.2098827723788182,0.0498855978041419,0.0043344763807803,0.1377030762038816,-0.0953782728207388,-0.3192029999784814,-6.982030626581542e-05,0.5530927835051546,EMERGING,2026-09-11,2026-09-10,,,,,,,,,,,
,TSLA,EV,363.55999755859375,-0.011554878954379,0.0183467903246432,0.1100729343166246,-0.1157485030873487,0.0279264289779356,0.1290504917346611,-0.122309400073216,-0.0091714432545129,0.1947280220785587,0.1469991782297498,-0.0592236597871772,0.721596428707171,0.1458122762452392,0.5469072164948454,NEUTRAL,2026-09-11,2026-09-10,,,,,,,,,,,
,GS,Financials,1019.77001953125,-0.0087579555483624,0.0152824882840536,-0.0119990590642941,-0.0477671423904522,0.024862126937346,0.0069784983537423,-0.0543280393763194,0.0182822530501271,0.0518135799921965,0.0712613335515824,-0.0485511119699242,-0.2053483343656271,-0.0087244256551677,0.5396907216494846,NEUTRAL,2026-09-11,2026-09-10,,,,,,,,,,,
,XLF,Financials,56.869998931884766,-0.0033298709574722,-0.0137010218109253,-0.0181284404394805,0.0655192921433784,-0.0041213831576329,0.0008491169785558,0.0589583951575112,-0.0091689117010552,0.1291513019013911,0.0368395770363907,-0.0288593306313864,-0.2151156347249416,-0.0635542498733892,0.5371134020618555,NEUTRAL,2026-09-11,2026-09-10,,,,,,,,,,,
,SPY,Market_US,757.8300170898438,-0.0059942381661529,-0.0095796386532923,-0.0189775574180364,0.0065608969858672,0.0,0.0,0.0,-0.0048352492987832,0.2009870741485481,0.0240487695954405,-0.0257751679784972,-0.1800015989077223,-0.1586045275538905,0.5329896907216495,NEUTRAL,2026-09-11,2026-09-10,,,,,,,,,,,
,009150.KS,MLCC,1400000.0,-0.0028490028490028,0.0385756676557864,0.0486891385767789,-0.31640625,0.0095796386532923,0.1258706650812322,-0.2542270182864451,0.0264033830115917,0.0632911392405063,0.208305718422583,-0.1553273427471116,-0.0388036129127018,0.0147935979506414,0.5319587628865979,EARLY_EMERGING,2026-09-11,2026-09-10,,,,,,,,,,,
,PLTR,Software_AI,165.86000061035156,-0.0216480752396106,-0.0212439865507276,-0.0302852717441097,0.2312374162570489,-0.0116643478974353,-0.0113077143260733,0.2246765192711817,-0.0136726686147002,0.0552120259155435,0.1526499926159845,-0.1100976700014736,-0.4522183845455645,-0.0109538898740829,0.5257731958762887,WEAKENING,2026-09-11,2026-09-10,,,,,,,,,,,
,F,Auto,13.880000114440918,0.0319702833660691,-0.0183875687813978,0.0036153428062684,-0.0500795906101029,-0.0088079301281054,0.0225929002243048,-0.0566404875959701,-0.0192914044829649,0.0087873833361686,0.1134776503722624,-0.0800273656260157,-0.0761096098275527,0.0002799617636258,0.5242268041237114,NEUTRAL,2026-09-11,2026-09-10,,,,,,,,,,,
,VRTX,Biotech,514.5599975585938,-0.0125882668484416,-0.0757790793738774,-0.0212466158011321,0.1422989995103882,-0.066199440720585,-0.0022690583830957,0.135738102524521,-0.0704674254235943,0.0685485758890931,0.0850853070572255,-0.0777833943382226,-0.2919967562322726,-0.017117235701468,0.5190721649484537,WEAKENING,2026-09-11,2026-09-10,,,,,,,,,,,
,URA,Uranium,45.0,-0.0396927141725362,0.0153429672801914,-0.0044247955655664,-0.0636704387401784,0.0249226059334838,0.01455276185247,-0.0702313357260456,0.016449166171583,0.0095969655218364,0.1339760621635632,-0.0915857019433504,-0.1846163723776901,-0.0003169566995637,0.5103092783505154,NEUTRAL,2026-09-11,2026-09-10,,,,,,,,,,,
,BNTX,Biotech,96.4000015258789,-0.0176296318756781,-0.0713803699738303,0.0394652118440388,0.0616739899328966,-0.0618007313205379,0.0584427692620752,0.0551130929470293,-0.08124667293484,0.059706418921694,0.2581304908486955,-0.1730290659839546,0.2144813118673491,0.0091284313737843,0.5087628865979381,NEUTRAL,2026-09-11,2026-09-10,,,,,,,,,,,
,QQQ,Factor_Growth,708.6900024414062,-0.0106378455461445,-0.0007754607756776,-0.0207406515302518,-0.0464128925705354,0.0088041778776146,-0.0017630941122154,-0.0529737895564027,0.0044097021068852,0.1674289534635143,0.0366375837460803,-0.0351742316204409,-0.2010201878035064,-0.0947820577887596,0.506701030927835,WEAKENING,2026-09-11,2026-09-10,,,,,,,,,,,
,NVDA,AI_Semiconductor,218.3600006103516,-0.0226479169280428,-0.0258708079019251,-0.0244796925222026,0.0289684150944942,-0.0162911692486328,-0.0055021351041661,0.0224075181086269,-0.0197508847713745,0.063797310218165,0.125430905381859,-0.0746560490042619,-0.2783236976299145,-0.012450986725558,0.4907216494845361,WEAKENING,2026-09-11,2026-09-10,,,,,,,,,,,
,JPM,Financials,353.5599975585937,-0.0032420679546322,-0.007467305746432,-0.0318199116880538,0.1119372172157415,0.0021123329068603,-0.0128423542700174,0.1053763202298743,0.0004876721755814,0.2328658045087767,0.040066853586717,-0.0373240734875464,-0.3542400133550726,-0.1849351439238886,0.4896907216494846,NEUTRAL,2026-09-11,2026-09-10,,,,,,,,,,,
,IGV,Software,101.1999969482422,-0.0061868297307676,-0.0214658795204827,-0.0182383085896115,0.0919291822940424,-0.0118862408671903,0.0007392488284249,0.0853682853081752,-0.0169063023730798,0.0496567578580142,0.1138821043497648,-0.0826686255602836,-0.2452451611606871,-0.00795256883024,0.4814432989690722,NEUTRAL,2026-09-11,2026-09-10,,,,,,,,,,,
,INTC,Semiconductor,100.31999969482422,-0.0557228754516399,0.1140477101057235,-0.0062406862056764,-0.2153918409515297,0.1236273487590159,0.01273687121236,-0.221952737937397,0.1156078816571426,0.0116429035815305,0.1658602823086695,-0.1654552010932157,-0.2700128975664914,-0.0004380778011703,0.4793814432989691,NEUTRAL,2026-09-11,2026-09-10,,,,,,,,,,,
,RSP,Factor_Breadth,213.1699981689453,-0.0068486825609542,-0.0248399258140871,-0.0357789198326226,0.0052403018043125,-0.0152602871607947,-0.0168013624145861,-0.0013205951815546,-0.0158951958559314,0.3195957134877665,0.0283827241862179,-0.0430938004192622,-0.3285351635702632,-0.4028785023137806,0.4768041237113402,WEAKENING,2026-09-11,2026-09-10,,,,,,,,,,,
,6981.T,MLCC,7525.0,0.0556958473625139,0.0904216780176785,-0.0945734568643965,-0.285375118708452,0.0970073843180322,0.0172529620346455,-0.1906621527144045,0.1140650422337776,0.1873212583412774,0.174437485082404,-0.1696546745277343,-1.102213262451588,-0.1015585551302488,0.4695876288659794,NEUTRAL,2026-09-11,2026-09-10,,,,,,,,,,,
,IWM,Factor_SmallCap,287.70001220703125,-0.0101156148266869,-0.0214618460222625,-0.049585344626044,-0.0235541749130273,-0.0118822073689701,-0.0306077872080076,-0.0301150718988946,-0.0090655098657515,0.3532594370079673,0.0361252937833777,-0.0569995225657932,-0.4326613136483476,-0.4848816187206255,0.4670103092783506,WEAKENING,2026-09-11,2026-09-10,,,,,,,,,,,
,HACK,Cybersecurity,110.5,-0.0041456298510101,0.010239557274692,-0.0703348524938799,0.1347299560138519,0.0198191959279844,-0.0513572950758435,0.1281690590279847,0.027823270398162,0.174822180308258,0.1234414625218562,-0.1132168604549995,-0.7087415617882137,-0.099610714369677,0.4634020618556701,NEUTRAL,2026-09-11,2026-09-10,,,,,,,,,,,
,XLU,Utilities,42.52000045776367,-0.0097810475635197,-0.0035152968741115,-0.0301094819851704,-0.0435514029758432,0.0060643417791808,-0.011131924567134,-0.0501122999617105,0.004012073622181,0.2135921730810777,0.0394277837035347,-0.046942039417504,-0.2753234008345146,-0.1631121276284563,0.454639175257732,WEAKENING,2026-09-11,2026-09-10,,,,,,,,,,,
,CCJ,Uranium,97.41999816894533,-0.0297779641879682,0.0107906302673241,-0.0162577060506654,-0.0897028478344944,0.0203702689206165,0.0027198513673709,-0.0962637448203617,0.0148550567799905,0.0377668138257471,0.1334065914594464,-0.1033904471965031,-0.266735211632214,-0.0046024844119928,0.4541237113402062,NEUTRAL,2026-09-11,2026-09-10,,,,,,,,,,,
,AMGN,Biotech,382.4700012207031,-0.0224908325198978,-0.1363246220224532,-0.0756279321842682,0.0974957508828593,-0.1267449833691608,-0.0566503747662318,0.090934853896992,-0.1174176389763861,0.2198748179727064,0.122281025888258,-0.138813821882118,-0.793855395227652,-0.1359873921720583,0.4438144329896907,WEAKENING,2026-09-11,2026-09-10,,,,,,,,,,,
,PANW,Cybersecurity,338.489990234375,0.0101163356285114,0.030473632833821,-0.1253714847340356,0.1896042035190133,0.0400532714871134,-0.1063939273159991,0.183043306533146,0.0618165040173299,0.2256115506466076,0.1928963755649907,-0.1705050227617977,-1.2604279746735545,-0.1466344559085994,0.4432989690721649,WEAKENING,2026-09-11,2026-09-10,,,,,,,,,,,
,ANET,AI_Networking,188.9900054931641,-0.0204218490239531,0.0155292815414573,-0.1021852470633536,0.1176888614717779,0.0251089201947497,-0.0832076896453172,0.1111279644859106,0.0410755933072957,0.2566519395015558,0.1159268180189919,-0.1270783847980997,-0.9726257229615662,-0.2262292909907942,0.4365979381443298,NEUTRAL,2026-09-11,2026-09-10,,,,,,,,,,,
,ZS,Cybersecurity,163.47999572753906,-0.0157736922317975,-0.0535517873490297,-0.0780510434526098,0.2534887135619188,-0.0439721486957374,-0.0590734860345734,0.2469278165760515,-0.0340390264858773,0.1174076417958824,0.1833998859714935,-0.1403773805586733,-0.8045154216902848,-0.0499661649348202,0.434020618556701,WEAKENING,2026-09-11,2026-09-10,,,,,,,,,,,
,MTUM,Factor_Momentum,303.1499938964844,-0.0198519657240906,0.020569570346745,-0.0367934950135618,-0.0913587223578233,0.0301492090000373,-0.0178159375955254,-0.0979196193436906,0.0297679441001354,0.1914048549585668,0.058187242622824,-0.0793306353572576,-0.3573445056520033,-0.1210308868241016,0.4304123711340205,WEAKENING,2026-09-11,2026-09-10,,,,,,,,,,,
,SMH,Semiconductor,560.280029296875,-0.02439525199202,0.0178027342970401,-0.0419779886045029,-0.1341677477432271,0.0273823729503325,-0.0230004311864665,-0.1407286447290944,0.0282972314481659,0.147208586273922,0.08613420958054,-0.0822294275402351,-0.4247770510060146,-0.0717429275451063,0.4216494845360825,WEAKENING,2026-09-11,2026-09-10,,,,,,,,,,,
,UEC,Uranium,11.020000457763672,-0.0499999917786699,-0.0516350631415296,-0.0299295078511492,-0.0637213229252925,-0.0420554244882372,-0.0109519504331128,-0.0702822199111598,-0.0441526861787423,0.0411621247260351,0.2238128241217219,-0.1908957011484353,-0.4673315678509404,-0.0055044304989773,0.4134020618556701,WEAKENING,2026-09-11,2026-09-10,,,,,,,,,,,
,ETN,Power_Grid,409.1499938964844,-0.0146187739183409,0.0468209991229271,-0.1104661242336685,0.0076073563380794,0.0564006377762195,-0.0914885668156321,0.0010464593522121,0.0744375301813442,0.3369587171727025,0.0977862955474462,-0.1505565729335032,-0.9554009901432384,-0.3806517396372462,0.3912371134020619,WEAKENING,2026-09-11,2026-09-10,,,,,,,,,,,
,SOXX,Semiconductor,517.4299926757812,-0.0273872318124412,0.0318881424627535,-0.0533835704757819,-0.1766568818120676,0.0414677811160458,-0.0344060130577454,-0.1832177787979348,0.0452340350816989,0.1748141923886708,0.0935160633800159,-0.1051831414941038,-0.54606078804332,-0.0997925428236296,0.3902061855670102,WEAKENING,2026-09-11,2026-09-10,,,,,,,,,,,
,AMZN,Cloud_AI,251.88999938964844,-0.0020205805038374,-0.0121185833777818,-0.0575800638279579,0.0238598285312061,-0.0025389447244894,-0.0386025064099215,0.0172989315453389,0.0022764325792076,0.2429363289890095,0.0707329623663151,-0.0575800638279579,-0.5441594195159138,-0.1977619607796684,0.3896907216494846,WEAKENING,2026-09-11,2026-09-10,,,,,,,,,,,
,ASML,Semiconductor_Equipment,1687.4300537109375,-0.0243362119807784,0.00304939947329,-0.0677542284095467,-0.1072816328692068,0.0126290381265824,-0.0487766709915102,-0.1138425298550741,0.0199879565756767,0.2093044573545704,0.094909072352097,-0.1258178205984124,-0.6481047459578149,-0.1494194565312749,0.3845360824742268,WEAKENING,2026-09-11,2026-09-10,,,,,,,,,,,
,XLI,Industrials,170.5500030517578,-0.0072180585763786,-0.0129065617738982,-0.0824725706281288,-0.0431518695973164,-0.0033269231206058,-0.0634950132100924,-0.0497127665831836,0.0077115808831339,0.5743721118230096,0.0352122965370142,-0.0855717759108783,-0.7006239500564945,-1.3452671145534794,0.3778350515463918,WEAKENING,2026-09-11,2026-09-10,,,,,,,,,,,
,LRCX,Semiconductor_Equipment,298.010009765625,-0.0564525923853888,0.0336084981799744,-0.0861671731874273,-0.2332101049378256,0.0431881368332668,-0.0671896157693909,-0.2397710019236929,0.0551502914768313,0.1642313243453612,0.1502776832506397,-0.16147042114063,-0.8600734122514595,-0.0941680006076821,0.3721649484536082,WEAKENING,2026-09-11,2026-09-10,,,,,,,,,,,
,GOOGL,Cloud_AI,332.6000061035156,0.0058975116982513,-0.0127735004690364,-0.0312226219496585,-0.0989203302134164,-0.0031938618157441,-0.0122450645316221,-0.1054812271992836,-0.0049678449816218,0.1694805586449314,0.0516361166481317,-0.0494095230140558,-0.3439382051788625,-0.1024791900298545,0.3716494845360825,WEAKENING,2026-09-11,2026-09-10,,,,,,,,,,,
,NVO,Pharma,44.0099983215332,-0.0123429765441497,-0.059012232397195,-0.0391814231610857,0.0148536707852386,-0.0494325937439026,-0.0202038657430493,0.0082927737993714,-0.0492168766069235,0.1160384134237828,0.0884092930542712,-0.0955610674159549,-0.4872603646548759,-0.0514261569370008,0.3536082474226804,WEAKENING,2026-09-11,2026-09-10,,,,,,,,,,,
,NRG,Power,111.6500015258789,-0.0322440940638127,0.0050410046489242,-0.074672649285356,-0.1407490030726897,0.0146206433022165,-0.0556950918673195,-0.147309900058557,0.0237091669702632,0.1476807379241169,0.1440838199059579,-0.1325253169410938,-0.7272557686799974,-0.076536782245278,0.3530927835051546,WEAKENING,2026-09-11,2026-09-10,,,,,,,,,,,
,TXN,Analog_Semiconductor,258.82000732421875,-0.0105890479469785,0.0157770966417309,-0.0642466801003298,-0.1697670398156789,0.0253567352950233,-0.0452691226822934,-0.1763279368015462,0.0318387666668134,0.2372178366700602,0.0767070682111805,-0.1045208968981364,-0.615145969372811,-0.1986838869225908,0.3515463917525773,WEAKENING,2026-09-11,2026-09-10,,,,,,,,,,,
,COST,Consumer,902.3800048828124,-0.0002437078540603,-0.0281104344035083,-0.0497061978533247,-0.0772222359534824,-0.0185307957502159,-0.0307286404352883,-0.0837831329393496,-0.0156838849401771,0.2553561811335757,0.0546824169096544,-0.071052108087893,-0.459038360923197,-0.2321182123947776,0.3479381443298969,WEAKENING,2026-09-11,2026-09-10,,,,,,,,,,,
,HUBB,Power_Grid,452.4100036621094,-0.0056267392393458,0.0051768955726931,-0.1152039046987642,-0.0733425728805121,0.0147565342259855,-0.0962263472807278,-0.0799034698663794,0.0339778717473842,0.4624892686997773,0.0692935655459787,-0.1330011457023509,-1.0060213635679314,-0.7689107814799452,0.345360824742268,WEAKENING,2026-09-11,2026-09-10,,,,,,,,,,,
,LLY,Pharma,1123.0,-0.0010762766560892,-0.0319632762045063,-0.0784007180760211,-0.0041978061778467,-0.0223836375512139,-0.0594231606579847,-0.0107587031637139,-0.012363096685501,0.293775567889621,0.0847189110426723,-0.1228892091324392,-0.7399488229229537,-0.2718662833630618,0.340721649484536,WEAKENING,2026-09-11,2026-09-10,,,,,,,,,,,
,LMT,Defense,530.1199951171875,0.0107920011200135,-0.0026902317912161,-0.1208483030436887,0.0057299662505867,0.0068894068620761,-0.1018707456256523,-0.0008309307352805,0.027521843969706,0.413116955017301,0.0772881572877397,-0.1330355051991618,-1.0937376767879765,-0.6459525588965782,0.3381443298969071,WEAKENING,2026-09-11,2026-09-10,,,,,,,,,,,
,NOC,Defense,518.9500122070312,0.0065558601834783,-0.0092970773339957,-0.0970169138933603,-0.0429934323452774,0.0002825613192966,-0.0780393564753239,-0.0495543293311446,0.0149571511393443,0.3618357208552142,0.073670427099588,-0.1219030115196846,-0.8627411259540511,-0.4765030739715719,0.3365979381443298,WEAKENING,2026-09-11,2026-09-10,,,,,,,,,,,
,CAT,Industrials,805.0,-0.0129481553658902,0.0160548925036183,-0.0591397580993212,-0.1364520385282013,0.0256345311569107,-0.0401622006812848,-0.1430129355140685,0.0308398320284486,0.2124442193944047,0.0830317587739266,-0.1162479991282768,-0.5849955606963565,-0.1513143877729047,0.3298969072164948,WEAKENING,2026-09-11,2026-09-10,,,,,,,,,,,
,6762.T,Electronic_Components,2850.5,0.013511111111111,0.0063548102383053,-0.118856259659969,-0.2502630194634403,-0.0020361727198006,-0.0656402974310322,-0.2293728929940539,0.0360688751532975,0.334493257938234,0.1201202043170204,-0.1445745992601725,-1.141545748162531,-0.330973608861756,0.3237113402061856,WEAKENING,2026-09-11,2026-09-10,,,,,,,,,,,
,RTX,Defense,198.1199951171875,0.0028853052727129,-0.0132483498270827,-0.1076578113012624,0.0824338403174007,-0.0036687111737904,-0.0886802538832259,0.0758729433315335,0.0136661029982328,0.5021260213797775,0.0590882673606335,-0.1239079416415788,-1.0098788809088275,-0.9148650125282358,0.3201030927835051,WEAKENING,2026-09-11,2026-09-10,,,,,,,,,,,
,URI,Industrials,989.0800170898438,-0.0385800535473328,0.0094507253336386,-0.1241654349380287,-0.0859985315140712,0.019030363986931,-0.1051878775199923,-0.0925594284999384,0.0404920840681458,0.3906284139486428,0.0928186276216276,-0.158822777335008,-1.092358758776918,-0.5225518644253689,0.3195876288659794,WEAKENING,2026-09-11,2026-09-10,,,,,,,,,,,
,6976.T,MLCC,9403.0,0.0480383415069103,0.0616461555831546,-0.140100594421582,-0.5342743932639921,0.0711059425593659,-0.0649971137948227,-0.4644263543326721,0.0966713041885501,0.2480569948186528,0.1914488675700769,-0.2158477202301904,-1.718808038353163,-0.1815259231648564,0.3175257731958762,WEAKENING,2026-09-11,2026-09-10,,,,,,,,,,,
,ITA,Defense,218.32000732421875,-0.0051491895180565,-0.022608174344631,-0.1323423751656138,-0.0803706278972578,-0.0130285356913386,-0.1133648177475774,-0.086931524883125,0.0104774194467724,0.6228951385392442,0.0545738960660417,-0.137824791597193,-1.1221345891648191,-1.5105284404404586,0.2994845360824742,WEAKENING,2026-09-11,2026-09-10,,,,,,,,,,,
,GEV,Power_Grid,923.9099731445312,-0.0285266713383446,0.0021367667070615,-0.1115396177963228,-0.0558570503597884,0.0117164053603538,-0.0925620603782864,-0.0624179473456557,0.0300216711561422,0.2944283479513522,0.1137492538976032,-0.1672566920325533,-0.9936795281877644,-0.2887089301566709,0.290721649484536,WEAKENING,2026-09-11,2026-09-10,,,,,,,,,,,
,8035.T,Semiconductor_Equipment,52810.0,-0.0165735567970204,-0.0091932457786115,-0.1119892382713974,-0.2547276319503245,0.0039309849157664,-0.07410161139529,-0.1968849872999635,0.0188040637892377,0.3527542372881356,0.1046924031159564,-0.1211516059244466,-1.1320068946695288,-0.3773404483527904,0.2788659793814433,WEAKENING,2026-09-11,2026-09-10,,,,,,,,,,,
,PWR,Power_Grid,618.72998046875,-0.0131583148696902,0.0130160627239677,-0.0874458531526698,-0.1456829747199904,0.02259570137726,-0.0684682957346334,-0.1522438717058577,0.0348775260121351,0.2209265831121963,0.1089346228567319,-0.1655937004275781,-0.814789385245754,-0.1773459441793655,0.2742268041237113,WEAKENING,2026-09-11,2026-09-10,,,,,,,,,,,
,WMT,Consumer,105.7300033569336,-0.0009448972162046,-0.0033932792288018,-0.0864311430149235,-0.1228015195054555,0.0061863594244905,-0.067453585596887,-0.1293624164913228,0.018214506524929,0.343568828331934,0.1055023455455212,-0.1132170026831081,-0.8130730301167433,-0.2814633777427679,0.2664948453608248,WEAKENING,2026-09-11,2026-09-10,,,,,,,,,,,
,VRT,AI_Infrastructure,248.1300048828125,-0.056145189787309,-0.0333853015842747,-0.1395130479691988,-0.204533033985232,-0.0238056629309824,-0.1205354905511624,-0.2110939309710993,0.0014929604080249,0.247340851685475,0.1735583931339497,-0.1555608223004317,-1.2931703804692136,-0.1988222838598534,0.2628865979381443,WEAKENING,2026-09-11,2026-09-10,,,,,,,,,,,
,KLAC,Semiconductor_Equipment,177.17999267578125,-0.0313269415100619,0.028561467118531,-0.1482340976656897,-0.3082433513624933,0.0381411057718233,-0.1292565402476533,-0.3148042483483606,0.0656199915349534,0.393742659202272,0.1254531709236142,-0.1828669230888776,-1.411913185216132,-0.4652420291144005,0.2489690721649484,WEAKENING,2026-09-11,2026-09-10,,,,,,,,,,,
,AVGO,AI_Semiconductor,360.8299865722656,-0.0097426265518838,-0.017454536086929,-0.1327244389878007,-0.0825987094579643,-0.0078748974336366,-0.1137468815697643,-0.0891596064438315,0.0157265736600211,0.4297275339024088,0.1058693591879181,-0.1489397584975844,-1.169100058442405,-0.5387332679852209,0.2402061855670103,WEAKENING,2026-09-11,2026-09-10,,,,,,,,,,,
,6146.T,Semiconductor_Equipment,53580.0,-0.0001866019779809,-0.0085122131754256,-0.1860853714112107,-0.3429797670141018,-0.0192403722221834,-0.1300059241575671,-0.2647496158435665,0.038009129677377,0.5403617115130128,0.1098252597393886,-0.187073281747838,-1.6984692928707226,-0.9155763439294942,0.2242268041237113,WEAKENING,2026-09-11,2026-09-10,,,,,,,,,,,
,AMAT,Semiconductor_Equipment,454.010009765625,-0.0316519060354115,0.0354650791716306,-0.1708556744916594,-0.2241191559384376,0.045044717824923,-0.1518781170736229,-0.2306800529243049,0.0781789977945455,0.407016426735041,0.1286991497768577,-0.2039111513084451,-1.5905269737185042,-0.5403381936832744,0.1860824742268041,WEAKENING,2026-09-11,2026-09-10,,,,,,,,,,,
,DELL,AI_Server,567.2899780273438,0.1197544184889949,0.0985688373807138,0.1471759253087983,0.4062250620298027,0.1100540283207304,0.1646465207350377,0.3849958283223704,0.0617748560535142,0.2011607814187249,0.2485489134041285,-0.1405634029502649,0.8735756902772465,0.1191154840938846,0.9511520737327188,PERSISTENT,2026-09-12,2026-09-11,CORE,SPY,SPY,AVAILABLE,0.1100540283207304,0.1646465207350377,0.3849958283223704,0.1100540283207304,0.1646465207350377,0.3849958283223704,LOCAL_CURRENCY_ASSET_VS_USD_BENCHMARK_NOT_FX_HEDGED
,BOAT,Shipping,52.0,0.0190084507918244,0.0327706370582507,0.143862759508087,0.2691505598503032,0.0442558279982673,0.1613333549343264,0.247921326142871,-0.0031950528187709,0.5077647560574693,0.0692369259338865,-0.044630363121339,1.0327510886897064,1.0550502929192895,0.8829493087557603,PULLBACK_LEADER,2026-09-12,2026-09-11,CORE,SPY,SPY,AVAILABLE,0.0442558279982673,0.1613333549343264,0.247921326142871,0.0442558279982673,0.1613333549343264,0.247921326142871,LOCAL_CURRENCY_ASSET_VS_USD_BENCHMARK_NOT_FX_HEDGED
,HPE,AI_Server,62.09000015258789,0.1244114230354103,0.1405217068121989,0.0379471827038486,0.283381537449122,0.1520068977522154,0.055417778130088,0.2621523037416897,0.1310349111362367,0.0580117658011863,0.2078902878098532,-0.1496155267234785,0.0491524219274717,0.010589157863132,0.8698156682027651,PERSISTENT,2026-09-12,2026-09-11,CORE,SPY,SPY,AVAILABLE,0.1520068977522154,0.055417778130088,0.2621523037416897,0.1520068977522154,0.055417778130088,0.2621523037416897,LOCAL_CURRENCY_ASSET_VS_USD_BENCHMARK_NOT_FX_HEDGED
,DAC,Shipping,159.3300018310547,0.0155523134100237,0.0336036856287442,0.1350716490232721,0.2385016786195288,0.0450888765687608,0.1525422444495116,0.2172724449120966,-0.0001642266270737,0.5149378272590327,0.0606584739520524,-0.0314589264264962,0.972731207417433,1.1466411358669697,0.8642857142857142,PULLBACK_LEADER,2026-09-12,2026-09-11,CORE,SPY,SPY,AVAILABLE,0.0450888765687608,0.1525422444495116,0.2172724449120966,0.0450888765687608,0.1525422444495116,0.2172724449120966,LOCAL_CURRENCY_ASSET_VS_USD_BENCHMARK_NOT_FX_HEDGED
,9107.T,Shipping,3397.0,0.0293939393939393,0.0207331730769231,0.1211221122112211,0.3432186635033609,0.0362605022829403,0.1895575246772857,0.4274922048593259,-0.0095473549758821,0.2749063670411985,0.1124594751215284,-0.051082251082251,0.8015864269703659,0.2960821202514131,0.8403225806451613,PULLBACK_LEADER,2026-09-12,2026-09-11,CORE,^N225,SPY,AVAILABLE,0.0362605022829403,0.1895575246772857,0.4274922048593259,0.005050560931242,0.1874378762941574,0.2622868054024718,LOCAL_CURRENCY_ASSET_VS_USD_BENCHMARK_NOT_FX_HEDGED
,MATX,Shipping,230.17999267578125,0.0096056280093508,0.035587295862127,0.0768151131685224,0.1765032160842192,0.0470724868021436,0.0942857085947618,0.155273982376787,0.0163835175699964,0.3804446471406576,0.0546038660514348,-0.0293580842329147,0.5042276675347643,0.535198342859832,0.8350230414746543,PERSISTENT,2026-09-12,2026-09-11,CORE,SPY,SPY,AVAILABLE,0.0470724868021436,0.0942857085947618,0.155273982376787,0.0470724868021436,0.0942857085947618,0.155273982376787,LOCAL_CURRENCY_ASSET_VS_USD_BENCHMARK_NOT_FX_HEDGED
,9104.T,Shipping,7046.0,0.0094555873925501,0.0110489309800545,0.0888579817647967,0.2956969474071349,0.0265762601860717,0.1572933942308613,0.3799704887630999,-0.0111655644611446,0.2673175267317527,0.0880397236300782,-0.0424567188788128,0.5547328773775184,0.2698020272706248,0.8315668202764978,PULLBACK_LEADER,2026-09-12,2026-09-11,CORE,^N225,SPY,AVAILABLE,0.0265762601860717,0.1572933942308613,0.3799704887630999,-0.0085426254716663,0.1396238045359702,0.1891608695795634,LOCAL_CURRENCY_ASSET_VS_USD_BENCHMARK_NOT_FX_HEDGED
,356680.KQ,Cybersecurity,16060.0,0.2993527508090614,0.405074365704287,0.2439969016266461,-0.1309523809523809,0.3962974577160418,0.291282018010586,0.0738229536420791,0.3440751402976255,0.2985781990521327,0.3455825267901118,-0.166537567776917,1.4596792335654154,0.2108097192837265,0.808294930875576,PERSISTENT,2026-09-12,2026-09-11,CORE,^KQ11,SPY,AVAILABLE,0.3962974577160418,0.291282018010586,0.0738229536420791,0.5040502467020983,0.3237793900382038,-0.054370537506738,LOCAL_CURRENCY_ASSET_VS_USD_BENCHMARK_NOT_FX_HEDGED
,9101.T,Shipping,7262.0,0.008891358710753,0.0145291981000279,0.1346875,0.3578908002991772,0.0300565273060451,0.2031229124660646,0.4421643416551422,-0.019142676899972,0.3661852166525063,0.0931379896213568,-0.0372222222222222,0.9082671080075444,0.5295430099832767,0.8071428571428572,PULLBACK_LEADER,2026-09-12,2026-09-11,CORE,^N225,SPY,AVAILABLE,0.0300565273060451,0.2031229124660646,0.4421643416551422,0.0079176827073051,0.18668650268755,0.2568335868250224,LOCAL_CURRENCY_ASSET_VS_USD_BENCHMARK_NOT_FX_HEDGED
,XLE,Energy,65.13999938964844,0.0032342381562551,0.0080469919678842,0.0668194877922505,0.1851476453081268,0.0195321829079008,0.0842900832184899,0.1639184116006946,-0.0086578799801783,0.3784789248344515,0.0436750809932137,-0.0265097823797487,0.4494620051837082,0.5790434115400784,0.8018433179723503,PULLBACK_LEADER,2026-09-12,2026-09-11,CORE,SPY,SPY,AVAILABLE,0.0195321829079008,0.0842900832184899,0.1639184116006946,0.0195321829079008,0.0842900832184899,0.1639184116006946,LOCAL_CURRENCY_ASSET_VS_USD_BENCHMARK_NOT_FX_HEDGED
,ZIM,Shipping,29.56999969482422,0.0033932943264241,0.0717651153057572,0.1025354224940837,0.208912542993324,0.0832503062457737,0.1200060179203231,0.1876833092858918,0.0461312596822363,0.2368647592962294,0.1166188119609742,-0.0624782808201161,0.7317331769858,0.2082599518894587,0.8018433179723501,PERSISTENT,2026-09-12,2026-09-11,CORE,SPY,SPY,AVAILABLE,0.0832503062457737,0.1200060179203231,0.1876833092858918,0.0832503062457737,0.1200060179203231,0.1876833092858918,LOCAL_CURRENCY_ASSET_VS_USD_BENCHMARK_NOT_FX_HEDGED
,SMCI,AI_Server,40.09999847412109,0.0727661136512376,0.0588856510465536,0.0240040508266525,0.3723476870786266,0.0703708419865701,0.0414746462528919,0.3511184533711944,0.0528846383398904,0.0398980847332569,0.1750395235285195,-0.1172189248432828,-0.0650222270960695,0.0054714251645408,0.8011520737327189,PERSISTENT,2026-09-12,2026-09-11,CORE,SPY,SPY,AVAILABLE,0.0703708419865701,0.0414746462528919,0.3511184533711944,0.0703708419865701,0.0414746462528919,0.3511184533711944,LOCAL_CURRENCY_ASSET_VS_USD_BENCHMARK_NOT_FX_HEDGED
,MAERSK-B.CO,Shipping,22330.0,-0.0227571115973741,0.0328399629972246,0.1731021801943788,0.4499999999999999,0.0593708291919458,0.1862405572291827,0.3297930437214262,-0.01043558205137,0.3075128324778348,0.1404605642719101,-0.0655372269282211,1.1842004513567073,0.3789757076343126,0.7891705069124424,PULLBACK_LEADER,2026-09-12,2026-09-11,CORE,^OMXC25,SPY,AVAILABLE,0.0593708291919458,0.1862405572291827,0.3297930437214262,0.0443251539372412,0.1905727756206182,0.3770174788786666,LOCAL_CURRENCY_ASSET_VS_USD_BENCHMARK_NOT_FX_HEDGED
,1548.HK,Biotech,32.36000061035156,0.0112500190734863,0.0286078052151981,0.3006431552208495,1.8713397778133565,0.0615594481640656,0.3130339906496621,1.8510424985936755,-0.0465529835900142,0.2385204642520824,0.2842468519113589,-0.1474147557859388,1.8310160154123865,0.2522791175180725,0.7859447004608294,PULLBACK_LEADER,2026-09-12,2026-09-11,CORE,^HSI,SPY,AVAILABLE,0.0615594481640656,0.3130339906496621,1.8510424985936755,-0.0970547184131064,0.2630441589570281,1.727231777300687,LOCAL_CURRENCY_ASSET_VS_USD_BENCHMARK_NOT_FX_HEDGED
,CVX,Energy,214.0599975585937,0.00611018558621,0.0129660710742411,0.0922010044554921,0.1988681515902954,0.0244512620142577,0.1096715998817315,0.1776389178828632,-0.0100841800396318,0.4613283450340738,0.0498653893498802,-0.0291587688944953,0.5698346989344296,0.8529951806349159,0.7817972350230415,PULLBACK_LEADER,2026-09-12,2026-09-11,CORE,SPY,SPY,AVAILABLE,0.0244512620142577,0.1096715998817315,0.1776389178828632,0.0244512620142577,0.1096715998817315,0.1776389178828632,LOCAL_CURRENCY_ASSET_VS_USD_BENCHMARK_NOT_FX_HEDGED
,AAPL,Consumer_Tech,332.2699890136719,0.0174540881330667,0.0123701217644054,0.0884818790013957,0.11133722232832,0.0238553127044219,0.1059524744276351,0.0901079886208877,-0.0097503479859434,0.3586507909814459,0.0672396433273584,-0.0392126853302972,0.6392628966987943,0.4719551490907925,0.776036866359447,PULLBACK_LEADER,2026-09-12,2026-09-11,CORE,SPY,SPY,AVAILABLE,0.0238553127044219,0.1059524744276351,0.0901079886208877,0.0238553127044219,0.1059524744276351,0.0901079886208877,LOCAL_CURRENCY_ASSET_VS_USD_BENCHMARK_NOT_FX_HEDGED
,AMD,AI_Semiconductor,516.1300048828125,0.0248808550981656,0.1314670307331999,0.0685699974070073,0.0174259224289607,0.1429522216732165,0.0860405928332467,-0.0038033112784714,0.1143245313814481,0.128931806123523,0.1480603185941602,-0.1132020632751312,0.4183219355385696,0.0597111616097754,0.762442396313364,EMERGING,2026-09-12,2026-09-11,CORE,SPY,SPY,AVAILABLE,0.1429522216732165,0.0860405928332467,-0.0038033112784714,0.1429522216732165,0.0860405928332467,-0.0038033112784714,LOCAL_CURRENCY_ASSET_VS_USD_BENCHMARK_NOT_FX_HEDGED
,META,Internet_AI,648.030029296875,0.0056643973841588,0.0611613890565487,0.0891810699808002,0.0796721240459348,0.0726465799965653,0.1066516654070396,0.0584428903385025,0.0388661215613487,0.2617661937224484,0.104418848805091,-0.0862228184934162,0.6348769325195643,0.22356681296635,0.7622119815668202,PERSISTENT,2026-09-12,2026-09-11,CORE,SPY,SPY,AVAILABLE,0.0726465799965653,0.1066516654070396,0.0584428903385025,0.0726465799965653,0.1066516654070396,0.0584428903385025,LOCAL_CURRENCY_ASSET_VS_USD_BENCHMARK_NOT_FX_HEDGED
,4502.T,Biotech,5666.0,0.0015909492663956,-0.015122544759256,0.0098021743004812,0.1474281085459701,0.0004047844467611,0.0782375867665458,0.2317016499019351,-0.0175730883343763,0.0443906376109765,0.063708809175489,-0.0495937711577522,-0.004849800146089,0.006829899550841,0.7557603686635945,PULLBACK_LEADER,2026-09-12,2026-09-11,CORE,^N225,SPY,AVAILABLE,0.0004047844467611,0.0782375867665458,0.2317016499019351,-0.0294762173199699,0.0367186616251961,0.0818733083930824,LOCAL_CURRENCY_ASSET_VS_USD_BENCHMARK_NOT_FX_HEDGED
,XOM,Energy,165.99000549316406,0.0045997081963147,0.0233031170879898,0.0533056875376352,0.1776738974518585,0.0347883080280063,0.0707762829638746,0.1564446637444263,0.009976695203581,0.2123442218905127,0.0652703344715981,-0.0584411183374926,0.2867423273429949,0.1734195915212198,0.7552995391705069,PERSISTENT,2026-09-12,2026-09-11,CORE,SPY,SPY,AVAILABLE,0.0347883080280063,0.0707762829638746,0.1564446637444263,0.0347883080280063,0.0707762829638746,0.1564446637444263,LOCAL_CURRENCY_ASSET_VS_USD_BENCHMARK_NOT_FX_HEDGED
,1919.HK,Shipping,16.440000534057617,-0.0108303427248253,0.013563577682891,0.0613299404116696,0.1913043700604595,0.0465152206317586,0.0737207758404822,0.1710070908407788,-0.0017689074200263,0.1534735014060151,0.1153298159376848,-0.0963789067439382,0.3706583896699778,0.0816139401547903,0.741705069124424,PULLBACK_LEADER,2026-09-12,2026-09-11,CORE,^HSI,SPY,AVAILABLE,0.0465152206317586,0.0737207758404822,0.1710070908407788,-0.0231595611914706,0.0969191199298465,0.1305034946124141,LOCAL_CURRENCY_ASSET_VS_USD_BENCHMARK_NOT_FX_HEDGED
,SBLK,Shipping,31.170000076293945,0.0139882989062281,-0.0219642530438128,0.1180249735614218,0.2066105518175107,-0.0104790621037963,0.1354955689876612,0.1853813181100785,-0.0514704964341683,0.3224730675689846,0.1008956204983546,-0.0518198177887745,0.5748731531558526,0.3772202904953705,0.7345622119815668,PULLBACK_LEADER,2026-09-12,2026-09-11,CORE,SPY,SPY,AVAILABLE,-0.0104790621037963,0.1354955689876612,0.1853813181100785,-0.0104790621037963,0.1354955689876612,0.1853813181100785,LOCAL_CURRENCY_ASSET_VS_USD_BENCHMARK_NOT_FX_HEDGED
,LITE,AI_Networking,927.030029296875,-0.0092657719322952,0.0940085613589265,0.0529526670237872,0.0590271943085916,0.105493752298943,0.0704232624500266,0.0377979606011593,0.0807703946029797,0.0574378972376873,0.2427515630654605,-0.1458355302587338,0.2643470304651871,0.012529228683704,0.7336405529953918,PERSISTENT,2026-09-12,2026-09-11,CORE,SPY,SPY,AVAILABLE,0.105493752298943,0.0704232624500266,0.0377979606011593,0.105493752298943,0.0704232624500266,0.0377979606011593,LOCAL_CURRENCY_ASSET_VS_USD_BENCHMARK_NOT_FX_HEDGED
,053800.KQ,Cybersecurity,59300.0,0.0385288966725043,0.0277296360485268,-0.0198347107438016,0.0136752136752136,0.0189527280602817,0.0274504056401383,0.2184505482696737,0.0326883137344772,0.08,0.0841138015259457,-0.0677685950413222,-0.2530284544696685,-0.0188646432656437,0.7211981566820277,PERSISTENT,2026-09-12,2026-09-11,CORE,^KQ11,SPY,AVAILABLE,0.0189527280602817,0.0274504056401383,0.2184505482696737,0.0536644528029338,-0.0451174439973464,0.0018619347120278,LOCAL_CURRENCY_ASSET_VS_USD_BENCHMARK_NOT_FX_HEDGED
,IDNA,Genomics,38.060001373291016,0.0047518558632591,-0.0553487091477555,0.0800226890042221,0.274188158819878,-0.043863518207739,0.0974932844304615,0.2529589251124458,-0.0753543813988111,0.1780301534258557,0.1593518333559196,-0.0867887780580964,0.4765202076025017,0.0894024957287507,0.717741935483871,PULLBACK_LEADER,2026-09-12,2026-09-11,CORE,SPY,SPY,AVAILABLE,-0.043863518207739,0.0974932844304615,0.2529589251124458,-0.043863518207739,0.0974932844304615,0.2529589251124458,LOCAL_CURRENCY_ASSET_VS_USD_BENCHMARK_NOT_FX_HEDGED
,7267.T,EV,1664.0,0.0180483328234934,-0.0191570881226054,0.0036188178528346,0.1755563405157187,-0.0036297589165882,0.0720542303188992,0.2598298818716837,-0.020061792585814,0.0102389078498293,0.0999600406108468,-0.0812892184826012,-0.0988150560786065,0.0003706755448883,0.7110599078341014,PULLBACK_LEADER,2026-09-12,2026-09-11,CORE,^N225,SPY,AVAILABLE,-0.0036297589165882,0.0720542303188992,0.2598298818716837,-0.0199467066152803,0.0274857699330678,0.1462633778730302,LOCAL_CURRENCY_ASSET_VS_USD_BENCHMARK_NOT_FX_HEDGED
,TSM,Foundry,433.239990234375,0.0121720240869485,0.0389198822298577,0.0063880695541904,0.0174013195307274,0.0504050731698743,0.0238586649804298,-0.0038279141767048,0.0373228648413101,0.0239151250851912,0.0778829004578567,-0.0483792515591779,-0.0114507865374764,0.0019615535829207,0.7108294930875576,EMERGING,2026-09-12,2026-09-11,CORE,SPY,SPY,AVAILABLE,0.0504050731698743,0.0238586649804298,-0.0038279141767048,0.0504050731698743,0.0238586649804298,-0.0038279141767048,LOCAL_CURRENCY_ASSET_VS_USD_BENCHMARK_NOT_FX_HEDGED
,IBB,Biotech,202.92999267578125,0.001431076228811,-0.050886324339585,0.0200562490469968,0.1836793617938583,-0.0394011333995685,0.0375268444732362,0.1624501280864261,-0.0559003866013342,0.0701105249977611,0.0912634052808746,-0.0660029815684157,0.0369259477806845,0.0154076450012267,0.705299539170507,PULLBACK_LEADER,2026-09-12,2026-09-11,CORE,SPY,SPY,AVAILABLE,-0.0394011333995685,0.0375268444732362,0.1624501280864261,-0.0394011333995685,0.0375268444732362,0.1624501280864261,LOCAL_CURRENCY_ASSET_VS_USD_BENCHMARK_NOT_FX_HEDGED
,ANET,AI_Networking,199.58999633789065,0.0560875736103938,0.0425720528235933,-0.0197917634610369,0.1879650191272981,0.0540572437636098,-0.0023211680347975,0.1667357854198659,0.0475199936888525,0.0460413599973781,0.1271077509116357,-0.0975837127672648,-0.3149276810229782,-0.007169033359154,0.7041474654377881,NEUTRAL,2026-09-12,2026-09-11,CORE,SPY,SPY,AVAILABLE,0.0540572437636098,-0.0023211680347975,0.1667357854198659,0.0540572437636098,-0.0023211680347975,0.1667357854198659,LOCAL_CURRENCY_ASSET_VS_USD_BENCHMARK_NOT_FX_HEDGED
,NEM,Gold_Miners,126.80999755859376,0.0053115440953481,-0.0277543151151282,0.1128292543796807,0.1718366753567877,-0.0162691241751117,0.1302998498059201,0.1506074416493554,-0.0559616287100484,0.2153482218137032,0.1312032700769999,-0.0925706967429901,0.7085539756420082,0.1851903484186834,0.6981566820276499,NEUTRAL,2026-09-12,2026-09-11,CORE,SPY,SPY,AVAILABLE,-0.0162691241751117,0.1302998498059201,0.1506074416493554,-0.0162691241751117,0.1302998498059201,0.1506074416493554,LOCAL_CURRENCY_ASSET_VS_USD_BENCHMARK_NOT_FX_HEDGED
,MRNA,Biotech,143.97000122070312,0.0537989047445879,-0.0329145835776187,1.261900986163647,1.5987364125513728,-0.0214293926376022,1.2793715815898865,1.5775071788439403,-0.3483898301185305,0.3118254396491012,1.809186571889282,-0.2354627618354927,9.45670462265127,0.2174970983745475,0.6935483870967742,NEUTRAL,2026-09-12,2026-09-11,CORE,SPY,SPY,AVAILABLE,-0.0214293926376022,1.2793715815898865,1.5775071788439403,-0.0214293926376022,1.2793715815898865,1.5775071788439403,LOCAL_CURRENCY_ASSET_VS_USD_BENCHMARK_NOT_FX_HEDGED
,EEM,Market_EM,67.83999633789062,0.0125372587744869,0.0054838463093722,0.0173964611188641,-0.0116550562189903,0.0169690372493888,0.0348670565451035,-0.0328842899264225,0.0011347310296562,0.0907663588447993,0.0551713765781702,-0.029411814704536,0.0959265846758506,0.0286201565100914,0.6933179723502304,EMERGING,2026-09-12,2026-09-11,CORE,SPY,SPY,AVAILABLE,0.0169690372493888,0.0348670565451035,-0.0328842899264225,0.0169690372493888,0.0348670565451035,-0.0328842899264225,LOCAL_CURRENCY_ASSET_VS_USD_BENCHMARK_NOT_FX_HEDGED
,EWJ,Market_JP,98.55999755859376,0.0219825286553216,0.0067415324047812,0.0009139467530716,0.0471737641568752,0.0182267233447978,0.018384542179311,0.025944530449443,0.0065130457165133,0.0061768282018601,0.048349800609934,-0.0426526305023917,-0.0300787774776908,0.000116759366288,0.6884792626728111,EMERGING,2026-09-12,2026-09-11,CORE,SPY,SPY,AVAILABLE,0.0182267233447978,0.018384542179311,0.025944530449443,0.0182267233447978,0.018384542179311,0.025944530449443,LOCAL_CURRENCY_ASSET_VS_USD_BENCHMARK_NOT_FX_HEDGED
,7203.T,EV,3031.0,0.0123580494321977,-0.0162284972411554,0.0036423841059602,0.0786476868327401,-0.0007011680351383,0.0720777965720248,0.1629212281887051,-0.0171390932676455,0.0123595505617977,0.0891059998563819,-0.0846438482886215,-0.0323645494366246,0.0005052210916847,0.6882488479262674,NEUTRAL,2026-09-12,2026-09-11,CORE,^N225,SPY,AVAILABLE,-0.0007011680351383,0.0720777965720248,0.1629212281887051,-0.0161054410779494,0.0328809806858708,0.0590134062485305,LOCAL_CURRENCY_ASSET_VS_USD_BENCHMARK_NOT_FX_HEDGED
,2269.HK,Biotech,47.0,-0.0105263157894737,-0.0443269681099687,0.0412051536442443,0.5740120240890589,-0.0113753251611011,0.0535959890730569,0.5537147448693782,-0.0546282565210298,0.0757329078766337,0.1399170351636217,-0.099616871397276,0.0821668059708692,0.0223031177106691,0.6868663594470046,NEUTRAL,2026-09-12,2026-09-11,CORE,^HSI,SPY,AVAILABLE,-0.0113753251611011,0.0535959890730569,0.5537147448693782,-0.0614931267574472,0.0454670684166481,0.5049106312394449,LOCAL_CURRENCY_ASSET_VS_USD_BENCHMARK_NOT_FX_HEDGED
,4568.T,Biotech,2772.0,0.0232558139534884,-0.0078740157480314,0.0157566874312935,0.0680023116933152,0.0076533134579857,0.0841920998973581,0.1522758530492802,-0.0118131876058548,0.0489749430523918,0.0885003344249163,-0.0757420675537359,0.0599881830275061,0.0087195474983954,0.6827188940092166,NEUTRAL,2026-09-12,2026-09-11,CORE,^N225,SPY,AVAILABLE,0.0076533134579857,0.0841920998973581,0.1522758530492802,-0.0174165431640297,0.0181926170868892,0.0755362050935535,LOCAL_CURRENCY_ASSET_VS_USD_BENCHMARK_NOT_FX_HEDGED
,QCOM,Semiconductor,181.97000122070312,0.0287765501887162,0.0794921594249653,0.1102638453106528,-0.1453245890539125,0.0909773503649818,0.1277344407368922,-0.1665538227613447,0.0519261980973021,0.3948756794819134,0.0758103588754372,-0.043790350513617,0.6006278407088507,0.5743345828354842,0.6797235023041475,EMERGING,2026-09-12,2026-09-11,CORE,SPY,SPY,AVAILABLE,0.0909773503649818,0.1277344407368922,-0.1665538227613447,0.0909773503649818,0.1277344407368922,-0.1665538227613447,LOCAL_CURRENCY_ASSET_VS_USD_BENCHMARK_NOT_FX_HEDGED
,SAP.DE,Software,177.25999450683594,-0.0031493240035793,-0.0448324563106372,0.010719520878561,0.314400071960476,-0.0294265090357616,0.0412698742351244,0.3113238863616459,-0.0475123365302775,0.0320598673598351,0.0962160007255781,-0.0734895059540539,-0.0872842780640494,0.003571821889665,0.6794930875576037,NEUTRAL,2026-09-12,2026-09-11,CORE,^STOXX,SPY,AVAILABLE,-0.0294265090357616,0.0412698742351244,0.3113238863616459,-0.0333472653706207,0.0281901163048005,0.219218646474016,LOCAL_CURRENCY_ASSET_VS_USD_BENCHMARK_NOT_FX_HEDGED
,000660.KS,Memory,1812000.0,-0.0221262817053427,0.1001821493624772,0.1377231268832059,-0.2810817577074919,0.066879741241097,0.1235494155001482,-0.060608256713439,0.0657513676416757,0.2000414500825752,0.2110603039763631,-0.097472917941449,0.7688443741238833,0.1305329969329922,0.6730414746543779,EMERGING,2026-09-12,2026-09-11,CORE,^KS11,SPY,AVAILABLE,0.066879741241097,0.1235494155001482,-0.060608256713439,0.1468235368046783,0.2156634747796935,-0.1900686719901438,LOCAL_CURRENCY_ASSET_VS_USD_BENCHMARK_NOT_FX_HEDGED
,HLAG.DE,Shipping,134.6999969482422,-0.0095588459688074,-0.0073691969232793,0.052343726158142,0.2124212313073823,0.0080367503515963,0.0828940795147054,0.2093450457085521,-0.0204551284628148,0.147252729563528,0.0942873105226441,-0.0608695209890172,0.3200890127583179,0.0817475491621024,0.6665898617511521,NEUTRAL,2026-09-12,2026-09-11,CORE,^STOXX,SPY,AVAILABLE,0.0080367503515963,0.0828940795147054,0.2093450457085521,0.0041159940167372,0.0698143215843815,0.1593141383312042,LOCAL_CURRENCY_ASSET_VS_USD_BENCHMARK_NOT_FX_HEDGED
,006400.KS,EV,545000.0,-0.0285204991087344,-0.0054744525547445,0.1190965092402465,-0.009090909090909,-0.0387768606761247,0.1049227978571887,0.2113825919031438,-0.0352485798648061,0.172106824925816,0.1977370300510669,-0.0814558058925476,0.6921632310267372,0.1036595020153451,0.6661290322580645,NEUTRAL,2026-09-12,2026-09-11,CORE,^KS11,SPY,AVAILABLE,-0.0387768606761247,0.1049227978571887,0.2113825919031438,0.0226169163574562,0.1331691080502504,-0.0219103538321381,LOCAL_CURRENCY_ASSET_VS_USD_BENCHMARK_NOT_FX_HEDGED
,EWY,Market_KR,188.72000122070312,0.0324980987037792,0.0451927546103414,0.0565446555795128,-0.0834830855018311,0.0566779455503579,0.0740152510057522,-0.1047123192092633,0.0310565907154632,0.123865649314365,0.134346133463927,-0.0813074152106793,0.3174281609948181,0.0521335471146559,0.661520737327189,EMERGING,2026-09-12,2026-09-11,CORE,SPY,SPY,AVAILABLE,0.0566779455503579,0.0740152510057522,-0.1047123192092633,0.0566779455503579,0.0740152510057522,-0.1047123192092633,LOCAL_CURRENCY_ASSET_VS_USD_BENCHMARK_NOT_FX_HEDGED
,EWH,Market_HK,22.520000457763672,0.0022252401396141,-0.0200173669989504,0.000888909233941,0.0363553121108828,-0.0085321760589338,0.0183595046601804,0.0151260784034505,-0.0202395943074356,0.0057804742789291,0.0442414079853229,-0.0376874112950161,-0.056146108860305,0.0001161427087673,0.6594470046082951,NEUTRAL,2026-09-12,2026-09-11,CORE,SPY,SPY,AVAILABLE,-0.0085321760589338,0.0183595046601804,0.0151260784034505,-0.0085321760589338,0.0183595046601804,0.0151260784034505,LOCAL_CURRENCY_ASSET_VS_USD_BENCHMARK_NOT_FX_HEDGED
,GNOM,Genomics,62.21900177001953,0.0040180820463373,-0.0423426104201298,0.0534701563127422,0.2454149673327781,-0.0308574194801133,0.0709407517389816,0.2241857336253458,-0.0557101494983154,0.1189992489335935,0.1617010930759655,-0.0867020747888263,0.2531127457220018,0.0393498171257811,0.6523041474654379,NEUTRAL,2026-09-12,2026-09-11,CORE,SPY,SPY,AVAILABLE,-0.0308574194801133,0.0709407517389816,0.2241857336253458,-0.0308574194801133,0.0709407517389816,0.2241857336253458,LOCAL_CURRENCY_ASSET_VS_USD_BENCHMARK_NOT_FX_HEDGED
,BAC,Financials,62.68999862670898,0.0020779611663095,-0.000478296883571,-0.0168536146398999,0.1085476068237525,0.0110068940564455,0.0006169807863394,0.0873183731163202,0.0037351067764039,0.1153468364650887,0.0441095002828617,-0.0514808396032069,-0.2927097921485988,-0.0440723907377724,0.6513824884792627,EMERGING,2026-09-12,2026-09-11,CORE,SPY,SPY,AVAILABLE,0.0110068940564455,0.0006169807863394,0.0873183731163202,0.0110068940564455,0.0006169807863394,0.0873183731163202,LOCAL_CURRENCY_ASSET_VS_USD_BENCHMARK_NOT_FX_HEDGED
,NEX.PA,Power_Grid,142.1999969482422,0.0215517246104213,0.025973958774849,-0.002105284573739,-0.0790155273997065,0.0413799060497247,0.0284450687828242,-0.0820917129985366,0.0265002799182838,0.0075950169024955,0.0804712598402674,-0.0427469584805881,-0.1340725714424402,-0.0001987004050122,0.648847926267281,EMERGING,2026-09-12,2026-09-11,CORE,^STOXX,SPY,AVAILABLE,0.0413799060497247,0.0284450687828242,-0.0820917129985366,0.0374591497148656,0.0153653108525003,-0.0694219863338539,LOCAL_CURRENCY_ASSET_VS_USD_BENCHMARK_NOT_FX_HEDGED
,GM,Auto,85.62000274658203,-0.0058058521139543,-0.0163143170267591,-0.0068634865559487,0.0398383793384105,-0.0048291260867425,0.0106071088702907,0.0186091456309782,-0.0145984453877719,0.0269692091936708,0.0718088237000248,-0.0455788503034761,-0.1550473258258079,-0.0025777167092804,0.6352534562211982,NEUTRAL,2026-09-12,2026-09-11,CORE,SPY,SPY,AVAILABLE,-0.0048291260867425,0.0106071088702907,0.0186091456309782,-0.0048291260867425,0.0106071088702907,0.0186091456309782,LOCAL_CURRENCY_ASSET_VS_USD_BENCHMARK_NOT_FX_HEDGED
,XBI,Biotech,156.1999969482422,-0.0039536433300548,-0.0497627916509789,-0.0042075969625223,0.155263254118297,-0.0382776007109624,0.013262998463717,0.1340340204108647,-0.0487108924103483,0.0141692540225494,0.0935283630743439,-0.078737870027878,-0.1613716636986044,-0.0006374377592719,0.6338709677419354,NEUTRAL,2026-09-12,2026-09-11,CORE,SPY,SPY,AVAILABLE,-0.0382776007109624,0.013262998463717,0.1340340204108647,-0.0382776007109624,0.013262998463717,0.1340340204108647,LOCAL_CURRENCY_ASSET_VS_USD_BENCHMARK_NOT_FX_HEDGED
,1801.HK,Biotech,93.5500030517578,-0.0084790189221116,-0.0864257650609945,-0.0026652451158456,0.2498330655825213,-0.0534741221121269,0.0097255903129669,0.2295357863628406,-0.0857594537820331,0.0062421967777859,0.1311835551864704,-0.1479963528993713,-0.1748205573464897,-0.0001268221801924,0.631336405529954,NEUTRAL,2026-09-12,2026-09-11,CORE,^HSI,SPY,AVAILABLE,-0.0534741221121269,0.0097255903129669,0.2295357863628406,-0.0767213934357714,0.0006550573446564,0.1935152348977429,LOCAL_CURRENCY_ASSET_VS_USD_BENCHMARK_NOT_FX_HEDGED
,GDX,Gold_Miners,97.0999984741211,0.0111423483122536,-0.0432554880485972,0.100034011180041,0.1130215595115962,-0.0317702971085807,0.1175046066062804,0.0917923258041639,-0.0682639908436075,0.1698403711885682,0.1481767217720056,-0.1028240979842187,0.6372875742490469,0.1146591272038073,0.6308755760368664,NEUTRAL,2026-09-12,2026-09-11,CORE,SPY,SPY,AVAILABLE,-0.0317702971085807,0.1175046066062804,0.0917923258041639,-0.0317702971085807,0.1175046066062804,0.0917923258041639,LOCAL_CURRENCY_ASSET_VS_USD_BENCHMARK_NOT_FX_HEDGED
,AEM,Gold_Miners,200.3600006103516,0.018710636931112,-0.0326848071880806,0.1133560315366819,0.1421049349261298,-0.0211996162480641,0.1308266269629213,0.1208757012186976,-0.0610238150722511,0.1862429304311799,0.1639363822543156,-0.1348463417822993,0.6981571178611344,0.128780196348911,0.6301843317972351,NEUTRAL,2026-09-12,2026-09-11,CORE,SPY,SPY,AVAILABLE,-0.0211996162480641,0.1308266269629213,0.1208757012186976,-0.0211996162480641,0.1308266269629213,0.1208757012186976,LOCAL_CURRENCY_ASSET_VS_USD_BENCHMARK_NOT_FX_HEDGED
,ACWI,Market_Global,160.25,0.0091945763309928,-0.0104359788559206,-0.013724740190654,0.0184950027319188,0.0010492120840959,0.0037458552355853,-0.0027342309755133,-0.0070047938082571,0.1382512673860582,0.0267118517920804,-0.0227105030676759,-0.1359165973390511,-0.0710344883863444,0.628110599078341,NEUTRAL,2026-09-12,2026-09-11,CORE,SPY,SPY,AVAILABLE,0.0010492120840959,0.0037458552355853,-0.0027342309755133,0.0010492120840959,0.0037458552355853,-0.0027342309755133,LOCAL_CURRENCY_ASSET_VS_USD_BENCHMARK_NOT_FX_HEDGED
,MU,Memory,975.260009765625,-0.0021996536130989,0.0178467449072978,0.0267732038556702,-0.044427673016154,0.0293319358473144,0.0442437992819096,-0.0656569067235862,0.0111534439433803,0.0506724810889587,0.1521579257684901,-0.1001433232757289,0.0071719680933671,0.0089161616735724,0.6223502304147466,EMERGING,2026-09-12,2026-09-11,CORE,SPY,SPY,AVAILABLE,0.0293319358473144,0.0442437992819096,-0.0656569067235862,0.0293319358473144,0.0442437992819096,-0.0656569067235862,LOCAL_CURRENCY_ASSET_VS_USD_BENCHMARK_NOT_FX_HEDGED
,NET,Cybersecurity,306.5299987792969,-0.0149115096192103,0.0773961838172638,-0.0734515877618631,0.3271420407812722,0.0888813747572804,-0.0559809923356237,0.3059128070738399,0.0957590807577296,0.1111313637360901,0.2030001157627005,-0.1755886669759351,-0.785311510963818,-0.040210691929353,0.6214285714285716,NEUTRAL,2026-09-12,2026-09-11,CORE,SPY,SPY,AVAILABLE,0.0888813747572804,-0.0559809923356237,0.3059128070738399,0.0888813747572804,-0.0559809923356237,0.3059128070738399,LOCAL_CURRENCY_ASSET_VS_USD_BENCHMARK_NOT_FX_HEDGED
,MSFT,Cloud_AI,495.6300048828125,0.0064779514775219,-0.028405062285485,-0.0006379232610376,0.2608563166201283,-0.0169198713454684,0.0168326721652017,0.239627082912696,-0.0282455814702256,0.0029418934192906,0.0610741608125387,-0.0426071196466324,-0.1807724798030773,-3.072825264712753e-05,0.6205069124423964,NEUTRAL,2026-09-12,2026-09-11,CORE,SPY,SPY,AVAILABLE,-0.0169198713454684,0.0168326721652017,0.239627082912696,-0.0169198713454684,0.0168326721652017,0.239627082912696,LOCAL_CURRENCY_ASSET_VS_USD_BENCHMARK_NOT_FX_HEDGED
,XLF,Financials,57.25,0.0066819250088323,-0.022370241505638,-0.0173360513324954,0.0570477437618468,-0.0108850505656215,0.0001345440937439,0.0358185100544146,-0.0180362286725141,0.1236228910009034,0.0370047673353432,-0.0288593306313864,-0.2083697079842104,-0.0579150455086431,0.6193548387096776,NEUTRAL,2026-09-12,2026-09-11,CORE,SPY,SPY,AVAILABLE,-0.0108850505656215,0.0001345440937439,0.0358185100544146,-0.0108850505656215,0.0001345440937439,0.0358185100544146,LOCAL_CURRENCY_ASSET_VS_USD_BENCHMARK_NOT_FX_HEDGED
,SPY,Market_US,764.2899780273438,0.0085242874943209,-0.0114851909400165,-0.0174705954262394,0.0212292337074322,0.0,0.0,0.0,-0.0071175420834566,0.1836246275494257,0.0246278609497129,-0.0257751679784972,-0.1671753227583367,-0.1302602603108857,0.618663594470046,NEUTRAL,2026-09-12,2026-09-11,CORE,SPY,SPY,AVAILABLE,0.0,0.0,0.0,0.0,0.0,0.0,LOCAL_CURRENCY_ASSET_VS_USD_BENCHMARK_NOT_FX_HEDGED
,1093.HK,Biotech,8.710000038146973,-0.0068415526208535,-0.100671175965557,0.0023015487605799,0.2850348913588618,-0.0677195330166895,0.0146923841893925,0.2647376121391811,-0.101246563155702,0.0051547532025489,0.1392327507441725,-0.100671175965557,-0.1275254598224298,8.520923260520135e-05,0.6158986175115208,NEUTRAL,2026-09-12,2026-09-11,CORE,^HSI,SPY,AVAILABLE,-0.0677195330166895,0.0146923841893925,0.2647376121391811,-0.0821672180800954,0.0016513482750315,0.1964631294491405,LOCAL_CURRENCY_ASSET_VS_USD_BENCHMARK_NOT_FX_HEDGED
,1177.HK,Biotech,5.25,-0.0419708062541891,-0.0514904887568083,0.1137818830054619,0.1693823266634577,-0.0185388458079408,0.1261727184342745,0.149085047443777,-0.0799359595081738,0.1889744332443764,0.1813894008458701,-0.1017963749442908,0.6869546620808025,0.1185398196044853,0.6140552995391706,NEUTRAL,2026-09-12,2026-09-11,CORE,^HSI,SPY,AVAILABLE,-0.0185388458079408,0.1261727184342745,0.149085047443777,-0.0493377327285073,0.1095257847387852,0.110205843460001,LOCAL_CURRENCY_ASSET_VS_USD_BENCHMARK_NOT_FX_HEDGED
,VT,Market_Global,159.94000244140625,0.0088942387747845,-0.0112511877301824,-0.0150871171713198,0.0159996890497533,0.0002340032098341,0.0023834782549195,-0.0052295446576788,-0.0074794084373524,0.1502140060529799,0.0267369210424873,-0.0237699404203435,-0.147372046665227,-0.0847628007164067,0.6138248847926269,NEUTRAL,2026-09-12,2026-09-11,CORE,SPY,SPY,AVAILABLE,0.0002340032098341,0.0023834782549195,-0.0052295446576788,0.0002340032098341,0.0023834782549195,-0.0052295446576788,LOCAL_CURRENCY_ASSET_VS_USD_BENCHMARK_NOT_FX_HEDGED
,FCX,Copper,71.06999969482422,-0.0019660074631143,-0.0205347011287635,0.0634445271225367,0.0155737220573199,-0.009049510188747,0.0809151225487762,-0.0056555116501122,-0.0363958329093977,0.1122880272912368,0.151178243303869,-0.1106244970862989,0.3840624131878315,0.0471235849638471,0.6124423963133642,NEUTRAL,2026-09-12,2026-09-11,CORE,SPY,SPY,AVAILABLE,-0.009049510188747,0.0809151225487762,-0.0056555116501122,-0.009049510188747,0.0809151225487762,-0.0056555116501122,LOCAL_CURRENCY_ASSET_VS_USD_BENCHMARK_NOT_FX_HEDGED
,VRTX,Biotech,515.4400024414062,0.0017102085023861,-0.0762062116581782,-0.0019363333499973,0.1374097737462098,-0.0647210207181616,0.015534262076242,0.1161805400387776,-0.0757221283206788,0.0064708200927178,0.0832522962843548,-0.0777833943382226,-0.1366723934235225,-0.0001505023321466,0.6101382488479262,NEUTRAL,2026-09-12,2026-09-11,CORE,SPY,SPY,AVAILABLE,-0.0647210207181616,0.015534262076242,0.1161805400387776,-0.0647210207181616,0.015534262076242,0.1161805400387776,LOCAL_CURRENCY_ASSET_VS_USD_BENCHMARK_NOT_FX_HEDGED
,JPM,Financials,356.2300109863281,0.0075517972795886,-0.0161022665071474,-0.0189473565662844,0.0806148193139262,-0.0046170755671308,-0.001476761140045,0.0593855856064939,-0.0113654273655763,0.1362371984725489,0.0408199113325256,-0.0322092559037336,-0.2509282711400764,-0.0632371480678405,0.6087557603686635,WEAKENING,2026-09-12,2026-09-11,CORE,SPY,SPY,AVAILABLE,-0.0046170755671308,-0.001476761140045,0.0593855856064939,-0.0046170755671308,-0.001476761140045,0.0593855856064939,LOCAL_CURRENCY_ASSET_VS_USD_BENCHMARK_NOT_FX_HEDGED
,COPX,Copper,88.52999877929688,-0.00090285329538,-0.0298082325556506,0.0351964716368415,-0.0106822375158122,-0.0183230416156341,0.052667067063081,-0.0319114712232444,-0.038607350464861,0.0806755341653353,0.1233911643993954,-0.0821150691502397,0.1669383436489087,0.0230121351383501,0.6039170506912442,NEUTRAL,2026-09-12,2026-09-11,CORE,SPY,SPY,AVAILABLE,-0.0183230416156341,0.052667067063081,-0.0319114712232444,-0.0183230416156341,0.052667067063081,-0.0319114712232444,LOCAL_CURRENCY_ASSET_VS_USD_BENCHMARK_NOT_FX_HEDGED
,CEG,Nuclear_Power,284.75,-0.0042661860177479,-0.0010524041600262,0.0234988090774688,0.0641333113603537,0.0104327867799902,0.0409694045037082,0.0429040776529214,-0.0069271064293934,0.0699584741367937,0.0971116937488309,-0.0540171368873686,0.0810253894447906,0.0169283508878285,0.603225806451613,NEUTRAL,2026-09-12,2026-09-11,CORE,SPY,SPY,AVAILABLE,0.0104327867799902,0.0409694045037082,0.0429040776529214,0.0104327867799902,0.0409694045037082,0.0429040776529214,LOCAL_CURRENCY_ASSET_VS_USD_BENCHMARK_NOT_FX_HEDGED
,MRVL,AI_Networking,236.1000061035156,0.0402714095843828,0.1305847054223683,0.0626519663633589,-0.1525523520279472,0.1420698963623848,0.0801225617895983,-0.1737815857353795,0.1149217138315286,0.0741609738181266,0.2299799305348493,-0.177403289724721,0.2150981813533435,0.0202032013242265,0.602073732718894,EMERGING,2026-09-12,2026-09-11,CORE,SPY,SPY,AVAILABLE,0.1420698963623848,0.0801225617895983,-0.1737815857353795,0.1420698963623848,0.0801225617895983,-0.1737815857353795,LOCAL_CURRENCY_ASSET_VS_USD_BENCHMARK_NOT_FX_HEDGED
,PRY.MI,Power_Grid,127.25,0.0295307570464342,0.0621869512392543,-0.0256508878021058,-0.1387478849407784,0.0775928985141299,0.0048994655544574,-0.1418240705396085,0.0685996731897808,0.0614116403122805,0.1194652566136287,-0.1064479530925855,-0.3512936246632906,-0.0131859516318477,0.6016129032258065,EMERGING,2026-09-12,2026-09-11,CORE,^STOXX,SPY,AVAILABLE,0.0775928985141299,0.0048994655544574,-0.1418240705396085,0.0736721421792708,-0.0081802923758664,-0.1517383236080223,LOCAL_CURRENCY_ASSET_VS_USD_BENCHMARK_NOT_FX_HEDGED
,SNDK,Memory,1633.3499755859375,-0.0349996109102918,0.0503925979226089,0.0688693819444961,-0.1798599404785036,0.0618777888626255,0.0863399773707355,-0.2010891741859358,0.0331752524364849,0.0927175522013866,0.2246837932482967,-0.1712958335824018,0.27761170962837,0.0284194975667852,0.6009216589861751,EMERGING,2026-09-12,2026-09-11,CORE,SPY,SPY,AVAILABLE,0.0618777888626255,0.0863399773707355,-0.2010891741859358,0.0618777888626255,0.0863399773707355,-0.2010891741859358,LOCAL_CURRENCY_ASSET_VS_USD_BENCHMARK_NOT_FX_HEDGED
,4503.T,Biotech,2240.5,0.0060619667714414,-0.0488219061770325,-0.0492255463611287,0.0506447831184055,-0.0332945769710153,0.0192098661049358,0.1349183244743705,-0.0365155195867503,0.1861958266452648,0.0728063428814024,-0.079942160710597,-0.4570274524044692,-0.1258900108704186,0.5995391705069124,NEUTRAL,2026-09-12,2026-09-11,CORE,^N225,SPY,AVAILABLE,-0.0332945769710153,0.0192098661049358,0.1349183244743705,-0.0615392194861316,-0.0199085667649528,0.0139205375728521,LOCAL_CURRENCY_ASSET_VS_USD_BENCHMARK_NOT_FX_HEDGED
,EWU,Market_EU,47.93999862670898,0.0086261278759109,-0.0152013490925988,-0.0066307440106444,0.0307460837837467,-0.0037161581525823,0.0108398514155949,0.0095168500763145,-0.0135436630899377,0.0689654605425421,0.0272393503026556,-0.0376594580550125,-0.0847633290566107,-0.0167879303049755,0.5900921658986176,NEUTRAL,2026-09-12,2026-09-11,CORE,SPY,SPY,AVAILABLE,-0.0037161581525823,0.0108398514155949,0.0095168500763145,-0.0037161581525823,0.0108398514155949,0.0095168500763145,LOCAL_CURRENCY_ASSET_VS_USD_BENCHMARK_NOT_FX_HEDGED
,5801.T,AI_Networking,3981.0,-0.0106858846918489,0.0356399583766908,-0.0187330539807739,-0.1608347386172006,0.051167287582708,0.0497023584852905,-0.0765611972612356,0.0403232218718843,0.0209597352454495,0.2693112257302983,-0.1728479853479854,-0.4434218243732674,-0.0014579409035438,0.5847926267281105,EMERGING,2026-09-12,2026-09-11,CORE,^N225,SPY,AVAILABLE,0.051167287582708,0.0497023584852905,-0.0765611972612356,0.1133396055539107,-0.0141518808569033,-0.0872117157428066,LOCAL_CURRENCY_ASSET_VS_USD_BENCHMARK_NOT_FX_HEDGED
,CHKP,Cybersecurity,131.63999938964844,0.0086583781348126,-0.0419911514350102,-0.0192952128460751,0.0793702884375324,-0.0305059604949936,-0.0018246174198357,0.0581410547301002,-0.0371673482234914,0.0550243274968304,0.1000099603755642,-0.0604708727508638,-0.2265368546478778,-0.010616003713795,0.5801843317972349,WEAKENING,2026-09-12,2026-09-11,CORE,SPY,SPY,AVAILABLE,-0.0305059604949936,-0.0018246174198357,0.0581410547301002,-0.0305059604949936,-0.0018246174198357,0.0581410547301002,LOCAL_CURRENCY_ASSET_VS_USD_BENCHMARK_NOT_FX_HEDGED
,2359.HK,Biotech,188.8000030517578,-0.0115183086295402,-0.0120355990491802,-0.0407886633614856,0.5457004683061808,0.0209160438996872,-0.028397827932673,0.5254031890865001,-0.0018384332088088,0.1247190752886523,0.0901734529999902,-0.0861568370082198,-0.6085001304523847,-0.0564148782979972,0.5762672811059908,WEAKENING,2026-09-12,2026-09-11,CORE,^HSI,SPY,AVAILABLE,0.0209160438996872,-0.028397827932673,0.5254031890865001,-0.0062046839323538,-0.0506971259897917,0.497225617400524,LOCAL_CURRENCY_ASSET_VS_USD_BENCHMARK_NOT_FX_HEDGED
,BNTX,Biotech,96.7300033569336,0.0034232554546806,-0.0597783248509957,0.0500434267575247,0.0807821604126659,-0.0482931339109792,0.0675140221837641,0.0595529267052337,-0.0722891815403769,0.0755613812890911,0.2579133026591013,-0.1730290659839546,0.2993563230070081,0.0146613238295663,0.5760368663594471,NEUTRAL,2026-09-12,2026-09-11,CORE,SPY,SPY,AVAILABLE,-0.0482931339109792,0.0675140221837641,0.0595529267052337,-0.0482931339109792,0.0675140221837641,0.0595529267052337,LOCAL_CURRENCY_ASSET_VS_USD_BENCHMARK_NOT_FX_HEDGED
,373220.KS,EV,360000.0,-0.0136986301369863,0.0041841004184099,-0.015047879616963,-0.1346153846153845,-0.0291183077029701,-0.0292215910000208,0.0858581163786682,0.0079460703226507,0.0260047281323877,0.1629728213313022,-0.0806878306878307,-0.2996978914251104,-0.0024011121315285,0.5723502304147466,NEUTRAL,2026-09-12,2026-09-11,CORE,^KS11,SPY,AVAILABLE,-0.0291183077029701,-0.0292215910000208,0.0858581163786682,-0.0035626886769465,0.0147991404974967,-0.1330420792495777,LOCAL_CURRENCY_ASSET_VS_USD_BENCHMARK_NOT_FX_HEDGED
,REGN,Biotech,781.489990234375,-0.0148375304267859,-0.0734821423661151,-0.0292410465510352,0.2727580517235157,-0.0619969514260986,-0.0117704511247958,0.2515288180160835,-0.0661718807283563,0.0977838288723413,0.0818955827333678,-0.0827905550708255,-0.4054926375580249,-0.0349139892111615,0.5709677419354837,WEAKENING,2026-09-12,2026-09-11,CORE,SPY,SPY,AVAILABLE,-0.0619969514260986,-0.0117704511247958,0.2515288180160835,-0.0619969514260986,-0.0117704511247958,0.2515288180160835,LOCAL_CURRENCY_ASSET_VS_USD_BENCHMARK_NOT_FX_HEDGED
,EQIX,AI_Infrastructure,1037.719970703125,0.0135864791100901,-0.002987986013922,-0.0289647379838841,-0.047504110655772,0.0084972049260945,-0.0114941425576446,-0.0687333443632043,0.0042531984820489,0.1306155373222202,0.0635604944135754,-0.0707649126868155,-0.3077088858595697,-0.0595219538499107,0.5658986175115208,WEAKENING,2026-09-12,2026-09-11,CORE,SPY,SPY,AVAILABLE,0.0084972049260945,-0.0114941425576446,-0.0687333443632043,0.0084972049260945,-0.0114941425576446,-0.0687333443632043,LOCAL_CURRENCY_ASSET_VS_USD_BENCHMARK_NOT_FX_HEDGED
,SCCO,Copper,193.4900054931641,-0.0033480678815693,-0.0302711037091406,0.0314516193318017,0.0121536879396846,-0.0187859127691241,0.0489222147580411,-0.0090755457677476,-0.038134008542091,0.0548226345711125,0.1579639041784946,-0.1192990069146554,0.1430383209742685,0.0109155356868664,0.5649769585253457,NEUTRAL,2026-09-12,2026-09-11,CORE,SPY,SPY,AVAILABLE,-0.0187859127691241,0.0489222147580411,-0.0090755457677476,-0.0187859127691241,0.0489222147580411,-0.0090755457677476,LOCAL_CURRENCY_ASSET_VS_USD_BENCHMARK_NOT_FX_HEDGED
,INTC,Semiconductor,102.94000244140624,0.0261164548898737,0.1229410330268647,-0.0154934502200966,-0.1205467769540538,0.1344262239668813,0.0019771452061427,-0.141776010661486,0.1268143955818889,0.0304969075949559,0.1639616173640389,-0.1654552010932157,-0.3429328505421238,-0.0028817861599904,0.5599078341013825,EMERGING,2026-09-12,2026-09-11,CORE,SPY,SPY,AVAILABLE,0.1344262239668813,0.0019771452061427,-0.141776010661486,0.1344262239668813,0.0019771452061427,-0.141776010661486,LOCAL_CURRENCY_ASSET_VS_USD_BENCHMARK_NOT_FX_HEDGED
,VST,Power,148.3800048828125,0.0090445549367759,0.0288448455616308,0.0135246657710117,-0.0631877503641814,0.0403300365016473,0.0309952611972511,-0.0844169840716136,0.0254636791188778,0.0425808814264112,0.0921020799423565,-0.0841828178603537,0.019658349888293,0.006252759871305,0.5594470046082949,EMERGING,2026-09-12,2026-09-11,CORE,SPY,SPY,AVAILABLE,0.0403300365016473,0.0309952611972511,-0.0844169840716136,0.0403300365016473,0.0309952611972511,-0.0844169840716136,LOCAL_CURRENCY_ASSET_VS_USD_BENCHMARK_NOT_FX_HEDGED
,QQQ,Factor_Growth,714.8800048828125,0.0087344289041497,-0.0038875501188309,-0.0234813641720376,-0.0194480505862795,0.0075976408211856,-0.0060107687457982,-0.0406772842937117,0.0019827909241784,0.1965244792964108,0.0357119226013322,-0.0351742316204409,-0.2216549074948672,-0.1292191103401119,0.5585253456221199,NEUTRAL,2026-09-12,2026-09-11,CORE,SPY,SPY,AVAILABLE,0.0075976408211856,-0.0060107687457982,-0.0406772842937117,0.0075976408211856,-0.0060107687457982,-0.0406772842937117,LOCAL_CURRENCY_ASSET_VS_USD_BENCHMARK_NOT_FX_HEDGED
,CLOU,Cloud_AI,27.1299991607666,-0.0014722456906521,-0.0463972431203713,-0.0680179116478915,0.1983215500072452,-0.0349120521803547,-0.050547316221652,0.177092316299813,-0.0293927652083984,0.2444444967722261,0.089337944513753,-0.0680179116478915,-0.6843463754938225,-0.1861090970333105,0.5564516129032259,WEAKENING,2026-09-12,2026-09-11,CORE,SPY,SPY,AVAILABLE,-0.0349120521803547,-0.050547316221652,0.177092316299813,-0.0349120521803547,-0.050547316221652,0.177092316299813,LOCAL_CURRENCY_ASSET_VS_USD_BENCHMARK_NOT_FX_HEDGED
,AIR.PA,Defense,199.3999938964844,0.0184901171711024,0.0121827101344385,-0.0634100534853182,0.0388662673762101,0.0275886574093141,-0.0328597001287549,0.0357900817773799,0.028035223505768,0.3286269324200845,0.055125995222724,-0.091086330887346,-0.6177422610730818,-0.378011340698366,0.5539170506912443,WEAKENING,2026-09-12,2026-09-11,CORE,^STOXX,SPY,AVAILABLE,0.0275886574093141,-0.0328597001287549,0.0357900817773799,0.023667901074455,-0.0459394580590788,0.0548635380816118,LOCAL_CURRENCY_ASSET_VS_USD_BENCHMARK_NOT_FX_HEDGED
,NXPI,Analog_Semiconductor,236.6199951171875,0.0448182710371112,0.0516911388953977,0.0203095656966163,-0.2161424294905539,0.0631763298354143,0.0377801611228557,-0.2373716631979862,0.0466137474712436,0.0750835791735099,0.0749665580634138,-0.0524477545279516,-0.0462023265920736,0.020341268471624,0.5527649769585253,EMERGING,2026-09-12,2026-09-11,CORE,SPY,SPY,AVAILABLE,0.0631763298354143,0.0377801611228557,-0.2373716631979862,0.0631763298354143,0.0377801611228557,-0.2373716631979862,LOCAL_CURRENCY_ASSET_VS_USD_BENCHMARK_NOT_FX_HEDGED
,SU.PA,Power_Grid,291.1000061035156,0.0128740858928615,0.0130502868291191,-0.0586903602149858,0.0003436635859643,0.0284562341039947,-0.0281400068584225,-0.0027325220128657,0.0277228768828655,0.2141589886683583,0.0850988611629716,-0.0727566693613581,-0.5459059442335441,-0.1476996050999105,0.5497695852534562,NEUTRAL,2026-09-12,2026-09-11,CORE,^STOXX,SPY,AVAILABLE,0.0284562341039947,-0.0281400068584225,-0.0027325220128657,0.0245354777691356,-0.0412197647887464,0.0298629969219228,LOCAL_CURRENCY_ASSET_VS_USD_BENCHMARK_NOT_FX_HEDGED
,ETN,Power_Grid,425.3699951171875,0.0396431662291723,0.0711371886264846,-0.0616769070726826,0.0458820934954027,0.0826223795665012,-0.0442063116464432,0.0246528597879704,0.0865564153946553,0.1743359266999547,0.1071544666590713,-0.1420509514897155,-0.5651047878403902,-0.1003458006534986,0.5483870967741936,NEUTRAL,2026-09-12,2026-09-11,CORE,SPY,SPY,AVAILABLE,0.0826223795665012,-0.0442063116464432,0.0246528597879704,0.0826223795665012,-0.0442063116464432,0.0246528597879704,LOCAL_CURRENCY_ASSET_VS_USD_BENCHMARK_NOT_FX_HEDGED
,F,Auto,13.970000267028809,0.0064841607958097,-0.0305343223485404,0.0057595336017766,-0.0200346706571884,-0.0190491314085239,0.023230129028016,-0.0412639043646206,-0.0319742057489846,0.0139860069905026,0.113574549997167,-0.0800273656260157,-0.0545562057595862,0.000709251123764,0.5405529953917051,NEUTRAL,2026-09-12,2026-09-11,CORE,SPY,SPY,AVAILABLE,-0.0190491314085239,0.023230129028016,-0.0412639043646206,-0.0190491314085239,0.023230129028016,-0.0412639043646206,LOCAL_CURRENCY_ASSET_VS_USD_BENCHMARK_NOT_FX_HEDGED
,TXN,Analog_Semiconductor,268.70001220703125,0.0381732656024385,0.0585825563121329,-0.017298689227405,-0.1165621629952251,0.0700677472521494,0.0001719061988343,-0.1377913967026574,0.0629072286189842,0.0579441404608554,0.086500827280207,-0.1045208968981364,-0.2401374520172562,-0.0115878392137736,0.5341013824884793,NEUTRAL,2026-09-12,2026-09-11,CORE,SPY,SPY,AVAILABLE,0.0700677472521494,0.0001719061988343,-0.1377913967026574,0.0700677472521494,0.0001719061988343,-0.1377913967026574,LOCAL_CURRENCY_ASSET_VS_USD_BENCHMARK_NOT_FX_HEDGED
,NVDA,AI_Semiconductor,218.2899932861328,-0.000320605074295,-0.0434044479542412,-0.0300299862537577,0.0536341065144732,-0.0319192570142247,-0.0125593908275183,0.0324048728070409,-0.0358969513908018,0.0797418546388476,0.1252600702539467,-0.0746560490042619,-0.3220739124862634,-0.0191173994537839,0.5320276497695853,WEAKENING,2026-09-12,2026-09-11,CORE,SPY,SPY,AVAILABLE,-0.0319192570142247,-0.0125593908275183,0.0324048728070409,-0.0319192570142247,-0.0125593908275183,0.0324048728070409,LOCAL_CURRENCY_ASSET_VS_USD_BENCHMARK_NOT_FX_HEDGED
,TSLA,EV,365.4400024414063,0.0051710993933249,-0.0290405526943721,0.0749500283173616,-0.0969208739825242,-0.0175553617543555,0.092420623743601,-0.1181501076899564,-0.0477780597737125,0.1459670932473377,0.1430254431866186,-0.0592236597871772,0.4405296452561615,0.0764915495351143,0.5315668202764977,NEUTRAL,2026-09-12,2026-09-11,CORE,SPY,SPY,AVAILABLE,-0.0175553617543555,0.092420623743601,-0.1181501076899564,-0.0175553617543555,0.092420623743601,-0.1181501076899564,LOCAL_CURRENCY_ASSET_VS_USD_BENCHMARK_NOT_FX_HEDGED
,6501.T,Power_Grid,5199.0,0.0032805866460825,-0.0331039613167193,-0.0984914166811167,0.1059349074664965,-0.0175766321107021,-0.0300560042150521,0.1902084488224615,-0.0084811071464401,0.3353010625737898,0.0929847799667188,-0.1029998265996184,-0.8824968669059926,-0.355157872927122,0.5278801843317973,WEAKENING,2026-09-12,2026-09-11,CORE,^N225,SPY,AVAILABLE,-0.0175766321107021,-0.0300560042150521,0.1902084488224615,-0.0171022530061718,-0.0707440660960334,0.0833418589080343,LOCAL_CURRENCY_ASSET_VS_USD_BENCHMARK_NOT_FX_HEDGED
,AMZN,Cloud_AI,256.7799987792969,0.0194132335602736,-0.0081884710975896,-0.0314940065241062,0.0438211332491742,0.0032967198424268,-0.0140234110978668,0.022591899541742,-0.0003149694665631,0.1263430818212672,0.0738675002718177,-0.0545734102234748,-0.3347351964618539,-0.0538673953837962,0.5274193548387097,WEAKENING,2026-09-12,2026-09-11,CORE,SPY,SPY,AVAILABLE,0.0032967198424268,-0.0140234110978668,0.022591899541742,0.0032967198424268,-0.0140234110978668,0.022591899541742,LOCAL_CURRENCY_ASSET_VS_USD_BENCHMARK_NOT_FX_HEDGED
,EWG,Market_EU,42.869998931884766,0.0058657908555921,-0.0239070874507224,-0.0247952724132993,0.0263346531497736,-0.0124218965107059,-0.0073246769870599,0.0051054194423414,-0.0177082693473976,0.2014784928229496,0.033545536854877,-0.0441803367114093,-0.2381162541064803,-0.1489233615958572,0.5184331797235023,WEAKENING,2026-09-12,2026-09-11,CORE,SPY,SPY,AVAILABLE,-0.0124218965107059,-0.0073246769870599,0.0051054194423414,-0.0124218965107059,-0.0073246769870599,0.0051054194423414,LOCAL_CURRENCY_ASSET_VS_USD_BENCHMARK_NOT_FX_HEDGED
,GS,Financials,1029.1800537109375,0.0092276042631778,-0.0084302405241238,-0.0080655588729677,-0.0517566593482133,0.0030549504158926,0.0094050365532716,-0.0729858930556456,-0.0064138508058819,0.0344316151679115,0.0717098304865384,-0.0485511119699242,-0.1711483591511977,-0.003872693846073,0.5163594470046083,NEUTRAL,2026-09-12,2026-09-11,CORE,SPY,SPY,AVAILABLE,0.0030549504158926,0.0094050365532716,-0.0729858930556456,0.0030549504158926,0.0094050365532716,-0.0729858930556456,LOCAL_CURRENCY_ASSET_VS_USD_BENCHMARK_NOT_FX_HEDGED
,NVT,Power_Grid,162.3800048828125,0.046465211052056,0.0676573659852097,-0.0448796533765939,-0.028355165905943,0.0791425569252263,-0.0274090579503545,-0.0495843996133752,0.0788772793293582,0.0925856354961934,0.1412866951742706,-0.1687828143384909,-0.4444924784479246,-0.0294097842942364,0.5156682027649769,NEUTRAL,2026-09-12,2026-09-11,CORE,SPY,SPY,AVAILABLE,0.0791425569252263,-0.0274090579503545,-0.0495843996133752,0.0791425569252263,-0.0274090579503545,-0.0495843996133752,LOCAL_CURRENCY_ASSET_VS_USD_BENCHMARK_NOT_FX_HEDGED
,FXI,Market_CN,34.4900016784668,0.0040757848781618,-0.0240520223670358,-0.0106138532818871,-0.0020254540521609,-0.0125668314270193,0.0068567421443522,-0.0232546877595931,-0.021398559046564,0.0772439596040682,0.0424842672793636,-0.0426422114951879,-0.1463991103189325,-0.0192978744050938,0.5145161290322581,NEUTRAL,2026-09-12,2026-09-11,CORE,SPY,SPY,AVAILABLE,-0.0125668314270193,0.0068567421443522,-0.0232546877595931,-0.0125668314270193,0.0068567421443522,-0.0232546877595931,LOCAL_CURRENCY_ASSET_VS_USD_BENCHMARK_NOT_FX_HEDGED
,FTNT,Cybersecurity,156.07000732421875,-0.0175007785488233,-0.0018546513494552,-0.0566368168454667,0.0615562698188072,0.0096305395905612,-0.0391662214192273,0.040327036111375,0.0123045528619114,0.1173743792215894,0.1504919129760171,-0.1055678065865899,-0.6253777704352845,-0.0441732122800706,0.5133640552995392,WEAKENING,2026-09-12,2026-09-11,CORE,SPY,SPY,AVAILABLE,0.0096305395905612,-0.0391662214192273,0.040327036111375,0.0096305395905612,-0.0391662214192273,0.040327036111375,LOCAL_CURRENCY_ASSET_VS_USD_BENCHMARK_NOT_FX_HEDGED
,RSP,Factor_Breadth,214.8699951171875,0.0079748415013582,-0.0235401402532674,-0.0352893672209581,0.016647739209725,-0.0120549493132509,-0.0178187717947186,-0.0045814944977071,-0.0147177984480279,0.3169350794778794,0.0285625099956519,-0.0430938004192622,-0.3237806918209899,-0.391577575171126,0.5126728110599079,WEAKENING,2026-09-12,2026-09-11,CORE,SPY,SPY,AVAILABLE,-0.0120549493132509,-0.0178187717947186,-0.0045814944977071,-0.0120549493132509,-0.0178187717947186,-0.0045814944977071,LOCAL_CURRENCY_ASSET_VS_USD_BENCHMARK_NOT_FX_HEDGED
,FEZ,Market_EU,69.69999694824219,0.0095596179600629,-0.0126080101405348,-0.0324820091275261,0.0139459608721981,-0.0011228192005182,-0.0150114137012867,-0.0072832728352341,-0.0044875078586532,0.332386163517923,0.0267536613576019,-0.0424410211283441,-0.3003808642355847,-0.4035548724692518,0.5066820276497697,WEAKENING,2026-09-12,2026-09-11,CORE,SPY,SPY,AVAILABLE,-0.0011228192005182,-0.0150114137012867,-0.0072832728352341,-0.0011228192005182,-0.0150114137012867,-0.0072832728352341,LOCAL_CURRENCY_ASSET_VS_USD_BENCHMARK_NOT_FX_HEDGED
,IWM,Factor_SmallCap,288.8900146484375,0.0041362613518065,-0.0213421448587821,-0.0481383372374382,-0.0109215696743359,-0.0098569539187656,-0.0306677418111988,-0.0321508033817682,-0.0093075605494226,0.3406388704285842,0.0363842736583311,-0.0569995225657932,-0.4202107704886711,-0.4506834181947864,0.5064516129032259,WEAKENING,2026-09-12,2026-09-11,CORE,SPY,SPY,AVAILABLE,-0.0098569539187656,-0.0306677418111988,-0.0321508033817682,-0.0098569539187656,-0.0306677418111988,-0.0321508033817682,LOCAL_CURRENCY_ASSET_VS_USD_BENCHMARK_NOT_FX_HEDGED
,PWR,Power_Grid,650.5800170898438,0.0514764721712113,0.0492210748176282,-0.0329974304234811,-0.0953865328721849,0.0607062657576448,-0.0155268349972417,-0.1166157665796171,0.0574704324234985,0.0752594015540401,0.1222400213111593,-0.1655937004275781,-0.3778917688014551,-0.0203154976566218,0.5064516129032258,WEAKENING,2026-09-12,2026-09-11,CORE,SPY,SPY,AVAILABLE,0.0607062657576448,-0.0155268349972417,-0.1166157665796171,0.0607062657576448,-0.0155268349972417,-0.1166157665796171,LOCAL_CURRENCY_ASSET_VS_USD_BENCHMARK_NOT_FX_HEDGED
,SMH,Semiconductor,568.530029296875,0.0147247796969549,0.0288274600338995,-0.0349503768179125,-0.0770616407518263,0.0403126509739161,-0.0174797813916731,-0.0982908744592585,0.0375650542383777,0.1205995047979402,0.0872833203690873,-0.0822294275402351,-0.3659622378319518,-0.0482909921267668,0.5039170506912443,WEAKENING,2026-09-12,2026-09-11,CORE,SPY,SPY,AVAILABLE,0.0403126509739161,-0.0174797813916731,-0.0982908744592585,0.0403126509739161,-0.0174797813916731,-0.0982908744592585,LOCAL_CURRENCY_ASSET_VS_USD_BENCHMARK_NOT_FX_HEDGED
,MTUM,Factor_Momentum,307.0400085449219,0.0128319799662137,0.0254491843412685,-0.0284466356646517,-0.058303879649637,0.036934375281285,-0.0109760402384123,-0.0795331133570692,0.0325608432574314,0.1424943574780708,0.0597491237577436,-0.0793306353572576,-0.2889762744139484,-0.0678417492427575,0.5034562211981567,WEAKENING,2026-09-12,2026-09-11,CORE,SPY,SPY,AVAILABLE,0.036934375281285,-0.0109760402384123,-0.0795331133570692,0.036934375281285,-0.0109760402384123,-0.0795331133570692,LOCAL_CURRENCY_ASSET_VS_USD_BENCHMARK_NOT_FX_HEDGED
,6273.T,Industrials,68160.0,0.0070921985815601,0.0151921358355675,-0.10820358497972,-0.0611570247933884,0.0307194650415847,-0.0397681725136555,0.0231165165625765,0.0422430320804975,0.3464599916212819,0.1041746251995852,-0.1541038525963148,-0.9714419990121472,-0.3598593522524688,0.5029953917050691,WEAKENING,2026-09-12,2026-09-11,CORE,^N225,SPY,AVAILABLE,0.0307194650415847,-0.0397681725136555,0.0231165165625765,0.0284950387466415,-0.1011121021038266,0.0074097601642522,LOCAL_CURRENCY_ASSET_VS_USD_BENCHMARK_NOT_FX_HEDGED
,SAN.PA,Biotech,73.26000213623047,-0.0042136408845949,-0.0394649880597519,-0.041475836141409,-0.0010907309197508,-0.0240590407848763,-0.0109254827848457,-0.004166916518581,-0.0290960290243997,0.2406981728864223,0.0452373300007368,-0.0719533839562749,-0.3648750540196438,-0.220684067295996,0.5025345622119817,WEAKENING,2026-09-12,2026-09-11,CORE,^STOXX,SPY,AVAILABLE,-0.0240590407848763,-0.0109254827848457,-0.004166916518581,-0.0279797971197354,-0.0240052407151696,-0.0529501088027745,LOCAL_CURRENCY_ASSET_VS_USD_BENCHMARK_NOT_FX_HEDGED
,005930.KS,Memory,259500.0,-0.0353159851301114,0.0156555772994129,-0.0317164179104477,-0.2502563023749558,-0.0176468308219672,-0.0458901292935055,-0.0297828013809029,0.0235846817770248,0.0546623794212218,0.1884642450827631,-0.1119005328596802,-0.4689729888742306,-0.0091990651539319,0.5025345622119816,WEAKENING,2026-09-12,2026-09-11,CORE,^KS11,SPY,AVAILABLE,-0.0176468308219672,-0.0458901292935055,-0.0297828013809029,0.0494851909400165,0.0262706173784996,-0.2275034970653867,LOCAL_CURRENCY_ASSET_VS_USD_BENCHMARK_NOT_FX_HEDGED
,1810.HK,Consumer_Tech,26.36000061035156,0.0169753291960841,-0.0731364235107943,0.0288836747415308,0.0369787777827048,-0.0401847805619267,0.0412745101703434,0.0166814985630241,-0.080357342196177,0.061564048282902,0.1174798074891914,-0.1068228922319119,0.0988811679390964,0.0151361836930048,0.5009216589861751,NEUTRAL,2026-09-12,2026-09-11,CORE,^HSI,SPY,AVAILABLE,-0.0401847805619267,0.0412745101703434,0.0166814985630241,-0.027873406096656,0.0360177926886192,-0.0113330238438575,LOCAL_CURRENCY_ASSET_VS_USD_BENCHMARK_NOT_FX_HEDGED
,WCLD,Software,38.77999877929688,-0.0023154143313871,-0.0760067273915796,-0.0737998622262873,0.2756578705895307,-0.0645215364515631,-0.0563292668000479,0.2544286368820985,-0.0575567618350078,0.2106340382941665,0.1101600501808697,-0.1012746834773842,-0.778456981447245,-0.1411107110132336,0.495852534562212,WEAKENING,2026-09-12,2026-09-11,CORE,SPY,SPY,AVAILABLE,-0.0645215364515631,-0.0563292668000479,0.2544286368820985,-0.0645215364515631,-0.0563292668000479,0.2544286368820985,LOCAL_CURRENCY_ASSET_VS_USD_BENCHMARK_NOT_FX_HEDGED
,051910.KS,EV,273000.0,-0.0267379679144385,-0.0319148936170212,-0.0090744101633394,-0.2437673130193905,-0.0652173017384014,-0.0232481215463972,-0.0232938120253377,-0.0296462910761864,0.0158730158730158,0.165281466791301,-0.0998217468805704,-0.3341153935039975,-0.0008714725211315,0.4947004608294931,WEAKENING,2026-09-12,2026-09-11,CORE,^KS11,SPY,AVAILABLE,-0.0652173017384014,-0.0232481215463972,-0.0232938120253377,-0.0372952968648615,0.0015406299157473,-0.2417377314234908,LOCAL_CURRENCY_ASSET_VS_USD_BENCHMARK_NOT_FX_HEDGED
,EMR,Power_Grid,152.19000244140625,0.0257464949109258,0.0131815168034092,-0.070055888444643,0.0261818285827049,0.0246667077434258,-0.0525852930184036,0.0049525948752726,0.03069548891457,0.2739872387007658,0.07164827718758,-0.0979193670588424,-0.673022989536596,-0.267897850208238,0.4940092165898617,NEUTRAL,2026-09-12,2026-09-11,CORE,SPY,SPY,AVAILABLE,0.0246667077434258,-0.0525852930184036,0.0049525948752726,0.0246667077434258,-0.0525852930184036,0.0049525948752726,LOCAL_CURRENCY_ASSET_VS_USD_BENCHMARK_NOT_FX_HEDGED
,VGK,Market_EU,90.0199966430664,0.0067098913711391,-0.0187486511963654,-0.025546662486659,0.0137327435364889,-0.0072634602563489,-0.0080760670604196,-0.0074964901709433,-0.0123619855747007,0.2473796930006254,0.027191618529257,-0.0404550292273181,-0.2356871305765102,-0.2324144668453827,0.4937788018433179,WEAKENING,2026-09-12,2026-09-11,CORE,SPY,SPY,AVAILABLE,-0.0072634602563489,-0.0080760670604196,-0.0074964901709433,-0.0072634602563489,-0.0080760670604196,-0.0074964901709433,LOCAL_CURRENCY_ASSET_VS_USD_BENCHMARK_NOT_FX_HEDGED
,6857.T,Semiconductor_Equipment,31720.0,-0.0648584905660377,-0.0414022363251738,-0.1396799566042853,0.0552228875582168,-0.0258749071191566,-0.0712445441382207,0.1394964289141818,-0.0064822471741024,0.2694924123495552,0.1409925511654744,-0.1604023292747485,-1.2801913961911908,-0.2669835260870704,0.4910138248847926,WEAKENING,2026-09-12,2026-09-11,CORE,^N225,SPY,AVAILABLE,-0.0258749071191566,-0.0712445441382207,0.1394964289141818,-0.0058630122817926,-0.0999473233272386,0.1277996407870187,LOCAL_CURRENCY_ASSET_VS_USD_BENCHMARK_NOT_FX_HEDGED
,DLR,AI_Infrastructure,188.5800018310547,0.0173167545903956,0.0042068724275321,-0.0455511687245334,-0.0098188246109329,0.0156920633675486,-0.028080573298294,-0.0310480583183652,0.0155946646086655,0.1918160514038295,0.0667073718532291,-0.0843366981702412,-0.4205154664949829,-0.1309817053022853,0.4907834101382488,NEUTRAL,2026-09-12,2026-09-11,CORE,SPY,SPY,AVAILABLE,0.0156920633675486,-0.028080573298294,-0.0310480583183652,0.0156920633675486,-0.028080573298294,-0.0310480583183652,LOCAL_CURRENCY_ASSET_VS_USD_BENCHMARK_NOT_FX_HEDGED
,SKYY,Cloud_AI,158.47000122070312,0.0118766400811098,-0.0332479075715039,-0.0618080765795886,0.1710759137118456,-0.0217627166314874,-0.0443374811533492,0.1498466800044133,-0.0177958884266068,0.2404423434023107,0.0752224725764909,-0.072819861376375,-0.629264246566269,-0.1975643483252146,0.487557603686636,WEAKENING,2026-09-12,2026-09-11,CORE,SPY,SPY,AVAILABLE,-0.0217627166314874,-0.0443374811533492,0.1498466800044133,-0.0217627166314874,-0.0443374811533492,0.1498466800044133,LOCAL_CURRENCY_ASSET_VS_USD_BENCHMARK_NOT_FX_HEDGED
,GOOGL,Cloud_AI,338.5,0.017739007180439,-0.0109858284881129,-0.0220649653322264,-0.0925182445920738,0.0004993624519036,-0.004594369905987,-0.113747478299506,-0.0054695871550562,0.1151442374051069,0.0543354117996646,-0.0494095230140558,-0.2706083816478496,-0.0467587071193416,0.4852534562211981,WEAKENING,2026-09-12,2026-09-11,CORE,SPY,SPY,AVAILABLE,0.0004993624519036,-0.004594369905987,-0.113747478299506,0.0004993624519036,-0.004594369905987,-0.113747478299506,LOCAL_CURRENCY_ASSET_VS_USD_BENCHMARK_NOT_FX_HEDGED
,5803.T,AI_Networking,4982.0,-0.0435784219619889,-0.0140510587769642,-0.1205648720211827,0.0534996828082046,0.0014762704290529,-0.0521294595551181,0.1377732241641696,0.0160901592283314,0.1614275584968092,0.2085790784695286,-0.1854228364593616,-1.1924129523684797,-0.0933098998886557,0.4847926267281106,WEAKENING,2026-09-12,2026-09-11,CORE,^N225,SPY,AVAILABLE,0.0014762704290529,-0.0521294595551181,0.1377732241641696,0.0177465522811598,-0.117598849018205,0.1375406275173394,LOCAL_CURRENCY_ASSET_VS_USD_BENCHMARK_NOT_FX_HEDGED
,HACK,Cybersecurity,109.9000015258789,-0.0054298504445348,-0.0146148773537021,-0.0983673633916498,0.1458658881200365,-0.0031296864136856,-0.0808967679654104,0.1246366544126043,0.0099769634942103,0.2641549235287622,0.119668664726139,-0.1132168604549995,-0.929338296707774,-0.2171347312507576,0.484331797235023,NEUTRAL,2026-09-12,2026-09-11,CORE,SPY,SPY,AVAILABLE,-0.0031296864136856,-0.0808967679654104,0.1246366544126043,-0.0031296864136856,-0.0808967679654104,0.1246366544126043,LOCAL_CURRENCY_ASSET_VS_USD_BENCHMARK_NOT_FX_HEDGED
,CIBR,Cybersecurity,94.4000015258789,0.0025488302297731,-0.0096516803597437,-0.0763208968226631,0.1104980468092649,0.0018335105802728,-0.0588503013964237,0.0892688131018326,0.009428543845922,0.220214402752268,0.1109678747174572,-0.0953033087535435,-0.7322445077221472,-0.1514578949458443,0.4815668202764978,NEUTRAL,2026-09-12,2026-09-11,CORE,SPY,SPY,AVAILABLE,0.0018335105802728,-0.0588503013964237,0.0892688131018326,0.0018335105802728,-0.0588503013964237,0.0892688131018326,LOCAL_CURRENCY_ASSET_VS_USD_BENCHMARK_NOT_FX_HEDGED
,6861.T,Industrials,76000.0,-0.0065359477124182,-0.0221307256819351,-0.1330139174081679,0.0052910052910053,-0.006603396475918,-0.0645785049421033,0.0895645466469703,0.0111227536701067,0.456538762725137,0.0913487376878465,-0.1330139174081679,-1.1421336091196532,-0.6647711924193105,0.4778801843317972,WEAKENING,2026-09-12,2026-09-11,CORE,^N225,SPY,AVAILABLE,-0.006603396475918,-0.0645785049421033,0.0895645466469703,-0.013905934989709,-0.105235164703046,0.0135015726369547,LOCAL_CURRENCY_ASSET_VS_USD_BENCHMARK_NOT_FX_HEDGED
,IGV,Software,101.5199966430664,0.0031620524157514,-0.0507713928014752,-0.0447873747732645,0.1110867198355651,-0.0392862018614587,-0.0273167793470251,0.0898574861281329,-0.0395745491081591,0.1360778067303118,0.1090319552008005,-0.0826686255602836,-0.4572007612608494,-0.0558970782201435,0.4755760368663595,WEAKENING,2026-09-12,2026-09-11,CORE,SPY,SPY,AVAILABLE,-0.0392862018614587,-0.0273167793470251,0.0898574861281329,-0.0392862018614587,-0.0273167793470251,0.0898574861281329,LOCAL_CURRENCY_ASSET_VS_USD_BENCHMARK_NOT_FX_HEDGED
,SOXX,Semiconductor,527.0700073242188,0.0186305679703377,0.0495220918213257,-0.0429785076984933,-0.1085345781240515,0.0610072827613422,-0.0255079122722539,-0.1297638118314837,0.060266718745949,0.1372729544574446,0.0954099032449203,-0.1051831414941038,-0.4600101219576038,-0.061836209128095,0.4737327188940092,WEAKENING,2026-09-12,2026-09-11,CORE,SPY,SPY,AVAILABLE,0.0610072827613422,-0.0255079122722539,-0.1297638118314837,0.0610072827613422,-0.0255079122722539,-0.1297638118314837,LOCAL_CURRENCY_ASSET_VS_USD_BENCHMARK_NOT_FX_HEDGED
,7013.T,Defense,2665.0,0.0005631687629059,0.0154315107639551,-0.1198811096433288,-0.0862334990570889,0.0309588399699722,-0.0514456971772643,-0.001959957701124,0.0454017881747873,0.2587312900926586,0.1464234897659806,-0.141347424042272,-1.0343609429139224,-0.2118307261036493,0.4707373271889401,WEAKENING,2026-09-12,2026-09-11,CORE,^N225,SPY,AVAILABLE,0.0309588399699722,-0.0514456971772643,-0.001959957701124,0.0211461115689234,-0.0867310852460294,0.0636657396804634,LOCAL_CURRENCY_ASSET_VS_USD_BENCHMARK_NOT_FX_HEDGED
,SAF.PA,Defense,330.20001220703125,0.0254658764193516,-0.0039215318038272,-0.0776535971870635,-0.0098950158709707,0.0114844154710483,-0.0471032438305002,-0.0129712014698009,0.0154918674929386,0.3341344196415799,0.0668060394513125,-0.1082802698494193,-0.7365174495253832,-0.3883891313163413,0.4686635944700461,WEAKENING,2026-09-12,2026-09-11,CORE,^STOXX,SPY,AVAILABLE,0.0114844154710483,-0.0471032438305002,-0.0129712014698009,0.0075636591361892,-0.0601830017608241,-0.002093393562274,LOCAL_CURRENCY_ASSET_VS_USD_BENCHMARK_NOT_FX_HEDGED
,GRID,Power_Grid,180.77999877929688,0.0199728795780778,0.0182494402145341,-0.0394772204958583,-0.055229408497562,0.0297346311545506,-0.0220066250696189,-0.0764586422049943,0.0281187453384987,0.199785006677512,0.0560795436266806,-0.0725686889482088,-0.372943423230678,-0.1406387472208732,0.4684331797235024,WEAKENING,2026-09-12,2026-09-11,CORE,SPY,SPY,AVAILABLE,0.0297346311545506,-0.0220066250696189,-0.0764586422049943,0.0297346311545506,-0.0220066250696189,-0.0764586422049943,LOCAL_CURRENCY_ASSET_VS_USD_BENCHMARK_NOT_FX_HEDGED
,TER,Semiconductor_Equipment,379.7200012207031,0.0257435336352858,0.1219051314994232,-0.0746714783359612,-0.0720267718124514,0.1333903224394398,-0.0572008829097218,-0.0932560055198836,0.1405730010834135,0.1247338615335861,0.1749394599845684,-0.2429932244987267,-0.7445286522358456,-0.0532416290760676,0.4658986175115207,NEUTRAL,2026-09-12,2026-09-11,CORE,SPY,SPY,AVAILABLE,0.1333903224394398,-0.0572008829097218,-0.0932560055198836,0.1333903224394398,-0.0572008829097218,-0.0932560055198836,LOCAL_CURRENCY_ASSET_VS_USD_BENCHMARK_NOT_FX_HEDGED
,SIE.DE,Industrials,264.6499938964844,0.0253777126620515,-0.021988219042224,-0.0684618507186669,-0.0438944885560179,-0.0065822717673483,-0.0379114973621036,-0.0469706741548481,-0.0048727563625572,0.2845650205474681,0.0692680113757836,-0.1095394146331705,-0.5895846822214004,-0.2812531725616433,0.4640552995391705,WEAKENING,2026-09-12,2026-09-11,CORE,^STOXX,SPY,AVAILABLE,-0.0065822717673483,-0.0379114973621036,-0.0469706741548481,-0.0105030281022074,-0.0509912552924275,-0.0519928091405628,LOCAL_CURRENCY_ASSET_VS_USD_BENCHMARK_NOT_FX_HEDGED
,CRWD,Cybersecurity,206.7400054931641,-0.0101503165325683,-0.0382843916863059,-0.0833148290153659,0.2170304697018639,-0.0267992007462893,-0.0658442335891265,0.1958012359944316,-0.0174556844324644,0.1192334025218683,0.2661891886686485,-0.1780250703400884,-0.875315414146433,-0.0373189857699121,0.4640552995391705,WEAKENING,2026-09-12,2026-09-11,CORE,SPY,SPY,AVAILABLE,-0.0267992007462893,-0.0658442335891265,0.1958012359944316,-0.0267992007462893,-0.0658442335891265,0.1958012359944316,LOCAL_CURRENCY_ASSET_VS_USD_BENCHMARK_NOT_FX_HEDGED
,6645.T,Industrials,6003.0,-0.0044776119402984,-0.0344217468232266,-0.1429183323814963,0.0681494661921708,-0.0188944176172094,-0.0744829199154317,0.1524230075481358,0.0013078362721474,0.4623556581986143,0.1035078616268697,-0.1509300014198494,-1.2605151200197735,-0.6383969159279925,0.4626728110599077,WEAKENING,2026-09-12,2026-09-11,CORE,^N225,SPY,AVAILABLE,-0.0188944176172094,-0.0744829199154317,0.1524230075481358,-0.0193511022469385,-0.1252029264246603,0.0604005437012418,LOCAL_CURRENCY_ASSET_VS_USD_BENCHMARK_NOT_FX_HEDGED
,PLTR,Software_AI,167.22999572753906,0.0082599488251899,-0.0838218547859497,-0.0658063747320377,0.2550093487995426,-0.0723366638459331,-0.0483357793057983,0.2337801150921103,-0.0673702611029402,0.1350607499934395,0.1446758223465406,-0.1100976700014736,-0.7372807021905432,-0.0614329207292794,0.462442396313364,WEAKENING,2026-09-12,2026-09-11,CORE,SPY,SPY,AVAILABLE,-0.0723366638459331,-0.0483357793057983,0.2337801150921103,-0.0723366638459331,-0.0483357793057983,0.2337801150921103,LOCAL_CURRENCY_ASSET_VS_USD_BENCHMARK_NOT_FX_HEDGED
,CCJ,Uranium,96.68000030517578,-0.0075959544003093,-0.0391572483985057,-0.0109462884380994,-0.103819032567572,-0.0276720574584892,0.0065243069881399,-0.1250482662750043,-0.0364206762889809,0.0254216872929628,0.1329857073629152,-0.1033904471965031,-0.2218526788025031,-0.0020925039781345,0.4562211981566819,NEUTRAL,2026-09-12,2026-09-11,CORE,SPY,SPY,AVAILABLE,-0.0276720574584892,0.0065243069881399,-0.1250482662750043,-0.0276720574584892,0.0065243069881399,-0.1250482662750043,LOCAL_CURRENCY_ASSET_VS_USD_BENCHMARK_NOT_FX_HEDGED
,MCHI,Market_CN,52.959999084472656,0.0030303001841676,-0.0259334168679784,-0.026828356001412,-0.0216146676622136,-0.0144482259279619,-0.0093577605751726,-0.0428439013696458,-0.0192263278676254,0.2097700109946605,0.0348167262492045,-0.0513834103160626,-0.2671145429398015,-0.1616402556950184,0.4536866359447004,WEAKENING,2026-09-12,2026-09-11,CORE,SPY,SPY,AVAILABLE,-0.0144482259279619,-0.0093577605751726,-0.0428439013696458,-0.0144482259279619,-0.0093577605751726,-0.0428439013696458,LOCAL_CURRENCY_ASSET_VS_USD_BENCHMARK_NOT_FX_HEDGED
,XLU,Utilities,42.38999938964844,-0.0030574098474991,-0.0148733304160901,-0.0374659739232012,-0.0532472610091911,-0.0033881394760736,-0.0199953784969618,-0.0744764947166234,-0.0055068369352898,0.270049322594743,0.0389296825520325,-0.046942039417504,-0.3343521701806083,-0.2598957971154729,0.4490783410138249,WEAKENING,2026-09-12,2026-09-11,CORE,SPY,SPY,AVAILABLE,-0.0033881394760736,-0.0199953784969618,-0.0744764947166234,-0.0033881394760736,-0.0199953784969618,-0.0744764947166234,LOCAL_CURRENCY_ASSET_VS_USD_BENCHMARK_NOT_FX_HEDGED
,ORCL,Cloud_AI,150.27999877929688,-0.0173924651474257,-0.024409209755363,-0.0380233158045772,-0.1992629031582721,-0.0129240188153465,-0.0205527203783378,-0.2204921368657043,-0.0149033808042187,0.0759979805922893,0.1372922436864712,-0.0953782728207388,-0.6056433148503181,-0.021047767441035,0.4421658986175115,WEAKENING,2026-09-12,2026-09-11,CORE,SPY,SPY,AVAILABLE,-0.0129240188153465,-0.0205527203783378,-0.2204921368657043,-0.0129240188153465,-0.0205527203783378,-0.2204921368657043,LOCAL_CURRENCY_ASSET_VS_USD_BENCHMARK_NOT_FX_HEDGED
,BOTZ,Industrials,35.279998779296875,0.0149597377121144,-0.0148004069720434,-0.0671602574305401,-0.0681721365288564,-0.0033152160320268,-0.0496896620043006,-0.0894013702362886,0.0019896573855915,0.3060246567686617,0.0625356589563255,-0.0809096086193196,-0.6217461423109416,-0.3286556034058882,0.4359447004608295,WEAKENING,2026-09-12,2026-09-11,CORE,SPY,SPY,AVAILABLE,-0.0033152160320268,-0.0496896620043006,-0.0894013702362886,-0.0033152160320268,-0.0496896620043006,-0.0894013702362886,LOCAL_CURRENCY_ASSET_VS_USD_BENCHMARK_NOT_FX_HEDGED
,S,Cybersecurity,19.75,-0.0030287464694551,-0.0025252140902591,-0.1715604079869903,0.3140386128334109,0.0089599768497573,-0.1540898125607509,0.2928093791259787,0.0403648879064884,0.3143737032662736,0.1776882638491725,-0.1849832138920264,-1.5614735739625054,-0.3035320376506346,0.4334101382488479,NEUTRAL,2026-09-12,2026-09-11,CORE,SPY,SPY,AVAILABLE,0.0089599768497573,-0.1540898125607509,0.2928093791259787,0.0089599768497573,-0.1540898125607509,0.2928093791259787,LOCAL_CURRENCY_ASSET_VS_USD_BENCHMARK_NOT_FX_HEDGED
,7011.T,Defense,3705.0,-0.0048348106365834,-0.0130527437400106,-0.1290550070521862,-0.0401554404145078,0.0024745854660065,-0.0606195945861216,0.0441181009414571,0.0192110080230359,0.3567251461988304,0.1060206988446223,-0.1521739130434782,-1.1159346787528226,-0.4342280965894362,0.432258064516129,WEAKENING,2026-09-12,2026-09-11,CORE,^N225,SPY,AVAILABLE,0.0024745854660065,-0.0606195945861216,0.0441181009414571,-0.0122302240797462,-0.1119936902880462,0.0135680902419477,LOCAL_CURRENCY_ASSET_VS_USD_BENCHMARK_NOT_FX_HEDGED
,MCHP,Analog_Semiconductor,74.19999694824219,0.0366023337547727,0.0149089909559689,-0.0391759246416054,-0.2194245782238255,0.0263941818959855,-0.021705329215366,-0.2406538119312578,0.0247029721163703,0.1237302224224716,0.0854578142462109,-0.1049135381577279,-0.5339480056040319,-0.0567209202840891,0.4311059907834101,WEAKENING,2026-09-12,2026-09-11,CORE,SPY,SPY,AVAILABLE,0.0263941818959855,-0.021705329215366,-0.2406538119312578,0.0263941818959855,-0.021705329215366,-0.2406538119312578,LOCAL_CURRENCY_ASSET_VS_USD_BENCHMARK_NOT_FX_HEDGED
,CAT,Industrials,818.5700073242188,0.0168571519555511,0.0230334595675469,-0.0421600389550861,-0.1326036911513288,0.0345186505075635,-0.0246894435288467,-0.1538329248587611,0.0335734693063185,0.1436887716516535,0.0853468064869475,-0.1162479991282768,-0.449972585010678,-0.0709800923971145,0.4304147465437787,WEAKENING,2026-09-12,2026-09-11,CORE,SPY,SPY,AVAILABLE,0.0345186505075635,-0.0246894435288467,-0.1538329248587611,0.0345186505075635,-0.0246894435288467,-0.1538329248587611,LOCAL_CURRENCY_ASSET_VS_USD_BENCHMARK_NOT_FX_HEDGED
,ASML,Semiconductor_Equipment,1698.300048828125,0.0064417455960812,0.0316549786334863,-0.0809567474481597,-0.0573169954967957,0.0431401695735028,-0.0634861520219203,-0.0785462292042279,0.0518941654955262,0.2676302338963545,0.0920898600503575,-0.1258178205984124,-0.7489627834049221,-0.2352753413154411,0.4290322580645161,WEAKENING,2026-09-12,2026-09-11,CORE,SPY,SPY,AVAILABLE,0.0431401695735028,-0.0634861520219203,-0.0785462292042279,0.0431401695735028,-0.0634861520219203,-0.0785462292042279,LOCAL_CURRENCY_ASSET_VS_USD_BENCHMARK_NOT_FX_HEDGED
,COHR,AI_Networking,305.3699951171875,0.0416140162044929,0.1549108993146155,-0.0668032122214302,-0.202293573666537,0.1663960902546321,-0.0493326167951908,-0.2235228073739692,0.1716117023699731,0.0993185333985742,0.2230917545178824,-0.2471670100133142,-0.7687931220982438,-0.0297402164346434,0.4271889400921659,WEAKENING,2026-09-12,2026-09-11,CORE,SPY,SPY,AVAILABLE,0.1663960902546321,-0.0493326167951908,-0.2235228073739692,0.1663960902546321,-0.0493326167951908,-0.2235228073739692,LOCAL_CURRENCY_ASSET_VS_USD_BENCHMARK_NOT_FX_HEDGED
,ARM,AI_Semiconductor,264.7900085449219,0.0417421361825052,0.0915124800781563,-0.0497397654948857,-0.3319119670193942,0.1029976710181729,-0.0322691700686463,-0.3531412007268264,0.1039474214518778,0.1013008217124809,0.1486025119598101,-0.1596764769802188,-0.7318326330974276,-0.0339070924842828,0.4264976958525346,WEAKENING,2026-09-12,2026-09-11,CORE,SPY,SPY,AVAILABLE,0.1029976710181729,-0.0322691700686463,-0.3531412007268264,0.1029976710181729,-0.0322691700686463,-0.3531412007268264,LOCAL_CURRENCY_ASSET_VS_USD_BENCHMARK_NOT_FX_HEDGED
,012450.KS,Defense,1081000.0,0.0131208997188378,0.0246445497630332,-0.0877637130801687,-0.1168300653594771,-0.0086578583583469,-0.1019374244632265,0.1036434356345756,0.0465854780330753,0.2023346303501945,0.1319456159424834,-0.1350210970464135,-0.8796196006390057,-0.1345830122311697,0.4239631336405529,NEUTRAL,2026-09-12,2026-09-11,CORE,^KS11,SPY,AVAILABLE,-0.0086578583583469,-0.1019374244632265,0.1036434356345756,0.0439589254194817,-0.0542638526544773,-0.0302591478952178,LOCAL_CURRENCY_ASSET_VS_USD_BENCHMARK_NOT_FX_HEDGED
,URA,Uranium,43.52999877929688,-0.0326666937934028,-0.0474836312344735,-0.0380110767006215,-0.0906622153629743,-0.0359984402944569,-0.0205404812743821,-0.1118914490704066,-0.0379808620593181,0.0772686907295325,0.1379351359574195,-0.1000620272785955,-0.450361950032149,-0.0212930962766697,0.4211981566820276,WEAKENING,2026-09-12,2026-09-11,CORE,SPY,SPY,AVAILABLE,-0.0359984402944569,-0.0205404812743821,-0.1118914490704066,-0.0359984402944569,-0.0205404812743821,-0.1118914490704066,LOCAL_CURRENCY_ASSET_VS_USD_BENCHMARK_NOT_FX_HEDGED
,4519.T,Biotech,6422.0,0.000623247117482,-0.0548933038999264,-0.0737054666089715,-0.1530031513826059,-0.0393659746939092,-0.005270054142907,-0.0687296100266409,-0.0364669372476835,0.3328990228013029,0.0621182635186575,-0.0961836361075905,-0.6764805607768943,-0.394996196277622,0.415668202764977,WEAKENING,2026-09-12,2026-09-11,CORE,^N225,SPY,AVAILABLE,-0.0393659746939092,-0.005270054142907,-0.0687296100266409,-0.0548131516014199,-0.0874771397653981,-0.163307033134084,LOCAL_CURRENCY_ASSET_VS_USD_BENCHMARK_NOT_FX_HEDGED
,009150.KS,MLCC,1400000.0,0.0,-0.0007137758743754,-0.0685296074517631,-0.3110236220472441,-0.0340161839957556,-0.0827033188348209,-0.0905501210531912,0.0164186259885653,0.119906868451688,0.1636678275789633,-0.1553273427471116,-0.9687793133045,-0.0502063890461301,0.4138248847926267,WEAKENING,2026-09-12,2026-09-11,CORE,^KS11,SPY,AVAILABLE,-0.0340161839957556,-0.0827033188348209,-0.0905501210531912,0.050060858595803,0.0593041786558656,-0.2162392787828333,LOCAL_CURRENCY_ASSET_VS_USD_BENCHMARK_NOT_FX_HEDGED
,6981.T,MLCC,7352.0,-0.0229900332225914,0.0223890974829648,-0.1072252580449302,-0.3233317993557294,0.0379164266889819,-0.0387898455788656,-0.2390582579997644,0.0491954119941973,0.2056836710924761,0.1753960873881883,-0.1675512665862485,-1.197453890782202,-0.1257410301274743,0.4126728110599078,WEAKENING,2026-09-12,2026-09-11,CORE,^N225,SPY,AVAILABLE,0.0379164266889819,-0.0387898455788656,-0.2390582579997644,0.0768380383534349,-0.0979186477454607,-0.1737620418489233,LOCAL_CURRENCY_ASSET_VS_USD_BENCHMARK_NOT_FX_HEDGED
,PANW,Cybersecurity,330.6499938964844,-0.023161678525448,-0.0038862702158037,-0.1650252679381707,0.1813147592234993,0.0075989207242127,-0.1475546725119313,0.1600855255160671,0.0373700467687388,0.3055023373602573,0.1911150783635299,-0.1705050227617977,-1.5692535450943588,-0.2637971085814367,0.4115207373271889,WEAKENING,2026-09-12,2026-09-11,CORE,SPY,SPY,AVAILABLE,0.0075989207242127,-0.1475546725119313,0.1600855255160671,0.0075989207242127,-0.1475546725119313,0.1600855255160671,LOCAL_CURRENCY_ASSET_VS_USD_BENCHMARK_NOT_FX_HEDGED
,4063.T,Semiconductor_Materials,5738.0,-0.00416522040958,-0.0082958866228828,-0.0994978028876334,-0.2398993244138296,0.0072314425831343,-0.0310623904215688,-0.1556257830578646,0.0165785640990255,0.5774134790528234,0.0478288268906799,-0.1069694596711041,-0.9494046737956529,-1.20118715549462,0.4018433179723502,WEAKENING,2026-09-12,2026-09-11,CORE,^N225,SPY,AVAILABLE,0.0072314425831343,-0.0310623904215688,-0.1556257830578646,-0.0091667974539073,-0.0828743402902861,-0.2347671766341076,LOCAL_CURRENCY_ASSET_VS_USD_BENCHMARK_NOT_FX_HEDGED
,AMGN,Biotech,377.3500061035156,-0.0133866580407518,-0.1503422267580041,-0.0916253918993881,0.0911776754227351,-0.1388570358179875,-0.0741547964731487,0.0699484417153029,-0.1274358787831571,0.2610820444525199,0.1223874028160753,-0.1503422267580041,-0.9197613522019304,-0.1954592065067789,0.397926267281106,WEAKENING,2026-09-12,2026-09-11,CORE,SPY,SPY,AVAILABLE,-0.1388570358179875,-0.0741547964731487,0.0699484417153029,-0.1388570358179875,-0.0741547964731487,0.0699484417153029,LOCAL_CURRENCY_ASSET_VS_USD_BENCHMARK_NOT_FX_HEDGED
,NVO,Pharma,43.06999969482422,-0.0213587517054973,-0.0934539840784759,-0.0663450328715119,0.0016157264394962,-0.0819687931384594,-0.0488744374452725,-0.0196135072679359,-0.0768677258605979,0.1903253156155006,0.0899548783860607,-0.1148787540098026,-0.7024947264360881,-0.1403719236504237,0.3956221198156682,WEAKENING,2026-09-12,2026-09-11,CORE,SPY,SPY,AVAILABLE,-0.0819687931384594,-0.0488744374452725,-0.0196135072679359,-0.0819687931384594,-0.0488744374452725,-0.0196135072679359,LOCAL_CURRENCY_ASSET_VS_USD_BENCHMARK_NOT_FX_HEDGED
,GD,Defense,355.8999938964844,0.0046577103641054,-0.027250119861591,-0.0943098492581027,-0.0182462549487005,-0.0157649289215745,-0.0768392538318633,-0.0394754886561328,-0.0036726575470654,0.5424476975112431,0.0442647097412888,-0.1089241131045695,-0.8305647870197523,-1.1557324306810348,0.3930875576036866,WEAKENING,2026-09-12,2026-09-11,CORE,SPY,SPY,AVAILABLE,-0.0157649289215745,-0.0768392538318633,-0.0394754886561328,-0.0157649289215745,-0.0768392538318633,-0.0394754886561328,LOCAL_CURRENCY_ASSET_VS_USD_BENCHMARK_NOT_FX_HEDGED
,0700.HK,Internet_AI,428.3999938964844,0.0065789185921387,-0.0325203123158556,-0.0263636502352627,-0.03816793945433,0.0004313306330119,-0.0139728148064501,-0.0584652186740107,-0.0259293997570399,0.1062271799321738,0.0676358676978256,-0.0687089581979965,-0.2698404150602227,-0.0414060810119567,0.3923963133640553,WEAKENING,2026-09-12,2026-09-11,CORE,^HSI,SPY,AVAILABLE,0.0004313306330119,-0.0139728148064501,-0.0584652186740107,0.0008616202621513,-0.0111008469853606,-0.0830262546043903,LOCAL_CURRENCY_ASSET_VS_USD_BENCHMARK_NOT_FX_HEDGED
,XLI,Industrials,172.3699951171875,0.0106713106588298,-0.0125458436757318,-0.0722320827488127,-0.039232259446175,-0.0010606527357153,-0.0547614873225733,-0.0604614931536072,0.0055121770114713,0.4722026401679863,0.0381200987205443,-0.0855717759108783,-0.6185439040663863,-0.8947558197282345,0.3912442396313364,WEAKENING,2026-09-12,2026-09-11,CORE,SPY,SPY,AVAILABLE,-0.0010606527357153,-0.0547614873225733,-0.0604614931536072,-0.0010606527357153,-0.0547614873225733,-0.0604614931536072,LOCAL_CURRENCY_ASSET_VS_USD_BENCHMARK_NOT_FX_HEDGED
,RTX,Defense,197.67999267578125,-0.0022208886142258,-0.0220155944171237,-0.1004322803090087,0.0619300647757243,-0.0105304034771072,-0.0829616848827693,0.0407008310682921,0.0030924756601284,0.4821930367034106,0.0589692173088194,-0.1239079416415788,-0.9510106692247704,-0.8212377310628852,0.3900921658986175,WEAKENING,2026-09-12,2026-09-11,CORE,SPY,SPY,AVAILABLE,-0.0105304034771072,-0.0829616848827693,0.0407008310682921,-0.0105304034771072,-0.0829616848827693,0.0407008310682921,LOCAL_CURRENCY_ASSET_VS_USD_BENCHMARK_NOT_FX_HEDGED
,IFX.DE,Semiconductor,58.560001373291016,0.0494624045513851,0.0545651478588509,-0.0630399780273437,-0.2859407407889786,0.0699710951337265,-0.0324896246707804,-0.2890169263878087,0.0703251423656868,0.1625411350576996,0.1271575517878745,-0.1334400024414063,-0.7415195834588142,-0.080581840704753,0.3894009216589861,WEAKENING,2026-09-12,2026-09-11,CORE,^STOXX,SPY,AVAILABLE,0.0699710951337265,-0.0324896246707804,-0.2890169263878087,0.0660503387988674,-0.0455693826011043,-0.2825813745378969,LOCAL_CURRENCY_ASSET_VS_USD_BENCHMARK_NOT_FX_HEDGED
,COST,Consumer,904.77001953125,0.0026485678267527,-0.0223035781029535,-0.0593439283708622,-0.0815578387846819,-0.010818387162937,-0.0418733329446228,-0.1027870724921141,-0.007467596010238,0.3262458207513996,0.0525615685658729,-0.071052108087893,-0.5364318168526319,-0.3683434331625843,0.3884792626728111,WEAKENING,2026-09-12,2026-09-11,CORE,SPY,SPY,AVAILABLE,-0.010818387162937,-0.0418733329446228,-0.1027870724921141,-0.010818387162937,-0.0418733329446228,-0.1027870724921141,LOCAL_CURRENCY_ASSET_VS_USD_BENCHMARK_NOT_FX_HEDGED
,ASM.AS,Semiconductor_Equipment,830.2000122070312,0.0116988019823409,0.0684684841789333,-0.0854813578204573,-0.2244745332022127,0.083874431453809,-0.0549310044638939,-0.2275507188010429,0.0898388236340476,0.254927523794476,0.1136359479953865,-0.1440845886228396,-0.8116593429769239,-0.191766349154261,0.3884792626728109,WEAKENING,2026-09-12,2026-09-11,CORE,^STOXX,SPY,AVAILABLE,0.083874431453809,-0.0549310044638939,-0.2275507188010429,0.0799536751189499,-0.0680107623942178,-0.1807756778596148,LOCAL_CURRENCY_ASSET_VS_USD_BENCHMARK_NOT_FX_HEDGED
,EWQ,Market_EU,44.93000030517578,0.0069475880930489,-0.0177088181803094,-0.0515093663020249,-0.0262245145314007,-0.0062236272402929,-0.0340387708757855,-0.0474537482388329,-0.0048314766048032,0.4841255244249774,0.029826738581667,-0.060037965357696,-0.4413101535162788,-0.8360618746661624,0.3877880184331797,WEAKENING,2026-09-12,2026-09-11,CORE,SPY,SPY,AVAILABLE,-0.0062236272402929,-0.0340387708757855,-0.0474537482388329,-0.0062236272402929,-0.0340387708757855,-0.0474537482388329,LOCAL_CURRENCY_ASSET_VS_USD_BENCHMARK_NOT_FX_HEDGED
,ON,Analog_Semiconductor,76.13999938964844,0.0850791132462254,0.0338085242658767,-0.0664541237271557,-0.3561099417365883,0.0452937152058933,-0.0489835283009163,-0.3773391754440205,0.0504220551976657,0.160449921989551,0.1347773940859731,-0.1584312727226809,-0.8601603438290415,-0.0791123692531447,0.3868663594470046,WEAKENING,2026-09-12,2026-09-11,CORE,SPY,SPY,AVAILABLE,0.0452937152058933,-0.0489835283009163,-0.3773391754440205,0.0452937152058933,-0.0489835283009163,-0.3773391754440205,LOCAL_CURRENCY_ASSET_VS_USD_BENCHMARK_NOT_FX_HEDGED
,068270.KS,Biotech,178200.0,-0.0143805309734513,-0.0526315789473684,-0.1178217821782178,0.0206185567010308,-0.0859339870687486,-0.1319954935612756,0.2410920576950836,-0.023176133402814,0.6197916666666666,0.0487476022618514,-0.1178217821782178,-1.0223956824306009,-1.4980215509598904,0.3831797235023041,WEAKENING,2026-09-12,2026-09-11,CORE,^KS11,SPY,AVAILABLE,-0.0859339870687486,-0.1319954935612756,0.2410920576950836,-0.0360829544367873,-0.107206742099131,-0.0029842757813696,LOCAL_CURRENCY_ASSET_VS_USD_BENCHMARK_NOT_FX_HEDGED
,NOVN.SW,Biotech,112.04000091552734,-0.0008917288627194,-0.1468169763430684,-0.0945530721693013,-0.0508302266474376,-0.1037805110036886,-0.0462039134931154,-0.0515159428789637,-0.1231787083007431,0.2692130522007981,0.1590600820731215,-0.1497106500578421,-0.81918334766814,-0.1600333711757929,0.3827188940092166,WEAKENING,2026-09-12,2026-09-11,CORE,^SSMI,SPY,AVAILABLE,-0.1037805110036886,-0.0462039134931154,-0.0515159428789637,-0.1353317854030519,-0.0770824767430619,-0.0852225188202714,LOCAL_CURRENCY_ASSET_VS_USD_BENCHMARK_NOT_FX_HEDGED
,207940.KS,Biotech,1415000.0,-0.005621925509487,-0.0221147201105735,-0.0952685421994884,0.032846715328467,-0.0554171282319537,-0.1094422535825462,0.2533202163225199,0.0017024154392985,0.3232104121475054,0.0896936128092794,-0.1150719199499686,-0.8489068425040859,-0.3432996377842754,0.3817972350230414,WEAKENING,2026-09-12,2026-09-11,CORE,^KS11,SPY,AVAILABLE,-0.0554171282319537,-0.1094422535825462,0.2533202163225199,-0.0304917894255893,-0.0758923840655226,0.0596220134145148,LOCAL_CURRENCY_ASSET_VS_USD_BENCHMARK_NOT_FX_HEDGED
,IFRA,Power_Grid,58.380001068115234,0.0053384083850553,-0.0091649205297276,-0.0490307599195178,-0.0632220578626897,0.0023202704102889,-0.0315601644932784,-0.0844512915701219,0.0030927694501518,0.3528719116278466,0.0350143681561665,-0.0650459004319188,-0.4226765985027256,-0.4941279506801329,0.3806451612903225,WEAKENING,2026-09-12,2026-09-11,CORE,SPY,SPY,AVAILABLE,0.0023202704102889,-0.0315601644932784,-0.0844512915701219,0.0023202704102889,-0.0315601644932784,-0.0844512915701219,LOCAL_CURRENCY_ASSET_VS_USD_BENCHMARK_NOT_FX_HEDGED
,GEV,Power_Grid,957.27001953125,0.0361074643162231,0.0163828168646618,-0.0878104291467722,-0.0255305712607446,0.0278680078046783,-0.0703398337205328,-0.0467598049681768,0.0383354241513548,0.2205653936145594,0.1204227164913102,-0.1672566920325533,-0.8038430230064298,-0.1608329593662573,0.3785714285714285,WEAKENING,2026-09-12,2026-09-11,CORE,SPY,SPY,AVAILABLE,0.0278680078046783,-0.0703398337205328,-0.0467598049681768,0.0278680078046783,-0.0703398337205328,-0.0467598049681768,LOCAL_CURRENCY_ASSET_VS_USD_BENCHMARK_NOT_FX_HEDGED
,DRIV,EV,34.2130012512207,0.0103358326061717,-0.0080313254208692,-0.0432070639856322,-0.1355288091745206,0.0034538655191472,-0.0257364685593928,-0.1567580428819528,0.0027704405755387,0.220745782517888,0.0589956000808236,-0.0619667480961912,-0.4608863439909387,-0.1616692962990824,0.3732718894009216,WEAKENING,2026-09-12,2026-09-11,CORE,SPY,SPY,AVAILABLE,0.0034538655191472,-0.0257364685593928,-0.1567580428819528,0.0034538655191472,-0.0257364685593928,-0.1567580428819528,LOCAL_CURRENCY_ASSET_VS_USD_BENCHMARK_NOT_FX_HEDGED
,LRCX,Semiconductor_Equipment,298.2200012207031,0.000704645643424,0.0189981462756114,-0.1151004641431824,-0.1919909303891991,0.030483337215628,-0.097629868716943,-0.2132201640966313,0.047773262311407,0.2418179815395316,0.1451869669147809,-0.16147042114063,-1.088829634343515,-0.1917070278746486,0.3684331797235023,WEAKENING,2026-09-12,2026-09-11,CORE,SPY,SPY,AVAILABLE,0.030483337215628,-0.097629868716943,-0.2132201640966313,0.030483337215628,-0.097629868716943,-0.2132201640966313,LOCAL_CURRENCY_ASSET_VS_USD_BENCHMARK_NOT_FX_HEDGED
,NRG,Power,113.45999908447266,0.0162113527439067,0.0144850035732091,-0.0525261036787252,-0.1380564652652166,0.0259701945132256,-0.0350555082524858,-0.1592856989726488,0.0276165294928904,0.1015991167598128,0.1453148209833069,-0.1325253169410938,-0.548461016260367,-0.0367244421765201,0.3654377880184332,WEAKENING,2026-09-12,2026-09-11,CORE,SPY,SPY,AVAILABLE,0.0259701945132256,-0.0350555082524858,-0.1592856989726488,0.0259701945132256,-0.0350555082524858,-0.1592856989726488,LOCAL_CURRENCY_ASSET_VS_USD_BENCHMARK_NOT_FX_HEDGED
,LLY,Pharma,1115.699951171875,-0.0065004887160508,-0.0378579038792064,-0.0758488713195488,-0.0046336661525651,-0.0263727129391898,-0.0583782758933094,-0.0258628998599973,-0.0188956860493191,0.2850609953053641,0.0845812259748595,-0.1285908579312001,-0.7168085375954354,-0.2556306615556242,0.3642857142857143,WEAKENING,2026-09-12,2026-09-11,CORE,SPY,SPY,AVAILABLE,-0.0263727129391898,-0.0583782758933094,-0.0258628998599973,-0.0263727129391898,-0.0583782758933094,-0.0258628998599973,LOCAL_CURRENCY_ASSET_VS_USD_BENCHMARK_NOT_FX_HEDGED
,2015.HK,EV,46.34000015258789,-0.0030120350909474,-0.0309493841840512,-0.0235987980086411,-0.1402597617675622,0.0020022587648163,-0.0112079625798285,-0.160557040987243,-0.0250496846818909,0.054054009271262,0.1204030030446997,-0.1042968764260876,-0.4081965508856864,-0.0105945002540855,0.3566820276497696,WEAKENING,2026-09-12,2026-09-11,CORE,^HSI,SPY,AVAILABLE,0.0020022587648163,-0.0112079625798285,-0.160557040987243,0.0106227305129761,-0.0215173975335795,-0.2000135583058989,LOCAL_CURRENCY_ASSET_VS_USD_BENCHMARK_NOT_FX_HEDGED
,LDO.MI,Defense,50.0,-0.0005996158310779,-0.0126382187472786,-0.1568296687472528,-0.0230613482322837,0.0027677285275969,-0.1262793153906894,-0.0261375338311139,0.0265691984395345,0.5730129081555786,0.0770325888699355,-0.1878965072021354,-1.342942644842253,-1.1665896978442625,0.356221198156682,WEAKENING,2026-09-12,2026-09-11,CORE,^STOXX,SPY,AVAILABLE,0.0027677285275969,-0.1262793153906894,-0.0261375338311139,-0.0011530278072621,-0.1393590733210133,-0.0424010092039427,LOCAL_CURRENCY_ASSET_VS_USD_BENCHMARK_NOT_FX_HEDGED
,PAVE,Power_Grid,54.08000183105469,0.0134932760957173,-0.0111537175163941,-0.0725432934764752,-0.0739344259189569,0.0003314734236223,-0.0550726980502358,-0.0951636596263891,0.0069821058527246,0.3898619008593093,0.0471241423071179,-0.0914353647835953,-0.618792003150805,-0.600156626830776,0.3548387096774194,WEAKENING,2026-09-12,2026-09-11,CORE,SPY,SPY,AVAILABLE,0.0003314734236223,-0.0550726980502358,-0.0951636596263891,0.0003314734236223,-0.0550726980502358,-0.0951636596263891,LOCAL_CURRENCY_ASSET_VS_USD_BENCHMARK_NOT_FX_HEDGED
,ZS,Cybersecurity,164.5399932861328,0.0064839588102287,-0.0745782313724988,-0.1256244038141623,0.2932483608015714,-0.0630930404324823,-0.1081538083879228,0.2720191270941392,-0.0431721304189582,0.2187268596331198,0.1708704532958863,-0.1403773805586733,-1.1849817335312696,-0.1608085588207201,0.3536866359447005,WEAKENING,2026-09-12,2026-09-11,CORE,SPY,SPY,AVAILABLE,-0.0630930404324823,-0.1081538083879228,0.2720191270941392,-0.0630930404324823,-0.1081538083879228,0.2720191270941392,LOCAL_CURRENCY_ASSET_VS_USD_BENCHMARK_NOT_FX_HEDGED
,UEC,Uranium,10.449999809265137,-0.0517241946298618,-0.092093866076289,-0.0661304556628782,-0.1045415817526066,-0.0806086751362724,-0.0486598602366388,-0.1257708154600388,-0.0755612521605694,0.0854503026759038,0.2292888276410968,-0.2327459693780915,-0.7544479772667981,-0.0246451931854857,0.3525345622119816,WEAKENING,2026-09-12,2026-09-11,CORE,SPY,SPY,AVAILABLE,-0.0806086751362724,-0.0486598602366388,-0.1257708154600388,-0.0806086751362724,-0.0486598602366388,-0.1257708154600388,LOCAL_CURRENCY_ASSET_VS_USD_BENCHMARK_NOT_FX_HEDGED
,ROBO,Industrials,79.11000061035156,0.0165767273269874,-0.0082737377521527,-0.0694036157818702,-0.0596695210620901,0.0032114531878637,-0.0519330203556308,-0.0808987547695223,0.0090771661933147,0.351190662708463,0.0590963462378316,-0.0845783115013232,-0.6169345730718571,-0.412443465162913,0.3523041474654377,WEAKENING,2026-09-12,2026-09-11,CORE,SPY,SPY,AVAILABLE,0.0032114531878637,-0.0519330203556308,-0.0808987547695223,0.0032114531878637,-0.0519330203556308,-0.0808987547695223,LOCAL_CURRENCY_ASSET_VS_USD_BENCHMARK_NOT_FX_HEDGED
,000270.KS,EV,126600.0,-0.0031496062992125,0.000790513833992,-0.0786026200873362,-0.2387251954299458,-0.0325118942873881,-0.0927763314703939,-0.018251694435893,0.0204411688558261,0.2134387351778656,0.1067977250551221,-0.1220889202540578,-0.7978549345864026,-0.1570898987262902,0.346774193548387,WEAKENING,2026-09-12,2026-09-11,CORE,^KS11,SPY,AVAILABLE,-0.0325118942873881,-0.0927763314703939,-0.018251694435893,0.005205756089153,-0.0557566413368424,-0.274049273494182,LOCAL_CURRENCY_ASSET_VS_USD_BENCHMARK_NOT_FX_HEDGED
,6954.T,Industrials,5735.0,-0.0101829478771142,-0.0330467037599055,-0.1087801087801088,-0.2368596141051231,-0.0175193745538884,-0.0403446963140442,-0.1525860727491581,-0.0058516765648783,0.3990877993158495,0.0866635289140029,-0.1223363483059941,-1.037232918129554,-0.5009352234602779,0.3453917050691244,WEAKENING,2026-09-12,2026-09-11,CORE,^N225,SPY,AVAILABLE,-0.0175193745538884,-0.0403446963140442,-0.1525860727491581,0.0069720855763644,-0.1008998888166506,-0.2078622231344699,LOCAL_CURRENCY_ASSET_VS_USD_BENCHMARK_NOT_FX_HEDGED
,HUBB,Power_Grid,460.3999938964844,0.0176609495141546,0.0005433011046747,-0.0892788669340526,-0.0812161326659176,0.0120284920446912,-0.0718082715078132,-0.1024453663733498,0.0228630178381878,0.3483213283820318,0.0729125872949847,-0.1304411174286061,-0.7990505338645283,-0.4265070638777198,0.3430875576036866,WEAKENING,2026-09-12,2026-09-11,CORE,SPY,SPY,AVAILABLE,0.0120284920446912,-0.0718082715078132,-0.1024453663733498,0.0120284920446912,-0.0718082715078132,-0.1024453663733498,LOCAL_CURRENCY_ASSET_VS_USD_BENCHMARK_NOT_FX_HEDGED
,LIT,EV,71.48999786376953,-0.0044561997730624,-0.0398872046363275,-0.0424592237188524,-0.1411804558765478,-0.028402013696311,-0.024988628292613,-0.16240968958398,-0.0292723987066144,0.2010149951257979,0.0622195921858552,-0.0731232930181196,-0.4705487612110936,-0.1371744871518234,0.3421658986175115,WEAKENING,2026-09-12,2026-09-11,CORE,SPY,SPY,AVAILABLE,-0.028402013696311,-0.024988628292613,-0.16240968958398,-0.028402013696311,-0.024988628292613,-0.16240968958398,LOCAL_CURRENCY_ASSET_VS_USD_BENCHMARK_NOT_FX_HEDGED
,ENR.DE,Power_Grid,144.25999450683594,0.024428255955825,-0.0078404362964419,-0.1024141773820923,-0.1481044193541353,0.0075655109784337,-0.071863824025529,-0.1511806049529654,0.0177631080490811,0.3118609581360091,0.1020957608685821,-0.1350122562378031,-0.923381669031097,-0.312833590869678,0.3403225806451613,WEAKENING,2026-09-12,2026-09-11,CORE,^STOXX,SPY,AVAILABLE,0.0075655109784337,-0.071863824025529,-0.1511806049529654,0.0036447546435746,-0.0849435819558529,-0.0971964447072094,LOCAL_CURRENCY_ASSET_VS_USD_BENCHMARK_NOT_FX_HEDGED
,4004.T,Semiconductor_Materials,14295.0,-0.1068416119962512,-0.0795235028976175,-0.1317947160643789,-0.2281317494600432,-0.0639961736916003,-0.0633593035983144,-0.1438582081040782,-0.0465748238815228,0.2411111111111111,0.1743172329975783,-0.1688953488372092,-1.2087200065336534,-0.1822950598882972,0.3373271889400921,WEAKENING,2026-09-12,2026-09-11,CORE,^N225,SPY,AVAILABLE,-0.0639961736916003,-0.0633593035983144,-0.1438582081040782,-0.0632720906133814,-0.141647051632584,-0.1896792473911707,LOCAL_CURRENCY_ASSET_VS_USD_BENCHMARK_NOT_FX_HEDGED
,LMT,Defense,524.1900024414062,-0.0111861328197409,-0.0164368319072709,-0.1180210621400602,-0.0158928138864259,-0.0049516409672544,-0.1005504667138208,-0.0371220475938581,0.013068433627744,0.4039032379372516,0.0770038619282015,-0.1334818640000024,-1.0712446477620825,-0.6190480314819876,0.334331797235023,WEAKENING,2026-09-12,2026-09-11,CORE,SPY,SPY,AVAILABLE,-0.0049516409672544,-0.1005504667138208,-0.0371220475938581,-0.0049516409672544,-0.1005504667138208,-0.0371220475938581,LOCAL_CURRENCY_ASSET_VS_USD_BENCHMARK_NOT_FX_HEDGED
,WDC,Memory,447.1799926757813,-0.0298309943342562,0.0130296999119858,-0.082017830031145,-0.3432144050048614,0.0245148908520024,-0.0645472346049056,-0.3644436387122937,0.0335341574197721,0.1331966844102719,0.1741308668215202,-0.1877390459462569,-0.8836789479902635,-0.0627373148832429,0.334331797235023,WEAKENING,2026-09-12,2026-09-11,CORE,SPY,SPY,AVAILABLE,0.0245148908520024,-0.0645472346049056,-0.3644436387122937,0.0245148908520024,-0.0645472346049056,-0.3644436387122937,LOCAL_CURRENCY_ASSET_VS_USD_BENCHMARK_NOT_FX_HEDGED
,WMT,Consumer,107.1500015258789,0.013430418271638,-0.0117136751938276,-0.0718413405424353,-0.1125628303278004,-0.000228484253811,-0.0543707451161958,-0.1337920640352327,0.0062466599417812,0.2742104979045661,0.1069703275102207,-0.1109946867536022,-0.695351042232666,-0.1841599462092927,0.3317972350230415,WEAKENING,2026-09-12,2026-09-11,CORE,SPY,SPY,AVAILABLE,-0.000228484253811,-0.0543707451161958,-0.1337920640352327,-0.000228484253811,-0.0543707451161958,-0.1337920640352327,LOCAL_CURRENCY_ASSET_VS_USD_BENCHMARK_NOT_FX_HEDGED
,6762.T,Electronic_Components,2808.5,-0.0147342571478688,-0.0340498710232157,-0.1250778816199377,-0.266710182767624,-0.0185225418171985,-0.0566424691538731,-0.182436641411659,-0.0027804006182313,0.3441920274324903,0.1204329906633384,-0.1445745992601725,-1.1914300937498234,-0.3574669152082483,0.3313364055299539,WEAKENING,2026-09-12,2026-09-11,CORE,^N225,SPY,AVAILABLE,-0.0185225418171985,-0.0566424691538731,-0.182436641411659,0.003012110622276,-0.1143686626881346,-0.2315295221719522,LOCAL_CURRENCY_ASSET_VS_USD_BENCHMARK_NOT_FX_HEDGED
,6503.T,Power_Grid,5027.0,-0.0133464180569184,-0.0421112804878048,-0.1830001625223468,-0.1425891181988743,-0.0265839512817877,-0.1145647500562823,-0.0583155768429093,0.0036387601427818,0.5709939148073022,0.1048044798339733,-0.1830001625223468,-1.563396960024698,-0.9970182512669208,0.3172811059907834,WEAKENING,2026-09-12,2026-09-11,CORE,^N225,SPY,AVAILABLE,-0.0265839512817877,-0.1145647500562823,-0.0583155768429093,-0.0418104776098893,-0.1474795706867173,-0.1264595724867283,LOCAL_CURRENCY_ASSET_VS_USD_BENCHMARK_NOT_FX_HEDGED
,AVGO,AI_Semiconductor,361.989990234375,0.0032148205672397,0.0135233131446459,-0.1336221724933362,-0.0375543012725761,0.0250085040846624,-0.1161515770670967,-0.0587835349800084,0.0469288562679799,0.4365471162335648,0.1057598855994101,-0.1489397584975844,-1.1769098579283546,-0.5515548143440429,0.3152073732718894,WEAKENING,2026-09-12,2026-09-11,CORE,SPY,SPY,AVAILABLE,0.0250085040846624,-0.1161515770670967,-0.0587835349800084,0.0250085040846624,-0.1161515770670967,-0.0587835349800084,LOCAL_CURRENCY_ASSET_VS_USD_BENCHMARK_NOT_FX_HEDGED
,8035.T,Semiconductor_Equipment,51460.0,-0.0255633402764627,-0.0348837209302325,-0.1297141890749197,-0.2915748898678414,-0.0193563917242153,-0.0612787766088551,-0.2073013485118764,-0.0024551736615025,0.3856209150326797,0.1065685198215737,-0.1436179064736229,-1.2728517391704588,-0.4693741112998588,0.3126728110599078,WEAKENING,2026-09-12,2026-09-11,CORE,^N225,SPY,AVAILABLE,-0.0193563917242153,-0.0612787766088551,-0.2073013485118764,-0.023036385044974,-0.1172191641163871,-0.2762773733672249,LOCAL_CURRENCY_ASSET_VS_USD_BENCHMARK_NOT_FX_HEDGED
,005380.KS,EV,382500.0,-0.0167095115681233,-0.0026075619295958,-0.0802441170377338,-0.3771555937584884,-0.035909970050976,-0.0944178284207916,-0.1566820927644355,0.0174534673298375,0.1887449987070916,0.1352528631993712,-0.1602883010166509,-1.0750962287961792,-0.1119804446890939,0.3122119815668203,WEAKENING,2026-09-12,2026-09-11,CORE,^KS11,SPY,AVAILABLE,-0.035909970050976,-0.0944178284207916,-0.1566820927644355,0.0088776290104206,-0.0494146580675743,-0.3989105726018176,LOCAL_CURRENCY_ASSET_VS_USD_BENCHMARK_NOT_FX_HEDGED
,URI,Industrials,989.1199951171876,4.041940657284471e-05,-0.0047792971146491,-0.1173142177202073,-0.0738292062659657,0.0067058938253673,-0.0998436222939679,-0.095058439973398,0.0245492573154026,0.3752996172844411,0.0930265919758984,-0.158822777335008,-1.0361678611063938,-0.4732838221551131,0.3066820276497696,WEAKENING,2026-09-12,2026-09-11,CORE,SPY,SPY,AVAILABLE,0.0067058938253673,-0.0998436222939679,-0.095058439973398,0.0067058938253673,-0.0998436222939679,-0.095058439973398,LOCAL_CURRENCY_ASSET_VS_USD_BENCHMARK_NOT_FX_HEDGED
,NOC,Defense,518.969970703125,3.845938071922461e-05,-0.0175488787343361,-0.0929285843215017,-0.0542076217294995,-0.0060636877943196,-0.0754579888952623,-0.0754368554369318,0.0056832673460392,0.3508410722614102,0.0738397839626463,-0.1219030115196846,-0.830262427656698,-0.4415392680940626,0.2995391705069125,WEAKENING,2026-09-12,2026-09-11,CORE,SPY,SPY,AVAILABLE,-0.0060636877943196,-0.0754579888952623,-0.0754368554369318,-0.0060636877943196,-0.0754579888952623,-0.0754368554369318,LOCAL_CURRENCY_ASSET_VS_USD_BENCHMARK_NOT_FX_HEDGED
,1211.HK,EV,79.8499984741211,0.0037711553847219,-0.0731282987832023,-0.0951841532677496,-0.0250305618261807,-0.0401766558343348,-0.082793317838937,-0.0453278410458615,-0.0493322604662649,0.3111112555359043,0.0872322130298919,-0.1501067911475221,-0.8660794460982367,-0.3394716286757975,0.2944700460829493,WEAKENING,2026-09-12,2026-09-11,CORE,^HSI,SPY,AVAILABLE,-0.0401766558343348,-0.082793317838937,-0.0453278410458615,-0.0567761705820165,-0.0792488944400002,-0.0823140098459811,LOCAL_CURRENCY_ASSET_VS_USD_BENCHMARK_NOT_FX_HEDGED
,VRT,AI_Infrastructure,257.0599975585937,0.0359891689842135,-0.0437822772814368,-0.1045389939734509,-0.1419893447205864,-0.0322970863414202,-0.0870683985472114,-0.1632185784280186,-0.017647528788074,0.1762288662742457,0.1787562602960335,-0.1555608223004317,-1.0145573553645488,-0.103060940964428,0.2935483870967742,WEAKENING,2026-09-12,2026-09-11,CORE,SPY,SPY,AVAILABLE,-0.0322970863414202,-0.0870683985472114,-0.1632185784280186,-0.0322970863414202,-0.0870683985472114,-0.1632185784280186,LOCAL_CURRENCY_ASSET_VS_USD_BENCHMARK_NOT_FX_HEDGED
,ITA,Defense,219.009994506836,0.0031604395358622,-0.0308434434572995,-0.1228723923048135,-0.0856296317625907,-0.0193582525172829,-0.1054017968785741,-0.1068588654700229,-0.0001253453810961,0.5875143288516377,0.0555010183468826,-0.137824791597193,-1.045852602187619,-1.3006840820140069,0.2907834101382488,WEAKENING,2026-09-12,2026-09-11,CORE,SPY,SPY,AVAILABLE,-0.0193582525172829,-0.1054017968785741,-0.1068588654700229,-0.0193582525172829,-0.1054017968785741,-0.1068588654700229,LOCAL_CURRENCY_ASSET_VS_USD_BENCHMARK_NOT_FX_HEDGED
,5802.T,Power_Grid,2077.5,-0.0161022969452995,-0.0260196905766526,-0.1292958927074602,-0.324390243902439,-0.0104923613706354,-0.0608604802413956,-0.240116702546474,0.0063042826002124,0.2523517382413088,0.1525908765893871,-0.1625556004852406,-1.285722332073144,-0.2138269600481387,0.2834101382488479,WEAKENING,2026-09-12,2026-09-11,CORE,^N225,SPY,AVAILABLE,-0.0104923613706354,-0.0608604802413956,-0.240116702546474,-0.0006403440100547,-0.0926172178099996,-0.2755215687664419,LOCAL_CURRENCY_ASSET_VS_USD_BENCHMARK_NOT_FX_HEDGED
,7735.T,Semiconductor_Equipment,12255.0,-0.0601993865030674,-0.0594781273983116,-0.1415061295971978,-0.200065274151436,-0.0439507981922944,-0.0730707171311333,-0.115791732795471,-0.0241015949990121,0.3646209386281588,0.1164512808267795,-0.1614779336298323,-1.4035142096097413,-0.4430702473089757,0.2829493087557604,WEAKENING,2026-09-12,2026-09-11,CORE,^N225,SPY,AVAILABLE,-0.0439507981922944,-0.0730707171311333,-0.115791732795471,-0.0425480008778144,-0.1155325881606017,-0.1542324700706606,LOCAL_CURRENCY_ASSET_VS_USD_BENCHMARK_NOT_FX_HEDGED
,GFS,Foundry,46.95000076293945,0.0215405069231444,0.0543454311695983,-0.1089390399198052,-0.4116909332517543,0.0658306221096148,-0.0914684444935658,-0.4329201669591865,0.0815801911495496,0.308934192577725,0.1121631729742767,-0.1951264413446632,-1.2643552173714083,-0.3000538719204736,0.2794930875576036,WEAKENING,2026-09-12,2026-09-11,CORE,SPY,SPY,AVAILABLE,0.0658306221096148,-0.0914684444935658,-0.4329201669591865,0.0658306221096148,-0.0914684444935658,-0.4329201669591865,LOCAL_CURRENCY_ASSET_VS_USD_BENCHMARK_NOT_FX_HEDGED
,9988.HK,Cloud_AI,107.5,0.0056127078162466,-0.0236148820177524,-0.1034195276736716,0.0056127078162466,0.0093367609311151,-0.0910286922448591,-0.014684571403434,0.0022399999006655,0.2707425086559516,0.1200434288399805,-0.1562746321963347,-0.9749205408966825,-0.2332494384487129,0.2771889400921659,WEAKENING,2026-09-12,2026-09-11,CORE,^HSI,SPY,AVAILABLE,0.0093367609311151,-0.0910286922448591,-0.014684571403434,0.0114851909400165,-0.1006590300506056,-0.0316095744120605,LOCAL_CURRENCY_ASSET_VS_USD_BENCHMARK_NOT_FX_HEDGED
,KWEB,Internet_AI,24.600000381469727,0.0065466384580943,-0.0368050313375726,-0.0837988814909967,-0.0494589961670988,-0.025319840397556,-0.0663282860647573,-0.070688229874531,-0.0158553109648234,0.4039503061350281,0.0568372461216336,-0.1021307439171378,-0.7506117572663777,-0.5955704426569105,0.2661290322580645,WEAKENING,2026-09-12,2026-09-11,CORE,SPY,SPY,AVAILABLE,-0.025319840397556,-0.0663282860647573,-0.070688229874531,-0.025319840397556,-0.0663282860647573,-0.070688229874531,LOCAL_CURRENCY_ASSET_VS_USD_BENCHMARK_NOT_FX_HEDGED
,6976.T,MLCC,9209.0,-0.0206317132829947,-0.0230214300869934,-0.16395823876532,-0.5582153993763492,-0.0074941008809762,-0.0955228262992554,-0.4739418580203842,0.0179681296043365,0.2871224165341812,0.1913468397629185,-0.2158477202301904,-1.9060153087657552,-0.2460248927200203,0.2608294930875576,WEAKENING,2026-09-12,2026-09-11,CORE,^N225,SPY,AVAILABLE,-0.0074941008809762,-0.0955228262992554,-0.4739418580203842,0.0512277674331856,-0.1403711969834542,-0.4474140983274792,LOCAL_CURRENCY_ASSET_VS_USD_BENCHMARK_NOT_FX_HEDGED
,HII,Defense,279.69000244140625,-0.0070295412785789,-0.0379734053167323,-0.1374190549360547,-0.0586768719116449,-0.0264882143767157,-0.1199484595098153,-0.0799061056190771,-0.0036186415827186,0.6167786037233874,0.0586228654391843,-0.142551742733395,-1.2221278719274573,-1.4458033088876348,0.2573732718894009,WEAKENING,2026-09-12,2026-09-11,CORE,SPY,SPY,AVAILABLE,-0.0264882143767157,-0.1199484595098153,-0.0799061056190771,-0.0264882143767157,-0.1199484595098153,-0.0799061056190771,LOCAL_CURRENCY_ASSET_VS_USD_BENCHMARK_NOT_FX_HEDGED
,079550.KS,Defense,678000.0,-0.0029411764705882,0.0398773006134969,-0.1899641577060932,-0.2863157894736842,0.0065748924921167,-0.204137869089151,-0.0658422884796313,0.0873683400400202,0.4504249291784702,0.1558684218408187,-0.2210274790919952,-1.6912536176255877,-0.5489539912619245,0.2564516129032258,WEAKENING,2026-09-12,2026-09-11,CORE,^KS11,SPY,AVAILABLE,0.0065748924921167,-0.204137869089151,-0.0658422884796313,0.0310340631204676,-0.1289788685503549,-0.1548037372806658,LOCAL_CURRENCY_ASSET_VS_USD_BENCHMARK_NOT_FX_HEDGED
,KLAC,Semiconductor_Equipment,180.63999938964844,0.0195282021497686,0.0445240941340394,-0.1362460118106366,-0.2380054349550682,0.056009285074056,-0.1187754163843972,-0.2592346686625004,0.0785855970866986,0.3532839650423764,0.1277728275299999,-0.1828669230888776,-1.3156012644977997,-0.3767117954900924,0.2557603686635945,WEAKENING,2026-09-12,2026-09-11,CORE,SPY,SPY,AVAILABLE,0.056009285074056,-0.1187754163843972,-0.2592346686625004,0.056009285074056,-0.1187754163843972,-0.2592346686625004,LOCAL_CURRENCY_ASSET_VS_USD_BENCHMARK_NOT_FX_HEDGED
,ALB,EV,117.5199966430664,-0.0343467576827754,-0.1077791448881201,-0.0962911964611011,-0.2901335464526772,-0.0962939539481035,-0.0788206010348617,-0.3113627801601094,-0.0837063457728448,0.1913385522930224,0.1385074685253839,-0.1768522130580739,-1.0658616274422736,-0.1330196726976751,0.2504608294930875,WEAKENING,2026-09-12,2026-09-11,CORE,SPY,SPY,AVAILABLE,-0.0962939539481035,-0.0788206010348617,-0.3113627801601094,-0.0962939539481035,-0.0788206010348617,-0.3113627801601094,LOCAL_CURRENCY_ASSET_VS_USD_BENCHMARK_NOT_FX_HEDGED
,CIEN,AI_Networking,349.5400085449219,0.0447752603289177,0.1010521576051362,-0.210596441203437,-0.1876829689497995,0.1125373485451527,-0.1931258457771976,-0.2089122026572317,0.1537012679059954,0.3292842232991399,0.2046610438224033,-0.2868951959252129,-1.978567414170864,-0.3388338311780159,0.2490783410138249,WEAKENING,2026-09-12,2026-09-11,CORE,SPY,SPY,AVAILABLE,0.1125373485451527,-0.1931258457771976,-0.2089122026572317,0.1125373485451527,-0.1931258457771976,-0.2089122026572317,LOCAL_CURRENCY_ASSET_VS_USD_BENCHMARK_NOT_FX_HEDGED
,6723.T,Semiconductor,3192.0,-0.0385542168674698,-0.0333131435493639,-0.1478910838227443,-0.2870225597498325,-0.0177858143433468,-0.0794556713566797,-0.2027490183938675,0.003659627406322,0.3868715083798882,0.1290931545430305,-0.1758326878388846,-1.4110698276153046,-0.4432058917219364,0.2465437788018433,WEAKENING,2026-09-12,2026-09-11,CORE,^N225,SPY,AVAILABLE,-0.0177858143433468,-0.0794556713566797,-0.2027490183938675,-0.0185968509925267,-0.1322363837959236,-0.3000914477914836,LOCAL_CURRENCY_ASSET_VS_USD_BENCHMARK_NOT_FX_HEDGED
,XAR,Defense,245.9600067138672,0.0053135086744835,-0.0313865482290237,-0.1579595974855856,-0.1270229441389481,-0.0199013572890072,-0.1404890020593462,-0.1482521778463803,0.0081033511423726,0.6438742186147541,0.066703648890523,-0.175479410225944,-1.330475696871529,-1.524745858665948,0.226036866359447,WEAKENING,2026-09-12,2026-09-11,CORE,SPY,SPY,AVAILABLE,-0.0199013572890072,-0.1404890020593462,-0.1482521778463803,-0.0199013572890072,-0.1404890020593462,-0.1482521778463803,LOCAL_CURRENCY_ASSET_VS_USD_BENCHMARK_NOT_FX_HEDGED
,AMAT,Semiconductor_Equipment,456.489990234375,0.0054623916112119,0.0472115491715532,-0.1451001926262506,-0.1957866372184321,0.0586967401115697,-0.1276295972000112,-0.2170158709258643,0.0834865973281158,0.3542078180889259,0.1283249909144803,-0.1848160703998823,-1.3821583537857036,-0.400511406766268,0.2248847926267281,WEAKENING,2026-09-12,2026-09-11,CORE,SPY,SPY,AVAILABLE,0.0586967401115697,-0.1276295972000112,-0.2170158709258643,0.0586967401115697,-0.1276295972000112,-0.2170158709258643,LOCAL_CURRENCY_ASSET_VS_USD_BENCHMARK_NOT_FX_HEDGED
,BESI.AS,Semiconductor_Equipment,189.25,0.0279738931327826,-0.0112329883231195,-0.1953656358182431,-0.4044996624628973,0.004172958951756,-0.1648152824616798,-0.4075758480617275,0.0376084206314412,0.4744450314085305,0.1186946029017118,-0.2258200010895468,-1.821311695177605,-0.7809138154216542,0.2225806451612903,WEAKENING,2026-09-12,2026-09-11,CORE,^STOXX,SPY,AVAILABLE,0.004172958951756,-0.1648152824616798,-0.4075758480617275,0.0002522026168969,-0.1778950403920037,-0.3880743194736721,LOCAL_CURRENCY_ASSET_VS_USD_BENCHMARK_NOT_FX_HEDGED
,0981.HK,Foundry,63.150001525878906,-0.0047281203065921,-0.0602677917602081,-0.1080508643521728,-0.1663366135197503,-0.0273161488113405,-0.0956600289233602,-0.1866338927394311,-0.0332550756721649,0.246376775983608,0.1329020533683175,-0.1674356915455342,-0.9984382356981778,-0.2003070902716143,0.219815668202765,WEAKENING,2026-09-12,2026-09-11,CORE,^HSI,SPY,AVAILABLE,-0.0273161488113405,-0.0956600289233602,-0.1866338927394311,-0.0605207062845881,-0.0476663598231564,-0.1912663525645695,LOCAL_CURRENCY_ASSET_VS_USD_BENCHMARK_NOT_FX_HEDGED
,7012.T,Defense,2319.0,-0.0127713920817369,-0.0470515718101499,-0.1861730128092648,-0.2899571341090018,-0.0315242426041327,-0.1177376003432002,-0.2056835927530368,-0.0005083186078337,0.580098414434117,0.0982575188067449,-0.1891608391608391,-1.6201042627956077,-1.0991389855212128,0.212442396313364,WEAKENING,2026-09-12,2026-09-11,CORE,^N225,SPY,AVAILABLE,-0.0315242426041327,-0.1177376003432002,-0.2056835927530368,-0.0421773269134827,-0.1596053449570111,-0.2147640270265715,LOCAL_CURRENCY_ASSET_VS_USD_BENCHMARK_NOT_FX_HEDGED
,1347.HK,Foundry,111.6999969482422,-0.0115044517854673,0.0182315410723632,-0.1420890970324233,-0.2983668398903476,0.0511831840212307,-0.1296982616036107,-0.3186641191100283,0.053753815330469,0.1929092620840767,0.2251565055741058,-0.2223015882884044,-1.4222502473390162,-0.1217388890844017,0.2099078341013825,WEAKENING,2026-09-12,2026-09-11,CORE,^HSI,SPY,AVAILABLE,0.0511831840212307,-0.1296982616036107,-0.3186641191100283,-0.0561275460981964,-0.2236978878345472,-0.2860288453079544,LOCAL_CURRENCY_ASSET_VS_USD_BENCHMARK_NOT_FX_HEDGED
,6146.T,Semiconductor_Equipment,51980.0,-0.0298618887644643,-0.0455380095482923,-0.2060485718649762,-0.3789725209080048,-0.0300106803422751,-0.1376131593989117,-0.2946989795520398,0.0059741334179517,0.5641990798828942,0.1114734645722695,-0.211348808981945,-1.862291110089772,-1.042870741512086,0.2009216589861751,WEAKENING,2026-09-12,2026-09-11,CORE,^N225,SPY,AVAILABLE,-0.0300106803422751,-0.1376131593989117,-0.2946989795520398,-0.0266347202368893,-0.19291980408766,-0.3824788752445716,LOCAL_CURRENCY_ASSET_VS_USD_BENCHMARK_NOT_FX_HEDGED
,9868.HK,EV,41.34000015258789,-0.0062499598814875,-0.0474654677618539,-0.0918277737948234,-0.2251171258675666,-0.0145138248129863,-0.0794369383660108,-0.2454144050872473,-0.024508524313148,0.2003834445861494,0.1492027170756055,-0.1405405101035551,-0.94984102385474,-0.123327282386957,0.1960829493087557,WEAKENING,2026-09-12,2026-09-11,CORE,^HSI,SPY,AVAILABLE,-0.0145138248129863,-0.0794369383660108,-0.2454144050872473,-0.02262693780994,-0.0715554252973678,-0.2729508136723948,LOCAL_CURRENCY_ASSET_VS_USD_BENCHMARK_NOT_FX_HEDGED
,RHM.DE,Defense,990.5999755859376,-0.0253837546324325,-0.0743786013994628,-0.1494075250280307,-0.1595112878791096,-0.0589726541245871,-0.1188571716714674,-0.1625874734779397,-0.0370267201424551,0.388739861566405,0.099244926687587,-0.1840197894679263,-1.3088801680060682,-0.5852254874368332,0.1861751152073733,WEAKENING,2026-09-12,2026-09-11,CORE,^STOXX,SPY,AVAILABLE,-0.0589726541245871,-0.1188571716714674,-0.1625874734779397,-0.0628934104594463,-0.1319369296017913,-0.1565295159204468,LOCAL_CURRENCY_ASSET_VS_USD_BENCHMARK_NOT_FX_HEDGED
,6506.T,Industrials,4301.0,-0.0295577617328519,-0.0588621444201312,-0.2021829078374296,-0.3850490033350737,-0.043334815214114,-0.1337474953713651,-0.3007754619791087,-0.0083164174607738,0.5873475874480995,0.1028279176740874,-0.2081607078726379,-1.9453641659074703,-1.1548579979800666,0.1827188940092166,WEAKENING,2026-09-12,2026-09-11,CORE,^N225,SPY,AVAILABLE,-0.043334815214114,-0.1337474953713651,-0.3007754619791087,-0.0327370312822057,-0.1918460673775742,-0.3490729398460062,LOCAL_CURRENCY_ASSET_VS_USD_BENCHMARK_NOT_FX_HEDGED
,064350.KS,Defense,124100.0,0.0016142050040355,-0.0212933753943217,-0.1592140921409214,-0.4333333333333333,-0.0545957835157019,-0.1733878035239792,-0.2128598323392805,0.0185101476409086,0.4392523364485981,0.1159494826961307,-0.1673441734417344,-1.6040476305742666,-0.603151996388992,0.169815668202765,WEAKENING,2026-09-12,2026-09-11,CORE,^KS11,SPY,AVAILABLE,-0.0545957835157019,-0.1733878035239792,-0.2128598323392805,-0.006711011591629,-0.1422859838116982,-0.4378382423191221,LOCAL_CURRENCY_ASSET_VS_USD_BENCHMARK_NOT_FX_HEDGED
,9888.HK,Cloud_AI,89.0999984741211,-0.0005608867179132,-0.0709072256888631,-0.1160714704703839,-0.2058823449413916,-0.0379555827399955,-0.1036806350415713,-0.2261796241610724,-0.0418893580712671,0.249467121610795,0.1611700891419281,-0.1186943638092307,-1.1381760467343909,-0.1796612249427999,0.1285714285714285,WEAKENING,2026-09-12,2026-09-11,CORE,^HSI,SPY,AVAILABLE,-0.0379555827399955,-0.1036806350415713,-0.2261796241610724,-0.0147443339329769,-0.1174808756987985,-0.2383320369557665,LOCAL_CURRENCY_ASSET_VS_USD_BENCHMARK_NOT_FX_HEDGED
,DELL,AI_Server,567.2899780273438,0.1197544184889949,0.0985688373807138,0.1471759253087983,0.4062250620298027,0.1100540283207304,0.1646465207350377,0.3849958283223704,0.0617748560535142,0.2011607814187249,0.2485489134041285,-0.1405634029502649,0.8735756902772465,0.1191154840938846,0.9518181818181818,PERSISTENT,2026-09-13,2026-09-11,CORE,SPY,SPY,AVAILABLE,0.1100540283207304,0.1646465207350377,0.3849958283223704,0.1100540283207304,0.1646465207350377,0.3849958283223704,LOCAL_CURRENCY_ASSET_VS_USD_BENCHMARK_NOT_FX_HEDGED
,BOAT,Shipping,52.0,0.0190084507918244,0.0327706370582507,0.143862759508087,0.2691505598503032,0.0442558279982673,0.1613333549343264,0.247921326142871,-0.0031950528187709,0.5077647560574693,0.0692369259338865,-0.044630363121339,1.0327510886897064,1.0550502929192895,0.8831818181818181,PULLBACK_LEADER,2026-09-13,2026-09-11,CORE,SPY,SPY,AVAILABLE,0.0442558279982673,0.1613333549343264,0.247921326142871,0.0442558279982673,0.1613333549343264,0.247921326142871,LOCAL_CURRENCY_ASSET_VS_USD_BENCHMARK_NOT_FX_HEDGED
,HPE,AI_Server,62.09000015258789,0.1244114230354103,0.1405217068121989,0.0379471827038486,0.283381537449122,0.1520068977522154,0.055417778130088,0.2621523037416897,0.1310349111362367,0.0580117658011863,0.2078902878098532,-0.1496155267234785,0.0491524219274717,0.010589157863132,0.8715909090909092,PERSISTENT,2026-09-13,2026-09-11,CORE,SPY,SPY,AVAILABLE,0.1520068977522154,0.055417778130088,0.2621523037416897,0.1520068977522154,0.055417778130088,0.2621523037416897,LOCAL_CURRENCY_ASSET_VS_USD_BENCHMARK_NOT_FX_HEDGED
,DAC,Shipping,159.3300018310547,0.0155523134100237,0.0336036856287442,0.1350716490232721,0.2385016786195288,0.0450888765687608,0.1525422444495116,0.2172724449120966,-0.0001642266270737,0.5149378272590327,0.0606584739520524,-0.0314589264264962,0.972731207417433,1.1466411358669697,0.8647727272727272,PULLBACK_LEADER,2026-09-13,2026-09-11,CORE,SPY,SPY,AVAILABLE,0.0450888765687608,0.1525422444495116,0.2172724449120966,0.0450888765687608,0.1525422444495116,0.2172724449120966,LOCAL_CURRENCY_ASSET_VS_USD_BENCHMARK_NOT_FX_HEDGED
,9107.T,Shipping,3397.0,0.0293939393939393,0.0207331730769231,0.1211221122112211,0.3432186635033609,0.0362605022829403,0.1895575246772857,0.4274922048593259,-0.0095473549758821,0.2749063670411985,0.1124594751215284,-0.051082251082251,0.8015864269703659,0.2960821202514131,0.8411363636363637,PULLBACK_LEADER,2026-09-13,2026-09-11,CORE,^N225,SPY,AVAILABLE,0.0362605022829403,0.1895575246772857,0.4274922048593259,0.005050560931242,0.1874378762941574,0.2622868054024718,LOCAL_CURRENCY_ASSET_VS_USD_BENCHMARK_NOT_FX_HEDGED
,MATX,Shipping,230.17999267578125,0.0096056280093508,0.035587295862127,0.0768151131685224,0.1765032160842192,0.0470724868021436,0.0942857085947618,0.155273982376787,0.0163835175699964,0.3804446471406576,0.0546038660514348,-0.0293580842329147,0.5042276675347643,0.535198342859832,0.8359090909090909,PERSISTENT,2026-09-13,2026-09-11,CORE,SPY,SPY,AVAILABLE,0.0470724868021436,0.0942857085947618,0.155273982376787,0.0470724868021436,0.0942857085947618,0.155273982376787,LOCAL_CURRENCY_ASSET_VS_USD_BENCHMARK_NOT_FX_HEDGED
,9104.T,Shipping,7046.0,0.0094555873925501,0.0110489309800545,0.0888579817647967,0.2956969474071349,0.0265762601860717,0.1572933942308613,0.3799704887630999,-0.0111655644611446,0.2673175267317527,0.0880397236300782,-0.0424567188788128,0.5547328773775184,0.2698020272706248,0.8324999999999999,PULLBACK_LEADER,2026-09-13,2026-09-11,CORE,^N225,SPY,AVAILABLE,0.0265762601860717,0.1572933942308613,0.3799704887630999,-0.0085426254716663,0.1396238045359702,0.1891608695795634,LOCAL_CURRENCY_ASSET_VS_USD_BENCHMARK_NOT_FX_HEDGED
,356680.KQ,Cybersecurity,16060.0,0.2993527508090614,0.405074365704287,0.2439969016266461,-0.1309523809523809,0.3962974577160418,0.291282018010586,0.0738229536420791,0.3440751402976255,0.2985781990521327,0.3455825267901118,-0.166537567776917,1.4596792335654154,0.2108097192837265,0.8086363636363636,PERSISTENT,2026-09-13,2026-09-11,CORE,^KQ11,SPY,AVAILABLE,0.3962974577160418,0.291282018010586,0.0738229536420791,0.5040502467020983,0.3237793900382038,-0.054370537506738,LOCAL_CURRENCY_ASSET_VS_USD_BENCHMARK_NOT_FX_HEDGED
,9101.T,Shipping,7262.0,0.008891358710753,0.0145291981000279,0.1346875,0.3578908002991772,0.0300565273060451,0.2031229124660646,0.4421643416551422,-0.019142676899972,0.3661852166525063,0.0931379896213568,-0.0372222222222222,0.9082671080075444,0.5295430099832767,0.8079545454545455,PULLBACK_LEADER,2026-09-13,2026-09-11,CORE,^N225,SPY,AVAILABLE,0.0300565273060451,0.2031229124660646,0.4421643416551422,0.0079176827073051,0.18668650268755,0.2568335868250224,LOCAL_CURRENCY_ASSET_VS_USD_BENCHMARK_NOT_FX_HEDGED
,ZIM,Shipping,29.56999969482422,0.0033932943264241,0.0717651153057572,0.1025354224940837,0.208912542993324,0.0832503062457737,0.1200060179203231,0.1876833092858918,0.0461312596822363,0.2368647592962294,0.1166188119609742,-0.0624782808201161,0.7317331769858,0.2082599518894587,0.8031818181818182,PERSISTENT,2026-09-13,2026-09-11,CORE,SPY,SPY,AVAILABLE,0.0832503062457737,0.1200060179203231,0.1876833092858918,0.0832503062457737,0.1200060179203231,0.1876833092858918,LOCAL_CURRENCY_ASSET_VS_USD_BENCHMARK_NOT_FX_HEDGED
,XLE,Energy,65.13999938964844,0.0032342381562551,0.0080469919678842,0.0668194877922505,0.1851476453081268,0.0195321829079008,0.0842900832184899,0.1639184116006946,-0.0086578799801783,0.3784789248344515,0.0436750809932137,-0.0265097823797487,0.4494620051837082,0.5790434115400784,0.8031818181818181,PULLBACK_LEADER,2026-09-13,2026-09-11,CORE,SPY,SPY,AVAILABLE,0.0195321829079008,0.0842900832184899,0.1639184116006946,0.0195321829079008,0.0842900832184899,0.1639184116006946,LOCAL_CURRENCY_ASSET_VS_USD_BENCHMARK_NOT_FX_HEDGED
,SMCI,AI_Server,40.09999847412109,0.0727661136512376,0.0588856510465536,0.0240040508266525,0.3723476870786266,0.0703708419865701,0.0414746462528919,0.3511184533711944,0.0528846383398904,0.0398980847332569,0.1750395235285195,-0.1172189248432828,-0.0650222270960695,0.0054714251645408,0.8029545454545456,PERSISTENT,2026-09-13,2026-09-11,CORE,SPY,SPY,AVAILABLE,0.0703708419865701,0.0414746462528919,0.3511184533711944,0.0703708419865701,0.0414746462528919,0.3511184533711944,LOCAL_CURRENCY_ASSET_VS_USD_BENCHMARK_NOT_FX_HEDGED
,MAERSK-B.CO,Shipping,22330.0,-0.0227571115973741,0.0328399629972246,0.1731021801943788,0.4499999999999999,0.0593708291919458,0.1862405572291827,0.3297930437214262,-0.01043558205137,0.3075128324778348,0.1404605642719101,-0.0655372269282211,1.1842004513567073,0.3789757076343126,0.7897727272727273,PULLBACK_LEADER,2026-09-13,2026-09-11,CORE,^OMXC25,SPY,AVAILABLE,0.0593708291919458,0.1862405572291827,0.3297930437214262,0.0443251539372412,0.1905727756206182,0.3770174788786666,LOCAL_CURRENCY_ASSET_VS_USD_BENCHMARK_NOT_FX_HEDGED
,1548.HK,Biotech,32.36000061035156,0.0112500190734863,0.0286078052151981,0.3006431552208495,1.8713397778133565,0.0615594481640656,0.3130339906496621,1.8510424985936755,-0.0465529835900142,0.2385204642520824,0.2842468519113589,-0.1474147557859388,1.8310160154123865,0.2522791175180725,0.7859090909090909,PULLBACK_LEADER,2026-09-13,2026-09-11,CORE,^HSI,SPY,AVAILABLE,0.0615594481640656,0.3130339906496621,1.8510424985936755,-0.0970547184131064,0.2630441589570281,1.727231777300687,LOCAL_CURRENCY_ASSET_VS_USD_BENCHMARK_NOT_FX_HEDGED
,CVX,Energy,214.0599975585937,0.00611018558621,0.0129660710742411,0.0922010044554921,0.1988681515902954,0.0244512620142577,0.1096715998817315,0.1776389178828632,-0.0100841800396318,0.4613283450340738,0.0498653893498802,-0.0291587688944953,0.5698346989344296,0.8529951806349159,0.7829545454545456,PULLBACK_LEADER,2026-09-13,2026-09-11,CORE,SPY,SPY,AVAILABLE,0.0244512620142577,0.1096715998817315,0.1776389178828632,0.0244512620142577,0.1096715998817315,0.1776389178828632,LOCAL_CURRENCY_ASSET_VS_USD_BENCHMARK_NOT_FX_HEDGED
,AAPL,Consumer_Tech,332.2699890136719,0.0174540881330667,0.0123701217644054,0.0884818790013957,0.11133722232832,0.0238553127044219,0.1059524744276351,0.0901079886208877,-0.0097503479859434,0.3586507909814459,0.0672396433273584,-0.0392126853302972,0.6392628966987943,0.4719551490907925,0.7777272727272727,PULLBACK_LEADER,2026-09-13,2026-09-11,CORE,SPY,SPY,AVAILABLE,0.0238553127044219,0.1059524744276351,0.0901079886208877,0.0238553127044219,0.1059524744276351,0.0901079886208877,LOCAL_CURRENCY_ASSET_VS_USD_BENCHMARK_NOT_FX_HEDGED
,AMD,AI_Semiconductor,516.1300048828125,0.0248808550981656,0.1314670307331999,0.0685699974070073,0.0174259224289607,0.1429522216732165,0.0860405928332467,-0.0038033112784714,0.1143245313814481,0.128931806123523,0.1480603185941602,-0.1132020632751312,0.4183219355385696,0.0597111616097754,0.7643181818181818,EMERGING,2026-09-13,2026-09-11,CORE,SPY,SPY,AVAILABLE,0.1429522216732165,0.0860405928332467,-0.0038033112784714,0.1429522216732165,0.0860405928332467,-0.0038033112784714,LOCAL_CURRENCY_ASSET_VS_USD_BENCHMARK_NOT_FX_HEDGED
,META,Internet_AI,648.030029296875,0.0056643973841588,0.0611613890565487,0.0891810699808002,0.0796721240459348,0.0726465799965653,0.1066516654070396,0.0584428903385025,0.0388661215613487,0.2617661937224484,0.104418848805091,-0.0862228184934162,0.6348769325195643,0.22356681296635,0.7636363636363638,PERSISTENT,2026-09-13,2026-09-11,CORE,SPY,SPY,AVAILABLE,0.0726465799965653,0.1066516654070396,0.0584428903385025,0.0726465799965653,0.1066516654070396,0.0584428903385025,LOCAL_CURRENCY_ASSET_VS_USD_BENCHMARK_NOT_FX_HEDGED
,4502.T,Biotech,5666.0,0.0015909492663956,-0.015122544759256,0.0098021743004812,0.1474281085459701,0.0004047844467611,0.0782375867665458,0.2317016499019351,-0.0175730883343763,0.0443906376109765,0.063708809175489,-0.0495937711577522,-0.004849800146089,0.006829899550841,0.7577272727272728,PULLBACK_LEADER,2026-09-13,2026-09-11,CORE,^N225,SPY,AVAILABLE,0.0004047844467611,0.0782375867665458,0.2317016499019351,-0.0294762173199699,0.0367186616251961,0.0818733083930824,LOCAL_CURRENCY_ASSET_VS_USD_BENCHMARK_NOT_FX_HEDGED
,XOM,Energy,165.99000549316406,0.0045997081963147,0.0233031170879898,0.0533056875376352,0.1776738974518585,0.0347883080280063,0.0707762829638746,0.1564446637444263,0.009976695203581,0.2123442218905127,0.0652703344715981,-0.0584411183374926,0.2867423273429949,0.1734195915212198,0.7568181818181818,PERSISTENT,2026-09-13,2026-09-11,CORE,SPY,SPY,AVAILABLE,0.0347883080280063,0.0707762829638746,0.1564446637444263,0.0347883080280063,0.0707762829638746,0.1564446637444263,LOCAL_CURRENCY_ASSET_VS_USD_BENCHMARK_NOT_FX_HEDGED
,1919.HK,Shipping,16.440000534057617,-0.0108303427248253,0.013563577682891,0.0613299404116696,0.1913043700604595,0.0465152206317586,0.0737207758404822,0.1710070908407788,-0.0017689074200263,0.1534735014060151,0.1153298159376848,-0.0963789067439382,0.3706583896699778,0.0816139401547903,0.7429545454545455,PULLBACK_LEADER,2026-09-13,2026-09-11,CORE,^HSI,SPY,AVAILABLE,0.0465152206317586,0.0737207758404822,0.1710070908407788,-0.0231595611914706,0.0969191199298465,0.1305034946124141,LOCAL_CURRENCY_ASSET_VS_USD_BENCHMARK_NOT_FX_HEDGED
,SBLK,Shipping,31.170000076293945,0.0139882989062281,-0.0219642530438128,0.1180249735614218,0.2066105518175107,-0.0104790621037963,0.1354955689876612,0.1853813181100785,-0.0514704964341683,0.3224730675689846,0.1008956204983546,-0.0518198177887745,0.5748731531558526,0.3772202904953705,0.7356818181818182,PULLBACK_LEADER,2026-09-13,2026-09-11,CORE,SPY,SPY,AVAILABLE,-0.0104790621037963,0.1354955689876612,0.1853813181100785,-0.0104790621037963,0.1354955689876612,0.1853813181100785,LOCAL_CURRENCY_ASSET_VS_USD_BENCHMARK_NOT_FX_HEDGED
,LITE,AI_Networking,927.030029296875,-0.0092657719322952,0.0940085613589265,0.0529526670237872,0.0590271943085916,0.105493752298943,0.0704232624500266,0.0377979606011593,0.0807703946029797,0.0574378972376873,0.2427515630654605,-0.1458355302587338,0.2643470304651871,0.012529228683704,0.735,PERSISTENT,2026-09-13,2026-09-11,CORE,SPY,SPY,AVAILABLE,0.105493752298943,0.0704232624500266,0.0377979606011593,0.105493752298943,0.0704232624500266,0.0377979606011593,LOCAL_CURRENCY_ASSET_VS_USD_BENCHMARK_NOT_FX_HEDGED
,053800.KQ,Cybersecurity,59300.0,0.0385288966725043,0.0277296360485268,-0.0198347107438016,0.0136752136752136,0.0189527280602817,0.0274504056401383,0.2184505482696737,0.0326883137344772,0.08,0.0841138015259457,-0.0677685950413222,-0.2530284544696685,-0.0188646432656437,0.7240909090909092,PERSISTENT,2026-09-13,2026-09-11,CORE,^KQ11,SPY,AVAILABLE,0.0189527280602817,0.0274504056401383,0.2184505482696737,0.0536644528029338,-0.0451174439973464,0.0018619347120278,LOCAL_CURRENCY_ASSET_VS_USD_BENCHMARK_NOT_FX_HEDGED
,IDNA,Genomics,38.060001373291016,0.0047518558632591,-0.0553487091477555,0.0800226890042221,0.274188158819878,-0.043863518207739,0.0974932844304615,0.2529589251124458,-0.0753543813988111,0.1780301534258557,0.1593518333559196,-0.0867887780580964,0.4765202076025017,0.0894024957287507,0.7190909090909091,PULLBACK_LEADER,2026-09-13,2026-09-11,CORE,SPY,SPY,AVAILABLE,-0.043863518207739,0.0974932844304615,0.2529589251124458,-0.043863518207739,0.0974932844304615,0.2529589251124458,LOCAL_CURRENCY_ASSET_VS_USD_BENCHMARK_NOT_FX_HEDGED
,TSM,Foundry,433.239990234375,0.0121720240869485,0.0389198822298577,0.0063880695541904,0.0174013195307274,0.0504050731698743,0.0238586649804298,-0.0038279141767048,0.0373228648413101,0.0239151250851912,0.0778829004578567,-0.0483792515591779,-0.0114507865374764,0.0019615535829207,0.7134090909090911,EMERGING,2026-09-13,2026-09-11,CORE,SPY,SPY,AVAILABLE,0.0504050731698743,0.0238586649804298,-0.0038279141767048,0.0504050731698743,0.0238586649804298,-0.0038279141767048,LOCAL_CURRENCY_ASSET_VS_USD_BENCHMARK_NOT_FX_HEDGED
,7267.T,EV,1664.0,0.0180483328234934,-0.0191570881226054,0.0036188178528346,0.1755563405157187,-0.0036297589165882,0.0720542303188992,0.2598298818716837,-0.020061792585814,0.0102389078498293,0.0999600406108468,-0.0812892184826012,-0.0988150560786065,0.0003706755448883,0.7131818181818181,PULLBACK_LEADER,2026-09-13,2026-09-11,CORE,^N225,SPY,AVAILABLE,-0.0036297589165882,0.0720542303188992,0.2598298818716837,-0.0199467066152803,0.0274857699330678,0.1462633778730302,LOCAL_CURRENCY_ASSET_VS_USD_BENCHMARK_NOT_FX_HEDGED
,IBB,Biotech,202.92999267578125,0.001431076228811,-0.050886324339585,0.0200562490469968,0.1836793617938583,-0.0394011333995685,0.0375268444732362,0.1624501280864261,-0.0559003866013342,0.0701105249977611,0.0912634052808746,-0.0660029815684157,0.0369259477806845,0.0154076450012267,0.7072727272727273,PULLBACK_LEADER,2026-09-13,2026-09-11,CORE,SPY,SPY,AVAILABLE,-0.0394011333995685,0.0375268444732362,0.1624501280864261,-0.0394011333995685,0.0375268444732362,0.1624501280864261,LOCAL_CURRENCY_ASSET_VS_USD_BENCHMARK_NOT_FX_HEDGED
,ANET,AI_Networking,199.58999633789065,0.0560875736103938,0.0425720528235933,-0.0197917634610369,0.1879650191272981,0.0540572437636098,-0.0023211680347975,0.1667357854198659,0.0475199936888525,0.0460413599973781,0.1271077509116357,-0.0975837127672648,-0.3149276810229782,-0.007169033359154,0.7070454545454546,NEUTRAL,2026-09-13,2026-09-11,CORE,SPY,SPY,AVAILABLE,0.0540572437636098,-0.0023211680347975,0.1667357854198659,0.0540572437636098,-0.0023211680347975,0.1667357854198659,LOCAL_CURRENCY_ASSET_VS_USD_BENCHMARK_NOT_FX_HEDGED
,NEM,Gold_Miners,126.80999755859376,0.0053115440953481,-0.0277543151151282,0.1128292543796807,0.1718366753567877,-0.0162691241751117,0.1302998498059201,0.1506074416493554,-0.0559616287100484,0.2153482218137032,0.1312032700769999,-0.0925706967429901,0.7085539756420082,0.1851903484186834,0.6993181818181817,NEUTRAL,2026-09-13,2026-09-11,CORE,SPY,SPY,AVAILABLE,-0.0162691241751117,0.1302998498059201,0.1506074416493554,-0.0162691241751117,0.1302998498059201,0.1506074416493554,LOCAL_CURRENCY_ASSET_VS_USD_BENCHMARK_NOT_FX_HEDGED
,EEM,Market_EM,67.83999633789062,0.0125372587744869,0.0054838463093722,0.0173964611188641,-0.0116550562189903,0.0169690372493888,0.0348670565451035,-0.0328842899264225,0.0011347310296562,0.0907663588447993,0.0551713765781702,-0.029411814704536,0.0959265846758506,0.0286201565100914,0.6952272727272726,EMERGING,2026-09-13,2026-09-11,CORE,SPY,SPY,AVAILABLE,0.0169690372493888,0.0348670565451035,-0.0328842899264225,0.0169690372493888,0.0348670565451035,-0.0328842899264225,LOCAL_CURRENCY_ASSET_VS_USD_BENCHMARK_NOT_FX_HEDGED
,MRNA,Biotech,143.97000122070312,0.0537989047445879,-0.0329145835776187,1.261900986163647,1.5987364125513728,-0.0214293926376022,1.2793715815898865,1.5775071788439403,-0.3483898301185305,0.3118254396491012,1.809186571889282,-0.2354627618354927,9.45670462265127,0.2174970983745475,0.693409090909091,NEUTRAL,2026-09-13,2026-09-11,CORE,SPY,SPY,AVAILABLE,-0.0214293926376022,1.2793715815898865,1.5775071788439403,-0.0214293926376022,1.2793715815898865,1.5775071788439403,LOCAL_CURRENCY_ASSET_VS_USD_BENCHMARK_NOT_FX_HEDGED
,EWJ,Market_JP,98.55999755859376,0.0219825286553216,0.0067415324047812,0.0009139467530716,0.0471737641568752,0.0182267233447978,0.018384542179311,0.025944530449443,0.0065130457165133,0.0061768282018601,0.048349800609934,-0.0426526305023917,-0.0300787774776908,0.000116759366288,0.6904545454545455,EMERGING,2026-09-13,2026-09-11,CORE,SPY,SPY,AVAILABLE,0.0182267233447978,0.018384542179311,0.025944530449443,0.0182267233447978,0.018384542179311,0.025944530449443,LOCAL_CURRENCY_ASSET_VS_USD_BENCHMARK_NOT_FX_HEDGED
,7203.T,EV,3031.0,0.0123580494321977,-0.0162284972411554,0.0036423841059602,0.0786476868327401,-0.0007011680351383,0.0720777965720248,0.1629212281887051,-0.0171390932676455,0.0123595505617977,0.0891059998563819,-0.0846438482886215,-0.0323645494366246,0.0005052210916847,0.6902272727272727,NEUTRAL,2026-09-13,2026-09-11,CORE,^N225,SPY,AVAILABLE,-0.0007011680351383,0.0720777965720248,0.1629212281887051,-0.0161054410779494,0.0328809806858708,0.0590134062485305,LOCAL_CURRENCY_ASSET_VS_USD_BENCHMARK_NOT_FX_HEDGED
,2269.HK,Biotech,47.0,-0.0105263157894737,-0.0443269681099687,0.0412051536442443,0.5740120240890589,-0.0113753251611011,0.0535959890730569,0.5537147448693782,-0.0546282565210298,0.0757329078766337,0.1399170351636217,-0.099616871397276,0.0821668059708692,0.0223031177106691,0.6877272727272727,NEUTRAL,2026-09-13,2026-09-11,CORE,^HSI,SPY,AVAILABLE,-0.0113753251611011,0.0535959890730569,0.5537147448693782,-0.0614931267574472,0.0454670684166481,0.5049106312394449,LOCAL_CURRENCY_ASSET_VS_USD_BENCHMARK_NOT_FX_HEDGED
,4568.T,Biotech,2772.0,0.0232558139534884,-0.0078740157480314,0.0157566874312935,0.0680023116933152,0.0076533134579857,0.0841920998973581,0.1522758530492802,-0.0118131876058548,0.0489749430523918,0.0885003344249163,-0.0757420675537359,0.0599881830275061,0.0087195474983954,0.6847727272727273,NEUTRAL,2026-09-13,2026-09-11,CORE,^N225,SPY,AVAILABLE,0.0076533134579857,0.0841920998973581,0.1522758530492802,-0.0174165431640297,0.0181926170868892,0.0755362050935535,LOCAL_CURRENCY_ASSET_VS_USD_BENCHMARK_NOT_FX_HEDGED
,QCOM,Semiconductor,181.97000122070312,0.0287765501887162,0.0794921594249653,0.1102638453106528,-0.1453245890539125,0.0909773503649818,0.1277344407368922,-0.1665538227613447,0.0519261980973021,0.3948756794819134,0.0758103588754372,-0.043790350513617,0.6006278407088507,0.5743345828354842,0.6813636363636364,EMERGING,2026-09-13,2026-09-11,CORE,SPY,SPY,AVAILABLE,0.0909773503649818,0.1277344407368922,-0.1665538227613447,0.0909773503649818,0.1277344407368922,-0.1665538227613447,LOCAL_CURRENCY_ASSET_VS_USD_BENCHMARK_NOT_FX_HEDGED
,SAP.DE,Software,177.25999450683594,-0.0031493240035793,-0.0448324563106372,0.010719520878561,0.314400071960476,-0.0294265090357616,0.0412698742351244,0.3113238863616459,-0.0475123365302775,0.0320598673598351,0.0962160007255781,-0.0734895059540539,-0.0872842780640494,0.003571821889665,0.6809090909090909,NEUTRAL,2026-09-13,2026-09-11,CORE,^STOXX,SPY,AVAILABLE,-0.0294265090357616,0.0412698742351244,0.3113238863616459,-0.0333472653706207,0.0281901163048005,0.219218646474016,LOCAL_CURRENCY_ASSET_VS_USD_BENCHMARK_NOT_FX_HEDGED
,000660.KS,Memory,1812000.0,-0.0221262817053427,0.1001821493624772,0.1377231268832059,-0.2810817577074919,0.066879741241097,0.1235494155001482,-0.060608256713439,0.0657513676416757,0.2000414500825752,0.2110603039763631,-0.097472917941449,0.7688443741238833,0.1305329969329922,0.6743181818181818,EMERGING,2026-09-13,2026-09-11,CORE,^KS11,SPY,AVAILABLE,0.066879741241097,0.1235494155001482,-0.060608256713439,0.1468235368046783,0.2156634747796935,-0.1900686719901438,LOCAL_CURRENCY_ASSET_VS_USD_BENCHMARK_NOT_FX_HEDGED
,HLAG.DE,Shipping,134.6999969482422,-0.0095588459688074,-0.0073691969232793,0.052343726158142,0.2124212313073823,0.0080367503515963,0.0828940795147054,0.2093450457085521,-0.0204551284628148,0.147252729563528,0.0942873105226441,-0.0608695209890172,0.3200890127583179,0.0817475491621024,0.6675,NEUTRAL,2026-09-13,2026-09-11,CORE,^STOXX,SPY,AVAILABLE,0.0080367503515963,0.0828940795147054,0.2093450457085521,0.0041159940167372,0.0698143215843815,0.1593141383312042,LOCAL_CURRENCY_ASSET_VS_USD_BENCHMARK_NOT_FX_HEDGED
,006400.KS,EV,545000.0,-0.0285204991087344,-0.0054744525547445,0.1190965092402465,-0.009090909090909,-0.0387768606761247,0.1049227978571887,0.2113825919031438,-0.0352485798648061,0.172106824925816,0.1977370300510669,-0.0814558058925476,0.6921632310267372,0.1036595020153451,0.6668181818181819,NEUTRAL,2026-09-13,2026-09-11,CORE,^KS11,SPY,AVAILABLE,-0.0387768606761247,0.1049227978571887,0.2113825919031438,0.0226169163574562,0.1331691080502504,-0.0219103538321381,LOCAL_CURRENCY_ASSET_VS_USD_BENCHMARK_NOT_FX_HEDGED
,EWY,Market_KR,188.72000122070312,0.0324980987037792,0.0451927546103414,0.0565446555795128,-0.0834830855018311,0.0566779455503579,0.0740152510057522,-0.1047123192092633,0.0310565907154632,0.123865649314365,0.134346133463927,-0.0813074152106793,0.3174281609948181,0.0521335471146559,0.6622727272727271,EMERGING,2026-09-13,2026-09-11,CORE,SPY,SPY,AVAILABLE,0.0566779455503579,0.0740152510057522,-0.1047123192092633,0.0566779455503579,0.0740152510057522,-0.1047123192092633,LOCAL_CURRENCY_ASSET_VS_USD_BENCHMARK_NOT_FX_HEDGED
,EWH,Market_HK,22.520000457763672,0.0022252401396141,-0.0200173669989504,0.000888909233941,0.0363553121108828,-0.0085321760589338,0.0183595046601804,0.0151260784034505,-0.0202395943074356,0.0057804742789291,0.0442414079853229,-0.0376874112950161,-0.056146108860305,0.0001161427087673,0.6618181818181819,NEUTRAL,2026-09-13,2026-09-11,CORE,SPY,SPY,AVAILABLE,-0.0085321760589338,0.0183595046601804,0.0151260784034505,-0.0085321760589338,0.0183595046601804,0.0151260784034505,LOCAL_CURRENCY_ASSET_VS_USD_BENCHMARK_NOT_FX_HEDGED
,BAC,Financials,62.68999862670898,0.0020779611663095,-0.000478296883571,-0.0168536146398999,0.1085476068237525,0.0110068940564455,0.0006169807863394,0.0873183731163202,0.0037351067764039,0.1153468364650887,0.0441095002828617,-0.0514808396032069,-0.2927097921485988,-0.0440723907377724,0.6547727272727273,EMERGING,2026-09-13,2026-09-11,CORE,SPY,SPY,AVAILABLE,0.0110068940564455,0.0006169807863394,0.0873183731163202,0.0110068940564455,0.0006169807863394,0.0873183731163202,LOCAL_CURRENCY_ASSET_VS_USD_BENCHMARK_NOT_FX_HEDGED
,GNOM,Genomics,62.21900177001953,0.0040180820463373,-0.0423426104201298,0.0534701563127422,0.2454149673327781,-0.0308574194801133,0.0709407517389816,0.2241857336253458,-0.0557101494983154,0.1189992489335935,0.1617010930759655,-0.0867020747888263,0.2531127457220018,0.0393498171257811,0.6531818181818183,NEUTRAL,2026-09-13,2026-09-11,CORE,SPY,SPY,AVAILABLE,-0.0308574194801133,0.0709407517389816,0.2241857336253458,-0.0308574194801133,0.0709407517389816,0.2241857336253458,LOCAL_CURRENCY_ASSET_VS_USD_BENCHMARK_NOT_FX_HEDGED
,NEX.PA,Power_Grid,142.1999969482422,0.0215517246104213,0.025973958774849,-0.002105284573739,-0.0790155273997065,0.0413799060497247,0.0284450687828242,-0.0820917129985366,0.0265002799182838,0.0075950169024955,0.0804712598402674,-0.0427469584805881,-0.1340725714424402,-0.0001987004050122,0.6504545454545454,EMERGING,2026-09-13,2026-09-11,CORE,^STOXX,SPY,AVAILABLE,0.0413799060497247,0.0284450687828242,-0.0820917129985366,0.0374591497148656,0.0153653108525003,-0.0694219863338539,LOCAL_CURRENCY_ASSET_VS_USD_BENCHMARK_NOT_FX_HEDGED
,GM,Auto,85.62000274658203,-0.0058058521139543,-0.0163143170267591,-0.0068634865559487,0.0398383793384105,-0.0048291260867425,0.0106071088702907,0.0186091456309782,-0.0145984453877719,0.0269692091936708,0.0718088237000248,-0.0455788503034761,-0.1550473258258079,-0.0025777167092804,0.6379545454545456,NEUTRAL,2026-09-13,2026-09-11,CORE,SPY,SPY,AVAILABLE,-0.0048291260867425,0.0106071088702907,0.0186091456309782,-0.0048291260867425,0.0106071088702907,0.0186091456309782,LOCAL_CURRENCY_ASSET_VS_USD_BENCHMARK_NOT_FX_HEDGED
,XBI,Biotech,156.1999969482422,-0.0039536433300548,-0.0497627916509789,-0.0042075969625223,0.155263254118297,-0.0382776007109624,0.013262998463717,0.1340340204108647,-0.0487108924103483,0.0141692540225494,0.0935283630743439,-0.078737870027878,-0.1613716636986044,-0.0006374377592719,0.6368181818181818,NEUTRAL,2026-09-13,2026-09-11,CORE,SPY,SPY,AVAILABLE,-0.0382776007109624,0.013262998463717,0.1340340204108647,-0.0382776007109624,0.013262998463717,0.1340340204108647,LOCAL_CURRENCY_ASSET_VS_USD_BENCHMARK_NOT_FX_HEDGED
,1801.HK,Biotech,93.5500030517578,-0.0084790189221116,-0.0864257650609945,-0.0026652451158456,0.2498330655825213,-0.0534741221121269,0.0097255903129669,0.2295357863628406,-0.0857594537820331,0.0062421967777859,0.1311835551864704,-0.1479963528993713,-0.1748205573464897,-0.0001268221801924,0.633409090909091,NEUTRAL,2026-09-13,2026-09-11,CORE,^HSI,SPY,AVAILABLE,-0.0534741221121269,0.0097255903129669,0.2295357863628406,-0.0767213934357714,0.0006550573446564,0.1935152348977429,LOCAL_CURRENCY_ASSET_VS_USD_BENCHMARK_NOT_FX_HEDGED
,GDX,Gold_Miners,97.0999984741211,0.0111423483122536,-0.0432554880485972,0.100034011180041,0.1130215595115962,-0.0317702971085807,0.1175046066062804,0.0917923258041639,-0.0682639908436075,0.1698403711885682,0.1481767217720056,-0.1028240979842187,0.6372875742490469,0.1146591272038073,0.6320454545454546,NEUTRAL,2026-09-13,2026-09-11,CORE,SPY,SPY,AVAILABLE,-0.0317702971085807,0.1175046066062804,0.0917923258041639,-0.0317702971085807,0.1175046066062804,0.0917923258041639,LOCAL_CURRENCY_ASSET_VS_USD_BENCHMARK_NOT_FX_HEDGED
,ACWI,Market_Global,160.25,0.0091945763309928,-0.0104359788559206,-0.013724740190654,0.0184950027319188,0.0010492120840959,0.0037458552355853,-0.0027342309755133,-0.0070047938082571,0.1382512673860582,0.0267118517920804,-0.0227105030676759,-0.1359165973390511,-0.0710344883863444,0.630909090909091,NEUTRAL,2026-09-13,2026-09-11,CORE,SPY,SPY,AVAILABLE,0.0010492120840959,0.0037458552355853,-0.0027342309755133,0.0010492120840959,0.0037458552355853,-0.0027342309755133,LOCAL_CURRENCY_ASSET_VS_USD_BENCHMARK_NOT_FX_HEDGED
,AEM,Gold_Miners,200.3600006103516,0.018710636931112,-0.0326848071880806,0.1133560315366819,0.1421049349261298,-0.0211996162480641,0.1308266269629213,0.1208757012186976,-0.0610238150722511,0.1862429304311799,0.1639363822543156,-0.1348463417822993,0.6981571178611344,0.128780196348911,0.630909090909091,NEUTRAL,2026-09-13,2026-09-11,CORE,SPY,SPY,AVAILABLE,-0.0211996162480641,0.1308266269629213,0.1208757012186976,-0.0211996162480641,0.1308266269629213,0.1208757012186976,LOCAL_CURRENCY_ASSET_VS_USD_BENCHMARK_NOT_FX_HEDGED
,MU,Memory,975.260009765625,-0.0021996536130989,0.0178467449072978,0.0267732038556702,-0.044427673016154,0.0293319358473144,0.0442437992819096,-0.0656569067235862,0.0111534439433803,0.0506724810889587,0.1521579257684901,-0.1001433232757289,0.0071719680933671,0.0089161616735724,0.6238636363636364,EMERGING,2026-09-13,2026-09-11,CORE,SPY,SPY,AVAILABLE,0.0293319358473144,0.0442437992819096,-0.0656569067235862,0.0293319358473144,0.0442437992819096,-0.0656569067235862,LOCAL_CURRENCY_ASSET_VS_USD_BENCHMARK_NOT_FX_HEDGED
,NET,Cybersecurity,306.5299987792969,-0.0149115096192103,0.0773961838172638,-0.0734515877618631,0.3271420407812722,0.0888813747572804,-0.0559809923356237,0.3059128070738399,0.0957590807577296,0.1111313637360901,0.2030001157627005,-0.1755886669759351,-0.785311510963818,-0.040210691929353,0.6227272727272727,NEUTRAL,2026-09-13,2026-09-11,CORE,SPY,SPY,AVAILABLE,0.0888813747572804,-0.0559809923356237,0.3059128070738399,0.0888813747572804,-0.0559809923356237,0.3059128070738399,LOCAL_CURRENCY_ASSET_VS_USD_BENCHMARK_NOT_FX_HEDGED
,XLF,Financials,57.25,0.0066819250088323,-0.022370241505638,-0.0173360513324954,0.0570477437618468,-0.0108850505656215,0.0001345440937439,0.0358185100544146,-0.0180362286725141,0.1236228910009034,0.0370047673353432,-0.0288593306313864,-0.2083697079842104,-0.0579150455086431,0.6222727272727274,NEUTRAL,2026-09-13,2026-09-11,CORE,SPY,SPY,AVAILABLE,-0.0108850505656215,0.0001345440937439,0.0358185100544146,-0.0108850505656215,0.0001345440937439,0.0358185100544146,LOCAL_CURRENCY_ASSET_VS_USD_BENCHMARK_NOT_FX_HEDGED
,MSFT,Cloud_AI,495.6300048828125,0.0064779514775219,-0.028405062285485,-0.0006379232610376,0.2608563166201283,-0.0169198713454684,0.0168326721652017,0.239627082912696,-0.0282455814702256,0.0029418934192906,0.0610741608125387,-0.0426071196466324,-0.1807724798030773,-3.072825264712753e-05,0.6222727272727273,NEUTRAL,2026-09-13,2026-09-11,CORE,SPY,SPY,AVAILABLE,-0.0169198713454684,0.0168326721652017,0.239627082912696,-0.0169198713454684,0.0168326721652017,0.239627082912696,LOCAL_CURRENCY_ASSET_VS_USD_BENCHMARK_NOT_FX_HEDGED
,SPY,Market_US,764.2899780273438,0.0085242874943209,-0.0114851909400165,-0.0174705954262394,0.0212292337074322,0.0,0.0,0.0,-0.0071175420834566,0.1836246275494257,0.0246278609497129,-0.0257751679784972,-0.1671753227583367,-0.1302602603108857,0.6211363636363636,NEUTRAL,2026-09-13,2026-09-11,CORE,SPY,SPY,AVAILABLE,0.0,0.0,0.0,0.0,0.0,0.0,LOCAL_CURRENCY_ASSET_VS_USD_BENCHMARK_NOT_FX_HEDGED
,1093.HK,Biotech,8.710000038146973,-0.0068415526208535,-0.100671175965557,0.0023015487605799,0.2850348913588618,-0.0677195330166895,0.0146923841893925,0.2647376121391811,-0.101246563155702,0.0051547532025489,0.1392327507441725,-0.100671175965557,-0.1275254598224298,8.520923260520135e-05,0.6181818181818182,NEUTRAL,2026-09-13,2026-09-11,CORE,^HSI,SPY,AVAILABLE,-0.0677195330166895,0.0146923841893925,0.2647376121391811,-0.0821672180800954,0.0016513482750315,0.1964631294491405,LOCAL_CURRENCY_ASSET_VS_USD_BENCHMARK_NOT_FX_HEDGED
,VT,Market_Global,159.94000244140625,0.0088942387747845,-0.0112511877301824,-0.0150871171713198,0.0159996890497533,0.0002340032098341,0.0023834782549195,-0.0052295446576788,-0.0074794084373524,0.1502140060529799,0.0267369210424873,-0.0237699404203435,-0.147372046665227,-0.0847628007164067,0.6163636363636363,NEUTRAL,2026-09-13,2026-09-11,CORE,SPY,SPY,AVAILABLE,0.0002340032098341,0.0023834782549195,-0.0052295446576788,0.0002340032098341,0.0023834782549195,-0.0052295446576788,LOCAL_CURRENCY_ASSET_VS_USD_BENCHMARK_NOT_FX_HEDGED
,1177.HK,Biotech,5.25,-0.0419708062541891,-0.0514904887568083,0.1137818830054619,0.1693823266634577,-0.0185388458079408,0.1261727184342745,0.149085047443777,-0.0799359595081738,0.1889744332443764,0.1813894008458701,-0.1017963749442908,0.6869546620808025,0.1185398196044853,0.615,NEUTRAL,2026-09-13,2026-09-11,CORE,^HSI,SPY,AVAILABLE,-0.0185388458079408,0.1261727184342745,0.149085047443777,-0.0493377327285073,0.1095257847387852,0.110205843460001,LOCAL_CURRENCY_ASSET_VS_USD_BENCHMARK_NOT_FX_HEDGED
,FCX,Copper,71.06999969482422,-0.0019660074631143,-0.0205347011287635,0.0634445271225367,0.0155737220573199,-0.009049510188747,0.0809151225487762,-0.0056555116501122,-0.0363958329093977,0.1122880272912368,0.151178243303869,-0.1106244970862989,0.3840624131878315,0.0471235849638471,0.6134090909090909,NEUTRAL,2026-09-13,2026-09-11,CORE,SPY,SPY,AVAILABLE,-0.009049510188747,0.0809151225487762,-0.0056555116501122,-0.009049510188747,0.0809151225487762,-0.0056555116501122,LOCAL_CURRENCY_ASSET_VS_USD_BENCHMARK_NOT_FX_HEDGED
,VRTX,Biotech,515.4400024414062,0.0017102085023861,-0.0762062116581782,-0.0019363333499973,0.1374097737462098,-0.0647210207181616,0.015534262076242,0.1161805400387776,-0.0757221283206788,0.0064708200927178,0.0832522962843548,-0.0777833943382226,-0.1366723934235225,-0.0001505023321466,0.6129545454545455,NEUTRAL,2026-09-13,2026-09-11,CORE,SPY,SPY,AVAILABLE,-0.0647210207181616,0.015534262076242,0.1161805400387776,-0.0647210207181616,0.015534262076242,0.1161805400387776,LOCAL_CURRENCY_ASSET_VS_USD_BENCHMARK_NOT_FX_HEDGED
,JPM,Financials,356.2300109863281,0.0075517972795886,-0.0161022665071474,-0.0189473565662844,0.0806148193139262,-0.0046170755671308,-0.001476761140045,0.0593855856064939,-0.0113654273655763,0.1362371984725489,0.0408199113325256,-0.0322092559037336,-0.2509282711400764,-0.0632371480678405,0.6118181818181818,WEAKENING,2026-09-13,2026-09-11,CORE,SPY,SPY,AVAILABLE,-0.0046170755671308,-0.001476761140045,0.0593855856064939,-0.0046170755671308,-0.001476761140045,0.0593855856064939,LOCAL_CURRENCY_ASSET_VS_USD_BENCHMARK_NOT_FX_HEDGED
,COPX,Copper,88.52999877929688,-0.00090285329538,-0.0298082325556506,0.0351964716368415,-0.0106822375158122,-0.0183230416156341,0.052667067063081,-0.0319114712232444,-0.038607350464861,0.0806755341653353,0.1233911643993954,-0.0821150691502397,0.1669383436489087,0.0230121351383501,0.605909090909091,NEUTRAL,2026-09-13,2026-09-11,CORE,SPY,SPY,AVAILABLE,-0.0183230416156341,0.052667067063081,-0.0319114712232444,-0.0183230416156341,0.052667067063081,-0.0319114712232444,LOCAL_CURRENCY_ASSET_VS_USD_BENCHMARK_NOT_FX_HEDGED
,CEG,Nuclear_Power,284.75,-0.0042661860177479,-0.0010524041600262,0.0234988090774688,0.0641333113603537,0.0104327867799902,0.0409694045037082,0.0429040776529214,-0.0069271064293934,0.0699584741367937,0.0971116937488309,-0.0540171368873686,0.0810253894447906,0.0169283508878285,0.6045454545454546,NEUTRAL,2026-09-13,2026-09-11,CORE,SPY,SPY,AVAILABLE,0.0104327867799902,0.0409694045037082,0.0429040776529214,0.0104327867799902,0.0409694045037082,0.0429040776529214,LOCAL_CURRENCY_ASSET_VS_USD_BENCHMARK_NOT_FX_HEDGED
,PRY.MI,Power_Grid,127.25,0.0295307570464342,0.0621869512392543,-0.0256508878021058,-0.1387478849407784,0.0775928985141299,0.0048994655544574,-0.1418240705396085,0.0685996731897808,0.0614116403122805,0.1194652566136287,-0.1064479530925855,-0.3512936246632906,-0.0131859516318477,0.6043181818181819,EMERGING,2026-09-13,2026-09-11,CORE,^STOXX,SPY,AVAILABLE,0.0775928985141299,0.0048994655544574,-0.1418240705396085,0.0736721421792708,-0.0081802923758664,-0.1517383236080223,LOCAL_CURRENCY_ASSET_VS_USD_BENCHMARK_NOT_FX_HEDGED
,MRVL,AI_Networking,236.1000061035156,0.0402714095843828,0.1305847054223683,0.0626519663633589,-0.1525523520279472,0.1420698963623848,0.0801225617895983,-0.1737815857353795,0.1149217138315286,0.0741609738181266,0.2299799305348493,-0.177403289724721,0.2150981813533435,0.0202032013242265,0.6038636363636364,EMERGING,2026-09-13,2026-09-11,CORE,SPY,SPY,AVAILABLE,0.1420698963623848,0.0801225617895983,-0.1737815857353795,0.1420698963623848,0.0801225617895983,-0.1737815857353795,LOCAL_CURRENCY_ASSET_VS_USD_BENCHMARK_NOT_FX_HEDGED
,SNDK,Memory,1633.3499755859375,-0.0349996109102918,0.0503925979226089,0.0688693819444961,-0.1798599404785036,0.0618777888626255,0.0863399773707355,-0.2010891741859358,0.0331752524364849,0.0927175522013866,0.2246837932482967,-0.1712958335824018,0.27761170962837,0.0284194975667852,0.6027272727272728,EMERGING,2026-09-13,2026-09-11,CORE,SPY,SPY,AVAILABLE,0.0618777888626255,0.0863399773707355,-0.2010891741859358,0.0618777888626255,0.0863399773707355,-0.2010891741859358,LOCAL_CURRENCY_ASSET_VS_USD_BENCHMARK_NOT_FX_HEDGED
,4503.T,Biotech,2240.5,0.0060619667714414,-0.0488219061770325,-0.0492255463611287,0.0506447831184055,-0.0332945769710153,0.0192098661049358,0.1349183244743705,-0.0365155195867503,0.1861958266452648,0.0728063428814024,-0.079942160710597,-0.4570274524044692,-0.1258900108704186,0.6015909090909092,NEUTRAL,2026-09-13,2026-09-11,CORE,^N225,SPY,AVAILABLE,-0.0332945769710153,0.0192098661049358,0.1349183244743705,-0.0615392194861316,-0.0199085667649528,0.0139205375728521,LOCAL_CURRENCY_ASSET_VS_USD_BENCHMARK_NOT_FX_HEDGED
,EWU,Market_EU,47.93999862670898,0.0086261278759109,-0.0152013490925988,-0.0066307440106444,0.0307460837837467,-0.0037161581525823,0.0108398514155949,0.0095168500763145,-0.0135436630899377,0.0689654605425421,0.0272393503026556,-0.0376594580550125,-0.0847633290566107,-0.0167879303049755,0.5925,NEUTRAL,2026-09-13,2026-09-11,CORE,SPY,SPY,AVAILABLE,-0.0037161581525823,0.0108398514155949,0.0095168500763145,-0.0037161581525823,0.0108398514155949,0.0095168500763145,LOCAL_CURRENCY_ASSET_VS_USD_BENCHMARK_NOT_FX_HEDGED
,5801.T,AI_Networking,3981.0,-0.0106858846918489,0.0356399583766908,-0.0187330539807739,-0.1608347386172006,0.051167287582708,0.0497023584852905,-0.0765611972612356,0.0403232218718843,0.0209597352454495,0.2693112257302983,-0.1728479853479854,-0.4434218243732674,-0.0014579409035438,0.5886363636363637,EMERGING,2026-09-13,2026-09-11,CORE,^N225,SPY,AVAILABLE,0.051167287582708,0.0497023584852905,-0.0765611972612356,0.1133396055539107,-0.0141518808569033,-0.0872117157428066,LOCAL_CURRENCY_ASSET_VS_USD_BENCHMARK_NOT_FX_HEDGED
,CHKP,Cybersecurity,131.63999938964844,0.0086583781348126,-0.0419911514350102,-0.0192952128460751,0.0793702884375324,-0.0305059604949936,-0.0018246174198357,0.0581410547301002,-0.0371673482234914,0.0550243274968304,0.1000099603755642,-0.0604708727508638,-0.2265368546478778,-0.010616003713795,0.5804545454545454,WEAKENING,2026-09-13,2026-09-11,CORE,SPY,SPY,AVAILABLE,-0.0305059604949936,-0.0018246174198357,0.0581410547301002,-0.0305059604949936,-0.0018246174198357,0.0581410547301002,LOCAL_CURRENCY_ASSET_VS_USD_BENCHMARK_NOT_FX_HEDGED
,BNTX,Biotech,96.7300033569336,0.0034232554546806,-0.0597783248509957,0.0500434267575247,0.0807821604126659,-0.0482931339109792,0.0675140221837641,0.0595529267052337,-0.0722891815403769,0.0755613812890911,0.2579133026591013,-0.1730290659839546,0.2993563230070081,0.0146613238295663,0.5770454545454545,NEUTRAL,2026-09-13,2026-09-11,CORE,SPY,SPY,AVAILABLE,-0.0482931339109792,0.0675140221837641,0.0595529267052337,-0.0482931339109792,0.0675140221837641,0.0595529267052337,LOCAL_CURRENCY_ASSET_VS_USD_BENCHMARK_NOT_FX_HEDGED
,2359.HK,Biotech,188.8000030517578,-0.0115183086295402,-0.0120355990491802,-0.0407886633614856,0.5457004683061808,0.0209160438996872,-0.028397827932673,0.5254031890865001,-0.0018384332088088,0.1247190752886523,0.0901734529999902,-0.0861568370082198,-0.6085001304523847,-0.0564148782979972,0.5770454545454545,WEAKENING,2026-09-13,2026-09-11,CORE,^HSI,SPY,AVAILABLE,0.0209160438996872,-0.028397827932673,0.5254031890865001,-0.0062046839323538,-0.0506971259897917,0.497225617400524,LOCAL_CURRENCY_ASSET_VS_USD_BENCHMARK_NOT_FX_HEDGED
,373220.KS,EV,360000.0,-0.0136986301369863,0.0041841004184099,-0.015047879616963,-0.1346153846153845,-0.0291183077029701,-0.0292215910000208,0.0858581163786682,0.0079460703226507,0.0260047281323877,0.1629728213313022,-0.0806878306878307,-0.2996978914251104,-0.0024011121315285,0.5736363636363637,NEUTRAL,2026-09-13,2026-09-11,CORE,^KS11,SPY,AVAILABLE,-0.0291183077029701,-0.0292215910000208,0.0858581163786682,-0.0035626886769465,0.0147991404974967,-0.1330420792495777,LOCAL_CURRENCY_ASSET_VS_USD_BENCHMARK_NOT_FX_HEDGED
,REGN,Biotech,781.489990234375,-0.0148375304267859,-0.0734821423661151,-0.0292410465510352,0.2727580517235157,-0.0619969514260986,-0.0117704511247958,0.2515288180160835,-0.0661718807283563,0.0977838288723413,0.0818955827333678,-0.0827905550708255,-0.4054926375580249,-0.0349139892111615,0.5711363636363636,WEAKENING,2026-09-13,2026-09-11,CORE,SPY,SPY,AVAILABLE,-0.0619969514260986,-0.0117704511247958,0.2515288180160835,-0.0619969514260986,-0.0117704511247958,0.2515288180160835,LOCAL_CURRENCY_ASSET_VS_USD_BENCHMARK_NOT_FX_HEDGED
,EQIX,AI_Infrastructure,1037.719970703125,0.0135864791100901,-0.002987986013922,-0.0289647379838841,-0.047504110655772,0.0084972049260945,-0.0114941425576446,-0.0687333443632043,0.0042531984820489,0.1306155373222202,0.0635604944135754,-0.0707649126868155,-0.3077088858595697,-0.0595219538499107,0.5672727272727273,WEAKENING,2026-09-13,2026-09-11,CORE,SPY,SPY,AVAILABLE,0.0084972049260945,-0.0114941425576446,-0.0687333443632043,0.0084972049260945,-0.0114941425576446,-0.0687333443632043,LOCAL_CURRENCY_ASSET_VS_USD_BENCHMARK_NOT_FX_HEDGED
,SCCO,Copper,193.4900054931641,-0.0033480678815693,-0.0302711037091406,0.0314516193318017,0.0121536879396846,-0.0187859127691241,0.0489222147580411,-0.0090755457677476,-0.038134008542091,0.0548226345711125,0.1579639041784946,-0.1192990069146554,0.1430383209742685,0.0109155356868664,0.5661363636363637,NEUTRAL,2026-09-13,2026-09-11,CORE,SPY,SPY,AVAILABLE,-0.0187859127691241,0.0489222147580411,-0.0090755457677476,-0.0187859127691241,0.0489222147580411,-0.0090755457677476,LOCAL_CURRENCY_ASSET_VS_USD_BENCHMARK_NOT_FX_HEDGED
,INTC,Semiconductor,102.94000244140624,0.0261164548898737,0.1229410330268647,-0.0154934502200966,-0.1205467769540538,0.1344262239668813,0.0019771452061427,-0.141776010661486,0.1268143955818889,0.0304969075949559,0.1639616173640389,-0.1654552010932157,-0.3429328505421238,-0.0028817861599904,0.5631818181818181,EMERGING,2026-09-13,2026-09-11,CORE,SPY,SPY,AVAILABLE,0.1344262239668813,0.0019771452061427,-0.141776010661486,0.1344262239668813,0.0019771452061427,-0.141776010661486,LOCAL_CURRENCY_ASSET_VS_USD_BENCHMARK_NOT_FX_HEDGED
,VST,Power,148.3800048828125,0.0090445549367759,0.0288448455616308,0.0135246657710117,-0.0631877503641814,0.0403300365016473,0.0309952611972511,-0.0844169840716136,0.0254636791188778,0.0425808814264112,0.0921020799423565,-0.0841828178603537,0.019658349888293,0.006252759871305,0.5613636363636364,EMERGING,2026-09-13,2026-09-11,CORE,SPY,SPY,AVAILABLE,0.0403300365016473,0.0309952611972511,-0.0844169840716136,0.0403300365016473,0.0309952611972511,-0.0844169840716136,LOCAL_CURRENCY_ASSET_VS_USD_BENCHMARK_NOT_FX_HEDGED
,QQQ,Factor_Growth,714.8800048828125,0.0087344289041497,-0.0038875501188309,-0.0234813641720376,-0.0194480505862795,0.0075976408211856,-0.0060107687457982,-0.0406772842937117,0.0019827909241784,0.1965244792964108,0.0357119226013322,-0.0351742316204409,-0.2216549074948672,-0.1292191103401119,0.5602272727272728,NEUTRAL,2026-09-13,2026-09-11,CORE,SPY,SPY,AVAILABLE,0.0075976408211856,-0.0060107687457982,-0.0406772842937117,0.0075976408211856,-0.0060107687457982,-0.0406772842937117,LOCAL_CURRENCY_ASSET_VS_USD_BENCHMARK_NOT_FX_HEDGED
,NXPI,Analog_Semiconductor,236.6199951171875,0.0448182710371112,0.0516911388953977,0.0203095656966163,-0.2161424294905539,0.0631763298354143,0.0377801611228557,-0.2373716631979862,0.0466137474712436,0.0750835791735099,0.0749665580634138,-0.0524477545279516,-0.0462023265920736,0.020341268471624,0.5561363636363637,EMERGING,2026-09-13,2026-09-11,CORE,SPY,SPY,AVAILABLE,0.0631763298354143,0.0377801611228557,-0.2373716631979862,0.0631763298354143,0.0377801611228557,-0.2373716631979862,LOCAL_CURRENCY_ASSET_VS_USD_BENCHMARK_NOT_FX_HEDGED
,CLOU,Cloud_AI,27.1299991607666,-0.0014722456906521,-0.0463972431203713,-0.0680179116478915,0.1983215500072452,-0.0349120521803547,-0.050547316221652,0.177092316299813,-0.0293927652083984,0.2444444967722261,0.089337944513753,-0.0680179116478915,-0.6843463754938225,-0.1861090970333105,0.5556818181818182,WEAKENING,2026-09-13,2026-09-11,CORE,SPY,SPY,AVAILABLE,-0.0349120521803547,-0.050547316221652,0.177092316299813,-0.0349120521803547,-0.050547316221652,0.177092316299813,LOCAL_CURRENCY_ASSET_VS_USD_BENCHMARK_NOT_FX_HEDGED
,AIR.PA,Defense,199.3999938964844,0.0184901171711024,0.0121827101344385,-0.0634100534853182,0.0388662673762101,0.0275886574093141,-0.0328597001287549,0.0357900817773799,0.028035223505768,0.3286269324200845,0.055125995222724,-0.091086330887346,-0.6177422610730818,-0.378011340698366,0.5515909090909091,WEAKENING,2026-09-13,2026-09-11,CORE,^STOXX,SPY,AVAILABLE,0.0275886574093141,-0.0328597001287549,0.0357900817773799,0.023667901074455,-0.0459394580590788,0.0548635380816118,LOCAL_CURRENCY_ASSET_VS_USD_BENCHMARK_NOT_FX_HEDGED
,SU.PA,Power_Grid,291.1000061035156,0.0128740858928615,0.0130502868291191,-0.0586903602149858,0.0003436635859643,0.0284562341039947,-0.0281400068584225,-0.0027325220128657,0.0277228768828655,0.2141589886683583,0.0850988611629716,-0.0727566693613581,-0.5459059442335441,-0.1476996050999105,0.55,NEUTRAL,2026-09-13,2026-09-11,CORE,^STOXX,SPY,AVAILABLE,0.0284562341039947,-0.0281400068584225,-0.0027325220128657,0.0245354777691356,-0.0412197647887464,0.0298629969219228,LOCAL_CURRENCY_ASSET_VS_USD_BENCHMARK_NOT_FX_HEDGED
,ETN,Power_Grid,425.3699951171875,0.0396431662291723,0.0711371886264846,-0.0616769070726826,0.0458820934954027,0.0826223795665012,-0.0442063116464432,0.0246528597879704,0.0865564153946553,0.1743359266999547,0.1071544666590713,-0.1420509514897155,-0.5651047878403902,-0.1003458006534986,0.5479545454545456,NEUTRAL,2026-09-13,2026-09-11,CORE,SPY,SPY,AVAILABLE,0.0826223795665012,-0.0442063116464432,0.0246528597879704,0.0826223795665012,-0.0442063116464432,0.0246528597879704,LOCAL_CURRENCY_ASSET_VS_USD_BENCHMARK_NOT_FX_HEDGED
,F,Auto,13.970000267028809,0.0064841607958097,-0.0305343223485404,0.0057595336017766,-0.0200346706571884,-0.0190491314085239,0.023230129028016,-0.0412639043646206,-0.0319742057489846,0.0139860069905026,0.113574549997167,-0.0800273656260157,-0.0545562057595862,0.000709251123764,0.5429545454545456,NEUTRAL,2026-09-13,2026-09-11,CORE,SPY,SPY,AVAILABLE,-0.0190491314085239,0.023230129028016,-0.0412639043646206,-0.0190491314085239,0.023230129028016,-0.0412639043646206,LOCAL_CURRENCY_ASSET_VS_USD_BENCHMARK_NOT_FX_HEDGED
,TXN,Analog_Semiconductor,268.70001220703125,0.0381732656024385,0.0585825563121329,-0.017298689227405,-0.1165621629952251,0.0700677472521494,0.0001719061988343,-0.1377913967026574,0.0629072286189842,0.0579441404608554,0.086500827280207,-0.1045208968981364,-0.2401374520172562,-0.0115878392137736,0.5363636363636364,NEUTRAL,2026-09-13,2026-09-11,CORE,SPY,SPY,AVAILABLE,0.0700677472521494,0.0001719061988343,-0.1377913967026574,0.0700677472521494,0.0001719061988343,-0.1377913967026574,LOCAL_CURRENCY_ASSET_VS_USD_BENCHMARK_NOT_FX_HEDGED
,NVDA,AI_Semiconductor,218.2899932861328,-0.000320605074295,-0.0434044479542412,-0.0300299862537577,0.0536341065144732,-0.0319192570142247,-0.0125593908275183,0.0324048728070409,-0.0358969513908018,0.0797418546388476,0.1252600702539467,-0.0746560490042619,-0.3220739124862634,-0.0191173994537839,0.5322727272727273,WEAKENING,2026-09-13,2026-09-11,CORE,SPY,SPY,AVAILABLE,-0.0319192570142247,-0.0125593908275183,0.0324048728070409,-0.0319192570142247,-0.0125593908275183,0.0324048728070409,LOCAL_CURRENCY_ASSET_VS_USD_BENCHMARK_NOT_FX_HEDGED
,TSLA,EV,365.4400024414063,0.0051710993933249,-0.0290405526943721,0.0749500283173616,-0.0969208739825242,-0.0175553617543555,0.092420623743601,-0.1181501076899564,-0.0477780597737125,0.1459670932473377,0.1430254431866186,-0.0592236597871772,0.4405296452561615,0.0764915495351143,0.5322727272727272,NEUTRAL,2026-09-13,2026-09-11,CORE,SPY,SPY,AVAILABLE,-0.0175553617543555,0.092420623743601,-0.1181501076899564,-0.0175553617543555,0.092420623743601,-0.1181501076899564,LOCAL_CURRENCY_ASSET_VS_USD_BENCHMARK_NOT_FX_HEDGED
,AMZN,Cloud_AI,256.7799987792969,0.0194132335602736,-0.0081884710975896,-0.0314940065241062,0.0438211332491742,0.0032967198424268,-0.0140234110978668,0.022591899541742,-0.0003149694665631,0.1263430818212672,0.0738675002718177,-0.0545734102234748,-0.3347351964618539,-0.0538673953837962,0.5275000000000001,WEAKENING,2026-09-13,2026-09-11,CORE,SPY,SPY,AVAILABLE,0.0032967198424268,-0.0140234110978668,0.022591899541742,0.0032967198424268,-0.0140234110978668,0.022591899541742,LOCAL_CURRENCY_ASSET_VS_USD_BENCHMARK_NOT_FX_HEDGED
,6501.T,Power_Grid,5199.0,0.0032805866460825,-0.0331039613167193,-0.0984914166811167,0.1059349074664965,-0.0175766321107021,-0.0300560042150521,0.1902084488224615,-0.0084811071464401,0.3353010625737898,0.0929847799667188,-0.1029998265996184,-0.8824968669059926,-0.355157872927122,0.5275,WEAKENING,2026-09-13,2026-09-11,CORE,^N225,SPY,AVAILABLE,-0.0175766321107021,-0.0300560042150521,0.1902084488224615,-0.0171022530061718,-0.0707440660960334,0.0833418589080343,LOCAL_CURRENCY_ASSET_VS_USD_BENCHMARK_NOT_FX_HEDGED
,GS,Financials,1029.1800537109375,0.0092276042631778,-0.0084302405241238,-0.0080655588729677,-0.0517566593482133,0.0030549504158926,0.0094050365532716,-0.0729858930556456,-0.0064138508058819,0.0344316151679115,0.0717098304865384,-0.0485511119699242,-0.1711483591511977,-0.003872693846073,0.5193181818181818,NEUTRAL,2026-09-13,2026-09-11,CORE,SPY,SPY,AVAILABLE,0.0030549504158926,0.0094050365532716,-0.0729858930556456,0.0030549504158926,0.0094050365532716,-0.0729858930556456,LOCAL_CURRENCY_ASSET_VS_USD_BENCHMARK_NOT_FX_HEDGED
,EWG,Market_EU,42.869998931884766,0.0058657908555921,-0.0239070874507224,-0.0247952724132993,0.0263346531497736,-0.0124218965107059,-0.0073246769870599,0.0051054194423414,-0.0177082693473976,0.2014784928229496,0.033545536854877,-0.0441803367114093,-0.2381162541064803,-0.1489233615958572,0.519090909090909,WEAKENING,2026-09-13,2026-09-11,CORE,SPY,SPY,AVAILABLE,-0.0124218965107059,-0.0073246769870599,0.0051054194423414,-0.0124218965107059,-0.0073246769870599,0.0051054194423414,LOCAL_CURRENCY_ASSET_VS_USD_BENCHMARK_NOT_FX_HEDGED
,FXI,Market_CN,34.4900016784668,0.0040757848781618,-0.0240520223670358,-0.0106138532818871,-0.0020254540521609,-0.0125668314270193,0.0068567421443522,-0.0232546877595931,-0.021398559046564,0.0772439596040682,0.0424842672793636,-0.0426422114951879,-0.1463991103189325,-0.0192978744050938,0.5175,NEUTRAL,2026-09-13,2026-09-11,CORE,SPY,SPY,AVAILABLE,-0.0125668314270193,0.0068567421443522,-0.0232546877595931,-0.0125668314270193,0.0068567421443522,-0.0232546877595931,LOCAL_CURRENCY_ASSET_VS_USD_BENCHMARK_NOT_FX_HEDGED
,NVT,Power_Grid,162.3800048828125,0.046465211052056,0.0676573659852097,-0.0448796533765939,-0.028355165905943,0.0791425569252263,-0.0274090579503545,-0.0495843996133752,0.0788772793293582,0.0925856354961934,0.1412866951742706,-0.1687828143384909,-0.4444924784479246,-0.0294097842942364,0.5163636363636364,NEUTRAL,2026-09-13,2026-09-11,CORE,SPY,SPY,AVAILABLE,0.0791425569252263,-0.0274090579503545,-0.0495843996133752,0.0791425569252263,-0.0274090579503545,-0.0495843996133752,LOCAL_CURRENCY_ASSET_VS_USD_BENCHMARK_NOT_FX_HEDGED
,RSP,Factor_Breadth,214.8699951171875,0.0079748415013582,-0.0235401402532674,-0.0352893672209581,0.016647739209725,-0.0120549493132509,-0.0178187717947186,-0.0045814944977071,-0.0147177984480279,0.3169350794778794,0.0285625099956519,-0.0430938004192622,-0.3237806918209899,-0.391577575171126,0.5134090909090909,WEAKENING,2026-09-13,2026-09-11,CORE,SPY,SPY,AVAILABLE,-0.0120549493132509,-0.0178187717947186,-0.0045814944977071,-0.0120549493132509,-0.0178187717947186,-0.0045814944977071,LOCAL_CURRENCY_ASSET_VS_USD_BENCHMARK_NOT_FX_HEDGED
,FTNT,Cybersecurity,156.07000732421875,-0.0175007785488233,-0.0018546513494552,-0.0566368168454667,0.0615562698188072,0.0096305395905612,-0.0391662214192273,0.040327036111375,0.0123045528619114,0.1173743792215894,0.1504919129760171,-0.1055678065865899,-0.6253777704352845,-0.0441732122800706,0.5129545454545454,WEAKENING,2026-09-13,2026-09-11,CORE,SPY,SPY,AVAILABLE,0.0096305395905612,-0.0391662214192273,0.040327036111375,0.0096305395905612,-0.0391662214192273,0.040327036111375,LOCAL_CURRENCY_ASSET_VS_USD_BENCHMARK_NOT_FX_HEDGED
,ABBN.SW,Power_Grid,78.66000366210938,0.0102748914139034,0.0186480499694705,-0.0550215559730764,-0.0944047535185597,0.0616845153088503,-0.0066723972968906,-0.0950904697500858,0.0324034389627396,0.2287709775039528,0.075626677759119,-0.0723209610471005,-0.4938213830696924,-0.1664404085532023,0.5084090909090909,WEAKENING,2026-09-13,2026-09-11,CORE,^SSMI,SPY,AVAILABLE,0.0616845153088503,-0.0066723972968906,-0.0950904697500858,0.0301332409094871,-0.037550960546837,-0.0850234873983404,LOCAL_CURRENCY_ASSET_VS_USD_BENCHMARK_NOT_FX_HEDGED
,IWM,Factor_SmallCap,288.8900146484375,0.0041362613518065,-0.0213421448587821,-0.0481383372374382,-0.0109215696743359,-0.0098569539187656,-0.0306677418111988,-0.0321508033817682,-0.0093075605494226,0.3406388704285842,0.0363842736583311,-0.0569995225657932,-0.4202107704886711,-0.4506834181947864,0.5072727272727273,WEAKENING,2026-09-13,2026-09-11,CORE,SPY,SPY,AVAILABLE,-0.0098569539187656,-0.0306677418111988,-0.0321508033817682,-0.0098569539187656,-0.0306677418111988,-0.0321508033817682,LOCAL_CURRENCY_ASSET_VS_USD_BENCHMARK_NOT_FX_HEDGED
,FEZ,Market_EU,69.69999694824219,0.0095596179600629,-0.0126080101405348,-0.0324820091275261,0.0139459608721981,-0.0011228192005182,-0.0150114137012867,-0.0072832728352341,-0.0044875078586532,0.332386163517923,0.0267536613576019,-0.0424410211283441,-0.3003808642355847,-0.4035548724692518,0.5070454545454546,WEAKENING,2026-09-13,2026-09-11,CORE,SPY,SPY,AVAILABLE,-0.0011228192005182,-0.0150114137012867,-0.0072832728352341,-0.0011228192005182,-0.0150114137012867,-0.0072832728352341,LOCAL_CURRENCY_ASSET_VS_USD_BENCHMARK_NOT_FX_HEDGED
,PWR,Power_Grid,650.5800170898438,0.0514764721712113,0.0492210748176282,-0.0329974304234811,-0.0953865328721849,0.0607062657576448,-0.0155268349972417,-0.1166157665796171,0.0574704324234985,0.0752594015540401,0.1222400213111593,-0.1655937004275781,-0.3778917688014551,-0.0203154976566218,0.5068181818181818,WEAKENING,2026-09-13,2026-09-11,CORE,SPY,SPY,AVAILABLE,0.0607062657576448,-0.0155268349972417,-0.1166157665796171,0.0607062657576448,-0.0155268349972417,-0.1166157665796171,LOCAL_CURRENCY_ASSET_VS_USD_BENCHMARK_NOT_FX_HEDGED
,MTUM,Factor_Momentum,307.0400085449219,0.0128319799662137,0.0254491843412685,-0.0284466356646517,-0.058303879649637,0.036934375281285,-0.0109760402384123,-0.0795331133570692,0.0325608432574314,0.1424943574780708,0.0597491237577436,-0.0793306353572576,-0.2889762744139484,-0.0678417492427575,0.5056818181818182,WEAKENING,2026-09-13,2026-09-11,CORE,SPY,SPY,AVAILABLE,0.036934375281285,-0.0109760402384123,-0.0795331133570692,0.036934375281285,-0.0109760402384123,-0.0795331133570692,LOCAL_CURRENCY_ASSET_VS_USD_BENCHMARK_NOT_FX_HEDGED
,SMH,Semiconductor,568.530029296875,0.0147247796969549,0.0288274600338995,-0.0349503768179125,-0.0770616407518263,0.0403126509739161,-0.0174797813916731,-0.0982908744592585,0.0375650542383777,0.1205995047979402,0.0872833203690873,-0.0822294275402351,-0.3659622378319518,-0.0482909921267668,0.5052272727272727,WEAKENING,2026-09-13,2026-09-11,CORE,SPY,SPY,AVAILABLE,0.0403126509739161,-0.0174797813916731,-0.0982908744592585,0.0403126509739161,-0.0174797813916731,-0.0982908744592585,LOCAL_CURRENCY_ASSET_VS_USD_BENCHMARK_NOT_FX_HEDGED
,1810.HK,Consumer_Tech,26.36000061035156,0.0169753291960841,-0.0731364235107943,0.0288836747415308,0.0369787777827048,-0.0401847805619267,0.0412745101703434,0.0166814985630241,-0.080357342196177,0.061564048282902,0.1174798074891914,-0.1068228922319119,0.0988811679390964,0.0151361836930048,0.5029545454545454,NEUTRAL,2026-09-13,2026-09-11,CORE,^HSI,SPY,AVAILABLE,-0.0401847805619267,0.0412745101703434,0.0166814985630241,-0.027873406096656,0.0360177926886192,-0.0113330238438575,LOCAL_CURRENCY_ASSET_VS_USD_BENCHMARK_NOT_FX_HEDGED
,005930.KS,Memory,259500.0,-0.0353159851301114,0.0156555772994129,-0.0317164179104477,-0.2502563023749558,-0.0176468308219672,-0.0458901292935055,-0.0297828013809029,0.0235846817770248,0.0546623794212218,0.1884642450827631,-0.1119005328596802,-0.4689729888742306,-0.0091990651539319,0.5018181818181819,WEAKENING,2026-09-13,2026-09-11,CORE,^KS11,SPY,AVAILABLE,-0.0176468308219672,-0.0458901292935055,-0.0297828013809029,0.0494851909400165,0.0262706173784996,-0.2275034970653867,LOCAL_CURRENCY_ASSET_VS_USD_BENCHMARK_NOT_FX_HEDGED
,SAN.PA,Biotech,73.26000213623047,-0.0042136408845949,-0.0394649880597519,-0.041475836141409,-0.0010907309197508,-0.0240590407848763,-0.0109254827848457,-0.004166916518581,-0.0290960290243997,0.2406981728864223,0.0452373300007368,-0.0719533839562749,-0.3648750540196438,-0.220684067295996,0.5018181818181818,WEAKENING,2026-09-13,2026-09-11,CORE,^STOXX,SPY,AVAILABLE,-0.0240590407848763,-0.0109254827848457,-0.004166916518581,-0.0279797971197354,-0.0240052407151696,-0.0529501088027745,LOCAL_CURRENCY_ASSET_VS_USD_BENCHMARK_NOT_FX_HEDGED
,6273.T,Industrials,68160.0,0.0070921985815601,0.0151921358355675,-0.10820358497972,-0.0611570247933884,0.0307194650415847,-0.0397681725136555,0.0231165165625765,0.0422430320804975,0.3464599916212819,0.1041746251995852,-0.1541038525963148,-0.9714419990121472,-0.3598593522524688,0.5018181818181818,WEAKENING,2026-09-13,2026-09-11,CORE,^N225,SPY,AVAILABLE,0.0307194650415847,-0.0397681725136555,0.0231165165625765,0.0284950387466415,-0.1011121021038266,0.0074097601642522,LOCAL_CURRENCY_ASSET_VS_USD_BENCHMARK_NOT_FX_HEDGED
,WCLD,Software,38.77999877929688,-0.0023154143313871,-0.0760067273915796,-0.0737998622262873,0.2756578705895307,-0.0645215364515631,-0.0563292668000479,0.2544286368820985,-0.0575567618350078,0.2106340382941665,0.1101600501808697,-0.1012746834773842,-0.778456981447245,-0.1411107110132336,0.4959090909090909,WEAKENING,2026-09-13,2026-09-11,CORE,SPY,SPY,AVAILABLE,-0.0645215364515631,-0.0563292668000479,0.2544286368820985,-0.0645215364515631,-0.0563292668000479,0.2544286368820985,LOCAL_CURRENCY_ASSET_VS_USD_BENCHMARK_NOT_FX_HEDGED
,051910.KS,EV,273000.0,-0.0267379679144385,-0.0319148936170212,-0.0090744101633394,-0.2437673130193905,-0.0652173017384014,-0.0232481215463972,-0.0232938120253377,-0.0296462910761864,0.0158730158730158,0.165281466791301,-0.0998217468805704,-0.3341153935039975,-0.0008714725211315,0.495,WEAKENING,2026-09-13,2026-09-11,CORE,^KS11,SPY,AVAILABLE,-0.0652173017384014,-0.0232481215463972,-0.0232938120253377,-0.0372952968648615,0.0015406299157473,-0.2417377314234908,LOCAL_CURRENCY_ASSET_VS_USD_BENCHMARK_NOT_FX_HEDGED
,VGK,Market_EU,90.0199966430664,0.0067098913711391,-0.0187486511963654,-0.025546662486659,0.0137327435364889,-0.0072634602563489,-0.0080760670604196,-0.0074964901709433,-0.0123619855747007,0.2473796930006254,0.027191618529257,-0.0404550292273181,-0.2356871305765102,-0.2324144668453827,0.4938636363636364,WEAKENING,2026-09-13,2026-09-11,CORE,SPY,SPY,AVAILABLE,-0.0072634602563489,-0.0080760670604196,-0.0074964901709433,-0.0072634602563489,-0.0080760670604196,-0.0074964901709433,LOCAL_CURRENCY_ASSET_VS_USD_BENCHMARK_NOT_FX_HEDGED
,EMR,Power_Grid,152.19000244140625,0.0257464949109258,0.0131815168034092,-0.070055888444643,0.0261818285827049,0.0246667077434258,-0.0525852930184036,0.0049525948752726,0.03069548891457,0.2739872387007658,0.07164827718758,-0.0979193670588424,-0.673022989536596,-0.267897850208238,0.4936363636363636,NEUTRAL,2026-09-13,2026-09-11,CORE,SPY,SPY,AVAILABLE,0.0246667077434258,-0.0525852930184036,0.0049525948752726,0.0246667077434258,-0.0525852930184036,0.0049525948752726,LOCAL_CURRENCY_ASSET_VS_USD_BENCHMARK_NOT_FX_HEDGED
,DLR,AI_Infrastructure,188.5800018310547,0.0173167545903956,0.0042068724275321,-0.0455511687245334,-0.0098188246109329,0.0156920633675486,-0.028080573298294,-0.0310480583183652,0.0155946646086655,0.1918160514038295,0.0667073718532291,-0.0843366981702412,-0.4205154664949829,-0.1309817053022853,0.4913636363636364,NEUTRAL,2026-09-13,2026-09-11,CORE,SPY,SPY,AVAILABLE,0.0156920633675486,-0.028080573298294,-0.0310480583183652,0.0156920633675486,-0.028080573298294,-0.0310480583183652,LOCAL_CURRENCY_ASSET_VS_USD_BENCHMARK_NOT_FX_HEDGED
,6857.T,Semiconductor_Equipment,31720.0,-0.0648584905660377,-0.0414022363251738,-0.1396799566042853,0.0552228875582168,-0.0258749071191566,-0.0712445441382207,0.1394964289141818,-0.0064822471741024,0.2694924123495552,0.1409925511654744,-0.1604023292747485,-1.2801913961911908,-0.2669835260870704,0.4909090909090909,WEAKENING,2026-09-13,2026-09-11,CORE,^N225,SPY,AVAILABLE,-0.0258749071191566,-0.0712445441382207,0.1394964289141818,-0.0058630122817926,-0.0999473233272386,0.1277996407870187,LOCAL_CURRENCY_ASSET_VS_USD_BENCHMARK_NOT_FX_HEDGED
,ROP.SW,Biotech,344.20001220703125,-0.003762627476031,-0.0345020695454943,-0.0499585321440322,0.0789969034703172,0.0085343957938853,-0.0016093734678463,0.0783111872387911,-0.0220124365094863,0.2131917949735478,0.0587904326814277,-0.0835995564063716,-0.4766058797874442,-0.1811646667025559,0.4906818181818183,WEAKENING,2026-09-13,2026-09-11,CORE,^SSMI,SPY,AVAILABLE,0.0085343957938853,-0.0016093734678463,0.0783111872387911,-0.0230168786054778,-0.0324879367177928,0.0411164829809358,LOCAL_CURRENCY_ASSET_VS_USD_BENCHMARK_NOT_FX_HEDGED
,SKYY,Cloud_AI,158.47000122070312,0.0118766400811098,-0.0332479075715039,-0.0618080765795886,0.1710759137118456,-0.0217627166314874,-0.0443374811533492,0.1498466800044133,-0.0177958884266068,0.2404423434023107,0.0752224725764909,-0.072819861376375,-0.629264246566269,-0.1975643483252146,0.4870454545454545,WEAKENING,2026-09-13,2026-09-11,CORE,SPY,SPY,AVAILABLE,-0.0217627166314874,-0.0443374811533492,0.1498466800044133,-0.0217627166314874,-0.0443374811533492,0.1498466800044133,LOCAL_CURRENCY_ASSET_VS_USD_BENCHMARK_NOT_FX_HEDGED
,GOOGL,Cloud_AI,338.5,0.017739007180439,-0.0109858284881129,-0.0220649653322264,-0.0925182445920738,0.0004993624519036,-0.004594369905987,-0.113747478299506,-0.0054695871550562,0.1151442374051069,0.0543354117996646,-0.0494095230140558,-0.2706083816478496,-0.0467587071193416,0.4861363636363637,WEAKENING,2026-09-13,2026-09-11,CORE,SPY,SPY,AVAILABLE,0.0004993624519036,-0.004594369905987,-0.113747478299506,0.0004993624519036,-0.004594369905987,-0.113747478299506,LOCAL_CURRENCY_ASSET_VS_USD_BENCHMARK_NOT_FX_HEDGED
,HACK,Cybersecurity,109.9000015258789,-0.0054298504445348,-0.0146148773537021,-0.0983673633916498,0.1458658881200365,-0.0031296864136856,-0.0808967679654104,0.1246366544126043,0.0099769634942103,0.2641549235287622,0.119668664726139,-0.1132168604549995,-0.929338296707774,-0.2171347312507576,0.4843181818181818,NEUTRAL,2026-09-13,2026-09-11,CORE,SPY,SPY,AVAILABLE,-0.0031296864136856,-0.0808967679654104,0.1246366544126043,-0.0031296864136856,-0.0808967679654104,0.1246366544126043,LOCAL_CURRENCY_ASSET_VS_USD_BENCHMARK_NOT_FX_HEDGED
,5803.T,AI_Networking,4982.0,-0.0435784219619889,-0.0140510587769642,-0.1205648720211827,0.0534996828082046,0.0014762704290529,-0.0521294595551181,0.1377732241641696,0.0160901592283314,0.1614275584968092,0.2085790784695286,-0.1854228364593616,-1.1924129523684797,-0.0933098998886557,0.4843181818181817,WEAKENING,2026-09-13,2026-09-11,CORE,^N225,SPY,AVAILABLE,0.0014762704290529,-0.0521294595551181,0.1377732241641696,0.0177465522811598,-0.117598849018205,0.1375406275173394,LOCAL_CURRENCY_ASSET_VS_USD_BENCHMARK_NOT_FX_HEDGED
,CIBR,Cybersecurity,94.4000015258789,0.0025488302297731,-0.0096516803597437,-0.0763208968226631,0.1104980468092649,0.0018335105802728,-0.0588503013964237,0.0892688131018326,0.009428543845922,0.220214402752268,0.1109678747174572,-0.0953033087535435,-0.7322445077221472,-0.1514578949458443,0.4825,NEUTRAL,2026-09-13,2026-09-11,CORE,SPY,SPY,AVAILABLE,0.0018335105802728,-0.0588503013964237,0.0892688131018326,0.0018335105802728,-0.0588503013964237,0.0892688131018326,LOCAL_CURRENCY_ASSET_VS_USD_BENCHMARK_NOT_FX_HEDGED
,6861.T,Industrials,76000.0,-0.0065359477124182,-0.0221307256819351,-0.1330139174081679,0.0052910052910053,-0.006603396475918,-0.0645785049421033,0.0895645466469703,0.0111227536701067,0.456538762725137,0.0913487376878465,-0.1330139174081679,-1.1421336091196532,-0.6647711924193105,0.4765909090909091,WEAKENING,2026-09-13,2026-09-11,CORE,^N225,SPY,AVAILABLE,-0.006603396475918,-0.0645785049421033,0.0895645466469703,-0.013905934989709,-0.105235164703046,0.0135015726369547,LOCAL_CURRENCY_ASSET_VS_USD_BENCHMARK_NOT_FX_HEDGED
,IGV,Software,101.5199966430664,0.0031620524157514,-0.0507713928014752,-0.0447873747732645,0.1110867198355651,-0.0392862018614587,-0.0273167793470251,0.0898574861281329,-0.0395745491081591,0.1360778067303118,0.1090319552008005,-0.0826686255602836,-0.4572007612608494,-0.0558970782201435,0.4761363636363637,WEAKENING,2026-09-13,2026-09-11,CORE,SPY,SPY,AVAILABLE,-0.0392862018614587,-0.0273167793470251,0.0898574861281329,-0.0392862018614587,-0.0273167793470251,0.0898574861281329,LOCAL_CURRENCY_ASSET_VS_USD_BENCHMARK_NOT_FX_HEDGED
,SOXX,Semiconductor,527.0700073242188,0.0186305679703377,0.0495220918213257,-0.0429785076984933,-0.1085345781240515,0.0610072827613422,-0.0255079122722539,-0.1297638118314837,0.060266718745949,0.1372729544574446,0.0954099032449203,-0.1051831414941038,-0.4600101219576038,-0.061836209128095,0.4754545454545454,WEAKENING,2026-09-13,2026-09-11,CORE,SPY,SPY,AVAILABLE,0.0610072827613422,-0.0255079122722539,-0.1297638118314837,0.0610072827613422,-0.0255079122722539,-0.1297638118314837,LOCAL_CURRENCY_ASSET_VS_USD_BENCHMARK_NOT_FX_HEDGED
,7013.T,Defense,2665.0,0.0005631687629059,0.0154315107639551,-0.1198811096433288,-0.0862334990570889,0.0309588399699722,-0.0514456971772643,-0.001959957701124,0.0454017881747873,0.2587312900926586,0.1464234897659806,-0.141347424042272,-1.0343609429139224,-0.2118307261036493,0.4704545454545455,WEAKENING,2026-09-13,2026-09-11,CORE,^N225,SPY,AVAILABLE,0.0309588399699722,-0.0514456971772643,-0.001959957701124,0.0211461115689234,-0.0867310852460294,0.0636657396804634,LOCAL_CURRENCY_ASSET_VS_USD_BENCHMARK_NOT_FX_HEDGED
,GRID,Power_Grid,180.77999877929688,0.0199728795780778,0.0182494402145341,-0.0394772204958583,-0.055229408497562,0.0297346311545506,-0.0220066250696189,-0.0764586422049943,0.0281187453384987,0.199785006677512,0.0560795436266806,-0.0725686889482088,-0.372943423230678,-0.1406387472208732,0.4688636363636363,WEAKENING,2026-09-13,2026-09-11,CORE,SPY,SPY,AVAILABLE,0.0297346311545506,-0.0220066250696189,-0.0764586422049943,0.0297346311545506,-0.0220066250696189,-0.0764586422049943,LOCAL_CURRENCY_ASSET_VS_USD_BENCHMARK_NOT_FX_HEDGED
,TER,Semiconductor_Equipment,379.7200012207031,0.0257435336352858,0.1219051314994232,-0.0746714783359612,-0.0720267718124514,0.1333903224394398,-0.0572008829097218,-0.0932560055198836,0.1405730010834135,0.1247338615335861,0.1749394599845684,-0.2429932244987267,-0.7445286522358456,-0.0532416290760676,0.4670454545454546,NEUTRAL,2026-09-13,2026-09-11,CORE,SPY,SPY,AVAILABLE,0.1333903224394398,-0.0572008829097218,-0.0932560055198836,0.1333903224394398,-0.0572008829097218,-0.0932560055198836,LOCAL_CURRENCY_ASSET_VS_USD_BENCHMARK_NOT_FX_HEDGED
,SAF.PA,Defense,330.20001220703125,0.0254658764193516,-0.0039215318038272,-0.0776535971870635,-0.0098950158709707,0.0114844154710483,-0.0471032438305002,-0.0129712014698009,0.0154918674929386,0.3341344196415799,0.0668060394513125,-0.1082802698494193,-0.7365174495253832,-0.3883891313163413,0.4670454545454546,WEAKENING,2026-09-13,2026-09-11,CORE,^STOXX,SPY,AVAILABLE,0.0114844154710483,-0.0471032438305002,-0.0129712014698009,0.0075636591361892,-0.0601830017608241,-0.002093393562274,LOCAL_CURRENCY_ASSET_VS_USD_BENCHMARK_NOT_FX_HEDGED
,CRWD,Cybersecurity,206.7400054931641,-0.0101503165325683,-0.0382843916863059,-0.0833148290153659,0.2170304697018639,-0.0267992007462893,-0.0658442335891265,0.1958012359944316,-0.0174556844324644,0.1192334025218683,0.2661891886686485,-0.1780250703400884,-0.875315414146433,-0.0373189857699121,0.4652272727272727,WEAKENING,2026-09-13,2026-09-11,CORE,SPY,SPY,AVAILABLE,-0.0267992007462893,-0.0658442335891265,0.1958012359944316,-0.0267992007462893,-0.0658442335891265,0.1958012359944316,LOCAL_CURRENCY_ASSET_VS_USD_BENCHMARK_NOT_FX_HEDGED
,SIE.DE,Industrials,264.6499938964844,0.0253777126620515,-0.021988219042224,-0.0684618507186669,-0.0438944885560179,-0.0065822717673483,-0.0379114973621036,-0.0469706741548481,-0.0048727563625572,0.2845650205474681,0.0692680113757836,-0.1095394146331705,-0.5895846822214004,-0.2812531725616433,0.4638636363636363,WEAKENING,2026-09-13,2026-09-11,CORE,^STOXX,SPY,AVAILABLE,-0.0065822717673483,-0.0379114973621036,-0.0469706741548481,-0.0105030281022074,-0.0509912552924275,-0.0519928091405628,LOCAL_CURRENCY_ASSET_VS_USD_BENCHMARK_NOT_FX_HEDGED
,PLTR,Software_AI,167.22999572753906,0.0082599488251899,-0.0838218547859497,-0.0658063747320377,0.2550093487995426,-0.0723366638459331,-0.0483357793057983,0.2337801150921103,-0.0673702611029402,0.1350607499934395,0.1446758223465406,-0.1100976700014736,-0.7372807021905432,-0.0614329207292794,0.4620454545454545,WEAKENING,2026-09-13,2026-09-11,CORE,SPY,SPY,AVAILABLE,-0.0723366638459331,-0.0483357793057983,0.2337801150921103,-0.0723366638459331,-0.0483357793057983,0.2337801150921103,LOCAL_CURRENCY_ASSET_VS_USD_BENCHMARK_NOT_FX_HEDGED
,6645.T,Industrials,6003.0,-0.0044776119402984,-0.0344217468232266,-0.1429183323814963,0.0681494661921708,-0.0188944176172094,-0.0744829199154317,0.1524230075481358,0.0013078362721474,0.4623556581986143,0.1035078616268697,-0.1509300014198494,-1.2605151200197735,-0.6383969159279925,0.4620454545454545,WEAKENING,2026-09-13,2026-09-11,CORE,^N225,SPY,AVAILABLE,-0.0188944176172094,-0.0744829199154317,0.1524230075481358,-0.0193511022469385,-0.1252029264246603,0.0604005437012418,LOCAL_CURRENCY_ASSET_VS_USD_BENCHMARK_NOT_FX_HEDGED
,CCJ,Uranium,96.68000030517578,-0.0075959544003093,-0.0391572483985057,-0.0109462884380994,-0.103819032567572,-0.0276720574584892,0.0065243069881399,-0.1250482662750043,-0.0364206762889809,0.0254216872929628,0.1329857073629152,-0.1033904471965031,-0.2218526788025031,-0.0020925039781345,0.4584090909090909,NEUTRAL,2026-09-13,2026-09-11,CORE,SPY,SPY,AVAILABLE,-0.0276720574584892,0.0065243069881399,-0.1250482662750043,-0.0276720574584892,0.0065243069881399,-0.1250482662750043,LOCAL_CURRENCY_ASSET_VS_USD_BENCHMARK_NOT_FX_HEDGED
,MCHI,Market_CN,52.959999084472656,0.0030303001841676,-0.0259334168679784,-0.026828356001412,-0.0216146676622136,-0.0144482259279619,-0.0093577605751726,-0.0428439013696458,-0.0192263278676254,0.2097700109946605,0.0348167262492045,-0.0513834103160626,-0.2671145429398015,-0.1616402556950184,0.4552272727272727,WEAKENING,2026-09-13,2026-09-11,CORE,SPY,SPY,AVAILABLE,-0.0144482259279619,-0.0093577605751726,-0.0428439013696458,-0.0144482259279619,-0.0093577605751726,-0.0428439013696458,LOCAL_CURRENCY_ASSET_VS_USD_BENCHMARK_NOT_FX_HEDGED
,XLU,Utilities,42.38999938964844,-0.0030574098474991,-0.0148733304160901,-0.0374659739232012,-0.0532472610091911,-0.0033881394760736,-0.0199953784969618,-0.0744764947166234,-0.0055068369352898,0.270049322594743,0.0389296825520325,-0.046942039417504,-0.3343521701806083,-0.2598957971154729,0.4493181818181818,WEAKENING,2026-09-13,2026-09-11,CORE,SPY,SPY,AVAILABLE,-0.0033881394760736,-0.0199953784969618,-0.0744764947166234,-0.0033881394760736,-0.0199953784969618,-0.0744764947166234,LOCAL_CURRENCY_ASSET_VS_USD_BENCHMARK_NOT_FX_HEDGED
,ORCL,Cloud_AI,150.27999877929688,-0.0173924651474257,-0.024409209755363,-0.0380233158045772,-0.1992629031582721,-0.0129240188153465,-0.0205527203783378,-0.2204921368657043,-0.0149033808042187,0.0759979805922893,0.1372922436864712,-0.0953782728207388,-0.6056433148503181,-0.021047767441035,0.4429545454545455,WEAKENING,2026-09-13,2026-09-11,CORE,SPY,SPY,AVAILABLE,-0.0129240188153465,-0.0205527203783378,-0.2204921368657043,-0.0129240188153465,-0.0205527203783378,-0.2204921368657043,LOCAL_CURRENCY_ASSET_VS_USD_BENCHMARK_NOT_FX_HEDGED
,BOTZ,Industrials,35.279998779296875,0.0149597377121144,-0.0148004069720434,-0.0671602574305401,-0.0681721365288564,-0.0033152160320268,-0.0496896620043006,-0.0894013702362886,0.0019896573855915,0.3060246567686617,0.0625356589563255,-0.0809096086193196,-0.6217461423109416,-0.3286556034058882,0.4347727272727272,WEAKENING,2026-09-13,2026-09-11,CORE,SPY,SPY,AVAILABLE,-0.0033152160320268,-0.0496896620043006,-0.0894013702362886,-0.0033152160320268,-0.0496896620043006,-0.0894013702362886,LOCAL_CURRENCY_ASSET_VS_USD_BENCHMARK_NOT_FX_HEDGED
,S,Cybersecurity,19.75,-0.0030287464694551,-0.0025252140902591,-0.1715604079869903,0.3140386128334109,0.0089599768497573,-0.1540898125607509,0.2928093791259787,0.0403648879064884,0.3143737032662736,0.1776882638491725,-0.1849832138920264,-1.5614735739625054,-0.3035320376506346,0.4331818181818181,NEUTRAL,2026-09-13,2026-09-11,CORE,SPY,SPY,AVAILABLE,0.0089599768497573,-0.1540898125607509,0.2928093791259787,0.0089599768497573,-0.1540898125607509,0.2928093791259787,LOCAL_CURRENCY_ASSET_VS_USD_BENCHMARK_NOT_FX_HEDGED
,CAT,Industrials,818.5700073242188,0.0168571519555511,0.0230334595675469,-0.0421600389550861,-0.1326036911513288,0.0345186505075635,-0.0246894435288467,-0.1538329248587611,0.0335734693063185,0.1436887716516535,0.0853468064869475,-0.1162479991282768,-0.449972585010678,-0.0709800923971145,0.4318181818181818,WEAKENING,2026-09-13,2026-09-11,CORE,SPY,SPY,AVAILABLE,0.0345186505075635,-0.0246894435288467,-0.1538329248587611,0.0345186505075635,-0.0246894435288467,-0.1538329248587611,LOCAL_CURRENCY_ASSET_VS_USD_BENCHMARK_NOT_FX_HEDGED
,MCHP,Analog_Semiconductor,74.19999694824219,0.0366023337547727,0.0149089909559689,-0.0391759246416054,-0.2194245782238255,0.0263941818959855,-0.021705329215366,-0.2406538119312578,0.0247029721163703,0.1237302224224716,0.0854578142462109,-0.1049135381577279,-0.5339480056040319,-0.0567209202840891,0.4311363636363636,WEAKENING,2026-09-13,2026-09-11,CORE,SPY,SPY,AVAILABLE,0.0263941818959855,-0.021705329215366,-0.2406538119312578,0.0263941818959855,-0.021705329215366,-0.2406538119312578,LOCAL_CURRENCY_ASSET_VS_USD_BENCHMARK_NOT_FX_HEDGED
,7011.T,Defense,3705.0,-0.0048348106365834,-0.0130527437400106,-0.1290550070521862,-0.0401554404145078,0.0024745854660065,-0.0606195945861216,0.0441181009414571,0.0192110080230359,0.3567251461988304,0.1060206988446223,-0.1521739130434782,-1.1159346787528226,-0.4342280965894362,0.4306818181818181,WEAKENING,2026-09-13,2026-09-11,CORE,^N225,SPY,AVAILABLE,0.0024745854660065,-0.0606195945861216,0.0441181009414571,-0.0122302240797462,-0.1119936902880462,0.0135680902419477,LOCAL_CURRENCY_ASSET_VS_USD_BENCHMARK_NOT_FX_HEDGED
,ASML,Semiconductor_Equipment,1698.300048828125,0.0064417455960812,0.0316549786334863,-0.0809567474481597,-0.0573169954967957,0.0431401695735028,-0.0634861520219203,-0.0785462292042279,0.0518941654955262,0.2676302338963545,0.0920898600503575,-0.1258178205984124,-0.7489627834049221,-0.2352753413154411,0.4297727272727272,WEAKENING,2026-09-13,2026-09-11,CORE,SPY,SPY,AVAILABLE,0.0431401695735028,-0.0634861520219203,-0.0785462292042279,0.0431401695735028,-0.0634861520219203,-0.0785462292042279,LOCAL_CURRENCY_ASSET_VS_USD_BENCHMARK_NOT_FX_HEDGED
,COHR,AI_Networking,305.3699951171875,0.0416140162044929,0.1549108993146155,-0.0668032122214302,-0.202293573666537,0.1663960902546321,-0.0493326167951908,-0.2235228073739692,0.1716117023699731,0.0993185333985742,0.2230917545178824,-0.2471670100133142,-0.7687931220982438,-0.0297402164346434,0.4275,WEAKENING,2026-09-13,2026-09-11,CORE,SPY,SPY,AVAILABLE,0.1663960902546321,-0.0493326167951908,-0.2235228073739692,0.1663960902546321,-0.0493326167951908,-0.2235228073739692,LOCAL_CURRENCY_ASSET_VS_USD_BENCHMARK_NOT_FX_HEDGED
,012450.KS,Defense,1081000.0,0.0131208997188378,0.0246445497630332,-0.0877637130801687,-0.1168300653594771,-0.0086578583583469,-0.1019374244632265,0.1036434356345756,0.0465854780330753,0.2023346303501945,0.1319456159424834,-0.1350210970464135,-0.8796196006390057,-0.1345830122311697,0.4261363636363636,NEUTRAL,2026-09-13,2026-09-11,CORE,^KS11,SPY,AVAILABLE,-0.0086578583583469,-0.1019374244632265,0.1036434356345756,0.0439589254194817,-0.0542638526544773,-0.0302591478952178,LOCAL_CURRENCY_ASSET_VS_USD_BENCHMARK_NOT_FX_HEDGED
,ARM,AI_Semiconductor,264.7900085449219,0.0417421361825052,0.0915124800781563,-0.0497397654948857,-0.3319119670193942,0.1029976710181729,-0.0322691700686463,-0.3531412007268264,0.1039474214518778,0.1013008217124809,0.1486025119598101,-0.1596764769802188,-0.7318326330974276,-0.0339070924842828,0.4254545454545454,WEAKENING,2026-09-13,2026-09-11,CORE,SPY,SPY,AVAILABLE,0.1029976710181729,-0.0322691700686463,-0.3531412007268264,0.1029976710181729,-0.0322691700686463,-0.3531412007268264,LOCAL_CURRENCY_ASSET_VS_USD_BENCHMARK_NOT_FX_HEDGED
,URA,Uranium,43.52999877929688,-0.0326666937934028,-0.0474836312344735,-0.0380110767006215,-0.0906622153629743,-0.0359984402944569,-0.0205404812743821,-0.1118914490704066,-0.0379808620593181,0.0772686907295325,0.1379351359574195,-0.1000620272785955,-0.450361950032149,-0.0212930962766697,0.421590909090909,WEAKENING,2026-09-13,2026-09-11,CORE,SPY,SPY,AVAILABLE,-0.0359984402944569,-0.0205404812743821,-0.1118914490704066,-0.0359984402944569,-0.0205404812743821,-0.1118914490704066,LOCAL_CURRENCY_ASSET_VS_USD_BENCHMARK_NOT_FX_HEDGED
,4519.T,Biotech,6422.0,0.000623247117482,-0.0548933038999264,-0.0737054666089715,-0.1530031513826059,-0.0393659746939092,-0.005270054142907,-0.0687296100266409,-0.0364669372476835,0.3328990228013029,0.0621182635186575,-0.0961836361075905,-0.6764805607768943,-0.394996196277622,0.4168181818181818,WEAKENING,2026-09-13,2026-09-11,CORE,^N225,SPY,AVAILABLE,-0.0393659746939092,-0.005270054142907,-0.0687296100266409,-0.0548131516014199,-0.0874771397653981,-0.163307033134084,LOCAL_CURRENCY_ASSET_VS_USD_BENCHMARK_NOT_FX_HEDGED
,009150.KS,MLCC,1400000.0,0.0,-0.0007137758743754,-0.0685296074517631,-0.3110236220472441,-0.0340161839957556,-0.0827033188348209,-0.0905501210531912,0.0164186259885653,0.119906868451688,0.1636678275789633,-0.1553273427471116,-0.9687793133045,-0.0502063890461301,0.4147727272727273,WEAKENING,2026-09-13,2026-09-11,CORE,^KS11,SPY,AVAILABLE,-0.0340161839957556,-0.0827033188348209,-0.0905501210531912,0.050060858595803,0.0593041786558656,-0.2162392787828333,LOCAL_CURRENCY_ASSET_VS_USD_BENCHMARK_NOT_FX_HEDGED
,6981.T,MLCC,7352.0,-0.0229900332225914,0.0223890974829648,-0.1072252580449302,-0.3233317993557294,0.0379164266889819,-0.0387898455788656,-0.2390582579997644,0.0491954119941973,0.2056836710924761,0.1753960873881883,-0.1675512665862485,-1.197453890782202,-0.1257410301274743,0.4131818181818182,WEAKENING,2026-09-13,2026-09-11,CORE,^N225,SPY,AVAILABLE,0.0379164266889819,-0.0387898455788656,-0.2390582579997644,0.0768380383534349,-0.0979186477454607,-0.1737620418489233,LOCAL_CURRENCY_ASSET_VS_USD_BENCHMARK_NOT_FX_HEDGED
,PANW,Cybersecurity,330.6499938964844,-0.023161678525448,-0.0038862702158037,-0.1650252679381707,0.1813147592234993,0.0075989207242127,-0.1475546725119313,0.1600855255160671,0.0373700467687388,0.3055023373602573,0.1911150783635299,-0.1705050227617977,-1.5692535450943588,-0.2637971085814367,0.4115909090909091,WEAKENING,2026-09-13,2026-09-11,CORE,SPY,SPY,AVAILABLE,0.0075989207242127,-0.1475546725119313,0.1600855255160671,0.0075989207242127,-0.1475546725119313,0.1600855255160671,LOCAL_CURRENCY_ASSET_VS_USD_BENCHMARK_NOT_FX_HEDGED
,4063.T,Semiconductor_Materials,5738.0,-0.00416522040958,-0.0082958866228828,-0.0994978028876334,-0.2398993244138296,0.0072314425831343,-0.0310623904215688,-0.1556257830578646,0.0165785640990255,0.5774134790528234,0.0478288268906799,-0.1069694596711041,-0.9494046737956529,-1.20118715549462,0.4013636363636363,WEAKENING,2026-09-13,2026-09-11,CORE,^N225,SPY,AVAILABLE,0.0072314425831343,-0.0310623904215688,-0.1556257830578646,-0.0091667974539073,-0.0828743402902861,-0.2347671766341076,LOCAL_CURRENCY_ASSET_VS_USD_BENCHMARK_NOT_FX_HEDGED
,AMGN,Biotech,377.3500061035156,-0.0133866580407518,-0.1503422267580041,-0.0916253918993881,0.0911776754227351,-0.1388570358179875,-0.0741547964731487,0.0699484417153029,-0.1274358787831571,0.2610820444525199,0.1223874028160753,-0.1503422267580041,-0.9197613522019304,-0.1954592065067789,0.3970454545454546,WEAKENING,2026-09-13,2026-09-11,CORE,SPY,SPY,AVAILABLE,-0.1388570358179875,-0.0741547964731487,0.0699484417153029,-0.1388570358179875,-0.0741547964731487,0.0699484417153029,LOCAL_CURRENCY_ASSET_VS_USD_BENCHMARK_NOT_FX_HEDGED
,NVO,Pharma,43.06999969482422,-0.0213587517054973,-0.0934539840784759,-0.0663450328715119,0.0016157264394962,-0.0819687931384594,-0.0488744374452725,-0.0196135072679359,-0.0768677258605979,0.1903253156155006,0.0899548783860607,-0.1148787540098026,-0.7024947264360881,-0.1403719236504237,0.3961363636363636,WEAKENING,2026-09-13,2026-09-11,CORE,SPY,SPY,AVAILABLE,-0.0819687931384594,-0.0488744374452725,-0.0196135072679359,-0.0819687931384594,-0.0488744374452725,-0.0196135072679359,LOCAL_CURRENCY_ASSET_VS_USD_BENCHMARK_NOT_FX_HEDGED
,0700.HK,Internet_AI,428.3999938964844,0.0065789185921387,-0.0325203123158556,-0.0263636502352627,-0.03816793945433,0.0004313306330119,-0.0139728148064501,-0.0584652186740107,-0.0259293997570399,0.1062271799321738,0.0676358676978256,-0.0687089581979965,-0.2698404150602227,-0.0414060810119567,0.3927272727272727,WEAKENING,2026-09-13,2026-09-11,CORE,^HSI,SPY,AVAILABLE,0.0004313306330119,-0.0139728148064501,-0.0584652186740107,0.0008616202621513,-0.0111008469853606,-0.0830262546043903,LOCAL_CURRENCY_ASSET_VS_USD_BENCHMARK_NOT_FX_HEDGED
,GD,Defense,355.8999938964844,0.0046577103641054,-0.027250119861591,-0.0943098492581027,-0.0182462549487005,-0.0157649289215745,-0.0768392538318633,-0.0394754886561328,-0.0036726575470654,0.5424476975112431,0.0442647097412888,-0.1089241131045695,-0.8305647870197523,-1.1557324306810348,0.3924999999999999,WEAKENING,2026-09-13,2026-09-11,CORE,SPY,SPY,AVAILABLE,-0.0157649289215745,-0.0768392538318633,-0.0394754886561328,-0.0157649289215745,-0.0768392538318633,-0.0394754886561328,LOCAL_CURRENCY_ASSET_VS_USD_BENCHMARK_NOT_FX_HEDGED
,XLI,Industrials,172.3699951171875,0.0106713106588298,-0.0125458436757318,-0.0722320827488127,-0.039232259446175,-0.0010606527357153,-0.0547614873225733,-0.0604614931536072,0.0055121770114713,0.4722026401679863,0.0381200987205443,-0.0855717759108783,-0.6185439040663863,-0.8947558197282345,0.3911363636363636,WEAKENING,2026-09-13,2026-09-11,CORE,SPY,SPY,AVAILABLE,-0.0010606527357153,-0.0547614873225733,-0.0604614931536072,-0.0010606527357153,-0.0547614873225733,-0.0604614931536072,LOCAL_CURRENCY_ASSET_VS_USD_BENCHMARK_NOT_FX_HEDGED
,IFX.DE,Semiconductor,58.560001373291016,0.0494624045513851,0.0545651478588509,-0.0630399780273437,-0.2859407407889786,0.0699710951337265,-0.0324896246707804,-0.2890169263878087,0.0703251423656868,0.1625411350576996,0.1271575517878745,-0.1334400024414063,-0.7415195834588142,-0.080581840704753,0.3897727272727272,WEAKENING,2026-09-13,2026-09-11,CORE,^STOXX,SPY,AVAILABLE,0.0699710951337265,-0.0324896246707804,-0.2890169263878087,0.0660503387988674,-0.0455693826011043,-0.2825813745378969,LOCAL_CURRENCY_ASSET_VS_USD_BENCHMARK_NOT_FX_HEDGED
,RTX,Defense,197.67999267578125,-0.0022208886142258,-0.0220155944171237,-0.1004322803090087,0.0619300647757243,-0.0105304034771072,-0.0829616848827693,0.0407008310682921,0.0030924756601284,0.4821930367034106,0.0589692173088194,-0.1239079416415788,-0.9510106692247704,-0.8212377310628852,0.389090909090909,WEAKENING,2026-09-13,2026-09-11,CORE,SPY,SPY,AVAILABLE,-0.0105304034771072,-0.0829616848827693,0.0407008310682921,-0.0105304034771072,-0.0829616848827693,0.0407008310682921,LOCAL_CURRENCY_ASSET_VS_USD_BENCHMARK_NOT_FX_HEDGED
,ASM.AS,Semiconductor_Equipment,830.2000122070312,0.0116988019823409,0.0684684841789333,-0.0854813578204573,-0.2244745332022127,0.083874431453809,-0.0549310044638939,-0.2275507188010429,0.0898388236340476,0.254927523794476,0.1136359479953865,-0.1440845886228396,-0.8116593429769239,-0.191766349154261,0.3884090909090909,WEAKENING,2026-09-13,2026-09-11,CORE,^STOXX,SPY,AVAILABLE,0.083874431453809,-0.0549310044638939,-0.2275507188010429,0.0799536751189499,-0.0680107623942178,-0.1807756778596148,LOCAL_CURRENCY_ASSET_VS_USD_BENCHMARK_NOT_FX_HEDGED
,COST,Consumer,904.77001953125,0.0026485678267527,-0.0223035781029535,-0.0593439283708622,-0.0815578387846819,-0.010818387162937,-0.0418733329446228,-0.1027870724921141,-0.007467596010238,0.3262458207513996,0.0525615685658729,-0.071052108087893,-0.5364318168526319,-0.3683434331625843,0.3879545454545454,WEAKENING,2026-09-13,2026-09-11,CORE,SPY,SPY,AVAILABLE,-0.010818387162937,-0.0418733329446228,-0.1027870724921141,-0.010818387162937,-0.0418733329446228,-0.1027870724921141,LOCAL_CURRENCY_ASSET_VS_USD_BENCHMARK_NOT_FX_HEDGED
,EWQ,Market_EU,44.93000030517578,0.0069475880930489,-0.0177088181803094,-0.0515093663020249,-0.0262245145314007,-0.0062236272402929,-0.0340387708757855,-0.0474537482388329,-0.0048314766048032,0.4841255244249774,0.029826738581667,-0.060037965357696,-0.4413101535162788,-0.8360618746661624,0.3872727272727272,WEAKENING,2026-09-13,2026-09-11,CORE,SPY,SPY,AVAILABLE,-0.0062236272402929,-0.0340387708757855,-0.0474537482388329,-0.0062236272402929,-0.0340387708757855,-0.0474537482388329,LOCAL_CURRENCY_ASSET_VS_USD_BENCHMARK_NOT_FX_HEDGED
,ON,Analog_Semiconductor,76.13999938964844,0.0850791132462254,0.0338085242658767,-0.0664541237271557,-0.3561099417365883,0.0452937152058933,-0.0489835283009163,-0.3773391754440205,0.0504220551976657,0.160449921989551,0.1347773940859731,-0.1584312727226809,-0.8601603438290415,-0.0791123692531447,0.3863636363636363,WEAKENING,2026-09-13,2026-09-11,CORE,SPY,SPY,AVAILABLE,0.0452937152058933,-0.0489835283009163,-0.3773391754440205,0.0452937152058933,-0.0489835283009163,-0.3773391754440205,LOCAL_CURRENCY_ASSET_VS_USD_BENCHMARK_NOT_FX_HEDGED
,NOVN.SW,Biotech,112.04000091552734,-0.0008917288627194,-0.1468169763430684,-0.0945530721693013,-0.0508302266474376,-0.1037805110036886,-0.0462039134931154,-0.0515159428789637,-0.1231787083007431,0.2692130522007981,0.1590600820731215,-0.1497106500578421,-0.81918334766814,-0.1600333711757929,0.3834090909090909,WEAKENING,2026-09-13,2026-09-11,CORE,^SSMI,SPY,AVAILABLE,-0.1037805110036886,-0.0462039134931154,-0.0515159428789637,-0.1353317854030519,-0.0770824767430619,-0.0852225188202714,LOCAL_CURRENCY_ASSET_VS_USD_BENCHMARK_NOT_FX_HEDGED
,068270.KS,Biotech,178200.0,-0.0143805309734513,-0.0526315789473684,-0.1178217821782178,0.0206185567010308,-0.0859339870687486,-0.1319954935612756,0.2410920576950836,-0.023176133402814,0.6197916666666666,0.0487476022618514,-0.1178217821782178,-1.0223956824306009,-1.4980215509598904,0.3829545454545455,WEAKENING,2026-09-13,2026-09-11,CORE,^KS11,SPY,AVAILABLE,-0.0859339870687486,-0.1319954935612756,0.2410920576950836,-0.0360829544367873,-0.107206742099131,-0.0029842757813696,LOCAL_CURRENCY_ASSET_VS_USD_BENCHMARK_NOT_FX_HEDGED
,207940.KS,Biotech,1415000.0,-0.005621925509487,-0.0221147201105735,-0.0952685421994884,0.032846715328467,-0.0554171282319537,-0.1094422535825462,0.2533202163225199,0.0017024154392985,0.3232104121475054,0.0896936128092794,-0.1150719199499686,-0.8489068425040859,-0.3432996377842754,0.3813636363636364,WEAKENING,2026-09-13,2026-09-11,CORE,^KS11,SPY,AVAILABLE,-0.0554171282319537,-0.1094422535825462,0.2533202163225199,-0.0304917894255893,-0.0758923840655226,0.0596220134145148,LOCAL_CURRENCY_ASSET_VS_USD_BENCHMARK_NOT_FX_HEDGED
,IFRA,Power_Grid,58.380001068115234,0.0053384083850553,-0.0091649205297276,-0.0490307599195178,-0.0632220578626897,0.0023202704102889,-0.0315601644932784,-0.0844512915701219,0.0030927694501518,0.3528719116278466,0.0350143681561665,-0.0650459004319188,-0.4226765985027256,-0.4941279506801329,0.3813636363636363,WEAKENING,2026-09-13,2026-09-11,CORE,SPY,SPY,AVAILABLE,0.0023202704102889,-0.0315601644932784,-0.0844512915701219,0.0023202704102889,-0.0315601644932784,-0.0844512915701219,LOCAL_CURRENCY_ASSET_VS_USD_BENCHMARK_NOT_FX_HEDGED
,GEV,Power_Grid,957.27001953125,0.0361074643162231,0.0163828168646618,-0.0878104291467722,-0.0255305712607446,0.0278680078046783,-0.0703398337205328,-0.0467598049681768,0.0383354241513548,0.2205653936145594,0.1204227164913102,-0.1672566920325533,-0.8038430230064298,-0.1608329593662573,0.379090909090909,WEAKENING,2026-09-13,2026-09-11,CORE,SPY,SPY,AVAILABLE,0.0278680078046783,-0.0703398337205328,-0.0467598049681768,0.0278680078046783,-0.0703398337205328,-0.0467598049681768,LOCAL_CURRENCY_ASSET_VS_USD_BENCHMARK_NOT_FX_HEDGED
,DRIV,EV,34.2130012512207,0.0103358326061717,-0.0080313254208692,-0.0432070639856322,-0.1355288091745206,0.0034538655191472,-0.0257364685593928,-0.1567580428819528,0.0027704405755387,0.220745782517888,0.0589956000808236,-0.0619667480961912,-0.4608863439909387,-0.1616692962990824,0.3736363636363636,WEAKENING,2026-09-13,2026-09-11,CORE,SPY,SPY,AVAILABLE,0.0034538655191472,-0.0257364685593928,-0.1567580428819528,0.0034538655191472,-0.0257364685593928,-0.1567580428819528,LOCAL_CURRENCY_ASSET_VS_USD_BENCHMARK_NOT_FX_HEDGED
,LRCX,Semiconductor_Equipment,298.2200012207031,0.000704645643424,0.0189981462756114,-0.1151004641431824,-0.1919909303891991,0.030483337215628,-0.097629868716943,-0.2132201640966313,0.047773262311407,0.2418179815395316,0.1451869669147809,-0.16147042114063,-1.088829634343515,-0.1917070278746486,0.3695454545454545,WEAKENING,2026-09-13,2026-09-11,CORE,SPY,SPY,AVAILABLE,0.030483337215628,-0.097629868716943,-0.2132201640966313,0.030483337215628,-0.097629868716943,-0.2132201640966313,LOCAL_CURRENCY_ASSET_VS_USD_BENCHMARK_NOT_FX_HEDGED
,NRG,Power,113.45999908447266,0.0162113527439067,0.0144850035732091,-0.0525261036787252,-0.1380564652652166,0.0259701945132256,-0.0350555082524858,-0.1592856989726488,0.0276165294928904,0.1015991167598128,0.1453148209833069,-0.1325253169410938,-0.548461016260367,-0.0367244421765201,0.3643181818181817,WEAKENING,2026-09-13,2026-09-11,CORE,SPY,SPY,AVAILABLE,0.0259701945132256,-0.0350555082524858,-0.1592856989726488,0.0259701945132256,-0.0350555082524858,-0.1592856989726488,LOCAL_CURRENCY_ASSET_VS_USD_BENCHMARK_NOT_FX_HEDGED
,LLY,Pharma,1115.699951171875,-0.0065004887160508,-0.0378579038792064,-0.0758488713195488,-0.0046336661525651,-0.0263727129391898,-0.0583782758933094,-0.0258628998599973,-0.0188956860493191,0.2850609953053641,0.0845812259748595,-0.1285908579312001,-0.7168085375954354,-0.2556306615556242,0.3640909090909091,WEAKENING,2026-09-13,2026-09-11,CORE,SPY,SPY,AVAILABLE,-0.0263727129391898,-0.0583782758933094,-0.0258628998599973,-0.0263727129391898,-0.0583782758933094,-0.0258628998599973,LOCAL_CURRENCY_ASSET_VS_USD_BENCHMARK_NOT_FX_HEDGED
,2015.HK,EV,46.34000015258789,-0.0030120350909474,-0.0309493841840512,-0.0235987980086411,-0.1402597617675622,0.0020022587648163,-0.0112079625798285,-0.160557040987243,-0.0250496846818909,0.054054009271262,0.1204030030446997,-0.1042968764260876,-0.4081965508856864,-0.0105945002540855,0.3575,WEAKENING,2026-09-13,2026-09-11,CORE,^HSI,SPY,AVAILABLE,0.0020022587648163,-0.0112079625798285,-0.160557040987243,0.0106227305129761,-0.0215173975335795,-0.2000135583058989,LOCAL_CURRENCY_ASSET_VS_USD_BENCHMARK_NOT_FX_HEDGED
,LDO.MI,Defense,50.0,-0.0005996158310779,-0.0126382187472786,-0.1568296687472528,-0.0230613482322837,0.0027677285275969,-0.1262793153906894,-0.0261375338311139,0.0265691984395345,0.5730129081555786,0.0770325888699355,-0.1878965072021354,-1.342942644842253,-1.1665896978442625,0.3556818181818182,WEAKENING,2026-09-13,2026-09-11,CORE,^STOXX,SPY,AVAILABLE,0.0027677285275969,-0.1262793153906894,-0.0261375338311139,-0.0011530278072621,-0.1393590733210133,-0.0424010092039427,LOCAL_CURRENCY_ASSET_VS_USD_BENCHMARK_NOT_FX_HEDGED
,ZS,Cybersecurity,164.5399932861328,0.0064839588102287,-0.0745782313724988,-0.1256244038141623,0.2932483608015714,-0.0630930404324823,-0.1081538083879228,0.2720191270941392,-0.0431721304189582,0.2187268596331198,0.1708704532958863,-0.1403773805586733,-1.1849817335312696,-0.1608085588207201,0.3543181818181818,WEAKENING,2026-09-13,2026-09-11,CORE,SPY,SPY,AVAILABLE,-0.0630930404324823,-0.1081538083879228,0.2720191270941392,-0.0630930404324823,-0.1081538083879228,0.2720191270941392,LOCAL_CURRENCY_ASSET_VS_USD_BENCHMARK_NOT_FX_HEDGED
,PAVE,Power_Grid,54.08000183105469,0.0134932760957173,-0.0111537175163941,-0.0725432934764752,-0.0739344259189569,0.0003314734236223,-0.0550726980502358,-0.0951636596263891,0.0069821058527246,0.3898619008593093,0.0471241423071179,-0.0914353647835953,-0.618792003150805,-0.600156626830776,0.3534090909090909,WEAKENING,2026-09-13,2026-09-11,CORE,SPY,SPY,AVAILABLE,0.0003314734236223,-0.0550726980502358,-0.0951636596263891,0.0003314734236223,-0.0550726980502358,-0.0951636596263891,LOCAL_CURRENCY_ASSET_VS_USD_BENCHMARK_NOT_FX_HEDGED
,UEC,Uranium,10.449999809265137,-0.0517241946298618,-0.092093866076289,-0.0661304556628782,-0.1045415817526066,-0.0806086751362724,-0.0486598602366388,-0.1257708154600388,-0.0755612521605694,0.0854503026759038,0.2292888276410968,-0.2327459693780915,-0.7544479772667981,-0.0246451931854857,0.3527272727272727,WEAKENING,2026-09-13,2026-09-11,CORE,SPY,SPY,AVAILABLE,-0.0806086751362724,-0.0486598602366388,-0.1257708154600388,-0.0806086751362724,-0.0486598602366388,-0.1257708154600388,LOCAL_CURRENCY_ASSET_VS_USD_BENCHMARK_NOT_FX_HEDGED
,ROBO,Industrials,79.11000061035156,0.0165767273269874,-0.0082737377521527,-0.0694036157818702,-0.0596695210620901,0.0032114531878637,-0.0519330203556308,-0.0808987547695223,0.0090771661933147,0.351190662708463,0.0590963462378316,-0.0845783115013232,-0.6169345730718571,-0.412443465162913,0.3509090909090909,WEAKENING,2026-09-13,2026-09-11,CORE,SPY,SPY,AVAILABLE,0.0032114531878637,-0.0519330203556308,-0.0808987547695223,0.0032114531878637,-0.0519330203556308,-0.0808987547695223,LOCAL_CURRENCY_ASSET_VS_USD_BENCHMARK_NOT_FX_HEDGED
,STMPA.PA,Semiconductor,44.67499923706055,0.0237167704373895,0.014764285943285,-0.062729500074189,-0.3410771078130691,0.0301702332181607,-0.0321791467176257,-0.3441532934118992,0.0304466609618323,0.1603217599065,0.1238071251058666,-0.1394211162071367,-0.772993541054304,-0.081230412557834,0.35,WEAKENING,2026-09-13,2026-09-11,CORE,^STOXX,SPY,AVAILABLE,0.0301702332181607,-0.0321791467176257,-0.3441532934118992,0.0262494768833015,-0.0452589046479496,-0.3401349333594899,LOCAL_CURRENCY_ASSET_VS_USD_BENCHMARK_NOT_FX_HEDGED
,000270.KS,EV,126600.0,-0.0031496062992125,0.000790513833992,-0.0786026200873362,-0.2387251954299458,-0.0325118942873881,-0.0927763314703939,-0.018251694435893,0.0204411688558261,0.2134387351778656,0.1067977250551221,-0.1220889202540578,-0.7978549345864026,-0.1570898987262902,0.3463636363636364,WEAKENING,2026-09-13,2026-09-11,CORE,^KS11,SPY,AVAILABLE,-0.0325118942873881,-0.0927763314703939,-0.018251694435893,0.005205756089153,-0.0557566413368424,-0.274049273494182,LOCAL_CURRENCY_ASSET_VS_USD_BENCHMARK_NOT_FX_HEDGED
,6954.T,Industrials,5735.0,-0.0101829478771142,-0.0330467037599055,-0.1087801087801088,-0.2368596141051231,-0.0175193745538884,-0.0403446963140442,-0.1525860727491581,-0.0058516765648783,0.3990877993158495,0.0866635289140029,-0.1223363483059941,-1.037232918129554,-0.5009352234602779,0.3440909090909091,WEAKENING,2026-09-13,2026-09-11,CORE,^N225,SPY,AVAILABLE,-0.0175193745538884,-0.0403446963140442,-0.1525860727491581,0.0069720855763644,-0.1008998888166506,-0.2078622231344699,LOCAL_CURRENCY_ASSET_VS_USD_BENCHMARK_NOT_FX_HEDGED
,LIT,EV,71.48999786376953,-0.0044561997730624,-0.0398872046363275,-0.0424592237188524,-0.1411804558765478,-0.028402013696311,-0.024988628292613,-0.16240968958398,-0.0292723987066144,0.2010149951257979,0.0622195921858552,-0.0731232930181196,-0.4705487612110936,-0.1371744871518234,0.3422727272727273,WEAKENING,2026-09-13,2026-09-11,CORE,SPY,SPY,AVAILABLE,-0.028402013696311,-0.024988628292613,-0.16240968958398,-0.028402013696311,-0.024988628292613,-0.16240968958398,LOCAL_CURRENCY_ASSET_VS_USD_BENCHMARK_NOT_FX_HEDGED
,HUBB,Power_Grid,460.3999938964844,0.0176609495141546,0.0005433011046747,-0.0892788669340526,-0.0812161326659176,0.0120284920446912,-0.0718082715078132,-0.1024453663733498,0.0228630178381878,0.3483213283820318,0.0729125872949847,-0.1304411174286061,-0.7990505338645283,-0.4265070638777198,0.3413636363636363,WEAKENING,2026-09-13,2026-09-11,CORE,SPY,SPY,AVAILABLE,0.0120284920446912,-0.0718082715078132,-0.1024453663733498,0.0120284920446912,-0.0718082715078132,-0.1024453663733498,LOCAL_CURRENCY_ASSET_VS_USD_BENCHMARK_NOT_FX_HEDGED
,ENR.DE,Power_Grid,144.25999450683594,0.024428255955825,-0.0078404362964419,-0.1024141773820923,-0.1481044193541353,0.0075655109784337,-0.071863824025529,-0.1511806049529654,0.0177631080490811,0.3118609581360091,0.1020957608685821,-0.1350122562378031,-0.923381669031097,-0.312833590869678,0.3395454545454546,WEAKENING,2026-09-13,2026-09-11,CORE,^STOXX,SPY,AVAILABLE,0.0075655109784337,-0.071863824025529,-0.1511806049529654,0.0036447546435746,-0.0849435819558529,-0.0971964447072094,LOCAL_CURRENCY_ASSET_VS_USD_BENCHMARK_NOT_FX_HEDGED
,4004.T,Semiconductor_Materials,14295.0,-0.1068416119962512,-0.0795235028976175,-0.1317947160643789,-0.2281317494600432,-0.0639961736916003,-0.0633593035983144,-0.1438582081040782,-0.0465748238815228,0.2411111111111111,0.1743172329975783,-0.1688953488372092,-1.2087200065336534,-0.1822950598882972,0.3368181818181818,WEAKENING,2026-09-13,2026-09-11,CORE,^N225,SPY,AVAILABLE,-0.0639961736916003,-0.0633593035983144,-0.1438582081040782,-0.0632720906133814,-0.141647051632584,-0.1896792473911707,LOCAL_CURRENCY_ASSET_VS_USD_BENCHMARK_NOT_FX_HEDGED
,WDC,Memory,447.1799926757813,-0.0298309943342562,0.0130296999119858,-0.082017830031145,-0.3432144050048614,0.0245148908520024,-0.0645472346049056,-0.3644436387122937,0.0335341574197721,0.1331966844102719,0.1741308668215202,-0.1877390459462569,-0.8836789479902635,-0.0627373148832429,0.3354545454545454,WEAKENING,2026-09-13,2026-09-11,CORE,SPY,SPY,AVAILABLE,0.0245148908520024,-0.0645472346049056,-0.3644436387122937,0.0245148908520024,-0.0645472346049056,-0.3644436387122937,LOCAL_CURRENCY_ASSET_VS_USD_BENCHMARK_NOT_FX_HEDGED
,LMT,Defense,524.1900024414062,-0.0111861328197409,-0.0164368319072709,-0.1180210621400602,-0.0158928138864259,-0.0049516409672544,-0.1005504667138208,-0.0371220475938581,0.013068433627744,0.4039032379372516,0.0770038619282015,-0.1334818640000024,-1.0712446477620825,-0.6190480314819876,0.3340909090909091,WEAKENING,2026-09-13,2026-09-11,CORE,SPY,SPY,AVAILABLE,-0.0049516409672544,-0.1005504667138208,-0.0371220475938581,-0.0049516409672544,-0.1005504667138208,-0.0371220475938581,LOCAL_CURRENCY_ASSET_VS_USD_BENCHMARK_NOT_FX_HEDGED
,6762.T,Electronic_Components,2808.5,-0.0147342571478688,-0.0340498710232157,-0.1250778816199377,-0.266710182767624,-0.0185225418171985,-0.0566424691538731,-0.182436641411659,-0.0027804006182313,0.3441920274324903,0.1204329906633384,-0.1445745992601725,-1.1914300937498234,-0.3574669152082483,0.3306818181818182,WEAKENING,2026-09-13,2026-09-11,CORE,^N225,SPY,AVAILABLE,-0.0185225418171985,-0.0566424691538731,-0.182436641411659,0.003012110622276,-0.1143686626881346,-0.2315295221719522,LOCAL_CURRENCY_ASSET_VS_USD_BENCHMARK_NOT_FX_HEDGED
,WMT,Consumer,107.1500015258789,0.013430418271638,-0.0117136751938276,-0.0718413405424353,-0.1125628303278004,-0.000228484253811,-0.0543707451161958,-0.1337920640352327,0.0062466599417812,0.2742104979045661,0.1069703275102207,-0.1109946867536022,-0.695351042232666,-0.1841599462092927,0.3302272727272727,WEAKENING,2026-09-13,2026-09-11,CORE,SPY,SPY,AVAILABLE,-0.000228484253811,-0.0543707451161958,-0.1337920640352327,-0.000228484253811,-0.0543707451161958,-0.1337920640352327,LOCAL_CURRENCY_ASSET_VS_USD_BENCHMARK_NOT_FX_HEDGED
,6503.T,Power_Grid,5027.0,-0.0133464180569184,-0.0421112804878048,-0.1830001625223468,-0.1425891181988743,-0.0265839512817877,-0.1145647500562823,-0.0583155768429093,0.0036387601427818,0.5709939148073022,0.1048044798339733,-0.1830001625223468,-1.563396960024698,-0.9970182512669208,0.3172727272727273,WEAKENING,2026-09-13,2026-09-11,CORE,^N225,SPY,AVAILABLE,-0.0265839512817877,-0.1145647500562823,-0.0583155768429093,-0.0418104776098893,-0.1474795706867173,-0.1264595724867283,LOCAL_CURRENCY_ASSET_VS_USD_BENCHMARK_NOT_FX_HEDGED
,AVGO,AI_Semiconductor,361.989990234375,0.0032148205672397,0.0135233131446459,-0.1336221724933362,-0.0375543012725761,0.0250085040846624,-0.1161515770670967,-0.0587835349800084,0.0469288562679799,0.4365471162335648,0.1057598855994101,-0.1489397584975844,-1.1769098579283546,-0.5515548143440429,0.3161363636363636,WEAKENING,2026-09-13,2026-09-11,CORE,SPY,SPY,AVAILABLE,0.0250085040846624,-0.1161515770670967,-0.0587835349800084,0.0250085040846624,-0.1161515770670967,-0.0587835349800084,LOCAL_CURRENCY_ASSET_VS_USD_BENCHMARK_NOT_FX_HEDGED
,005380.KS,EV,382500.0,-0.0167095115681233,-0.0026075619295958,-0.0802441170377338,-0.3771555937584884,-0.035909970050976,-0.0944178284207916,-0.1566820927644355,0.0174534673298375,0.1887449987070916,0.1352528631993712,-0.1602883010166509,-1.0750962287961792,-0.1119804446890939,0.3127272727272727,WEAKENING,2026-09-13,2026-09-11,CORE,^KS11,SPY,AVAILABLE,-0.035909970050976,-0.0944178284207916,-0.1566820927644355,0.0088776290104206,-0.0494146580675743,-0.3989105726018176,LOCAL_CURRENCY_ASSET_VS_USD_BENCHMARK_NOT_FX_HEDGED
,8035.T,Semiconductor_Equipment,51460.0,-0.0255633402764627,-0.0348837209302325,-0.1297141890749197,-0.2915748898678414,-0.0193563917242153,-0.0612787766088551,-0.2073013485118764,-0.0024551736615025,0.3856209150326797,0.1065685198215737,-0.1436179064736229,-1.2728517391704588,-0.4693741112998588,0.3122727272727272,WEAKENING,2026-09-13,2026-09-11,CORE,^N225,SPY,AVAILABLE,-0.0193563917242153,-0.0612787766088551,-0.2073013485118764,-0.023036385044974,-0.1172191641163871,-0.2762773733672249,LOCAL_CURRENCY_ASSET_VS_USD_BENCHMARK_NOT_FX_HEDGED
,URI,Industrials,989.1199951171876,4.041940657284471e-05,-0.0047792971146491,-0.1173142177202073,-0.0738292062659657,0.0067058938253673,-0.0998436222939679,-0.095058439973398,0.0245492573154026,0.3752996172844411,0.0930265919758984,-0.158822777335008,-1.0361678611063938,-0.4732838221551131,0.3063636363636364,WEAKENING,2026-09-13,2026-09-11,CORE,SPY,SPY,AVAILABLE,0.0067058938253673,-0.0998436222939679,-0.095058439973398,0.0067058938253673,-0.0998436222939679,-0.095058439973398,LOCAL_CURRENCY_ASSET_VS_USD_BENCHMARK_NOT_FX_HEDGED
,NOC,Defense,518.969970703125,3.845938071922461e-05,-0.0175488787343361,-0.0929285843215017,-0.0542076217294995,-0.0060636877943196,-0.0754579888952623,-0.0754368554369318,0.0056832673460392,0.3508410722614102,0.0738397839626463,-0.1219030115196846,-0.830262427656698,-0.4415392680940626,0.2993181818181818,WEAKENING,2026-09-13,2026-09-11,CORE,SPY,SPY,AVAILABLE,-0.0060636877943196,-0.0754579888952623,-0.0754368554369318,-0.0060636877943196,-0.0754579888952623,-0.0754368554369318,LOCAL_CURRENCY_ASSET_VS_USD_BENCHMARK_NOT_FX_HEDGED
,VRT,AI_Infrastructure,257.0599975585937,0.0359891689842135,-0.0437822772814368,-0.1045389939734509,-0.1419893447205864,-0.0322970863414202,-0.0870683985472114,-0.1632185784280186,-0.017647528788074,0.1762288662742457,0.1787562602960335,-0.1555608223004317,-1.0145573553645488,-0.103060940964428,0.2952272727272727,WEAKENING,2026-09-13,2026-09-11,CORE,SPY,SPY,AVAILABLE,-0.0322970863414202,-0.0870683985472114,-0.1632185784280186,-0.0322970863414202,-0.0870683985472114,-0.1632185784280186,LOCAL_CURRENCY_ASSET_VS_USD_BENCHMARK_NOT_FX_HEDGED
,1211.HK,EV,79.8499984741211,0.0037711553847219,-0.0731282987832023,-0.0951841532677496,-0.0250305618261807,-0.0401766558343348,-0.082793317838937,-0.0453278410458615,-0.0493322604662649,0.3111112555359043,0.0872322130298919,-0.1501067911475221,-0.8660794460982367,-0.3394716286757975,0.294090909090909,WEAKENING,2026-09-13,2026-09-11,CORE,^HSI,SPY,AVAILABLE,-0.0401766558343348,-0.082793317838937,-0.0453278410458615,-0.0567761705820165,-0.0792488944400002,-0.0823140098459811,LOCAL_CURRENCY_ASSET_VS_USD_BENCHMARK_NOT_FX_HEDGED
,ITA,Defense,219.009994506836,0.0031604395358622,-0.0308434434572995,-0.1228723923048135,-0.0856296317625907,-0.0193582525172829,-0.1054017968785741,-0.1068588654700229,-0.0001253453810961,0.5875143288516377,0.0555010183468826,-0.137824791597193,-1.045852602187619,-1.3006840820140069,0.2902272727272727,WEAKENING,2026-09-13,2026-09-11,CORE,SPY,SPY,AVAILABLE,-0.0193582525172829,-0.1054017968785741,-0.1068588654700229,-0.0193582525172829,-0.1054017968785741,-0.1068588654700229,LOCAL_CURRENCY_ASSET_VS_USD_BENCHMARK_NOT_FX_HEDGED
,5802.T,Power_Grid,2077.5,-0.0161022969452995,-0.0260196905766526,-0.1292958927074602,-0.324390243902439,-0.0104923613706354,-0.0608604802413956,-0.240116702546474,0.0063042826002124,0.2523517382413088,0.1525908765893871,-0.1625556004852406,-1.285722332073144,-0.2138269600481387,0.2834090909090909,WEAKENING,2026-09-13,2026-09-11,CORE,^N225,SPY,AVAILABLE,-0.0104923613706354,-0.0608604802413956,-0.240116702546474,-0.0006403440100547,-0.0926172178099996,-0.2755215687664419,LOCAL_CURRENCY_ASSET_VS_USD_BENCHMARK_NOT_FX_HEDGED
,7735.T,Semiconductor_Equipment,12255.0,-0.0601993865030674,-0.0594781273983116,-0.1415061295971978,-0.200065274151436,-0.0439507981922944,-0.0730707171311333,-0.115791732795471,-0.0241015949990121,0.3646209386281588,0.1164512808267795,-0.1614779336298323,-1.4035142096097413,-0.4430702473089757,0.2827272727272727,WEAKENING,2026-09-13,2026-09-11,CORE,^N225,SPY,AVAILABLE,-0.0439507981922944,-0.0730707171311333,-0.115791732795471,-0.0425480008778144,-0.1155325881606017,-0.1542324700706606,LOCAL_CURRENCY_ASSET_VS_USD_BENCHMARK_NOT_FX_HEDGED
,GFS,Foundry,46.95000076293945,0.0215405069231444,0.0543454311695983,-0.1089390399198052,-0.4116909332517543,0.0658306221096148,-0.0914684444935658,-0.4329201669591865,0.0815801911495496,0.308934192577725,0.1121631729742767,-0.1951264413446632,-1.2643552173714083,-0.3000538719204736,0.279090909090909,WEAKENING,2026-09-13,2026-09-11,CORE,SPY,SPY,AVAILABLE,0.0658306221096148,-0.0914684444935658,-0.4329201669591865,0.0658306221096148,-0.0914684444935658,-0.4329201669591865,LOCAL_CURRENCY_ASSET_VS_USD_BENCHMARK_NOT_FX_HEDGED
,9988.HK,Cloud_AI,107.5,0.0056127078162466,-0.0236148820177524,-0.1034195276736716,0.0056127078162466,0.0093367609311151,-0.0910286922448591,-0.014684571403434,0.0022399999006655,0.2707425086559516,0.1200434288399805,-0.1562746321963347,-0.9749205408966825,-0.2332494384487129,0.2763636363636363,WEAKENING,2026-09-13,2026-09-11,CORE,^HSI,SPY,AVAILABLE,0.0093367609311151,-0.0910286922448591,-0.014684571403434,0.0114851909400165,-0.1006590300506056,-0.0316095744120605,LOCAL_CURRENCY_ASSET_VS_USD_BENCHMARK_NOT_FX_HEDGED
,KWEB,Internet_AI,24.600000381469727,0.0065466384580943,-0.0368050313375726,-0.0837988814909967,-0.0494589961670988,-0.025319840397556,-0.0663282860647573,-0.070688229874531,-0.0158553109648234,0.4039503061350281,0.0568372461216336,-0.1021307439171378,-0.7506117572663777,-0.5955704426569105,0.2663636363636363,WEAKENING,2026-09-13,2026-09-11,CORE,SPY,SPY,AVAILABLE,-0.025319840397556,-0.0663282860647573,-0.070688229874531,-0.025319840397556,-0.0663282860647573,-0.070688229874531,LOCAL_CURRENCY_ASSET_VS_USD_BENCHMARK_NOT_FX_HEDGED
,6976.T,MLCC,9209.0,-0.0206317132829947,-0.0230214300869934,-0.16395823876532,-0.5582153993763492,-0.0074941008809762,-0.0955228262992554,-0.4739418580203842,0.0179681296043365,0.2871224165341812,0.1913468397629185,-0.2158477202301904,-1.9060153087657552,-0.2460248927200203,0.2593181818181818,WEAKENING,2026-09-13,2026-09-11,CORE,^N225,SPY,AVAILABLE,-0.0074941008809762,-0.0955228262992554,-0.4739418580203842,0.0512277674331856,-0.1403711969834542,-0.4474140983274792,LOCAL_CURRENCY_ASSET_VS_USD_BENCHMARK_NOT_FX_HEDGED
,HII,Defense,279.69000244140625,-0.0070295412785789,-0.0379734053167323,-0.1374190549360547,-0.0586768719116449,-0.0264882143767157,-0.1199484595098153,-0.0799061056190771,-0.0036186415827186,0.6167786037233874,0.0586228654391843,-0.142551742733395,-1.2221278719274573,-1.4458033088876348,0.2577272727272727,WEAKENING,2026-09-13,2026-09-11,CORE,SPY,SPY,AVAILABLE,-0.0264882143767157,-0.1199484595098153,-0.0799061056190771,-0.0264882143767157,-0.1199484595098153,-0.0799061056190771,LOCAL_CURRENCY_ASSET_VS_USD_BENCHMARK_NOT_FX_HEDGED
,079550.KS,Defense,678000.0,-0.0029411764705882,0.0398773006134969,-0.1899641577060932,-0.2863157894736842,0.0065748924921167,-0.204137869089151,-0.0658422884796313,0.0873683400400202,0.4504249291784702,0.1558684218408187,-0.2210274790919952,-1.6912536176255877,-0.5489539912619245,0.2568181818181818,WEAKENING,2026-09-13,2026-09-11,CORE,^KS11,SPY,AVAILABLE,0.0065748924921167,-0.204137869089151,-0.0658422884796313,0.0310340631204676,-0.1289788685503549,-0.1548037372806658,LOCAL_CURRENCY_ASSET_VS_USD_BENCHMARK_NOT_FX_HEDGED
,KLAC,Semiconductor_Equipment,180.63999938964844,0.0195282021497686,0.0445240941340394,-0.1362460118106366,-0.2380054349550682,0.056009285074056,-0.1187754163843972,-0.2592346686625004,0.0785855970866986,0.3532839650423764,0.1277728275299999,-0.1828669230888776,-1.3156012644977997,-0.3767117954900924,0.2561363636363636,WEAKENING,2026-09-13,2026-09-11,CORE,SPY,SPY,AVAILABLE,0.056009285074056,-0.1187754163843972,-0.2592346686625004,0.056009285074056,-0.1187754163843972,-0.2592346686625004,LOCAL_CURRENCY_ASSET_VS_USD_BENCHMARK_NOT_FX_HEDGED
,ALB,EV,117.5199966430664,-0.0343467576827754,-0.1077791448881201,-0.0962911964611011,-0.2901335464526772,-0.0962939539481035,-0.0788206010348617,-0.3113627801601094,-0.0837063457728448,0.1913385522930224,0.1385074685253839,-0.1768522130580739,-1.0658616274422736,-0.1330196726976751,0.2515909090909091,WEAKENING,2026-09-13,2026-09-11,CORE,SPY,SPY,AVAILABLE,-0.0962939539481035,-0.0788206010348617,-0.3113627801601094,-0.0962939539481035,-0.0788206010348617,-0.3113627801601094,LOCAL_CURRENCY_ASSET_VS_USD_BENCHMARK_NOT_FX_HEDGED
,CIEN,AI_Networking,349.5400085449219,0.0447752603289177,0.1010521576051362,-0.210596441203437,-0.1876829689497995,0.1125373485451527,-0.1931258457771976,-0.2089122026572317,0.1537012679059954,0.3292842232991399,0.2046610438224033,-0.2868951959252129,-1.978567414170864,-0.3388338311780159,0.2495454545454545,WEAKENING,2026-09-13,2026-09-11,CORE,SPY,SPY,AVAILABLE,0.1125373485451527,-0.1931258457771976,-0.2089122026572317,0.1125373485451527,-0.1931258457771976,-0.2089122026572317,LOCAL_CURRENCY_ASSET_VS_USD_BENCHMARK_NOT_FX_HEDGED
,6723.T,Semiconductor,3192.0,-0.0385542168674698,-0.0333131435493639,-0.1478910838227443,-0.2870225597498325,-0.0177858143433468,-0.0794556713566797,-0.2027490183938675,0.003659627406322,0.3868715083798882,0.1290931545430305,-0.1758326878388846,-1.4110698276153046,-0.4432058917219364,0.2461363636363636,WEAKENING,2026-09-13,2026-09-11,CORE,^N225,SPY,AVAILABLE,-0.0177858143433468,-0.0794556713566797,-0.2027490183938675,-0.0185968509925267,-0.1322363837959236,-0.3000914477914836,LOCAL_CURRENCY_ASSET_VS_USD_BENCHMARK_NOT_FX_HEDGED
,XAR,Defense,245.9600067138672,0.0053135086744835,-0.0313865482290237,-0.1579595974855856,-0.1270229441389481,-0.0199013572890072,-0.1404890020593462,-0.1482521778463803,0.0081033511423726,0.6438742186147541,0.066703648890523,-0.175479410225944,-1.330475696871529,-1.524745858665948,0.2254545454545454,WEAKENING,2026-09-13,2026-09-11,CORE,SPY,SPY,AVAILABLE,-0.0199013572890072,-0.1404890020593462,-0.1482521778463803,-0.0199013572890072,-0.1404890020593462,-0.1482521778463803,LOCAL_CURRENCY_ASSET_VS_USD_BENCHMARK_NOT_FX_HEDGED
,AMAT,Semiconductor_Equipment,456.489990234375,0.0054623916112119,0.0472115491715532,-0.1451001926262506,-0.1957866372184321,0.0586967401115697,-0.1276295972000112,-0.2170158709258643,0.0834865973281158,0.3542078180889259,0.1283249909144803,-0.1848160703998823,-1.3821583537857036,-0.400511406766268,0.2252272727272727,WEAKENING,2026-09-13,2026-09-11,CORE,SPY,SPY,AVAILABLE,0.0586967401115697,-0.1276295972000112,-0.2170158709258643,0.0586967401115697,-0.1276295972000112,-0.2170158709258643,LOCAL_CURRENCY_ASSET_VS_USD_BENCHMARK_NOT_FX_HEDGED
,BESI.AS,Semiconductor_Equipment,189.25,0.0279738931327826,-0.0112329883231195,-0.1953656358182431,-0.4044996624628973,0.004172958951756,-0.1648152824616798,-0.4075758480617275,0.0376084206314412,0.4744450314085305,0.1186946029017118,-0.2258200010895468,-1.821311695177605,-0.7809138154216542,0.2229545454545455,WEAKENING,2026-09-13,2026-09-11,CORE,^STOXX,SPY,AVAILABLE,0.004172958951756,-0.1648152824616798,-0.4075758480617275,0.0002522026168969,-0.1778950403920037,-0.3880743194736721,LOCAL_CURRENCY_ASSET_VS_USD_BENCHMARK_NOT_FX_HEDGED
,0981.HK,Foundry,63.150001525878906,-0.0047281203065921,-0.0602677917602081,-0.1080508643521728,-0.1663366135197503,-0.0273161488113405,-0.0956600289233602,-0.1866338927394311,-0.0332550756721649,0.246376775983608,0.1329020533683175,-0.1674356915455342,-0.9984382356981778,-0.2003070902716143,0.22,WEAKENING,2026-09-13,2026-09-11,CORE,^HSI,SPY,AVAILABLE,-0.0273161488113405,-0.0956600289233602,-0.1866338927394311,-0.0605207062845881,-0.0476663598231564,-0.1912663525645695,LOCAL_CURRENCY_ASSET_VS_USD_BENCHMARK_NOT_FX_HEDGED
,7012.T,Defense,2319.0,-0.0127713920817369,-0.0470515718101499,-0.1861730128092648,-0.2899571341090018,-0.0315242426041327,-0.1177376003432002,-0.2056835927530368,-0.0005083186078337,0.580098414434117,0.0982575188067449,-0.1891608391608391,-1.6201042627956077,-1.0991389855212128,0.2125,WEAKENING,2026-09-13,2026-09-11,CORE,^N225,SPY,AVAILABLE,-0.0315242426041327,-0.1177376003432002,-0.2056835927530368,-0.0421773269134827,-0.1596053449570111,-0.2147640270265715,LOCAL_CURRENCY_ASSET_VS_USD_BENCHMARK_NOT_FX_HEDGED
,1347.HK,Foundry,111.6999969482422,-0.0115044517854673,0.0182315410723632,-0.1420890970324233,-0.2983668398903476,0.0511831840212307,-0.1296982616036107,-0.3186641191100283,0.053753815330469,0.1929092620840767,0.2251565055741058,-0.2223015882884044,-1.4222502473390162,-0.1217388890844017,0.2113636363636363,WEAKENING,2026-09-13,2026-09-11,CORE,^HSI,SPY,AVAILABLE,0.0511831840212307,-0.1296982616036107,-0.3186641191100283,-0.0561275460981964,-0.2236978878345472,-0.2860288453079544,LOCAL_CURRENCY_ASSET_VS_USD_BENCHMARK_NOT_FX_HEDGED
,6146.T,Semiconductor_Equipment,51980.0,-0.0298618887644643,-0.0455380095482923,-0.2060485718649762,-0.3789725209080048,-0.0300106803422751,-0.1376131593989117,-0.2946989795520398,0.0059741334179517,0.5641990798828942,0.1114734645722695,-0.211348808981945,-1.862291110089772,-1.042870741512086,0.2011363636363636,WEAKENING,2026-09-13,2026-09-11,CORE,^N225,SPY,AVAILABLE,-0.0300106803422751,-0.1376131593989117,-0.2946989795520398,-0.0266347202368893,-0.19291980408766,-0.3824788752445716,LOCAL_CURRENCY_ASSET_VS_USD_BENCHMARK_NOT_FX_HEDGED
,9868.HK,EV,41.34000015258789,-0.0062499598814875,-0.0474654677618539,-0.0918277737948234,-0.2251171258675666,-0.0145138248129863,-0.0794369383660108,-0.2454144050872473,-0.024508524313148,0.2003834445861494,0.1492027170756055,-0.1405405101035551,-0.94984102385474,-0.123327282386957,0.1961363636363636,WEAKENING,2026-09-13,2026-09-11,CORE,^HSI,SPY,AVAILABLE,-0.0145138248129863,-0.0794369383660108,-0.2454144050872473,-0.02262693780994,-0.0715554252973678,-0.2729508136723948,LOCAL_CURRENCY_ASSET_VS_USD_BENCHMARK_NOT_FX_HEDGED
,RHM.DE,Defense,990.5999755859376,-0.0253837546324325,-0.0743786013994628,-0.1494075250280307,-0.1595112878791096,-0.0589726541245871,-0.1188571716714674,-0.1625874734779397,-0.0370267201424551,0.388739861566405,0.099244926687587,-0.1840197894679263,-1.3088801680060682,-0.5852254874368332,0.1859090909090909,WEAKENING,2026-09-13,2026-09-11,CORE,^STOXX,SPY,AVAILABLE,-0.0589726541245871,-0.1188571716714674,-0.1625874734779397,-0.0628934104594463,-0.1319369296017913,-0.1565295159204468,LOCAL_CURRENCY_ASSET_VS_USD_BENCHMARK_NOT_FX_HEDGED
,6506.T,Industrials,4301.0,-0.0295577617328519,-0.0588621444201312,-0.2021829078374296,-0.3850490033350737,-0.043334815214114,-0.1337474953713651,-0.3007754619791087,-0.0083164174607738,0.5873475874480995,0.1028279176740874,-0.2081607078726379,-1.9453641659074703,-1.1548579979800666,0.1831818181818181,WEAKENING,2026-09-13,2026-09-11,CORE,^N225,SPY,AVAILABLE,-0.043334815214114,-0.1337474953713651,-0.3007754619791087,-0.0327370312822057,-0.1918460673775742,-0.3490729398460062,LOCAL_CURRENCY_ASSET_VS_USD_BENCHMARK_NOT_FX_HEDGED
,064350.KS,Defense,124100.0,0.0016142050040355,-0.0212933753943217,-0.1592140921409214,-0.4333333333333333,-0.0545957835157019,-0.1733878035239792,-0.2128598323392805,0.0185101476409086,0.4392523364485981,0.1159494826961307,-0.1673441734417344,-1.6040476305742666,-0.603151996388992,0.1695454545454545,WEAKENING,2026-09-13,2026-09-11,CORE,^KS11,SPY,AVAILABLE,-0.0545957835157019,-0.1733878035239792,-0.2128598323392805,-0.006711011591629,-0.1422859838116982,-0.4378382423191221,LOCAL_CURRENCY_ASSET_VS_USD_BENCHMARK_NOT_FX_HEDGED
,9888.HK,Cloud_AI,89.0999984741211,-0.0005608867179132,-0.0709072256888631,-0.1160714704703839,-0.2058823449413916,-0.0379555827399955,-0.1036806350415713,-0.2261796241610724,-0.0418893580712671,0.249467121610795,0.1611700891419281,-0.1186943638092307,-1.1381760467343909,-0.1796612249427999,0.1286363636363636,WEAKENING,2026-09-13,2026-09-11,CORE,^HSI,SPY,AVAILABLE,-0.0379555827399955,-0.1036806350415713,-0.2261796241610724,-0.0147443339329769,-0.1174808756987985,-0.2383320369557665,LOCAL_CURRENCY_ASSET_VS_USD_BENCHMARK_NOT_FX_HEDGED
,DELL,AI_Server,567.2899780273438,0.1197544184889949,0.0985688373807138,0.1471759253087983,0.4062250620298027,0.1100540283207304,0.1646465207350377,0.3849958283223704,0.0617748560535142,0.2011607814187249,0.2485489134041285,-0.1405634029502649,0.8735756902772465,0.1191154840938846,0.9518181818181818,PERSISTENT,2026-09-14,2026-09-11,CORE,SPY,SPY,AVAILABLE,0.1100540283207304,0.1646465207350377,0.3849958283223704,0.1100540283207304,0.1646465207350377,0.3849958283223704,LOCAL_CURRENCY_ASSET_VS_USD_BENCHMARK_NOT_FX_HEDGED
,BOAT,Shipping,52.0,0.0190084507918244,0.0327706370582507,0.143862759508087,0.2691505598503032,0.0442558279982673,0.1613333549343264,0.247921326142871,-0.0031950528187709,0.5077647560574693,0.0692369259338865,-0.044630363121339,1.0327510886897064,1.0550502929192895,0.8831818181818181,PULLBACK_LEADER,2026-09-14,2026-09-11,CORE,SPY,SPY,AVAILABLE,0.0442558279982673,0.1613333549343264,0.247921326142871,0.0442558279982673,0.1613333549343264,0.247921326142871,LOCAL_CURRENCY_ASSET_VS_USD_BENCHMARK_NOT_FX_HEDGED
,HPE,AI_Server,62.09000015258789,0.1244114230354103,0.1405217068121989,0.0379471827038486,0.283381537449122,0.1520068977522154,0.055417778130088,0.2621523037416897,0.1310349111362367,0.0580117658011863,0.2078902878098532,-0.1496155267234785,0.0491524219274717,0.010589157863132,0.8715909090909092,PERSISTENT,2026-09-14,2026-09-11,CORE,SPY,SPY,AVAILABLE,0.1520068977522154,0.055417778130088,0.2621523037416897,0.1520068977522154,0.055417778130088,0.2621523037416897,LOCAL_CURRENCY_ASSET_VS_USD_BENCHMARK_NOT_FX_HEDGED
,DAC,Shipping,159.3300018310547,0.0155523134100237,0.0336036856287442,0.1350716490232721,0.2385016786195288,0.0450888765687608,0.1525422444495116,0.2172724449120966,-0.0001642266270737,0.5149378272590327,0.0606584739520524,-0.0314589264264962,0.972731207417433,1.1466411358669697,0.8647727272727272,PULLBACK_LEADER,2026-09-14,2026-09-11,CORE,SPY,SPY,AVAILABLE,0.0450888765687608,0.1525422444495116,0.2172724449120966,0.0450888765687608,0.1525422444495116,0.2172724449120966,LOCAL_CURRENCY_ASSET_VS_USD_BENCHMARK_NOT_FX_HEDGED
,9107.T,Shipping,3397.0,0.0293939393939393,0.0207331730769231,0.1211221122112211,0.3432186635033609,0.0362605022829403,0.1895575246772857,0.4274922048593259,-0.0095473549758821,0.2749063670411985,0.1124594751215284,-0.051082251082251,0.8015864269703659,0.2960821202514131,0.8411363636363637,PULLBACK_LEADER,2026-09-14,2026-09-11,CORE,^N225,SPY,AVAILABLE,0.0362605022829403,0.1895575246772857,0.4274922048593259,0.005050560931242,0.1874378762941574,0.2622868054024718,LOCAL_CURRENCY_ASSET_VS_USD_BENCHMARK_NOT_FX_HEDGED
,MATX,Shipping,230.17999267578125,0.0096056280093508,0.035587295862127,0.0768151131685224,0.1765032160842192,0.0470724868021436,0.0942857085947618,0.155273982376787,0.0163835175699964,0.3804446471406576,0.0546038660514348,-0.0293580842329147,0.5042276675347643,0.535198342859832,0.8359090909090909,PERSISTENT,2026-09-14,2026-09-11,CORE,SPY,SPY,AVAILABLE,0.0470724868021436,0.0942857085947618,0.155273982376787,0.0470724868021436,0.0942857085947618,0.155273982376787,LOCAL_CURRENCY_ASSET_VS_USD_BENCHMARK_NOT_FX_HEDGED
,9104.T,Shipping,7046.0,0.0094555873925501,0.0110489309800545,0.0888579817647967,0.2956969474071349,0.0265762601860717,0.1572933942308613,0.3799704887630999,-0.0111655644611446,0.2673175267317527,0.0880397236300782,-0.0424567188788128,0.5547328773775184,0.2698020272706248,0.8324999999999999,PULLBACK_LEADER,2026-09-14,2026-09-11,CORE,^N225,SPY,AVAILABLE,0.0265762601860717,0.1572933942308613,0.3799704887630999,-0.0085426254716663,0.1396238045359702,0.1891608695795634,LOCAL_CURRENCY_ASSET_VS_USD_BENCHMARK_NOT_FX_HEDGED
,356680.KQ,Cybersecurity,16060.0,0.2993527508090614,0.405074365704287,0.2439969016266461,-0.1309523809523809,0.3962974577160418,0.291282018010586,0.0738229536420791,0.3440751402976255,0.2985781990521327,0.3455825267901118,-0.166537567776917,1.4596792335654154,0.2108097192837265,0.8086363636363636,PERSISTENT,2026-09-14,2026-09-11,CORE,^KQ11,SPY,AVAILABLE,0.3962974577160418,0.291282018010586,0.0738229536420791,0.5040502467020983,0.3237793900382038,-0.054370537506738,LOCAL_CURRENCY_ASSET_VS_USD_BENCHMARK_NOT_FX_HEDGED
,9101.T,Shipping,7262.0,0.008891358710753,0.0145291981000279,0.1346875,0.3578908002991772,0.0300565273060451,0.2031229124660646,0.4421643416551422,-0.019142676899972,0.3661852166525063,0.0931379896213568,-0.0372222222222222,0.9082671080075444,0.5295430099832767,0.8079545454545455,PULLBACK_LEADER,2026-09-14,2026-09-11,CORE,^N225,SPY,AVAILABLE,0.0300565273060451,0.2031229124660646,0.4421643416551422,0.0079176827073051,0.18668650268755,0.2568335868250224,LOCAL_CURRENCY_ASSET_VS_USD_BENCHMARK_NOT_FX_HEDGED
,ZIM,Shipping,29.56999969482422,0.0033932943264241,0.0717651153057572,0.1025354224940837,0.208912542993324,0.0832503062457737,0.1200060179203231,0.1876833092858918,0.0461312596822363,0.2368647592962294,0.1166188119609742,-0.0624782808201161,0.7317331769858,0.2082599518894587,0.8031818181818182,PERSISTENT,2026-09-14,2026-09-11,CORE,SPY,SPY,AVAILABLE,0.0832503062457737,0.1200060179203231,0.1876833092858918,0.0832503062457737,0.1200060179203231,0.1876833092858918,LOCAL_CURRENCY_ASSET_VS_USD_BENCHMARK_NOT_FX_HEDGED
,XLE,Energy,65.13999938964844,0.0032342381562551,0.0080469919678842,0.0668194877922505,0.1851476453081268,0.0195321829079008,0.0842900832184899,0.1639184116006946,-0.0086578799801783,0.3784789248344515,0.0436750809932137,-0.0265097823797487,0.4494620051837082,0.5790434115400784,0.8031818181818181,PULLBACK_LEADER,2026-09-14,2026-09-11,CORE,SPY,SPY,AVAILABLE,0.0195321829079008,0.0842900832184899,0.1639184116006946,0.0195321829079008,0.0842900832184899,0.1639184116006946,LOCAL_CURRENCY_ASSET_VS_USD_BENCHMARK_NOT_FX_HEDGED
,SMCI,AI_Server,40.09999847412109,0.0727661136512376,0.0588856510465536,0.0240040508266525,0.3723476870786266,0.0703708419865701,0.0414746462528919,0.3511184533711944,0.0528846383398904,0.0398980847332569,0.1750395235285195,-0.1172189248432828,-0.0650222270960695,0.0054714251645408,0.8029545454545456,PERSISTENT,2026-09-14,2026-09-11,CORE,SPY,SPY,AVAILABLE,0.0703708419865701,0.0414746462528919,0.3511184533711944,0.0703708419865701,0.0414746462528919,0.3511184533711944,LOCAL_CURRENCY_ASSET_VS_USD_BENCHMARK_NOT_FX_HEDGED
,MAERSK-B.CO,Shipping,22330.0,-0.0227571115973741,0.0328399629972246,0.1731021801943788,0.4499999999999999,0.0593708291919458,0.1862405572291827,0.3297930437214262,-0.01043558205137,0.3075128324778348,0.1404605642719101,-0.0655372269282211,1.1842004513567073,0.3789757076343126,0.7897727272727273,PULLBACK_LEADER,2026-09-14,2026-09-11,CORE,^OMXC25,SPY,AVAILABLE,0.0593708291919458,0.1862405572291827,0.3297930437214262,0.0443251539372412,0.1905727756206182,0.3770174788786666,LOCAL_CURRENCY_ASSET_VS_USD_BENCHMARK_NOT_FX_HEDGED
,1548.HK,Biotech,32.36000061035156,0.0112500190734863,0.0286078052151981,0.3006431552208495,1.8713397778133565,0.0615594481640656,0.3130339906496621,1.8510424985936755,-0.0465529835900142,0.2385204642520824,0.2842468519113589,-0.1474147557859388,1.8310160154123865,0.2522791175180725,0.7859090909090909,PULLBACK_LEADER,2026-09-14,2026-09-11,CORE,^HSI,SPY,AVAILABLE,0.0615594481640656,0.3130339906496621,1.8510424985936755,-0.0970547184131064,0.2630441589570281,1.727231777300687,LOCAL_CURRENCY_ASSET_VS_USD_BENCHMARK_NOT_FX_HEDGED
,CVX,Energy,214.0599975585937,0.00611018558621,0.0129660710742411,0.0922010044554921,0.1988681515902954,0.0244512620142577,0.1096715998817315,0.1776389178828632,-0.0100841800396318,0.4613283450340738,0.0498653893498802,-0.0291587688944953,0.5698346989344296,0.8529951806349159,0.7829545454545456,PULLBACK_LEADER,2026-09-14,2026-09-11,CORE,SPY,SPY,AVAILABLE,0.0244512620142577,0.1096715998817315,0.1776389178828632,0.0244512620142577,0.1096715998817315,0.1776389178828632,LOCAL_CURRENCY_ASSET_VS_USD_BENCHMARK_NOT_FX_HEDGED
,AAPL,Consumer_Tech,332.2699890136719,0.0174540881330667,0.0123701217644054,0.0884818790013957,0.11133722232832,0.0238553127044219,0.1059524744276351,0.0901079886208877,-0.0097503479859434,0.3586507909814459,0.0672396433273584,-0.0392126853302972,0.6392628966987943,0.4719551490907925,0.7777272727272727,PULLBACK_LEADER,2026-09-14,2026-09-11,CORE,SPY,SPY,AVAILABLE,0.0238553127044219,0.1059524744276351,0.0901079886208877,0.0238553127044219,0.1059524744276351,0.0901079886208877,LOCAL_CURRENCY_ASSET_VS_USD_BENCHMARK_NOT_FX_HEDGED
,AMD,AI_Semiconductor,516.1300048828125,0.0248808550981656,0.1314670307331999,0.0685699974070073,0.0174259224289607,0.1429522216732165,0.0860405928332467,-0.0038033112784714,0.1143245313814481,0.128931806123523,0.1480603185941602,-0.1132020632751312,0.4183219355385696,0.0597111616097754,0.7643181818181818,EMERGING,2026-09-14,2026-09-11,CORE,SPY,SPY,AVAILABLE,0.1429522216732165,0.0860405928332467,-0.0038033112784714,0.1429522216732165,0.0860405928332467,-0.0038033112784714,LOCAL_CURRENCY_ASSET_VS_USD_BENCHMARK_NOT_FX_HEDGED
,META,Internet_AI,648.030029296875,0.0056643973841588,0.0611613890565487,0.0891810699808002,0.0796721240459348,0.0726465799965653,0.1066516654070396,0.0584428903385025,0.0388661215613487,0.2617661937224484,0.104418848805091,-0.0862228184934162,0.6348769325195643,0.22356681296635,0.7636363636363638,PERSISTENT,2026-09-14,2026-09-11,CORE,SPY,SPY,AVAILABLE,0.0726465799965653,0.1066516654070396,0.0584428903385025,0.0726465799965653,0.1066516654070396,0.0584428903385025,LOCAL_CURRENCY_ASSET_VS_USD_BENCHMARK_NOT_FX_HEDGED
,4502.T,Biotech,5666.0,0.0015909492663956,-0.015122544759256,0.0098021743004812,0.1474281085459701,0.0004047844467611,0.0782375867665458,0.2317016499019351,-0.0175730883343763,0.0443906376109765,0.063708809175489,-0.0495937711577522,-0.004849800146089,0.006829899550841,0.7577272727272728,PULLBACK_LEADER,2026-09-14,2026-09-11,CORE,^N225,SPY,AVAILABLE,0.0004047844467611,0.0782375867665458,0.2317016499019351,-0.0294762173199699,0.0367186616251961,0.0818733083930824,LOCAL_CURRENCY_ASSET_VS_USD_BENCHMARK_NOT_FX_HEDGED
,XOM,Energy,165.99000549316406,0.0045997081963147,0.0233031170879898,0.0533056875376352,0.1776738974518585,0.0347883080280063,0.0707762829638746,0.1564446637444263,0.009976695203581,0.2123442218905127,0.0652703344715981,-0.0584411183374926,0.2867423273429949,0.1734195915212198,0.7568181818181818,PERSISTENT,2026-09-14,2026-09-11,CORE,SPY,SPY,AVAILABLE,0.0347883080280063,0.0707762829638746,0.1564446637444263,0.0347883080280063,0.0707762829638746,0.1564446637444263,LOCAL_CURRENCY_ASSET_VS_USD_BENCHMARK_NOT_FX_HEDGED
,1919.HK,Shipping,16.440000534057617,-0.0108303427248253,0.013563577682891,0.0613299404116696,0.1913043700604595,0.0465152206317586,0.0737207758404822,0.1710070908407788,-0.0017689074200263,0.1534735014060151,0.1153298159376848,-0.0963789067439382,0.3706583896699778,0.0816139401547903,0.7429545454545455,PULLBACK_LEADER,2026-09-14,2026-09-11,CORE,^HSI,SPY,AVAILABLE,0.0465152206317586,0.0737207758404822,0.1710070908407788,-0.0231595611914706,0.0969191199298465,0.1305034946124141,LOCAL_CURRENCY_ASSET_VS_USD_BENCHMARK_NOT_FX_HEDGED
,SBLK,Shipping,31.170000076293945,0.0139882989062281,-0.0219642530438128,0.1180249735614218,0.2066105518175107,-0.0104790621037963,0.1354955689876612,0.1853813181100785,-0.0514704964341683,0.3224730675689846,0.1008956204983546,-0.0518198177887745,0.5748731531558526,0.3772202904953705,0.7356818181818182,PULLBACK_LEADER,2026-09-14,2026-09-11,CORE,SPY,SPY,AVAILABLE,-0.0104790621037963,0.1354955689876612,0.1853813181100785,-0.0104790621037963,0.1354955689876612,0.1853813181100785,LOCAL_CURRENCY_ASSET_VS_USD_BENCHMARK_NOT_FX_HEDGED
,LITE,AI_Networking,927.030029296875,-0.0092657719322952,0.0940085613589265,0.0529526670237872,0.0590271943085916,0.105493752298943,0.0704232624500266,0.0377979606011593,0.0807703946029797,0.0574378972376873,0.2427515630654605,-0.1458355302587338,0.2643470304651871,0.012529228683704,0.735,PERSISTENT,2026-09-14,2026-09-11,CORE,SPY,SPY,AVAILABLE,0.105493752298943,0.0704232624500266,0.0377979606011593,0.105493752298943,0.0704232624500266,0.0377979606011593,LOCAL_CURRENCY_ASSET_VS_USD_BENCHMARK_NOT_FX_HEDGED
,053800.KQ,Cybersecurity,59300.0,0.0385288966725043,0.0277296360485268,-0.0198347107438016,0.0136752136752136,0.0189527280602817,0.0274504056401383,0.2184505482696737,0.0326883137344772,0.08,0.0841138015259457,-0.0677685950413222,-0.2530284544696685,-0.0188646432656437,0.7240909090909092,PERSISTENT,2026-09-14,2026-09-11,CORE,^KQ11,SPY,AVAILABLE,0.0189527280602817,0.0274504056401383,0.2184505482696737,0.0536644528029338,-0.0451174439973464,0.0018619347120278,LOCAL_CURRENCY_ASSET_VS_USD_BENCHMARK_NOT_FX_HEDGED
,IDNA,Genomics,38.060001373291016,0.0047518558632591,-0.0553487091477555,0.0800226890042221,0.274188158819878,-0.043863518207739,0.0974932844304615,0.2529589251124458,-0.0753543813988111,0.1780301534258557,0.1593518333559196,-0.0867887780580964,0.4765202076025017,0.0894024957287507,0.7190909090909091,PULLBACK_LEADER,2026-09-14,2026-09-11,CORE,SPY,SPY,AVAILABLE,-0.043863518207739,0.0974932844304615,0.2529589251124458,-0.043863518207739,0.0974932844304615,0.2529589251124458,LOCAL_CURRENCY_ASSET_VS_USD_BENCHMARK_NOT_FX_HEDGED
,TSM,Foundry,433.239990234375,0.0121720240869485,0.0389198822298577,0.0063880695541904,0.0174013195307274,0.0504050731698743,0.0238586649804298,-0.0038279141767048,0.0373228648413101,0.0239151250851912,0.0778829004578567,-0.0483792515591779,-0.0114507865374764,0.0019615535829207,0.7134090909090911,EMERGING,2026-09-14,2026-09-11,CORE,SPY,SPY,AVAILABLE,0.0504050731698743,0.0238586649804298,-0.0038279141767048,0.0504050731698743,0.0238586649804298,-0.0038279141767048,LOCAL_CURRENCY_ASSET_VS_USD_BENCHMARK_NOT_FX_HEDGED
,7267.T,EV,1664.0,0.0180483328234934,-0.0191570881226054,0.0036188178528346,0.1755563405157187,-0.0036297589165882,0.0720542303188992,0.2598298818716837,-0.020061792585814,0.0102389078498293,0.0999600406108468,-0.0812892184826012,-0.0988150560786065,0.0003706755448883,0.7131818181818181,PULLBACK_LEADER,2026-09-14,2026-09-11,CORE,^N225,SPY,AVAILABLE,-0.0036297589165882,0.0720542303188992,0.2598298818716837,-0.0199467066152803,0.0274857699330678,0.1462633778730302,LOCAL_CURRENCY_ASSET_VS_USD_BENCHMARK_NOT_FX_HEDGED
,IBB,Biotech,202.92999267578125,0.001431076228811,-0.050886324339585,0.0200562490469968,0.1836793617938583,-0.0394011333995685,0.0375268444732362,0.1624501280864261,-0.0559003866013342,0.0701105249977611,0.0912634052808746,-0.0660029815684157,0.0369259477806845,0.0154076450012267,0.7072727272727273,PULLBACK_LEADER,2026-09-14,2026-09-11,CORE,SPY,SPY,AVAILABLE,-0.0394011333995685,0.0375268444732362,0.1624501280864261,-0.0394011333995685,0.0375268444732362,0.1624501280864261,LOCAL_CURRENCY_ASSET_VS_USD_BENCHMARK_NOT_FX_HEDGED
,ANET,AI_Networking,199.58999633789065,0.0560875736103938,0.0425720528235933,-0.0197917634610369,0.1879650191272981,0.0540572437636098,-0.0023211680347975,0.1667357854198659,0.0475199936888525,0.0460413599973781,0.1271077509116357,-0.0975837127672648,-0.3149276810229782,-0.007169033359154,0.7070454545454546,NEUTRAL,2026-09-14,2026-09-11,CORE,SPY,SPY,AVAILABLE,0.0540572437636098,-0.0023211680347975,0.1667357854198659,0.0540572437636098,-0.0023211680347975,0.1667357854198659,LOCAL_CURRENCY_ASSET_VS_USD_BENCHMARK_NOT_FX_HEDGED
,NEM,Gold_Miners,126.80999755859376,0.0053115440953481,-0.0277543151151282,0.1128292543796807,0.1718366753567877,-0.0162691241751117,0.1302998498059201,0.1506074416493554,-0.0559616287100484,0.2153482218137032,0.1312032700769999,-0.0925706967429901,0.7085539756420082,0.1851903484186834,0.6993181818181817,NEUTRAL,2026-09-14,2026-09-11,CORE,SPY,SPY,AVAILABLE,-0.0162691241751117,0.1302998498059201,0.1506074416493554,-0.0162691241751117,0.1302998498059201,0.1506074416493554,LOCAL_CURRENCY_ASSET_VS_USD_BENCHMARK_NOT_FX_HEDGED
,EEM,Market_EM,67.83999633789062,0.0125372587744869,0.0054838463093722,0.0173964611188641,-0.0116550562189903,0.0169690372493888,0.0348670565451035,-0.0328842899264225,0.0011347310296562,0.0907663588447993,0.0551713765781702,-0.029411814704536,0.0959265846758506,0.0286201565100914,0.6952272727272726,EMERGING,2026-09-14,2026-09-11,CORE,SPY,SPY,AVAILABLE,0.0169690372493888,0.0348670565451035,-0.0328842899264225,0.0169690372493888,0.0348670565451035,-0.0328842899264225,LOCAL_CURRENCY_ASSET_VS_USD_BENCHMARK_NOT_FX_HEDGED
,MRNA,Biotech,143.97000122070312,0.0537989047445879,-0.0329145835776187,1.261900986163647,1.5987364125513728,-0.0214293926376022,1.2793715815898865,1.5775071788439403,-0.3483898301185305,0.3118254396491012,1.809186571889282,-0.2354627618354927,9.45670462265127,0.2174970983745475,0.693409090909091,NEUTRAL,2026-09-14,2026-09-11,CORE,SPY,SPY,AVAILABLE,-0.0214293926376022,1.2793715815898865,1.5775071788439403,-0.0214293926376022,1.2793715815898865,1.5775071788439403,LOCAL_CURRENCY_ASSET_VS_USD_BENCHMARK_NOT_FX_HEDGED
,EWJ,Market_JP,98.55999755859376,0.0219825286553216,0.0067415324047812,0.0009139467530716,0.0471737641568752,0.0182267233447978,0.018384542179311,0.025944530449443,0.0065130457165133,0.0061768282018601,0.048349800609934,-0.0426526305023917,-0.0300787774776908,0.000116759366288,0.6904545454545455,EMERGING,2026-09-14,2026-09-11,CORE,SPY,SPY,AVAILABLE,0.0182267233447978,0.018384542179311,0.025944530449443,0.0182267233447978,0.018384542179311,0.025944530449443,LOCAL_CURRENCY_ASSET_VS_USD_BENCHMARK_NOT_FX_HEDGED
,7203.T,EV,3031.0,0.0123580494321977,-0.0162284972411554,0.0036423841059602,0.0786476868327401,-0.0007011680351383,0.0720777965720248,0.1629212281887051,-0.0171390932676455,0.0123595505617977,0.0891059998563819,-0.0846438482886215,-0.0323645494366246,0.0005052210916847,0.6902272727272727,NEUTRAL,2026-09-14,2026-09-11,CORE,^N225,SPY,AVAILABLE,-0.0007011680351383,0.0720777965720248,0.1629212281887051,-0.0161054410779494,0.0328809806858708,0.0590134062485305,LOCAL_CURRENCY_ASSET_VS_USD_BENCHMARK_NOT_FX_HEDGED
,2269.HK,Biotech,47.0,-0.0105263157894737,-0.0443269681099687,0.0412051536442443,0.5740120240890589,-0.0113753251611011,0.0535959890730569,0.5537147448693782,-0.0546282565210298,0.0757329078766337,0.1399170351636217,-0.099616871397276,0.0821668059708692,0.0223031177106691,0.6877272727272727,NEUTRAL,2026-09-14,2026-09-11,CORE,^HSI,SPY,AVAILABLE,-0.0113753251611011,0.0535959890730569,0.5537147448693782,-0.0614931267574472,0.0454670684166481,0.5049106312394449,LOCAL_CURRENCY_ASSET_VS_USD_BENCHMARK_NOT_FX_HEDGED
,4568.T,Biotech,2772.0,0.0232558139534884,-0.0078740157480314,0.0157566874312935,0.0680023116933152,0.0076533134579857,0.0841920998973581,0.1522758530492802,-0.0118131876058548,0.0489749430523918,0.0885003344249163,-0.0757420675537359,0.0599881830275061,0.0087195474983954,0.6847727272727273,NEUTRAL,2026-09-14,2026-09-11,CORE,^N225,SPY,AVAILABLE,0.0076533134579857,0.0841920998973581,0.1522758530492802,-0.0174165431640297,0.0181926170868892,0.0755362050935535,LOCAL_CURRENCY_ASSET_VS_USD_BENCHMARK_NOT_FX_HEDGED
,QCOM,Semiconductor,181.97000122070312,0.0287765501887162,0.0794921594249653,0.1102638453106528,-0.1453245890539125,0.0909773503649818,0.1277344407368922,-0.1665538227613447,0.0519261980973021,0.3948756794819134,0.0758103588754372,-0.043790350513617,0.6006278407088507,0.5743345828354842,0.6813636363636364,EMERGING,2026-09-14,2026-09-11,CORE,SPY,SPY,AVAILABLE,0.0909773503649818,0.1277344407368922,-0.1665538227613447,0.0909773503649818,0.1277344407368922,-0.1665538227613447,LOCAL_CURRENCY_ASSET_VS_USD_BENCHMARK_NOT_FX_HEDGED
,SAP.DE,Software,177.25999450683594,-0.0031493240035793,-0.0448324563106372,0.010719520878561,0.314400071960476,-0.0294265090357616,0.0412698742351244,0.3113238863616459,-0.0475123365302775,0.0320598673598351,0.0962160007255781,-0.0734895059540539,-0.0872842780640494,0.003571821889665,0.6809090909090909,NEUTRAL,2026-09-14,2026-09-11,CORE,^STOXX,SPY,AVAILABLE,-0.0294265090357616,0.0412698742351244,0.3113238863616459,-0.0333472653706207,0.0281901163048005,0.219218646474016,LOCAL_CURRENCY_ASSET_VS_USD_BENCHMARK_NOT_FX_HEDGED
,000660.KS,Memory,1812000.0,-0.0221262817053427,0.1001821493624772,0.1377231268832059,-0.2810817577074919,0.066879741241097,0.1235494155001482,-0.060608256713439,0.0657513676416757,0.2000414500825752,0.2110603039763631,-0.097472917941449,0.7688443741238833,0.1305329969329922,0.6743181818181818,EMERGING,2026-09-14,2026-09-11,CORE,^KS11,SPY,AVAILABLE,0.066879741241097,0.1235494155001482,-0.060608256713439,0.1468235368046783,0.2156634747796935,-0.1900686719901438,LOCAL_CURRENCY_ASSET_VS_USD_BENCHMARK_NOT_FX_HEDGED
,HLAG.DE,Shipping,134.6999969482422,-0.0095588459688074,-0.0073691969232793,0.052343726158142,0.2124212313073823,0.0080367503515963,0.0828940795147054,0.2093450457085521,-0.0204551284628148,0.147252729563528,0.0942873105226441,-0.0608695209890172,0.3200890127583179,0.0817475491621024,0.6675,NEUTRAL,2026-09-14,2026-09-11,CORE,^STOXX,SPY,AVAILABLE,0.0080367503515963,0.0828940795147054,0.2093450457085521,0.0041159940167372,0.0698143215843815,0.1593141383312042,LOCAL_CURRENCY_ASSET_VS_USD_BENCHMARK_NOT_FX_HEDGED
,006400.KS,EV,545000.0,-0.0285204991087344,-0.0054744525547445,0.1190965092402465,-0.009090909090909,-0.0387768606761247,0.1049227978571887,0.2113825919031438,-0.0352485798648061,0.172106824925816,0.1977370300510669,-0.0814558058925476,0.6921632310267372,0.1036595020153451,0.6668181818181819,NEUTRAL,2026-09-14,2026-09-11,CORE,^KS11,SPY,AVAILABLE,-0.0387768606761247,0.1049227978571887,0.2113825919031438,0.0226169163574562,0.1331691080502504,-0.0219103538321381,LOCAL_CURRENCY_ASSET_VS_USD_BENCHMARK_NOT_FX_HEDGED
,EWY,Market_KR,188.72000122070312,0.0324980987037792,0.0451927546103414,0.0565446555795128,-0.0834830855018311,0.0566779455503579,0.0740152510057522,-0.1047123192092633,0.0310565907154632,0.123865649314365,0.134346133463927,-0.0813074152106793,0.3174281609948181,0.0521335471146559,0.6622727272727271,EMERGING,2026-09-14,2026-09-11,CORE,SPY,SPY,AVAILABLE,0.0566779455503579,0.0740152510057522,-0.1047123192092633,0.0566779455503579,0.0740152510057522,-0.1047123192092633,LOCAL_CURRENCY_ASSET_VS_USD_BENCHMARK_NOT_FX_HEDGED
,EWH,Market_HK,22.520000457763672,0.0022252401396141,-0.0200173669989504,0.000888909233941,0.0363553121108828,-0.0085321760589338,0.0183595046601804,0.0151260784034505,-0.0202395943074356,0.0057804742789291,0.0442414079853229,-0.0376874112950161,-0.056146108860305,0.0001161427087673,0.6618181818181819,NEUTRAL,2026-09-14,2026-09-11,CORE,SPY,SPY,AVAILABLE,-0.0085321760589338,0.0183595046601804,0.0151260784034505,-0.0085321760589338,0.0183595046601804,0.0151260784034505,LOCAL_CURRENCY_ASSET_VS_USD_BENCHMARK_NOT_FX_HEDGED
,BAC,Financials,62.68999862670898,0.0020779611663095,-0.000478296883571,-0.0168536146398999,0.1085476068237525,0.0110068940564455,0.0006169807863394,0.0873183731163202,0.0037351067764039,0.1153468364650887,0.0441095002828617,-0.0514808396032069,-0.2927097921485988,-0.0440723907377724,0.6547727272727273,EMERGING,2026-09-14,2026-09-11,CORE,SPY,SPY,AVAILABLE,0.0110068940564455,0.0006169807863394,0.0873183731163202,0.0110068940564455,0.0006169807863394,0.0873183731163202,LOCAL_CURRENCY_ASSET_VS_USD_BENCHMARK_NOT_FX_HEDGED
,GNOM,Genomics,62.21900177001953,0.0040180820463373,-0.0423426104201298,0.0534701563127422,0.2454149673327781,-0.0308574194801133,0.0709407517389816,0.2241857336253458,-0.0557101494983154,0.1189992489335935,0.1617010930759655,-0.0867020747888263,0.2531127457220018,0.0393498171257811,0.6531818181818183,NEUTRAL,2026-09-14,2026-09-11,CORE,SPY,SPY,AVAILABLE,-0.0308574194801133,0.0709407517389816,0.2241857336253458,-0.0308574194801133,0.0709407517389816,0.2241857336253458,LOCAL_CURRENCY_ASSET_VS_USD_BENCHMARK_NOT_FX_HEDGED
,NEX.PA,Power_Grid,142.1999969482422,0.0215517246104213,0.025973958774849,-0.002105284573739,-0.0790155273997065,0.0413799060497247,0.0284450687828242,-0.0820917129985366,0.0265002799182838,0.0075950169024955,0.0804712598402674,-0.0427469584805881,-0.1340725714424402,-0.0001987004050122,0.6504545454545454,EMERGING,2026-09-14,2026-09-11,CORE,^STOXX,SPY,AVAILABLE,0.0413799060497247,0.0284450687828242,-0.0820917129985366,0.0374591497148656,0.0153653108525003,-0.0694219863338539,LOCAL_CURRENCY_ASSET_VS_USD_BENCHMARK_NOT_FX_HEDGED
,GM,Auto,85.62000274658203,-0.0058058521139543,-0.0163143170267591,-0.0068634865559487,0.0398383793384105,-0.0048291260867425,0.0106071088702907,0.0186091456309782,-0.0145984453877719,0.0269692091936708,0.0718088237000248,-0.0455788503034761,-0.1550473258258079,-0.0025777167092804,0.6379545454545456,NEUTRAL,2026-09-14,2026-09-11,CORE,SPY,SPY,AVAILABLE,-0.0048291260867425,0.0106071088702907,0.0186091456309782,-0.0048291260867425,0.0106071088702907,0.0186091456309782,LOCAL_CURRENCY_ASSET_VS_USD_BENCHMARK_NOT_FX_HEDGED
,XBI,Biotech,156.1999969482422,-0.0039536433300548,-0.0497627916509789,-0.0042075969625223,0.155263254118297,-0.0382776007109624,0.013262998463717,0.1340340204108647,-0.0487108924103483,0.0141692540225494,0.0935283630743439,-0.078737870027878,-0.1613716636986044,-0.0006374377592719,0.6368181818181818,NEUTRAL,2026-09-14,2026-09-11,CORE,SPY,SPY,AVAILABLE,-0.0382776007109624,0.013262998463717,0.1340340204108647,-0.0382776007109624,0.013262998463717,0.1340340204108647,LOCAL_CURRENCY_ASSET_VS_USD_BENCHMARK_NOT_FX_HEDGED
,1801.HK,Biotech,93.5500030517578,-0.0084790189221116,-0.0864257650609945,-0.0026652451158456,0.2498330655825213,-0.0534741221121269,0.0097255903129669,0.2295357863628406,-0.0857594537820331,0.0062421967777859,0.1311835551864704,-0.1479963528993713,-0.1748205573464897,-0.0001268221801924,0.633409090909091,NEUTRAL,2026-09-14,2026-09-11,CORE,^HSI,SPY,AVAILABLE,-0.0534741221121269,0.0097255903129669,0.2295357863628406,-0.0767213934357714,0.0006550573446564,0.1935152348977429,LOCAL_CURRENCY_ASSET_VS_USD_BENCHMARK_NOT_FX_HEDGED
,GDX,Gold_Miners,97.0999984741211,0.0111423483122536,-0.0432554880485972,0.100034011180041,0.1130215595115962,-0.0317702971085807,0.1175046066062804,0.0917923258041639,-0.0682639908436075,0.1698403711885682,0.1481767217720056,-0.1028240979842187,0.6372875742490469,0.1146591272038073,0.6320454545454546,NEUTRAL,2026-09-14,2026-09-11,CORE,SPY,SPY,AVAILABLE,-0.0317702971085807,0.1175046066062804,0.0917923258041639,-0.0317702971085807,0.1175046066062804,0.0917923258041639,LOCAL_CURRENCY_ASSET_VS_USD_BENCHMARK_NOT_FX_HEDGED
,ACWI,Market_Global,160.25,0.0091945763309928,-0.0104359788559206,-0.013724740190654,0.0184950027319188,0.0010492120840959,0.0037458552355853,-0.0027342309755133,-0.0070047938082571,0.1382512673860582,0.0267118517920804,-0.0227105030676759,-0.1359165973390511,-0.0710344883863444,0.630909090909091,NEUTRAL,2026-09-14,2026-09-11,CORE,SPY,SPY,AVAILABLE,0.0010492120840959,0.0037458552355853,-0.0027342309755133,0.0010492120840959,0.0037458552355853,-0.0027342309755133,LOCAL_CURRENCY_ASSET_VS_USD_BENCHMARK_NOT_FX_HEDGED
,AEM,Gold_Miners,200.3600006103516,0.018710636931112,-0.0326848071880806,0.1133560315366819,0.1421049349261298,-0.0211996162480641,0.1308266269629213,0.1208757012186976,-0.0610238150722511,0.1862429304311799,0.1639363822543156,-0.1348463417822993,0.6981571178611344,0.128780196348911,0.630909090909091,NEUTRAL,2026-09-14,2026-09-11,CORE,SPY,SPY,AVAILABLE,-0.0211996162480641,0.1308266269629213,0.1208757012186976,-0.0211996162480641,0.1308266269629213,0.1208757012186976,LOCAL_CURRENCY_ASSET_VS_USD_BENCHMARK_NOT_FX_HEDGED
,MU,Memory,975.260009765625,-0.0021996536130989,0.0178467449072978,0.0267732038556702,-0.044427673016154,0.0293319358473144,0.0442437992819096,-0.0656569067235862,0.0111534439433803,0.0506724810889587,0.1521579257684901,-0.1001433232757289,0.0071719680933671,0.0089161616735724,0.6238636363636364,EMERGING,2026-09-14,2026-09-11,CORE,SPY,SPY,AVAILABLE,0.0293319358473144,0.0442437992819096,-0.0656569067235862,0.0293319358473144,0.0442437992819096,-0.0656569067235862,LOCAL_CURRENCY_ASSET_VS_USD_BENCHMARK_NOT_FX_HEDGED
,NET,Cybersecurity,306.5299987792969,-0.0149115096192103,0.0773961838172638,-0.0734515877618631,0.3271420407812722,0.0888813747572804,-0.0559809923356237,0.3059128070738399,0.0957590807577296,0.1111313637360901,0.2030001157627005,-0.1755886669759351,-0.785311510963818,-0.040210691929353,0.6227272727272727,NEUTRAL,2026-09-14,2026-09-11,CORE,SPY,SPY,AVAILABLE,0.0888813747572804,-0.0559809923356237,0.3059128070738399,0.0888813747572804,-0.0559809923356237,0.3059128070738399,LOCAL_CURRENCY_ASSET_VS_USD_BENCHMARK_NOT_FX_HEDGED
,XLF,Financials,57.25,0.0066819250088323,-0.022370241505638,-0.0173360513324954,0.0570477437618468,-0.0108850505656215,0.0001345440937439,0.0358185100544146,-0.0180362286725141,0.1236228910009034,0.0370047673353432,-0.0288593306313864,-0.2083697079842104,-0.0579150455086431,0.6222727272727274,NEUTRAL,2026-09-14,2026-09-11,CORE,SPY,SPY,AVAILABLE,-0.0108850505656215,0.0001345440937439,0.0358185100544146,-0.0108850505656215,0.0001345440937439,0.0358185100544146,LOCAL_CURRENCY_ASSET_VS_USD_BENCHMARK_NOT_FX_HEDGED
,MSFT,Cloud_AI,495.6300048828125,0.0064779514775219,-0.028405062285485,-0.0006379232610376,0.2608563166201283,-0.0169198713454684,0.0168326721652017,0.239627082912696,-0.0282455814702256,0.0029418934192906,0.0610741608125387,-0.0426071196466324,-0.1807724798030773,-3.072825264712753e-05,0.6222727272727273,NEUTRAL,2026-09-14,2026-09-11,CORE,SPY,SPY,AVAILABLE,-0.0169198713454684,0.0168326721652017,0.239627082912696,-0.0169198713454684,0.0168326721652017,0.239627082912696,LOCAL_CURRENCY_ASSET_VS_USD_BENCHMARK_NOT_FX_HEDGED
,SPY,Market_US,764.2899780273438,0.0085242874943209,-0.0114851909400165,-0.0174705954262394,0.0212292337074322,0.0,0.0,0.0,-0.0071175420834566,0.1836246275494257,0.0246278609497129,-0.0257751679784972,-0.1671753227583367,-0.1302602603108857,0.6211363636363636,NEUTRAL,2026-09-14,2026-09-11,CORE,SPY,SPY,AVAILABLE,0.0,0.0,0.0,0.0,0.0,0.0,LOCAL_CURRENCY_ASSET_VS_USD_BENCHMARK_NOT_FX_HEDGED
,1093.HK,Biotech,8.710000038146973,-0.0068415526208535,-0.100671175965557,0.0023015487605799,0.2850348913588618,-0.0677195330166895,0.0146923841893925,0.2647376121391811,-0.101246563155702,0.0051547532025489,0.1392327507441725,-0.100671175965557,-0.1275254598224298,8.520923260520135e-05,0.6181818181818182,NEUTRAL,2026-09-14,2026-09-11,CORE,^HSI,SPY,AVAILABLE,-0.0677195330166895,0.0146923841893925,0.2647376121391811,-0.0821672180800954,0.0016513482750315,0.1964631294491405,LOCAL_CURRENCY_ASSET_VS_USD_BENCHMARK_NOT_FX_HEDGED
,VT,Market_Global,159.94000244140625,0.0088942387747845,-0.0112511877301824,-0.0150871171713198,0.0159996890497533,0.0002340032098341,0.0023834782549195,-0.0052295446576788,-0.0074794084373524,0.1502140060529799,0.0267369210424873,-0.0237699404203435,-0.147372046665227,-0.0847628007164067,0.6163636363636363,NEUTRAL,2026-09-14,2026-09-11,CORE,SPY,SPY,AVAILABLE,0.0002340032098341,0.0023834782549195,-0.0052295446576788,0.0002340032098341,0.0023834782549195,-0.0052295446576788,LOCAL_CURRENCY_ASSET_VS_USD_BENCHMARK_NOT_FX_HEDGED
,1177.HK,Biotech,5.25,-0.0419708062541891,-0.0514904887568083,0.1137818830054619,0.1693823266634577,-0.0185388458079408,0.1261727184342745,0.149085047443777,-0.0799359595081738,0.1889744332443764,0.1813894008458701,-0.1017963749442908,0.6869546620808025,0.1185398196044853,0.615,NEUTRAL,2026-09-14,2026-09-11,CORE,^HSI,SPY,AVAILABLE,-0.0185388458079408,0.1261727184342745,0.149085047443777,-0.0493377327285073,0.1095257847387852,0.110205843460001,LOCAL_CURRENCY_ASSET_VS_USD_BENCHMARK_NOT_FX_HEDGED
,FCX,Copper,71.06999969482422,-0.0019660074631143,-0.0205347011287635,0.0634445271225367,0.0155737220573199,-0.009049510188747,0.0809151225487762,-0.0056555116501122,-0.0363958329093977,0.1122880272912368,0.151178243303869,-0.1106244970862989,0.3840624131878315,0.0471235849638471,0.6134090909090909,NEUTRAL,2026-09-14,2026-09-11,CORE,SPY,SPY,AVAILABLE,-0.009049510188747,0.0809151225487762,-0.0056555116501122,-0.009049510188747,0.0809151225487762,-0.0056555116501122,LOCAL_CURRENCY_ASSET_VS_USD_BENCHMARK_NOT_FX_HEDGED
,VRTX,Biotech,515.4400024414062,0.0017102085023861,-0.0762062116581782,-0.0019363333499973,0.1374097737462098,-0.0647210207181616,0.015534262076242,0.1161805400387776,-0.0757221283206788,0.0064708200927178,0.0832522962843548,-0.0777833943382226,-0.1366723934235225,-0.0001505023321466,0.6129545454545455,NEUTRAL,2026-09-14,2026-09-11,CORE,SPY,SPY,AVAILABLE,-0.0647210207181616,0.015534262076242,0.1161805400387776,-0.0647210207181616,0.015534262076242,0.1161805400387776,LOCAL_CURRENCY_ASSET_VS_USD_BENCHMARK_NOT_FX_HEDGED
,JPM,Financials,356.2300109863281,0.0075517972795886,-0.0161022665071474,-0.0189473565662844,0.0806148193139262,-0.0046170755671308,-0.001476761140045,0.0593855856064939,-0.0113654273655763,0.1362371984725489,0.0408199113325256,-0.0322092559037336,-0.2509282711400764,-0.0632371480678405,0.6118181818181818,WEAKENING,2026-09-14,2026-09-11,CORE,SPY,SPY,AVAILABLE,-0.0046170755671308,-0.001476761140045,0.0593855856064939,-0.0046170755671308,-0.001476761140045,0.0593855856064939,LOCAL_CURRENCY_ASSET_VS_USD_BENCHMARK_NOT_FX_HEDGED
,COPX,Copper,88.52999877929688,-0.00090285329538,-0.0298082325556506,0.0351964716368415,-0.0106822375158122,-0.0183230416156341,0.052667067063081,-0.0319114712232444,-0.038607350464861,0.0806755341653353,0.1233911643993954,-0.0821150691502397,0.1669383436489087,0.0230121351383501,0.605909090909091,NEUTRAL,2026-09-14,2026-09-11,CORE,SPY,SPY,AVAILABLE,-0.0183230416156341,0.052667067063081,-0.0319114712232444,-0.0183230416156341,0.052667067063081,-0.0319114712232444,LOCAL_CURRENCY_ASSET_VS_USD_BENCHMARK_NOT_FX_HEDGED
,CEG,Nuclear_Power,284.75,-0.0042661860177479,-0.0010524041600262,0.0234988090774688,0.0641333113603537,0.0104327867799902,0.0409694045037082,0.0429040776529214,-0.0069271064293934,0.0699584741367937,0.0971116937488309,-0.0540171368873686,0.0810253894447906,0.0169283508878285,0.6045454545454546,NEUTRAL,2026-09-14,2026-09-11,CORE,SPY,SPY,AVAILABLE,0.0104327867799902,0.0409694045037082,0.0429040776529214,0.0104327867799902,0.0409694045037082,0.0429040776529214,LOCAL_CURRENCY_ASSET_VS_USD_BENCHMARK_NOT_FX_HEDGED
,PRY.MI,Power_Grid,127.25,0.0295307570464342,0.0621869512392543,-0.0256508878021058,-0.1387478849407784,0.0775928985141299,0.0048994655544574,-0.1418240705396085,0.0685996731897808,0.0614116403122805,0.1194652566136287,-0.1064479530925855,-0.3512936246632906,-0.0131859516318477,0.6043181818181819,EMERGING,2026-09-14,2026-09-11,CORE,^STOXX,SPY,AVAILABLE,0.0775928985141299,0.0048994655544574,-0.1418240705396085,0.0736721421792708,-0.0081802923758664,-0.1517383236080223,LOCAL_CURRENCY_ASSET_VS_USD_BENCHMARK_NOT_FX_HEDGED
,MRVL,AI_Networking,236.1000061035156,0.0402714095843828,0.1305847054223683,0.0626519663633589,-0.1525523520279472,0.1420698963623848,0.0801225617895983,-0.1737815857353795,0.1149217138315286,0.0741609738181266,0.2299799305348493,-0.177403289724721,0.2150981813533435,0.0202032013242265,0.6038636363636364,EMERGING,2026-09-14,2026-09-11,CORE,SPY,SPY,AVAILABLE,0.1420698963623848,0.0801225617895983,-0.1737815857353795,0.1420698963623848,0.0801225617895983,-0.1737815857353795,LOCAL_CURRENCY_ASSET_VS_USD_BENCHMARK_NOT_FX_HEDGED
,SNDK,Memory,1633.3499755859375,-0.0349996109102918,0.0503925979226089,0.0688693819444961,-0.1798599404785036,0.0618777888626255,0.0863399773707355,-0.2010891741859358,0.0331752524364849,0.0927175522013866,0.2246837932482967,-0.1712958335824018,0.27761170962837,0.0284194975667852,0.6027272727272728,EMERGING,2026-09-14,2026-09-11,CORE,SPY,SPY,AVAILABLE,0.0618777888626255,0.0863399773707355,-0.2010891741859358,0.0618777888626255,0.0863399773707355,-0.2010891741859358,LOCAL_CURRENCY_ASSET_VS_USD_BENCHMARK_NOT_FX_HEDGED
,4503.T,Biotech,2240.5,0.0060619667714414,-0.0488219061770325,-0.0492255463611287,0.0506447831184055,-0.0332945769710153,0.0192098661049358,0.1349183244743705,-0.0365155195867503,0.1861958266452648,0.0728063428814024,-0.079942160710597,-0.4570274524044692,-0.1258900108704186,0.6015909090909092,NEUTRAL,2026-09-14,2026-09-11,CORE,^N225,SPY,AVAILABLE,-0.0332945769710153,0.0192098661049358,0.1349183244743705,-0.0615392194861316,-0.0199085667649528,0.0139205375728521,LOCAL_CURRENCY_ASSET_VS_USD_BENCHMARK_NOT_FX_HEDGED
,EWU,Market_EU,47.93999862670898,0.0086261278759109,-0.0152013490925988,-0.0066307440106444,0.0307460837837467,-0.0037161581525823,0.0108398514155949,0.0095168500763145,-0.0135436630899377,0.0689654605425421,0.0272393503026556,-0.0376594580550125,-0.0847633290566107,-0.0167879303049755,0.5925,NEUTRAL,2026-09-14,2026-09-11,CORE,SPY,SPY,AVAILABLE,-0.0037161581525823,0.0108398514155949,0.0095168500763145,-0.0037161581525823,0.0108398514155949,0.0095168500763145,LOCAL_CURRENCY_ASSET_VS_USD_BENCHMARK_NOT_FX_HEDGED
,5801.T,AI_Networking,3981.0,-0.0106858846918489,0.0356399583766908,-0.0187330539807739,-0.1608347386172006,0.051167287582708,0.0497023584852905,-0.0765611972612356,0.0403232218718843,0.0209597352454495,0.2693112257302983,-0.1728479853479854,-0.4434218243732674,-0.0014579409035438,0.5886363636363637,EMERGING,2026-09-14,2026-09-11,CORE,^N225,SPY,AVAILABLE,0.051167287582708,0.0497023584852905,-0.0765611972612356,0.1133396055539107,-0.0141518808569033,-0.0872117157428066,LOCAL_CURRENCY_ASSET_VS_USD_BENCHMARK_NOT_FX_HEDGED
,CHKP,Cybersecurity,131.63999938964844,0.0086583781348126,-0.0419911514350102,-0.0192952128460751,0.0793702884375324,-0.0305059604949936,-0.0018246174198357,0.0581410547301002,-0.0371673482234914,0.0550243274968304,0.1000099603755642,-0.0604708727508638,-0.2265368546478778,-0.010616003713795,0.5804545454545454,WEAKENING,2026-09-14,2026-09-11,CORE,SPY,SPY,AVAILABLE,-0.0305059604949936,-0.0018246174198357,0.0581410547301002,-0.0305059604949936,-0.0018246174198357,0.0581410547301002,LOCAL_CURRENCY_ASSET_VS_USD_BENCHMARK_NOT_FX_HEDGED
,BNTX,Biotech,96.7300033569336,0.0034232554546806,-0.0597783248509957,0.0500434267575247,0.0807821604126659,-0.0482931339109792,0.0675140221837641,0.0595529267052337,-0.0722891815403769,0.0755613812890911,0.2579133026591013,-0.1730290659839546,0.2993563230070081,0.0146613238295663,0.5770454545454545,NEUTRAL,2026-09-14,2026-09-11,CORE,SPY,SPY,AVAILABLE,-0.0482931339109792,0.0675140221837641,0.0595529267052337,-0.0482931339109792,0.0675140221837641,0.0595529267052337,LOCAL_CURRENCY_ASSET_VS_USD_BENCHMARK_NOT_FX_HEDGED
,2359.HK,Biotech,188.8000030517578,-0.0115183086295402,-0.0120355990491802,-0.0407886633614856,0.5457004683061808,0.0209160438996872,-0.028397827932673,0.5254031890865001,-0.0018384332088088,0.1247190752886523,0.0901734529999902,-0.0861568370082198,-0.6085001304523847,-0.0564148782979972,0.5770454545454545,WEAKENING,2026-09-14,2026-09-11,CORE,^HSI,SPY,AVAILABLE,0.0209160438996872,-0.028397827932673,0.5254031890865001,-0.0062046839323538,-0.0506971259897917,0.497225617400524,LOCAL_CURRENCY_ASSET_VS_USD_BENCHMARK_NOT_FX_HEDGED
,373220.KS,EV,360000.0,-0.0136986301369863,0.0041841004184099,-0.015047879616963,-0.1346153846153845,-0.0291183077029701,-0.0292215910000208,0.0858581163786682,0.0079460703226507,0.0260047281323877,0.1629728213313022,-0.0806878306878307,-0.2996978914251104,-0.0024011121315285,0.5736363636363637,NEUTRAL,2026-09-14,2026-09-11,CORE,^KS11,SPY,AVAILABLE,-0.0291183077029701,-0.0292215910000208,0.0858581163786682,-0.0035626886769465,0.0147991404974967,-0.1330420792495777,LOCAL_CURRENCY_ASSET_VS_USD_BENCHMARK_NOT_FX_HEDGED
,REGN,Biotech,781.489990234375,-0.0148375304267859,-0.0734821423661151,-0.0292410465510352,0.2727580517235157,-0.0619969514260986,-0.0117704511247958,0.2515288180160835,-0.0661718807283563,0.0977838288723413,0.0818955827333678,-0.0827905550708255,-0.4054926375580249,-0.0349139892111615,0.5711363636363636,WEAKENING,2026-09-14,2026-09-11,CORE,SPY,SPY,AVAILABLE,-0.0619969514260986,-0.0117704511247958,0.2515288180160835,-0.0619969514260986,-0.0117704511247958,0.2515288180160835,LOCAL_CURRENCY_ASSET_VS_USD_BENCHMARK_NOT_FX_HEDGED
,EQIX,AI_Infrastructure,1037.719970703125,0.0135864791100901,-0.002987986013922,-0.0289647379838841,-0.047504110655772,0.0084972049260945,-0.0114941425576446,-0.0687333443632043,0.0042531984820489,0.1306155373222202,0.0635604944135754,-0.0707649126868155,-0.3077088858595697,-0.0595219538499107,0.5672727272727273,WEAKENING,2026-09-14,2026-09-11,CORE,SPY,SPY,AVAILABLE,0.0084972049260945,-0.0114941425576446,-0.0687333443632043,0.0084972049260945,-0.0114941425576446,-0.0687333443632043,LOCAL_CURRENCY_ASSET_VS_USD_BENCHMARK_NOT_FX_HEDGED
,SCCO,Copper,193.4900054931641,-0.0033480678815693,-0.0302711037091406,0.0314516193318017,0.0121536879396846,-0.0187859127691241,0.0489222147580411,-0.0090755457677476,-0.038134008542091,0.0548226345711125,0.1579639041784946,-0.1192990069146554,0.1430383209742685,0.0109155356868664,0.5661363636363637,NEUTRAL,2026-09-14,2026-09-11,CORE,SPY,SPY,AVAILABLE,-0.0187859127691241,0.0489222147580411,-0.0090755457677476,-0.0187859127691241,0.0489222147580411,-0.0090755457677476,LOCAL_CURRENCY_ASSET_VS_USD_BENCHMARK_NOT_FX_HEDGED
,INTC,Semiconductor,102.94000244140624,0.0261164548898737,0.1229410330268647,-0.0154934502200966,-0.1205467769540538,0.1344262239668813,0.0019771452061427,-0.141776010661486,0.1268143955818889,0.0304969075949559,0.1639616173640389,-0.1654552010932157,-0.3429328505421238,-0.0028817861599904,0.5631818181818181,EMERGING,2026-09-14,2026-09-11,CORE,SPY,SPY,AVAILABLE,0.1344262239668813,0.0019771452061427,-0.141776010661486,0.1344262239668813,0.0019771452061427,-0.141776010661486,LOCAL_CURRENCY_ASSET_VS_USD_BENCHMARK_NOT_FX_HEDGED
,VST,Power,148.3800048828125,0.0090445549367759,0.0288448455616308,0.0135246657710117,-0.0631877503641814,0.0403300365016473,0.0309952611972511,-0.0844169840716136,0.0254636791188778,0.0425808814264112,0.0921020799423565,-0.0841828178603537,0.019658349888293,0.006252759871305,0.5613636363636364,EMERGING,2026-09-14,2026-09-11,CORE,SPY,SPY,AVAILABLE,0.0403300365016473,0.0309952611972511,-0.0844169840716136,0.0403300365016473,0.0309952611972511,-0.0844169840716136,LOCAL_CURRENCY_ASSET_VS_USD_BENCHMARK_NOT_FX_HEDGED
,QQQ,Factor_Growth,714.8800048828125,0.0087344289041497,-0.0038875501188309,-0.0234813641720376,-0.0194480505862795,0.0075976408211856,-0.0060107687457982,-0.0406772842937117,0.0019827909241784,0.1965244792964108,0.0357119226013322,-0.0351742316204409,-0.2216549074948672,-0.1292191103401119,0.5602272727272728,NEUTRAL,2026-09-14,2026-09-11,CORE,SPY,SPY,AVAILABLE,0.0075976408211856,-0.0060107687457982,-0.0406772842937117,0.0075976408211856,-0.0060107687457982,-0.0406772842937117,LOCAL_CURRENCY_ASSET_VS_USD_BENCHMARK_NOT_FX_HEDGED
,NXPI,Analog_Semiconductor,236.6199951171875,0.0448182710371112,0.0516911388953977,0.0203095656966163,-0.2161424294905539,0.0631763298354143,0.0377801611228557,-0.2373716631979862,0.0466137474712436,0.0750835791735099,0.0749665580634138,-0.0524477545279516,-0.0462023265920736,0.020341268471624,0.5561363636363637,EMERGING,2026-09-14,2026-09-11,CORE,SPY,SPY,AVAILABLE,0.0631763298354143,0.0377801611228557,-0.2373716631979862,0.0631763298354143,0.0377801611228557,-0.2373716631979862,LOCAL_CURRENCY_ASSET_VS_USD_BENCHMARK_NOT_FX_HEDGED
,CLOU,Cloud_AI,27.1299991607666,-0.0014722456906521,-0.0463972431203713,-0.0680179116478915,0.1983215500072452,-0.0349120521803547,-0.050547316221652,0.177092316299813,-0.0293927652083984,0.2444444967722261,0.089337944513753,-0.0680179116478915,-0.6843463754938225,-0.1861090970333105,0.5556818181818182,WEAKENING,2026-09-14,2026-09-11,CORE,SPY,SPY,AVAILABLE,-0.0349120521803547,-0.050547316221652,0.177092316299813,-0.0349120521803547,-0.050547316221652,0.177092316299813,LOCAL_CURRENCY_ASSET_VS_USD_BENCHMARK_NOT_FX_HEDGED
,AIR.PA,Defense,199.3999938964844,0.0184901171711024,0.0121827101344385,-0.0634100534853182,0.0388662673762101,0.0275886574093141,-0.0328597001287549,0.0357900817773799,0.028035223505768,0.3286269324200845,0.055125995222724,-0.091086330887346,-0.6177422610730818,-0.378011340698366,0.5515909090909091,WEAKENING,2026-09-14,2026-09-11,CORE,^STOXX,SPY,AVAILABLE,0.0275886574093141,-0.0328597001287549,0.0357900817773799,0.023667901074455,-0.0459394580590788,0.0548635380816118,LOCAL_CURRENCY_ASSET_VS_USD_BENCHMARK_NOT_FX_HEDGED
,SU.PA,Power_Grid,291.1000061035156,0.0128740858928615,0.0130502868291191,-0.0586903602149858,0.0003436635859643,0.0284562341039947,-0.0281400068584225,-0.0027325220128657,0.0277228768828655,0.2141589886683583,0.0850988611629716,-0.0727566693613581,-0.5459059442335441,-0.1476996050999105,0.55,NEUTRAL,2026-09-14,2026-09-11,CORE,^STOXX,SPY,AVAILABLE,0.0284562341039947,-0.0281400068584225,-0.0027325220128657,0.0245354777691356,-0.0412197647887464,0.0298629969219228,LOCAL_CURRENCY_ASSET_VS_USD_BENCHMARK_NOT_FX_HEDGED
,ETN,Power_Grid,425.3699951171875,0.0396431662291723,0.0711371886264846,-0.0616769070726826,0.0458820934954027,0.0826223795665012,-0.0442063116464432,0.0246528597879704,0.0865564153946553,0.1743359266999547,0.1071544666590713,-0.1420509514897155,-0.5651047878403902,-0.1003458006534986,0.5479545454545456,NEUTRAL,2026-09-14,2026-09-11,CORE,SPY,SPY,AVAILABLE,0.0826223795665012,-0.0442063116464432,0.0246528597879704,0.0826223795665012,-0.0442063116464432,0.0246528597879704,LOCAL_CURRENCY_ASSET_VS_USD_BENCHMARK_NOT_FX_HEDGED
,F,Auto,13.970000267028809,0.0064841607958097,-0.0305343223485404,0.0057595336017766,-0.0200346706571884,-0.0190491314085239,0.023230129028016,-0.0412639043646206,-0.0319742057489846,0.0139860069905026,0.113574549997167,-0.0800273656260157,-0.0545562057595862,0.000709251123764,0.5429545454545456,NEUTRAL,2026-09-14,2026-09-11,CORE,SPY,SPY,AVAILABLE,-0.0190491314085239,0.023230129028016,-0.0412639043646206,-0.0190491314085239,0.023230129028016,-0.0412639043646206,LOCAL_CURRENCY_ASSET_VS_USD_BENCHMARK_NOT_FX_HEDGED
,TXN,Analog_Semiconductor,268.70001220703125,0.0381732656024385,0.0585825563121329,-0.017298689227405,-0.1165621629952251,0.0700677472521494,0.0001719061988343,-0.1377913967026574,0.0629072286189842,0.0579441404608554,0.086500827280207,-0.1045208968981364,-0.2401374520172562,-0.0115878392137736,0.5363636363636364,NEUTRAL,2026-09-14,2026-09-11,CORE,SPY,SPY,AVAILABLE,0.0700677472521494,0.0001719061988343,-0.1377913967026574,0.0700677472521494,0.0001719061988343,-0.1377913967026574,LOCAL_CURRENCY_ASSET_VS_USD_BENCHMARK_NOT_FX_HEDGED
,NVDA,AI_Semiconductor,218.2899932861328,-0.000320605074295,-0.0434044479542412,-0.0300299862537577,0.0536341065144732,-0.0319192570142247,-0.0125593908275183,0.0324048728070409,-0.0358969513908018,0.0797418546388476,0.1252600702539467,-0.0746560490042619,-0.3220739124862634,-0.0191173994537839,0.5322727272727273,WEAKENING,2026-09-14,2026-09-11,CORE,SPY,SPY,AVAILABLE,-0.0319192570142247,-0.0125593908275183,0.0324048728070409,-0.0319192570142247,-0.0125593908275183,0.0324048728070409,LOCAL_CURRENCY_ASSET_VS_USD_BENCHMARK_NOT_FX_HEDGED
,TSLA,EV,365.4400024414063,0.0051710993933249,-0.0290405526943721,0.0749500283173616,-0.0969208739825242,-0.0175553617543555,0.092420623743601,-0.1181501076899564,-0.0477780597737125,0.1459670932473377,0.1430254431866186,-0.0592236597871772,0.4405296452561615,0.0764915495351143,0.5322727272727272,NEUTRAL,2026-09-14,2026-09-11,CORE,SPY,SPY,AVAILABLE,-0.0175553617543555,0.092420623743601,-0.1181501076899564,-0.0175553617543555,0.092420623743601,-0.1181501076899564,LOCAL_CURRENCY_ASSET_VS_USD_BENCHMARK_NOT_FX_HEDGED
,AMZN,Cloud_AI,256.7799987792969,0.0194132335602736,-0.0081884710975896,-0.0314940065241062,0.0438211332491742,0.0032967198424268,-0.0140234110978668,0.022591899541742,-0.0003149694665631,0.1263430818212672,0.0738675002718177,-0.0545734102234748,-0.3347351964618539,-0.0538673953837962,0.5275000000000001,WEAKENING,2026-09-14,2026-09-11,CORE,SPY,SPY,AVAILABLE,0.0032967198424268,-0.0140234110978668,0.022591899541742,0.0032967198424268,-0.0140234110978668,0.022591899541742,LOCAL_CURRENCY_ASSET_VS_USD_BENCHMARK_NOT_FX_HEDGED
,6501.T,Power_Grid,5199.0,0.0032805866460825,-0.0331039613167193,-0.0984914166811167,0.1059349074664965,-0.0175766321107021,-0.0300560042150521,0.1902084488224615,-0.0084811071464401,0.3353010625737898,0.0929847799667188,-0.1029998265996184,-0.8824968669059926,-0.355157872927122,0.5275,WEAKENING,2026-09-14,2026-09-11,CORE,^N225,SPY,AVAILABLE,-0.0175766321107021,-0.0300560042150521,0.1902084488224615,-0.0171022530061718,-0.0707440660960334,0.0833418589080343,LOCAL_CURRENCY_ASSET_VS_USD_BENCHMARK_NOT_FX_HEDGED
,GS,Financials,1029.1800537109375,0.0092276042631778,-0.0084302405241238,-0.0080655588729677,-0.0517566593482133,0.0030549504158926,0.0094050365532716,-0.0729858930556456,-0.0064138508058819,0.0344316151679115,0.0717098304865384,-0.0485511119699242,-0.1711483591511977,-0.003872693846073,0.5193181818181818,NEUTRAL,2026-09-14,2026-09-11,CORE,SPY,SPY,AVAILABLE,0.0030549504158926,0.0094050365532716,-0.0729858930556456,0.0030549504158926,0.0094050365532716,-0.0729858930556456,LOCAL_CURRENCY_ASSET_VS_USD_BENCHMARK_NOT_FX_HEDGED
,EWG,Market_EU,42.869998931884766,0.0058657908555921,-0.0239070874507224,-0.0247952724132993,0.0263346531497736,-0.0124218965107059,-0.0073246769870599,0.0051054194423414,-0.0177082693473976,0.2014784928229496,0.033545536854877,-0.0441803367114093,-0.2381162541064803,-0.1489233615958572,0.519090909090909,WEAKENING,2026-09-14,2026-09-11,CORE,SPY,SPY,AVAILABLE,-0.0124218965107059,-0.0073246769870599,0.0051054194423414,-0.0124218965107059,-0.0073246769870599,0.0051054194423414,LOCAL_CURRENCY_ASSET_VS_USD_BENCHMARK_NOT_FX_HEDGED
,FXI,Market_CN,34.4900016784668,0.0040757848781618,-0.0240520223670358,-0.0106138532818871,-0.0020254540521609,-0.0125668314270193,0.0068567421443522,-0.0232546877595931,-0.021398559046564,0.0772439596040682,0.0424842672793636,-0.0426422114951879,-0.1463991103189325,-0.0192978744050938,0.5175,NEUTRAL,2026-09-14,2026-09-11,CORE,SPY,SPY,AVAILABLE,-0.0125668314270193,0.0068567421443522,-0.0232546877595931,-0.0125668314270193,0.0068567421443522,-0.0232546877595931,LOCAL_CURRENCY_ASSET_VS_USD_BENCHMARK_NOT_FX_HEDGED
,NVT,Power_Grid,162.3800048828125,0.046465211052056,0.0676573659852097,-0.0448796533765939,-0.028355165905943,0.0791425569252263,-0.0274090579503545,-0.0495843996133752,0.0788772793293582,0.0925856354961934,0.1412866951742706,-0.1687828143384909,-0.4444924784479246,-0.0294097842942364,0.5163636363636364,NEUTRAL,2026-09-14,2026-09-11,CORE,SPY,SPY,AVAILABLE,0.0791425569252263,-0.0274090579503545,-0.0495843996133752,0.0791425569252263,-0.0274090579503545,-0.0495843996133752,LOCAL_CURRENCY_ASSET_VS_USD_BENCHMARK_NOT_FX_HEDGED
,RSP,Factor_Breadth,214.8699951171875,0.0079748415013582,-0.0235401402532674,-0.0352893672209581,0.016647739209725,-0.0120549493132509,-0.0178187717947186,-0.0045814944977071,-0.0147177984480279,0.3169350794778794,0.0285625099956519,-0.0430938004192622,-0.3237806918209899,-0.391577575171126,0.5134090909090909,WEAKENING,2026-09-14,2026-09-11,CORE,SPY,SPY,AVAILABLE,-0.0120549493132509,-0.0178187717947186,-0.0045814944977071,-0.0120549493132509,-0.0178187717947186,-0.0045814944977071,LOCAL_CURRENCY_ASSET_VS_USD_BENCHMARK_NOT_FX_HEDGED
,FTNT,Cybersecurity,156.07000732421875,-0.0175007785488233,-0.0018546513494552,-0.0566368168454667,0.0615562698188072,0.0096305395905612,-0.0391662214192273,0.040327036111375,0.0123045528619114,0.1173743792215894,0.1504919129760171,-0.1055678065865899,-0.6253777704352845,-0.0441732122800706,0.5129545454545454,WEAKENING,2026-09-14,2026-09-11,CORE,SPY,SPY,AVAILABLE,0.0096305395905612,-0.0391662214192273,0.040327036111375,0.0096305395905612,-0.0391662214192273,0.040327036111375,LOCAL_CURRENCY_ASSET_VS_USD_BENCHMARK_NOT_FX_HEDGED
,ABBN.SW,Power_Grid,78.66000366210938,0.0102748914139034,0.0186480499694705,-0.0550215559730764,-0.0944047535185597,0.0616845153088503,-0.0066723972968906,-0.0950904697500858,0.0324034389627396,0.2287709775039528,0.075626677759119,-0.0723209610471005,-0.4938213830696924,-0.1664404085532023,0.5084090909090909,WEAKENING,2026-09-14,2026-09-11,CORE,^SSMI,SPY,AVAILABLE,0.0616845153088503,-0.0066723972968906,-0.0950904697500858,0.0301332409094871,-0.037550960546837,-0.0850234873983404,LOCAL_CURRENCY_ASSET_VS_USD_BENCHMARK_NOT_FX_HEDGED
,IWM,Factor_SmallCap,288.8900146484375,0.0041362613518065,-0.0213421448587821,-0.0481383372374382,-0.0109215696743359,-0.0098569539187656,-0.0306677418111988,-0.0321508033817682,-0.0093075605494226,0.3406388704285842,0.0363842736583311,-0.0569995225657932,-0.4202107704886711,-0.4506834181947864,0.5072727272727273,WEAKENING,2026-09-14,2026-09-11,CORE,SPY,SPY,AVAILABLE,-0.0098569539187656,-0.0306677418111988,-0.0321508033817682,-0.0098569539187656,-0.0306677418111988,-0.0321508033817682,LOCAL_CURRENCY_ASSET_VS_USD_BENCHMARK_NOT_FX_HEDGED
,FEZ,Market_EU,69.69999694824219,0.0095596179600629,-0.0126080101405348,-0.0324820091275261,0.0139459608721981,-0.0011228192005182,-0.0150114137012867,-0.0072832728352341,-0.0044875078586532,0.332386163517923,0.0267536613576019,-0.0424410211283441,-0.3003808642355847,-0.4035548724692518,0.5070454545454546,WEAKENING,2026-09-14,2026-09-11,CORE,SPY,SPY,AVAILABLE,-0.0011228192005182,-0.0150114137012867,-0.0072832728352341,-0.0011228192005182,-0.0150114137012867,-0.0072832728352341,LOCAL_CURRENCY_ASSET_VS_USD_BENCHMARK_NOT_FX_HEDGED
,PWR,Power_Grid,650.5800170898438,0.0514764721712113,0.0492210748176282,-0.0329974304234811,-0.0953865328721849,0.0607062657576448,-0.0155268349972417,-0.1166157665796171,0.0574704324234985,0.0752594015540401,0.1222400213111593,-0.1655937004275781,-0.3778917688014551,-0.0203154976566218,0.5068181818181818,WEAKENING,2026-09-14,2026-09-11,CORE,SPY,SPY,AVAILABLE,0.0607062657576448,-0.0155268349972417,-0.1166157665796171,0.0607062657576448,-0.0155268349972417,-0.1166157665796171,LOCAL_CURRENCY_ASSET_VS_USD_BENCHMARK_NOT_FX_HEDGED
,MTUM,Factor_Momentum,307.0400085449219,0.0128319799662137,0.0254491843412685,-0.0284466356646517,-0.058303879649637,0.036934375281285,-0.0109760402384123,-0.0795331133570692,0.0325608432574314,0.1424943574780708,0.0597491237577436,-0.0793306353572576,-0.2889762744139484,-0.0678417492427575,0.5056818181818182,WEAKENING,2026-09-14,2026-09-11,CORE,SPY,SPY,AVAILABLE,0.036934375281285,-0.0109760402384123,-0.0795331133570692,0.036934375281285,-0.0109760402384123,-0.0795331133570692,LOCAL_CURRENCY_ASSET_VS_USD_BENCHMARK_NOT_FX_HEDGED
,SMH,Semiconductor,568.530029296875,0.0147247796969549,0.0288274600338995,-0.0349503768179125,-0.0770616407518263,0.0403126509739161,-0.0174797813916731,-0.0982908744592585,0.0375650542383777,0.1205995047979402,0.0872833203690873,-0.0822294275402351,-0.3659622378319518,-0.0482909921267668,0.5052272727272727,WEAKENING,2026-09-14,2026-09-11,CORE,SPY,SPY,AVAILABLE,0.0403126509739161,-0.0174797813916731,-0.0982908744592585,0.0403126509739161,-0.0174797813916731,-0.0982908744592585,LOCAL_CURRENCY_ASSET_VS_USD_BENCHMARK_NOT_FX_HEDGED
,1810.HK,Consumer_Tech,26.36000061035156,0.0169753291960841,-0.0731364235107943,0.0288836747415308,0.0369787777827048,-0.0401847805619267,0.0412745101703434,0.0166814985630241,-0.080357342196177,0.061564048282902,0.1174798074891914,-0.1068228922319119,0.0988811679390964,0.0151361836930048,0.5029545454545454,NEUTRAL,2026-09-14,2026-09-11,CORE,^HSI,SPY,AVAILABLE,-0.0401847805619267,0.0412745101703434,0.0166814985630241,-0.027873406096656,0.0360177926886192,-0.0113330238438575,LOCAL_CURRENCY_ASSET_VS_USD_BENCHMARK_NOT_FX_HEDGED
,005930.KS,Memory,259500.0,-0.0353159851301114,0.0156555772994129,-0.0317164179104477,-0.2502563023749558,-0.0176468308219672,-0.0458901292935055,-0.0297828013809029,0.0235846817770248,0.0546623794212218,0.1884642450827631,-0.1119005328596802,-0.4689729888742306,-0.0091990651539319,0.5018181818181819,WEAKENING,2026-09-14,2026-09-11,CORE,^KS11,SPY,AVAILABLE,-0.0176468308219672,-0.0458901292935055,-0.0297828013809029,0.0494851909400165,0.0262706173784996,-0.2275034970653867,LOCAL_CURRENCY_ASSET_VS_USD_BENCHMARK_NOT_FX_HEDGED
,SAN.PA,Biotech,73.26000213623047,-0.0042136408845949,-0.0394649880597519,-0.041475836141409,-0.0010907309197508,-0.0240590407848763,-0.0109254827848457,-0.004166916518581,-0.0290960290243997,0.2406981728864223,0.0452373300007368,-0.0719533839562749,-0.3648750540196438,-0.220684067295996,0.5018181818181818,WEAKENING,2026-09-14,2026-09-11,CORE,^STOXX,SPY,AVAILABLE,-0.0240590407848763,-0.0109254827848457,-0.004166916518581,-0.0279797971197354,-0.0240052407151696,-0.0529501088027745,LOCAL_CURRENCY_ASSET_VS_USD_BENCHMARK_NOT_FX_HEDGED
,6273.T,Industrials,68160.0,0.0070921985815601,0.0151921358355675,-0.10820358497972,-0.0611570247933884,0.0307194650415847,-0.0397681725136555,0.0231165165625765,0.0422430320804975,0.3464599916212819,0.1041746251995852,-0.1541038525963148,-0.9714419990121472,-0.3598593522524688,0.5018181818181818,WEAKENING,2026-09-14,2026-09-11,CORE,^N225,SPY,AVAILABLE,0.0307194650415847,-0.0397681725136555,0.0231165165625765,0.0284950387466415,-0.1011121021038266,0.0074097601642522,LOCAL_CURRENCY_ASSET_VS_USD_BENCHMARK_NOT_FX_HEDGED
,WCLD,Software,38.77999877929688,-0.0023154143313871,-0.0760067273915796,-0.0737998622262873,0.2756578705895307,-0.0645215364515631,-0.0563292668000479,0.2544286368820985,-0.0575567618350078,0.2106340382941665,0.1101600501808697,-0.1012746834773842,-0.778456981447245,-0.1411107110132336,0.4959090909090909,WEAKENING,2026-09-14,2026-09-11,CORE,SPY,SPY,AVAILABLE,-0.0645215364515631,-0.0563292668000479,0.2544286368820985,-0.0645215364515631,-0.0563292668000479,0.2544286368820985,LOCAL_CURRENCY_ASSET_VS_USD_BENCHMARK_NOT_FX_HEDGED
,051910.KS,EV,273000.0,-0.0267379679144385,-0.0319148936170212,-0.0090744101633394,-0.2437673130193905,-0.0652173017384014,-0.0232481215463972,-0.0232938120253377,-0.0296462910761864,0.0158730158730158,0.165281466791301,-0.0998217468805704,-0.3341153935039975,-0.0008714725211315,0.495,WEAKENING,2026-09-14,2026-09-11,CORE,^KS11,SPY,AVAILABLE,-0.0652173017384014,-0.0232481215463972,-0.0232938120253377,-0.0372952968648615,0.0015406299157473,-0.2417377314234908,LOCAL_CURRENCY_ASSET_VS_USD_BENCHMARK_NOT_FX_HEDGED
,VGK,Market_EU,90.0199966430664,0.0067098913711391,-0.0187486511963654,-0.025546662486659,0.0137327435364889,-0.0072634602563489,-0.0080760670604196,-0.0074964901709433,-0.0123619855747007,0.2473796930006254,0.027191618529257,-0.0404550292273181,-0.2356871305765102,-0.2324144668453827,0.4938636363636364,WEAKENING,2026-09-14,2026-09-11,CORE,SPY,SPY,AVAILABLE,-0.0072634602563489,-0.0080760670604196,-0.0074964901709433,-0.0072634602563489,-0.0080760670604196,-0.0074964901709433,LOCAL_CURRENCY_ASSET_VS_USD_BENCHMARK_NOT_FX_HEDGED
,EMR,Power_Grid,152.19000244140625,0.0257464949109258,0.0131815168034092,-0.070055888444643,0.0261818285827049,0.0246667077434258,-0.0525852930184036,0.0049525948752726,0.03069548891457,0.2739872387007658,0.07164827718758,-0.0979193670588424,-0.673022989536596,-0.267897850208238,0.4936363636363636,NEUTRAL,2026-09-14,2026-09-11,CORE,SPY,SPY,AVAILABLE,0.0246667077434258,-0.0525852930184036,0.0049525948752726,0.0246667077434258,-0.0525852930184036,0.0049525948752726,LOCAL_CURRENCY_ASSET_VS_USD_BENCHMARK_NOT_FX_HEDGED
,DLR,AI_Infrastructure,188.5800018310547,0.0173167545903956,0.0042068724275321,-0.0455511687245334,-0.0098188246109329,0.0156920633675486,-0.028080573298294,-0.0310480583183652,0.0155946646086655,0.1918160514038295,0.0667073718532291,-0.0843366981702412,-0.4205154664949829,-0.1309817053022853,0.4913636363636364,NEUTRAL,2026-09-14,2026-09-11,CORE,SPY,SPY,AVAILABLE,0.0156920633675486,-0.028080573298294,-0.0310480583183652,0.0156920633675486,-0.028080573298294,-0.0310480583183652,LOCAL_CURRENCY_ASSET_VS_USD_BENCHMARK_NOT_FX_HEDGED
,6857.T,Semiconductor_Equipment,31720.0,-0.0648584905660377,-0.0414022363251738,-0.1396799566042853,0.0552228875582168,-0.0258749071191566,-0.0712445441382207,0.1394964289141818,-0.0064822471741024,0.2694924123495552,0.1409925511654744,-0.1604023292747485,-1.2801913961911908,-0.2669835260870704,0.4909090909090909,WEAKENING,2026-09-14,2026-09-11,CORE,^N225,SPY,AVAILABLE,-0.0258749071191566,-0.0712445441382207,0.1394964289141818,-0.0058630122817926,-0.0999473233272386,0.1277996407870187,LOCAL_CURRENCY_ASSET_VS_USD_BENCHMARK_NOT_FX_HEDGED
,ROP.SW,Biotech,344.20001220703125,-0.003762627476031,-0.0345020695454943,-0.0499585321440322,0.0789969034703172,0.0085343957938853,-0.0016093734678463,0.0783111872387911,-0.0220124365094863,0.2131917949735478,0.0587904326814277,-0.0835995564063716,-0.4766058797874442,-0.1811646667025559,0.4906818181818183,WEAKENING,2026-09-14,2026-09-11,CORE,^SSMI,SPY,AVAILABLE,0.0085343957938853,-0.0016093734678463,0.0783111872387911,-0.0230168786054778,-0.0324879367177928,0.0411164829809358,LOCAL_CURRENCY_ASSET_VS_USD_BENCHMARK_NOT_FX_HEDGED
,SKYY,Cloud_AI,158.47000122070312,0.0118766400811098,-0.0332479075715039,-0.0618080765795886,0.1710759137118456,-0.0217627166314874,-0.0443374811533492,0.1498466800044133,-0.0177958884266068,0.2404423434023107,0.0752224725764909,-0.072819861376375,-0.629264246566269,-0.1975643483252146,0.4870454545454545,WEAKENING,2026-09-14,2026-09-11,CORE,SPY,SPY,AVAILABLE,-0.0217627166314874,-0.0443374811533492,0.1498466800044133,-0.0217627166314874,-0.0443374811533492,0.1498466800044133,LOCAL_CURRENCY_ASSET_VS_USD_BENCHMARK_NOT_FX_HEDGED
,GOOGL,Cloud_AI,338.5,0.017739007180439,-0.0109858284881129,-0.0220649653322264,-0.0925182445920738,0.0004993624519036,-0.004594369905987,-0.113747478299506,-0.0054695871550562,0.1151442374051069,0.0543354117996646,-0.0494095230140558,-0.2706083816478496,-0.0467587071193416,0.4861363636363637,WEAKENING,2026-09-14,2026-09-11,CORE,SPY,SPY,AVAILABLE,0.0004993624519036,-0.004594369905987,-0.113747478299506,0.0004993624519036,-0.004594369905987,-0.113747478299506,LOCAL_CURRENCY_ASSET_VS_USD_BENCHMARK_NOT_FX_HEDGED
,HACK,Cybersecurity,109.9000015258789,-0.0054298504445348,-0.0146148773537021,-0.0983673633916498,0.1458658881200365,-0.0031296864136856,-0.0808967679654104,0.1246366544126043,0.0099769634942103,0.2641549235287622,0.119668664726139,-0.1132168604549995,-0.929338296707774,-0.2171347312507576,0.4843181818181818,NEUTRAL,2026-09-14,2026-09-11,CORE,SPY,SPY,AVAILABLE,-0.0031296864136856,-0.0808967679654104,0.1246366544126043,-0.0031296864136856,-0.0808967679654104,0.1246366544126043,LOCAL_CURRENCY_ASSET_VS_USD_BENCHMARK_NOT_FX_HEDGED
,5803.T,AI_Networking,4982.0,-0.0435784219619889,-0.0140510587769642,-0.1205648720211827,0.0534996828082046,0.0014762704290529,-0.0521294595551181,0.1377732241641696,0.0160901592283314,0.1614275584968092,0.2085790784695286,-0.1854228364593616,-1.1924129523684797,-0.0933098998886557,0.4843181818181817,WEAKENING,2026-09-14,2026-09-11,CORE,^N225,SPY,AVAILABLE,0.0014762704290529,-0.0521294595551181,0.1377732241641696,0.0177465522811598,-0.117598849018205,0.1375406275173394,LOCAL_CURRENCY_ASSET_VS_USD_BENCHMARK_NOT_FX_HEDGED
,CIBR,Cybersecurity,94.4000015258789,0.0025488302297731,-0.0096516803597437,-0.0763208968226631,0.1104980468092649,0.0018335105802728,-0.0588503013964237,0.0892688131018326,0.009428543845922,0.220214402752268,0.1109678747174572,-0.0953033087535435,-0.7322445077221472,-0.1514578949458443,0.4825,NEUTRAL,2026-09-14,2026-09-11,CORE,SPY,SPY,AVAILABLE,0.0018335105802728,-0.0588503013964237,0.0892688131018326,0.0018335105802728,-0.0588503013964237,0.0892688131018326,LOCAL_CURRENCY_ASSET_VS_USD_BENCHMARK_NOT_FX_HEDGED
,6861.T,Industrials,76000.0,-0.0065359477124182,-0.0221307256819351,-0.1330139174081679,0.0052910052910053,-0.006603396475918,-0.0645785049421033,0.0895645466469703,0.0111227536701067,0.456538762725137,0.0913487376878465,-0.1330139174081679,-1.1421336091196532,-0.6647711924193105,0.4765909090909091,WEAKENING,2026-09-14,2026-09-11,CORE,^N225,SPY,AVAILABLE,-0.006603396475918,-0.0645785049421033,0.0895645466469703,-0.013905934989709,-0.105235164703046,0.0135015726369547,LOCAL_CURRENCY_ASSET_VS_USD_BENCHMARK_NOT_FX_HEDGED
,IGV,Software,101.5199966430664,0.0031620524157514,-0.0507713928014752,-0.0447873747732645,0.1110867198355651,-0.0392862018614587,-0.0273167793470251,0.0898574861281329,-0.0395745491081591,0.1360778067303118,0.1090319552008005,-0.0826686255602836,-0.4572007612608494,-0.0558970782201435,0.4761363636363637,WEAKENING,2026-09-14,2026-09-11,CORE,SPY,SPY,AVAILABLE,-0.0392862018614587,-0.0273167793470251,0.0898574861281329,-0.0392862018614587,-0.0273167793470251,0.0898574861281329,LOCAL_CURRENCY_ASSET_VS_USD_BENCHMARK_NOT_FX_HEDGED
,SOXX,Semiconductor,527.0700073242188,0.0186305679703377,0.0495220918213257,-0.0429785076984933,-0.1085345781240515,0.0610072827613422,-0.0255079122722539,-0.1297638118314837,0.060266718745949,0.1372729544574446,0.0954099032449203,-0.1051831414941038,-0.4600101219576038,-0.061836209128095,0.4754545454545454,WEAKENING,2026-09-14,2026-09-11,CORE,SPY,SPY,AVAILABLE,0.0610072827613422,-0.0255079122722539,-0.1297638118314837,0.0610072827613422,-0.0255079122722539,-0.1297638118314837,LOCAL_CURRENCY_ASSET_VS_USD_BENCHMARK_NOT_FX_HEDGED
,7013.T,Defense,2665.0,0.0005631687629059,0.0154315107639551,-0.1198811096433288,-0.0862334990570889,0.0309588399699722,-0.0514456971772643,-0.001959957701124,0.0454017881747873,0.2587312900926586,0.1464234897659806,-0.141347424042272,-1.0343609429139224,-0.2118307261036493,0.4704545454545455,WEAKENING,2026-09-14,2026-09-11,CORE,^N225,SPY,AVAILABLE,0.0309588399699722,-0.0514456971772643,-0.001959957701124,0.0211461115689234,-0.0867310852460294,0.0636657396804634,LOCAL_CURRENCY_ASSET_VS_USD_BENCHMARK_NOT_FX_HEDGED
,GRID,Power_Grid,180.77999877929688,0.0199728795780778,0.0182494402145341,-0.0394772204958583,-0.055229408497562,0.0297346311545506,-0.0220066250696189,-0.0764586422049943,0.0281187453384987,0.199785006677512,0.0560795436266806,-0.0725686889482088,-0.372943423230678,-0.1406387472208732,0.4688636363636363,WEAKENING,2026-09-14,2026-09-11,CORE,SPY,SPY,AVAILABLE,0.0297346311545506,-0.0220066250696189,-0.0764586422049943,0.0297346311545506,-0.0220066250696189,-0.0764586422049943,LOCAL_CURRENCY_ASSET_VS_USD_BENCHMARK_NOT_FX_HEDGED
,TER,Semiconductor_Equipment,379.7200012207031,0.0257435336352858,0.1219051314994232,-0.0746714783359612,-0.0720267718124514,0.1333903224394398,-0.0572008829097218,-0.0932560055198836,0.1405730010834135,0.1247338615335861,0.1749394599845684,-0.2429932244987267,-0.7445286522358456,-0.0532416290760676,0.4670454545454546,NEUTRAL,2026-09-14,2026-09-11,CORE,SPY,SPY,AVAILABLE,0.1333903224394398,-0.0572008829097218,-0.0932560055198836,0.1333903224394398,-0.0572008829097218,-0.0932560055198836,LOCAL_CURRENCY_ASSET_VS_USD_BENCHMARK_NOT_FX_HEDGED
,SAF.PA,Defense,330.20001220703125,0.0254658764193516,-0.0039215318038272,-0.0776535971870635,-0.0098950158709707,0.0114844154710483,-0.0471032438305002,-0.0129712014698009,0.0154918674929386,0.3341344196415799,0.0668060394513125,-0.1082802698494193,-0.7365174495253832,-0.3883891313163413,0.4670454545454546,WEAKENING,2026-09-14,2026-09-11,CORE,^STOXX,SPY,AVAILABLE,0.0114844154710483,-0.0471032438305002,-0.0129712014698009,0.0075636591361892,-0.0601830017608241,-0.002093393562274,LOCAL_CURRENCY_ASSET_VS_USD_BENCHMARK_NOT_FX_HEDGED
,CRWD,Cybersecurity,206.7400054931641,-0.0101503165325683,-0.0382843916863059,-0.0833148290153659,0.2170304697018639,-0.0267992007462893,-0.0658442335891265,0.1958012359944316,-0.0174556844324644,0.1192334025218683,0.2661891886686485,-0.1780250703400884,-0.875315414146433,-0.0373189857699121,0.4652272727272727,WEAKENING,2026-09-14,2026-09-11,CORE,SPY,SPY,AVAILABLE,-0.0267992007462893,-0.0658442335891265,0.1958012359944316,-0.0267992007462893,-0.0658442335891265,0.1958012359944316,LOCAL_CURRENCY_ASSET_VS_USD_BENCHMARK_NOT_FX_HEDGED
,SIE.DE,Industrials,264.6499938964844,0.0253777126620515,-0.021988219042224,-0.0684618507186669,-0.0438944885560179,-0.0065822717673483,-0.0379114973621036,-0.0469706741548481,-0.0048727563625572,0.2845650205474681,0.0692680113757836,-0.1095394146331705,-0.5895846822214004,-0.2812531725616433,0.4638636363636363,WEAKENING,2026-09-14,2026-09-11,CORE,^STOXX,SPY,AVAILABLE,-0.0065822717673483,-0.0379114973621036,-0.0469706741548481,-0.0105030281022074,-0.0509912552924275,-0.0519928091405628,LOCAL_CURRENCY_ASSET_VS_USD_BENCHMARK_NOT_FX_HEDGED
,PLTR,Software_AI,167.22999572753906,0.0082599488251899,-0.0838218547859497,-0.0658063747320377,0.2550093487995426,-0.0723366638459331,-0.0483357793057983,0.2337801150921103,-0.0673702611029402,0.1350607499934395,0.1446758223465406,-0.1100976700014736,-0.7372807021905432,-0.0614329207292794,0.4620454545454545,WEAKENING,2026-09-14,2026-09-11,CORE,SPY,SPY,AVAILABLE,-0.0723366638459331,-0.0483357793057983,0.2337801150921103,-0.0723366638459331,-0.0483357793057983,0.2337801150921103,LOCAL_CURRENCY_ASSET_VS_USD_BENCHMARK_NOT_FX_HEDGED
,6645.T,Industrials,6003.0,-0.0044776119402984,-0.0344217468232266,-0.1429183323814963,0.0681494661921708,-0.0188944176172094,-0.0744829199154317,0.1524230075481358,0.0013078362721474,0.4623556581986143,0.1035078616268697,-0.1509300014198494,-1.2605151200197735,-0.6383969159279925,0.4620454545454545,WEAKENING,2026-09-14,2026-09-11,CORE,^N225,SPY,AVAILABLE,-0.0188944176172094,-0.0744829199154317,0.1524230075481358,-0.0193511022469385,-0.1252029264246603,0.0604005437012418,LOCAL_CURRENCY_ASSET_VS_USD_BENCHMARK_NOT_FX_HEDGED
,CCJ,Uranium,96.68000030517578,-0.0075959544003093,-0.0391572483985057,-0.0109462884380994,-0.103819032567572,-0.0276720574584892,0.0065243069881399,-0.1250482662750043,-0.0364206762889809,0.0254216872929628,0.1329857073629152,-0.1033904471965031,-0.2218526788025031,-0.0020925039781345,0.4584090909090909,NEUTRAL,2026-09-14,2026-09-11,CORE,SPY,SPY,AVAILABLE,-0.0276720574584892,0.0065243069881399,-0.1250482662750043,-0.0276720574584892,0.0065243069881399,-0.1250482662750043,LOCAL_CURRENCY_ASSET_VS_USD_BENCHMARK_NOT_FX_HEDGED
,MCHI,Market_CN,52.959999084472656,0.0030303001841676,-0.0259334168679784,-0.026828356001412,-0.0216146676622136,-0.0144482259279619,-0.0093577605751726,-0.0428439013696458,-0.0192263278676254,0.2097700109946605,0.0348167262492045,-0.0513834103160626,-0.2671145429398015,-0.1616402556950184,0.4552272727272727,WEAKENING,2026-09-14,2026-09-11,CORE,SPY,SPY,AVAILABLE,-0.0144482259279619,-0.0093577605751726,-0.0428439013696458,-0.0144482259279619,-0.0093577605751726,-0.0428439013696458,LOCAL_CURRENCY_ASSET_VS_USD_BENCHMARK_NOT_FX_HEDGED
,XLU,Utilities,42.38999938964844,-0.0030574098474991,-0.0148733304160901,-0.0374659739232012,-0.0532472610091911,-0.0033881394760736,-0.0199953784969618,-0.0744764947166234,-0.0055068369352898,0.270049322594743,0.0389296825520325,-0.046942039417504,-0.3343521701806083,-0.2598957971154729,0.4493181818181818,WEAKENING,2026-09-14,2026-09-11,CORE,SPY,SPY,AVAILABLE,-0.0033881394760736,-0.0199953784969618,-0.0744764947166234,-0.0033881394760736,-0.0199953784969618,-0.0744764947166234,LOCAL_CURRENCY_ASSET_VS_USD_BENCHMARK_NOT_FX_HEDGED
,ORCL,Cloud_AI,150.27999877929688,-0.0173924651474257,-0.024409209755363,-0.0380233158045772,-0.1992629031582721,-0.0129240188153465,-0.0205527203783378,-0.2204921368657043,-0.0149033808042187,0.0759979805922893,0.1372922436864712,-0.0953782728207388,-0.6056433148503181,-0.021047767441035,0.4429545454545455,WEAKENING,2026-09-14,2026-09-11,CORE,SPY,SPY,AVAILABLE,-0.0129240188153465,-0.0205527203783378,-0.2204921368657043,-0.0129240188153465,-0.0205527203783378,-0.2204921368657043,LOCAL_CURRENCY_ASSET_VS_USD_BENCHMARK_NOT_FX_HEDGED
,BOTZ,Industrials,35.279998779296875,0.0149597377121144,-0.0148004069720434,-0.0671602574305401,-0.0681721365288564,-0.0033152160320268,-0.0496896620043006,-0.0894013702362886,0.0019896573855915,0.3060246567686617,0.0625356589563255,-0.0809096086193196,-0.6217461423109416,-0.3286556034058882,0.4347727272727272,WEAKENING,2026-09-14,2026-09-11,CORE,SPY,SPY,AVAILABLE,-0.0033152160320268,-0.0496896620043006,-0.0894013702362886,-0.0033152160320268,-0.0496896620043006,-0.0894013702362886,LOCAL_CURRENCY_ASSET_VS_USD_BENCHMARK_NOT_FX_HEDGED
,S,Cybersecurity,19.75,-0.0030287464694551,-0.0025252140902591,-0.1715604079869903,0.3140386128334109,0.0089599768497573,-0.1540898125607509,0.2928093791259787,0.0403648879064884,0.3143737032662736,0.1776882638491725,-0.1849832138920264,-1.5614735739625054,-0.3035320376506346,0.4331818181818181,NEUTRAL,2026-09-14,2026-09-11,CORE,SPY,SPY,AVAILABLE,0.0089599768497573,-0.1540898125607509,0.2928093791259787,0.0089599768497573,-0.1540898125607509,0.2928093791259787,LOCAL_CURRENCY_ASSET_VS_USD_BENCHMARK_NOT_FX_HEDGED
,CAT,Industrials,818.5700073242188,0.0168571519555511,0.0230334595675469,-0.0421600389550861,-0.1326036911513288,0.0345186505075635,-0.0246894435288467,-0.1538329248587611,0.0335734693063185,0.1436887716516535,0.0853468064869475,-0.1162479991282768,-0.449972585010678,-0.0709800923971145,0.4318181818181818,WEAKENING,2026-09-14,2026-09-11,CORE,SPY,SPY,AVAILABLE,0.0345186505075635,-0.0246894435288467,-0.1538329248587611,0.0345186505075635,-0.0246894435288467,-0.1538329248587611,LOCAL_CURRENCY_ASSET_VS_USD_BENCHMARK_NOT_FX_HEDGED
,MCHP,Analog_Semiconductor,74.19999694824219,0.0366023337547727,0.0149089909559689,-0.0391759246416054,-0.2194245782238255,0.0263941818959855,-0.021705329215366,-0.2406538119312578,0.0247029721163703,0.1237302224224716,0.0854578142462109,-0.1049135381577279,-0.5339480056040319,-0.0567209202840891,0.4311363636363636,WEAKENING,2026-09-14,2026-09-11,CORE,SPY,SPY,AVAILABLE,0.0263941818959855,-0.021705329215366,-0.2406538119312578,0.0263941818959855,-0.021705329215366,-0.2406538119312578,LOCAL_CURRENCY_ASSET_VS_USD_BENCHMARK_NOT_FX_HEDGED
,7011.T,Defense,3705.0,-0.0048348106365834,-0.0130527437400106,-0.1290550070521862,-0.0401554404145078,0.0024745854660065,-0.0606195945861216,0.0441181009414571,0.0192110080230359,0.3567251461988304,0.1060206988446223,-0.1521739130434782,-1.1159346787528226,-0.4342280965894362,0.4306818181818181,WEAKENING,2026-09-14,2026-09-11,CORE,^N225,SPY,AVAILABLE,0.0024745854660065,-0.0606195945861216,0.0441181009414571,-0.0122302240797462,-0.1119936902880462,0.0135680902419477,LOCAL_CURRENCY_ASSET_VS_USD_BENCHMARK_NOT_FX_HEDGED
,ASML,Semiconductor_Equipment,1698.300048828125,0.0064417455960812,0.0316549786334863,-0.0809567474481597,-0.0573169954967957,0.0431401695735028,-0.0634861520219203,-0.0785462292042279,0.0518941654955262,0.2676302338963545,0.0920898600503575,-0.1258178205984124,-0.7489627834049221,-0.2352753413154411,0.4297727272727272,WEAKENING,2026-09-14,2026-09-11,CORE,SPY,SPY,AVAILABLE,0.0431401695735028,-0.0634861520219203,-0.0785462292042279,0.0431401695735028,-0.0634861520219203,-0.0785462292042279,LOCAL_CURRENCY_ASSET_VS_USD_BENCHMARK_NOT_FX_HEDGED
,COHR,AI_Networking,305.3699951171875,0.0416140162044929,0.1549108993146155,-0.0668032122214302,-0.202293573666537,0.1663960902546321,-0.0493326167951908,-0.2235228073739692,0.1716117023699731,0.0993185333985742,0.2230917545178824,-0.2471670100133142,-0.7687931220982438,-0.0297402164346434,0.4275,WEAKENING,2026-09-14,2026-09-11,CORE,SPY,SPY,AVAILABLE,0.1663960902546321,-0.0493326167951908,-0.2235228073739692,0.1663960902546321,-0.0493326167951908,-0.2235228073739692,LOCAL_CURRENCY_ASSET_VS_USD_BENCHMARK_NOT_FX_HEDGED
,012450.KS,Defense,1081000.0,0.0131208997188378,0.0246445497630332,-0.0877637130801687,-0.1168300653594771,-0.0086578583583469,-0.1019374244632265,0.1036434356345756,0.0465854780330753,0.2023346303501945,0.1319456159424834,-0.1350210970464135,-0.8796196006390057,-0.1345830122311697,0.4261363636363636,NEUTRAL,2026-09-14,2026-09-11,CORE,^KS11,SPY,AVAILABLE,-0.0086578583583469,-0.1019374244632265,0.1036434356345756,0.0439589254194817,-0.0542638526544773,-0.0302591478952178,LOCAL_CURRENCY_ASSET_VS_USD_BENCHMARK_NOT_FX_HEDGED
,ARM,AI_Semiconductor,264.7900085449219,0.0417421361825052,0.0915124800781563,-0.0497397654948857,-0.3319119670193942,0.1029976710181729,-0.0322691700686463,-0.3531412007268264,0.1039474214518778,0.1013008217124809,0.1486025119598101,-0.1596764769802188,-0.7318326330974276,-0.0339070924842828,0.4254545454545454,WEAKENING,2026-09-14,2026-09-11,CORE,SPY,SPY,AVAILABLE,0.1029976710181729,-0.0322691700686463,-0.3531412007268264,0.1029976710181729,-0.0322691700686463,-0.3531412007268264,LOCAL_CURRENCY_ASSET_VS_USD_BENCHMARK_NOT_FX_HEDGED
,URA,Uranium,43.52999877929688,-0.0326666937934028,-0.0474836312344735,-0.0380110767006215,-0.0906622153629743,-0.0359984402944569,-0.0205404812743821,-0.1118914490704066,-0.0379808620593181,0.0772686907295325,0.1379351359574195,-0.1000620272785955,-0.450361950032149,-0.0212930962766697,0.421590909090909,WEAKENING,2026-09-14,2026-09-11,CORE,SPY,SPY,AVAILABLE,-0.0359984402944569,-0.0205404812743821,-0.1118914490704066,-0.0359984402944569,-0.0205404812743821,-0.1118914490704066,LOCAL_CURRENCY_ASSET_VS_USD_BENCHMARK_NOT_FX_HEDGED
,4519.T,Biotech,6422.0,0.000623247117482,-0.0548933038999264,-0.0737054666089715,-0.1530031513826059,-0.0393659746939092,-0.005270054142907,-0.0687296100266409,-0.0364669372476835,0.3328990228013029,0.0621182635186575,-0.0961836361075905,-0.6764805607768943,-0.394996196277622,0.4168181818181818,WEAKENING,2026-09-14,2026-09-11,CORE,^N225,SPY,AVAILABLE,-0.0393659746939092,-0.005270054142907,-0.0687296100266409,-0.0548131516014199,-0.0874771397653981,-0.163307033134084,LOCAL_CURRENCY_ASSET_VS_USD_BENCHMARK_NOT_FX_HEDGED
,009150.KS,MLCC,1400000.0,0.0,-0.0007137758743754,-0.0685296074517631,-0.3110236220472441,-0.0340161839957556,-0.0827033188348209,-0.0905501210531912,0.0164186259885653,0.119906868451688,0.1636678275789633,-0.1553273427471116,-0.9687793133045,-0.0502063890461301,0.4147727272727273,WEAKENING,2026-09-14,2026-09-11,CORE,^KS11,SPY,AVAILABLE,-0.0340161839957556,-0.0827033188348209,-0.0905501210531912,0.050060858595803,0.0593041786558656,-0.2162392787828333,LOCAL_CURRENCY_ASSET_VS_USD_BENCHMARK_NOT_FX_HEDGED
,6981.T,MLCC,7352.0,-0.0229900332225914,0.0223890974829648,-0.1072252580449302,-0.3233317993557294,0.0379164266889819,-0.0387898455788656,-0.2390582579997644,0.0491954119941973,0.2056836710924761,0.1753960873881883,-0.1675512665862485,-1.197453890782202,-0.1257410301274743,0.4131818181818182,WEAKENING,2026-09-14,2026-09-11,CORE,^N225,SPY,AVAILABLE,0.0379164266889819,-0.0387898455788656,-0.2390582579997644,0.0768380383534349,-0.0979186477454607,-0.1737620418489233,LOCAL_CURRENCY_ASSET_VS_USD_BENCHMARK_NOT_FX_HEDGED
,PANW,Cybersecurity,330.6499938964844,-0.023161678525448,-0.0038862702158037,-0.1650252679381707,0.1813147592234993,0.0075989207242127,-0.1475546725119313,0.1600855255160671,0.0373700467687388,0.3055023373602573,0.1911150783635299,-0.1705050227617977,-1.5692535450943588,-0.2637971085814367,0.4115909090909091,WEAKENING,2026-09-14,2026-09-11,CORE,SPY,SPY,AVAILABLE,0.0075989207242127,-0.1475546725119313,0.1600855255160671,0.0075989207242127,-0.1475546725119313,0.1600855255160671,LOCAL_CURRENCY_ASSET_VS_USD_BENCHMARK_NOT_FX_HEDGED
,4063.T,Semiconductor_Materials,5738.0,-0.00416522040958,-0.0082958866228828,-0.0994978028876334,-0.2398993244138296,0.0072314425831343,-0.0310623904215688,-0.1556257830578646,0.0165785640990255,0.5774134790528234,0.0478288268906799,-0.1069694596711041,-0.9494046737956529,-1.20118715549462,0.4013636363636363,WEAKENING,2026-09-14,2026-09-11,CORE,^N225,SPY,AVAILABLE,0.0072314425831343,-0.0310623904215688,-0.1556257830578646,-0.0091667974539073,-0.0828743402902861,-0.2347671766341076,LOCAL_CURRENCY_ASSET_VS_USD_BENCHMARK_NOT_FX_HEDGED
,AMGN,Biotech,377.3500061035156,-0.0133866580407518,-0.1503422267580041,-0.0916253918993881,0.0911776754227351,-0.1388570358179875,-0.0741547964731487,0.0699484417153029,-0.1274358787831571,0.2610820444525199,0.1223874028160753,-0.1503422267580041,-0.9197613522019304,-0.1954592065067789,0.3970454545454546,WEAKENING,2026-09-14,2026-09-11,CORE,SPY,SPY,AVAILABLE,-0.1388570358179875,-0.0741547964731487,0.0699484417153029,-0.1388570358179875,-0.0741547964731487,0.0699484417153029,LOCAL_CURRENCY_ASSET_VS_USD_BENCHMARK_NOT_FX_HEDGED
,NVO,Pharma,43.06999969482422,-0.0213587517054973,-0.0934539840784759,-0.0663450328715119,0.0016157264394962,-0.0819687931384594,-0.0488744374452725,-0.0196135072679359,-0.0768677258605979,0.1903253156155006,0.0899548783860607,-0.1148787540098026,-0.7024947264360881,-0.1403719236504237,0.3961363636363636,WEAKENING,2026-09-14,2026-09-11,CORE,SPY,SPY,AVAILABLE,-0.0819687931384594,-0.0488744374452725,-0.0196135072679359,-0.0819687931384594,-0.0488744374452725,-0.0196135072679359,LOCAL_CURRENCY_ASSET_VS_USD_BENCHMARK_NOT_FX_HEDGED
,0700.HK,Internet_AI,428.3999938964844,0.0065789185921387,-0.0325203123158556,-0.0263636502352627,-0.03816793945433,0.0004313306330119,-0.0139728148064501,-0.0584652186740107,-0.0259293997570399,0.1062271799321738,0.0676358676978256,-0.0687089581979965,-0.2698404150602227,-0.0414060810119567,0.3927272727272727,WEAKENING,2026-09-14,2026-09-11,CORE,^HSI,SPY,AVAILABLE,0.0004313306330119,-0.0139728148064501,-0.0584652186740107,0.0008616202621513,-0.0111008469853606,-0.0830262546043903,LOCAL_CURRENCY_ASSET_VS_USD_BENCHMARK_NOT_FX_HEDGED
,GD,Defense,355.8999938964844,0.0046577103641054,-0.027250119861591,-0.0943098492581027,-0.0182462549487005,-0.0157649289215745,-0.0768392538318633,-0.0394754886561328,-0.0036726575470654,0.5424476975112431,0.0442647097412888,-0.1089241131045695,-0.8305647870197523,-1.1557324306810348,0.3924999999999999,WEAKENING,2026-09-14,2026-09-11,CORE,SPY,SPY,AVAILABLE,-0.0157649289215745,-0.0768392538318633,-0.0394754886561328,-0.0157649289215745,-0.0768392538318633,-0.0394754886561328,LOCAL_CURRENCY_ASSET_VS_USD_BENCHMARK_NOT_FX_HEDGED
,XLI,Industrials,172.3699951171875,0.0106713106588298,-0.0125458436757318,-0.0722320827488127,-0.039232259446175,-0.0010606527357153,-0.0547614873225733,-0.0604614931536072,0.0055121770114713,0.4722026401679863,0.0381200987205443,-0.0855717759108783,-0.6185439040663863,-0.8947558197282345,0.3911363636363636,WEAKENING,2026-09-14,2026-09-11,CORE,SPY,SPY,AVAILABLE,-0.0010606527357153,-0.0547614873225733,-0.0604614931536072,-0.0010606527357153,-0.0547614873225733,-0.0604614931536072,LOCAL_CURRENCY_ASSET_VS_USD_BENCHMARK_NOT_FX_HEDGED
,IFX.DE,Semiconductor,58.560001373291016,0.0494624045513851,0.0545651478588509,-0.0630399780273437,-0.2859407407889786,0.0699710951337265,-0.0324896246707804,-0.2890169263878087,0.0703251423656868,0.1625411350576996,0.1271575517878745,-0.1334400024414063,-0.7415195834588142,-0.080581840704753,0.3897727272727272,WEAKENING,2026-09-14,2026-09-11,CORE,^STOXX,SPY,AVAILABLE,0.0699710951337265,-0.0324896246707804,-0.2890169263878087,0.0660503387988674,-0.0455693826011043,-0.2825813745378969,LOCAL_CURRENCY_ASSET_VS_USD_BENCHMARK_NOT_FX_HEDGED
,RTX,Defense,197.67999267578125,-0.0022208886142258,-0.0220155944171237,-0.1004322803090087,0.0619300647757243,-0.0105304034771072,-0.0829616848827693,0.0407008310682921,0.0030924756601284,0.4821930367034106,0.0589692173088194,-0.1239079416415788,-0.9510106692247704,-0.8212377310628852,0.389090909090909,WEAKENING,2026-09-14,2026-09-11,CORE,SPY,SPY,AVAILABLE,-0.0105304034771072,-0.0829616848827693,0.0407008310682921,-0.0105304034771072,-0.0829616848827693,0.0407008310682921,LOCAL_CURRENCY_ASSET_VS_USD_BENCHMARK_NOT_FX_HEDGED
,ASM.AS,Semiconductor_Equipment,830.2000122070312,0.0116988019823409,0.0684684841789333,-0.0854813578204573,-0.2244745332022127,0.083874431453809,-0.0549310044638939,-0.2275507188010429,0.0898388236340476,0.254927523794476,0.1136359479953865,-0.1440845886228396,-0.8116593429769239,-0.191766349154261,0.3884090909090909,WEAKENING,2026-09-14,2026-09-11,CORE,^STOXX,SPY,AVAILABLE,0.083874431453809,-0.0549310044638939,-0.2275507188010429,0.0799536751189499,-0.0680107623942178,-0.1807756778596148,LOCAL_CURRENCY_ASSET_VS_USD_BENCHMARK_NOT_FX_HEDGED
,COST,Consumer,904.77001953125,0.0026485678267527,-0.0223035781029535,-0.0593439283708622,-0.0815578387846819,-0.010818387162937,-0.0418733329446228,-0.1027870724921141,-0.007467596010238,0.3262458207513996,0.0525615685658729,-0.071052108087893,-0.5364318168526319,-0.3683434331625843,0.3879545454545454,WEAKENING,2026-09-14,2026-09-11,CORE,SPY,SPY,AVAILABLE,-0.010818387162937,-0.0418733329446228,-0.1027870724921141,-0.010818387162937,-0.0418733329446228,-0.1027870724921141,LOCAL_CURRENCY_ASSET_VS_USD_BENCHMARK_NOT_FX_HEDGED
,EWQ,Market_EU,44.93000030517578,0.0069475880930489,-0.0177088181803094,-0.0515093663020249,-0.0262245145314007,-0.0062236272402929,-0.0340387708757855,-0.0474537482388329,-0.0048314766048032,0.4841255244249774,0.029826738581667,-0.060037965357696,-0.4413101535162788,-0.8360618746661624,0.3872727272727272,WEAKENING,2026-09-14,2026-09-11,CORE,SPY,SPY,AVAILABLE,-0.0062236272402929,-0.0340387708757855,-0.0474537482388329,-0.0062236272402929,-0.0340387708757855,-0.0474537482388329,LOCAL_CURRENCY_ASSET_VS_USD_BENCHMARK_NOT_FX_HEDGED
,ON,Analog_Semiconductor,76.13999938964844,0.0850791132462254,0.0338085242658767,-0.0664541237271557,-0.3561099417365883,0.0452937152058933,-0.0489835283009163,-0.3773391754440205,0.0504220551976657,0.160449921989551,0.1347773940859731,-0.1584312727226809,-0.8601603438290415,-0.0791123692531447,0.3863636363636363,WEAKENING,2026-09-14,2026-09-11,CORE,SPY,SPY,AVAILABLE,0.0452937152058933,-0.0489835283009163,-0.3773391754440205,0.0452937152058933,-0.0489835283009163,-0.3773391754440205,LOCAL_CURRENCY_ASSET_VS_USD_BENCHMARK_NOT_FX_HEDGED
,NOVN.SW,Biotech,112.04000091552734,-0.0008917288627194,-0.1468169763430684,-0.0945530721693013,-0.0508302266474376,-0.1037805110036886,-0.0462039134931154,-0.0515159428789637,-0.1231787083007431,0.2692130522007981,0.1590600820731215,-0.1497106500578421,-0.81918334766814,-0.1600333711757929,0.3834090909090909,WEAKENING,2026-09-14,2026-09-11,CORE,^SSMI,SPY,AVAILABLE,-0.1037805110036886,-0.0462039134931154,-0.0515159428789637,-0.1353317854030519,-0.0770824767430619,-0.0852225188202714,LOCAL_CURRENCY_ASSET_VS_USD_BENCHMARK_NOT_FX_HEDGED
,068270.KS,Biotech,178200.0,-0.0143805309734513,-0.0526315789473684,-0.1178217821782178,0.0206185567010308,-0.0859339870687486,-0.1319954935612756,0.2410920576950836,-0.023176133402814,0.6197916666666666,0.0487476022618514,-0.1178217821782178,-1.0223956824306009,-1.4980215509598904,0.3829545454545455,WEAKENING,2026-09-14,2026-09-11,CORE,^KS11,SPY,AVAILABLE,-0.0859339870687486,-0.1319954935612756,0.2410920576950836,-0.0360829544367873,-0.107206742099131,-0.0029842757813696,LOCAL_CURRENCY_ASSET_VS_USD_BENCHMARK_NOT_FX_HEDGED
,207940.KS,Biotech,1415000.0,-0.005621925509487,-0.0221147201105735,-0.0952685421994884,0.032846715328467,-0.0554171282319537,-0.1094422535825462,0.2533202163225199,0.0017024154392985,0.3232104121475054,0.0896936128092794,-0.1150719199499686,-0.8489068425040859,-0.3432996377842754,0.3813636363636364,WEAKENING,2026-09-14,2026-09-11,CORE,^KS11,SPY,AVAILABLE,-0.0554171282319537,-0.1094422535825462,0.2533202163225199,-0.0304917894255893,-0.0758923840655226,0.0596220134145148,LOCAL_CURRENCY_ASSET_VS_USD_BENCHMARK_NOT_FX_HEDGED
,IFRA,Power_Grid,58.380001068115234,0.0053384083850553,-0.0091649205297276,-0.0490307599195178,-0.0632220578626897,0.0023202704102889,-0.0315601644932784,-0.0844512915701219,0.0030927694501518,0.3528719116278466,0.0350143681561665,-0.0650459004319188,-0.4226765985027256,-0.4941279506801329,0.3813636363636363,WEAKENING,2026-09-14,2026-09-11,CORE,SPY,SPY,AVAILABLE,0.0023202704102889,-0.0315601644932784,-0.0844512915701219,0.0023202704102889,-0.0315601644932784,-0.0844512915701219,LOCAL_CURRENCY_ASSET_VS_USD_BENCHMARK_NOT_FX_HEDGED
,GEV,Power_Grid,957.27001953125,0.0361074643162231,0.0163828168646618,-0.0878104291467722,-0.0255305712607446,0.0278680078046783,-0.0703398337205328,-0.0467598049681768,0.0383354241513548,0.2205653936145594,0.1204227164913102,-0.1672566920325533,-0.8038430230064298,-0.1608329593662573,0.379090909090909,WEAKENING,2026-09-14,2026-09-11,CORE,SPY,SPY,AVAILABLE,0.0278680078046783,-0.0703398337205328,-0.0467598049681768,0.0278680078046783,-0.0703398337205328,-0.0467598049681768,LOCAL_CURRENCY_ASSET_VS_USD_BENCHMARK_NOT_FX_HEDGED
,DRIV,EV,34.2130012512207,0.0103358326061717,-0.0080313254208692,-0.0432070639856322,-0.1355288091745206,0.0034538655191472,-0.0257364685593928,-0.1567580428819528,0.0027704405755387,0.220745782517888,0.0589956000808236,-0.0619667480961912,-0.4608863439909387,-0.1616692962990824,0.3736363636363636,WEAKENING,2026-09-14,2026-09-11,CORE,SPY,SPY,AVAILABLE,0.0034538655191472,-0.0257364685593928,-0.1567580428819528,0.0034538655191472,-0.0257364685593928,-0.1567580428819528,LOCAL_CURRENCY_ASSET_VS_USD_BENCHMARK_NOT_FX_HEDGED
,LRCX,Semiconductor_Equipment,298.2200012207031,0.000704645643424,0.0189981462756114,-0.1151004641431824,-0.1919909303891991,0.030483337215628,-0.097629868716943,-0.2132201640966313,0.047773262311407,0.2418179815395316,0.1451869669147809,-0.16147042114063,-1.088829634343515,-0.1917070278746486,0.3695454545454545,WEAKENING,2026-09-14,2026-09-11,CORE,SPY,SPY,AVAILABLE,0.030483337215628,-0.097629868716943,-0.2132201640966313,0.030483337215628,-0.097629868716943,-0.2132201640966313,LOCAL_CURRENCY_ASSET_VS_USD_BENCHMARK_NOT_FX_HEDGED
,NRG,Power,113.45999908447266,0.0162113527439067,0.0144850035732091,-0.0525261036787252,-0.1380564652652166,0.0259701945132256,-0.0350555082524858,-0.1592856989726488,0.0276165294928904,0.1015991167598128,0.1453148209833069,-0.1325253169410938,-0.548461016260367,-0.0367244421765201,0.3643181818181817,WEAKENING,2026-09-14,2026-09-11,CORE,SPY,SPY,AVAILABLE,0.0259701945132256,-0.0350555082524858,-0.1592856989726488,0.0259701945132256,-0.0350555082524858,-0.1592856989726488,LOCAL_CURRENCY_ASSET_VS_USD_BENCHMARK_NOT_FX_HEDGED
,LLY,Pharma,1115.699951171875,-0.0065004887160508,-0.0378579038792064,-0.0758488713195488,-0.0046336661525651,-0.0263727129391898,-0.0583782758933094,-0.0258628998599973,-0.0188956860493191,0.2850609953053641,0.0845812259748595,-0.1285908579312001,-0.7168085375954354,-0.2556306615556242,0.3640909090909091,WEAKENING,2026-09-14,2026-09-11,CORE,SPY,SPY,AVAILABLE,-0.0263727129391898,-0.0583782758933094,-0.0258628998599973,-0.0263727129391898,-0.0583782758933094,-0.0258628998599973,LOCAL_CURRENCY_ASSET_VS_USD_BENCHMARK_NOT_FX_HEDGED
,2015.HK,EV,46.34000015258789,-0.0030120350909474,-0.0309493841840512,-0.0235987980086411,-0.1402597617675622,0.0020022587648163,-0.0112079625798285,-0.160557040987243,-0.0250496846818909,0.054054009271262,0.1204030030446997,-0.1042968764260876,-0.4081965508856864,-0.0105945002540855,0.3575,WEAKENING,2026-09-14,2026-09-11,CORE,^HSI,SPY,AVAILABLE,0.0020022587648163,-0.0112079625798285,-0.160557040987243,0.0106227305129761,-0.0215173975335795,-0.2000135583058989,LOCAL_CURRENCY_ASSET_VS_USD_BENCHMARK_NOT_FX_HEDGED
,LDO.MI,Defense,50.0,-0.0005996158310779,-0.0126382187472786,-0.1568296687472528,-0.0230613482322837,0.0027677285275969,-0.1262793153906894,-0.0261375338311139,0.0265691984395345,0.5730129081555786,0.0770325888699355,-0.1878965072021354,-1.342942644842253,-1.1665896978442625,0.3556818181818182,WEAKENING,2026-09-14,2026-09-11,CORE,^STOXX,SPY,AVAILABLE,0.0027677285275969,-0.1262793153906894,-0.0261375338311139,-0.0011530278072621,-0.1393590733210133,-0.0424010092039427,LOCAL_CURRENCY_ASSET_VS_USD_BENCHMARK_NOT_FX_HEDGED
,ZS,Cybersecurity,164.5399932861328,0.0064839588102287,-0.0745782313724988,-0.1256244038141623,0.2932483608015714,-0.0630930404324823,-0.1081538083879228,0.2720191270941392,-0.0431721304189582,0.2187268596331198,0.1708704532958863,-0.1403773805586733,-1.1849817335312696,-0.1608085588207201,0.3543181818181818,WEAKENING,2026-09-14,2026-09-11,CORE,SPY,SPY,AVAILABLE,-0.0630930404324823,-0.1081538083879228,0.2720191270941392,-0.0630930404324823,-0.1081538083879228,0.2720191270941392,LOCAL_CURRENCY_ASSET_VS_USD_BENCHMARK_NOT_FX_HEDGED
,PAVE,Power_Grid,54.08000183105469,0.0134932760957173,-0.0111537175163941,-0.0725432934764752,-0.0739344259189569,0.0003314734236223,-0.0550726980502358,-0.0951636596263891,0.0069821058527246,0.3898619008593093,0.0471241423071179,-0.0914353647835953,-0.618792003150805,-0.600156626830776,0.3534090909090909,WEAKENING,2026-09-14,2026-09-11,CORE,SPY,SPY,AVAILABLE,0.0003314734236223,-0.0550726980502358,-0.0951636596263891,0.0003314734236223,-0.0550726980502358,-0.0951636596263891,LOCAL_CURRENCY_ASSET_VS_USD_BENCHMARK_NOT_FX_HEDGED
,UEC,Uranium,10.449999809265137,-0.0517241946298618,-0.092093866076289,-0.0661304556628782,-0.1045415817526066,-0.0806086751362724,-0.0486598602366388,-0.1257708154600388,-0.0755612521605694,0.0854503026759038,0.2292888276410968,-0.2327459693780915,-0.7544479772667981,-0.0246451931854857,0.3527272727272727,WEAKENING,2026-09-14,2026-09-11,CORE,SPY,SPY,AVAILABLE,-0.0806086751362724,-0.0486598602366388,-0.1257708154600388,-0.0806086751362724,-0.0486598602366388,-0.1257708154600388,LOCAL_CURRENCY_ASSET_VS_USD_BENCHMARK_NOT_FX_HEDGED
,ROBO,Industrials,79.11000061035156,0.0165767273269874,-0.0082737377521527,-0.0694036157818702,-0.0596695210620901,0.0032114531878637,-0.0519330203556308,-0.0808987547695223,0.0090771661933147,0.351190662708463,0.0590963462378316,-0.0845783115013232,-0.6169345730718571,-0.412443465162913,0.3509090909090909,WEAKENING,2026-09-14,2026-09-11,CORE,SPY,SPY,AVAILABLE,0.0032114531878637,-0.0519330203556308,-0.0808987547695223,0.0032114531878637,-0.0519330203556308,-0.0808987547695223,LOCAL_CURRENCY_ASSET_VS_USD_BENCHMARK_NOT_FX_HEDGED
,STMPA.PA,Semiconductor,44.67499923706055,0.0237167704373895,0.014764285943285,-0.062729500074189,-0.3410771078130691,0.0301702332181607,-0.0321791467176257,-0.3441532934118992,0.0304466609618323,0.1603217599065,0.1238071251058666,-0.1394211162071367,-0.772993541054304,-0.081230412557834,0.35,WEAKENING,2026-09-14,2026-09-11,CORE,^STOXX,SPY,AVAILABLE,0.0301702332181607,-0.0321791467176257,-0.3441532934118992,0.0262494768833015,-0.0452589046479496,-0.3401349333594899,LOCAL_CURRENCY_ASSET_VS_USD_BENCHMARK_NOT_FX_HEDGED
,000270.KS,EV,126600.0,-0.0031496062992125,0.000790513833992,-0.0786026200873362,-0.2387251954299458,-0.0325118942873881,-0.0927763314703939,-0.018251694435893,0.0204411688558261,0.2134387351778656,0.1067977250551221,-0.1220889202540578,-0.7978549345864026,-0.1570898987262902,0.3463636363636364,WEAKENING,2026-09-14,2026-09-11,CORE,^KS11,SPY,AVAILABLE,-0.0325118942873881,-0.0927763314703939,-0.018251694435893,0.005205756089153,-0.0557566413368424,-0.274049273494182,LOCAL_CURRENCY_ASSET_VS_USD_BENCHMARK_NOT_FX_HEDGED
,6954.T,Industrials,5735.0,-0.0101829478771142,-0.0330467037599055,-0.1087801087801088,-0.2368596141051231,-0.0175193745538884,-0.0403446963140442,-0.1525860727491581,-0.0058516765648783,0.3990877993158495,0.0866635289140029,-0.1223363483059941,-1.037232918129554,-0.5009352234602779,0.3440909090909091,WEAKENING,2026-09-14,2026-09-11,CORE,^N225,SPY,AVAILABLE,-0.0175193745538884,-0.0403446963140442,-0.1525860727491581,0.0069720855763644,-0.1008998888166506,-0.2078622231344699,LOCAL_CURRENCY_ASSET_VS_USD_BENCHMARK_NOT_FX_HEDGED
,LIT,EV,71.48999786376953,-0.0044561997730624,-0.0398872046363275,-0.0424592237188524,-0.1411804558765478,-0.028402013696311,-0.024988628292613,-0.16240968958398,-0.0292723987066144,0.2010149951257979,0.0622195921858552,-0.0731232930181196,-0.4705487612110936,-0.1371744871518234,0.3422727272727273,WEAKENING,2026-09-14,2026-09-11,CORE,SPY,SPY,AVAILABLE,-0.028402013696311,-0.024988628292613,-0.16240968958398,-0.028402013696311,-0.024988628292613,-0.16240968958398,LOCAL_CURRENCY_ASSET_VS_USD_BENCHMARK_NOT_FX_HEDGED
,HUBB,Power_Grid,460.3999938964844,0.0176609495141546,0.0005433011046747,-0.0892788669340526,-0.0812161326659176,0.0120284920446912,-0.0718082715078132,-0.1024453663733498,0.0228630178381878,0.3483213283820318,0.0729125872949847,-0.1304411174286061,-0.7990505338645283,-0.4265070638777198,0.3413636363636363,WEAKENING,2026-09-14,2026-09-11,CORE,SPY,SPY,AVAILABLE,0.0120284920446912,-0.0718082715078132,-0.1024453663733498,0.0120284920446912,-0.0718082715078132,-0.1024453663733498,LOCAL_CURRENCY_ASSET_VS_USD_BENCHMARK_NOT_FX_HEDGED
,ENR.DE,Power_Grid,144.25999450683594,0.024428255955825,-0.0078404362964419,-0.1024141773820923,-0.1481044193541353,0.0075655109784337,-0.071863824025529,-0.1511806049529654,0.0177631080490811,0.3118609581360091,0.1020957608685821,-0.1350122562378031,-0.923381669031097,-0.312833590869678,0.3395454545454546,WEAKENING,2026-09-14,2026-09-11,CORE,^STOXX,SPY,AVAILABLE,0.0075655109784337,-0.071863824025529,-0.1511806049529654,0.0036447546435746,-0.0849435819558529,-0.0971964447072094,LOCAL_CURRENCY_ASSET_VS_USD_BENCHMARK_NOT_FX_HEDGED
,4004.T,Semiconductor_Materials,14295.0,-0.1068416119962512,-0.0795235028976175,-0.1317947160643789,-0.2281317494600432,-0.0639961736916003,-0.0633593035983144,-0.1438582081040782,-0.0465748238815228,0.2411111111111111,0.1743172329975783,-0.1688953488372092,-1.2087200065336534,-0.1822950598882972,0.3368181818181818,WEAKENING,2026-09-14,2026-09-11,CORE,^N225,SPY,AVAILABLE,-0.0639961736916003,-0.0633593035983144,-0.1438582081040782,-0.0632720906133814,-0.141647051632584,-0.1896792473911707,LOCAL_CURRENCY_ASSET_VS_USD_BENCHMARK_NOT_FX_HEDGED
,WDC,Memory,447.1799926757813,-0.0298309943342562,0.0130296999119858,-0.082017830031145,-0.3432144050048614,0.0245148908520024,-0.0645472346049056,-0.3644436387122937,0.0335341574197721,0.1331966844102719,0.1741308668215202,-0.1877390459462569,-0.8836789479902635,-0.0627373148832429,0.3354545454545454,WEAKENING,2026-09-14,2026-09-11,CORE,SPY,SPY,AVAILABLE,0.0245148908520024,-0.0645472346049056,-0.3644436387122937,0.0245148908520024,-0.0645472346049056,-0.3644436387122937,LOCAL_CURRENCY_ASSET_VS_USD_BENCHMARK_NOT_FX_HEDGED
,LMT,Defense,524.1900024414062,-0.0111861328197409,-0.0164368319072709,-0.1180210621400602,-0.0158928138864259,-0.0049516409672544,-0.1005504667138208,-0.0371220475938581,0.013068433627744,0.4039032379372516,0.0770038619282015,-0.1334818640000024,-1.0712446477620825,-0.6190480314819876,0.3340909090909091,WEAKENING,2026-09-14,2026-09-11,CORE,SPY,SPY,AVAILABLE,-0.0049516409672544,-0.1005504667138208,-0.0371220475938581,-0.0049516409672544,-0.1005504667138208,-0.0371220475938581,LOCAL_CURRENCY_ASSET_VS_USD_BENCHMARK_NOT_FX_HEDGED
,6762.T,Electronic_Components,2808.5,-0.0147342571478688,-0.0340498710232157,-0.1250778816199377,-0.266710182767624,-0.0185225418171985,-0.0566424691538731,-0.182436641411659,-0.0027804006182313,0.3441920274324903,0.1204329906633384,-0.1445745992601725,-1.1914300937498234,-0.3574669152082483,0.3306818181818182,WEAKENING,2026-09-14,2026-09-11,CORE,^N225,SPY,AVAILABLE,-0.0185225418171985,-0.0566424691538731,-0.182436641411659,0.003012110622276,-0.1143686626881346,-0.2315295221719522,LOCAL_CURRENCY_ASSET_VS_USD_BENCHMARK_NOT_FX_HEDGED
,WMT,Consumer,107.1500015258789,0.013430418271638,-0.0117136751938276,-0.0718413405424353,-0.1125628303278004,-0.000228484253811,-0.0543707451161958,-0.1337920640352327,0.0062466599417812,0.2742104979045661,0.1069703275102207,-0.1109946867536022,-0.695351042232666,-0.1841599462092927,0.3302272727272727,WEAKENING,2026-09-14,2026-09-11,CORE,SPY,SPY,AVAILABLE,-0.000228484253811,-0.0543707451161958,-0.1337920640352327,-0.000228484253811,-0.0543707451161958,-0.1337920640352327,LOCAL_CURRENCY_ASSET_VS_USD_BENCHMARK_NOT_FX_HEDGED
,6503.T,Power_Grid,5027.0,-0.0133464180569184,-0.0421112804878048,-0.1830001625223468,-0.1425891181988743,-0.0265839512817877,-0.1145647500562823,-0.0583155768429093,0.0036387601427818,0.5709939148073022,0.1048044798339733,-0.1830001625223468,-1.563396960024698,-0.9970182512669208,0.3172727272727273,WEAKENING,2026-09-14,2026-09-11,CORE,^N225,SPY,AVAILABLE,-0.0265839512817877,-0.1145647500562823,-0.0583155768429093,-0.0418104776098893,-0.1474795706867173,-0.1264595724867283,LOCAL_CURRENCY_ASSET_VS_USD_BENCHMARK_NOT_FX_HEDGED
,AVGO,AI_Semiconductor,361.989990234375,0.0032148205672397,0.0135233131446459,-0.1336221724933362,-0.0375543012725761,0.0250085040846624,-0.1161515770670967,-0.0587835349800084,0.0469288562679799,0.4365471162335648,0.1057598855994101,-0.1489397584975844,-1.1769098579283546,-0.5515548143440429,0.3161363636363636,WEAKENING,2026-09-14,2026-09-11,CORE,SPY,SPY,AVAILABLE,0.0250085040846624,-0.1161515770670967,-0.0587835349800084,0.0250085040846624,-0.1161515770670967,-0.0587835349800084,LOCAL_CURRENCY_ASSET_VS_USD_BENCHMARK_NOT_FX_HEDGED
,005380.KS,EV,382500.0,-0.0167095115681233,-0.0026075619295958,-0.0802441170377338,-0.3771555937584884,-0.035909970050976,-0.0944178284207916,-0.1566820927644355,0.0174534673298375,0.1887449987070916,0.1352528631993712,-0.1602883010166509,-1.0750962287961792,-0.1119804446890939,0.3127272727272727,WEAKENING,2026-09-14,2026-09-11,CORE,^KS11,SPY,AVAILABLE,-0.035909970050976,-0.0944178284207916,-0.1566820927644355,0.0088776290104206,-0.0494146580675743,-0.3989105726018176,LOCAL_CURRENCY_ASSET_VS_USD_BENCHMARK_NOT_FX_HEDGED
,8035.T,Semiconductor_Equipment,51460.0,-0.0255633402764627,-0.0348837209302325,-0.1297141890749197,-0.2915748898678414,-0.0193563917242153,-0.0612787766088551,-0.2073013485118764,-0.0024551736615025,0.3856209150326797,0.1065685198215737,-0.1436179064736229,-1.2728517391704588,-0.4693741112998588,0.3122727272727272,WEAKENING,2026-09-14,2026-09-11,CORE,^N225,SPY,AVAILABLE,-0.0193563917242153,-0.0612787766088551,-0.2073013485118764,-0.023036385044974,-0.1172191641163871,-0.2762773733672249,LOCAL_CURRENCY_ASSET_VS_USD_BENCHMARK_NOT_FX_HEDGED
,URI,Industrials,989.1199951171876,4.041940657284471e-05,-0.0047792971146491,-0.1173142177202073,-0.0738292062659657,0.0067058938253673,-0.0998436222939679,-0.095058439973398,0.0245492573154026,0.3752996172844411,0.0930265919758984,-0.158822777335008,-1.0361678611063938,-0.4732838221551131,0.3063636363636364,WEAKENING,2026-09-14,2026-09-11,CORE,SPY,SPY,AVAILABLE,0.0067058938253673,-0.0998436222939679,-0.095058439973398,0.0067058938253673,-0.0998436222939679,-0.095058439973398,LOCAL_CURRENCY_ASSET_VS_USD_BENCHMARK_NOT_FX_HEDGED
,NOC,Defense,518.969970703125,3.845938071922461e-05,-0.0175488787343361,-0.0929285843215017,-0.0542076217294995,-0.0060636877943196,-0.0754579888952623,-0.0754368554369318,0.0056832673460392,0.3508410722614102,0.0738397839626463,-0.1219030115196846,-0.830262427656698,-0.4415392680940626,0.2993181818181818,WEAKENING,2026-09-14,2026-09-11,CORE,SPY,SPY,AVAILABLE,-0.0060636877943196,-0.0754579888952623,-0.0754368554369318,-0.0060636877943196,-0.0754579888952623,-0.0754368554369318,LOCAL_CURRENCY_ASSET_VS_USD_BENCHMARK_NOT_FX_HEDGED
,VRT,AI_Infrastructure,257.0599975585937,0.0359891689842135,-0.0437822772814368,-0.1045389939734509,-0.1419893447205864,-0.0322970863414202,-0.0870683985472114,-0.1632185784280186,-0.017647528788074,0.1762288662742457,0.1787562602960335,-0.1555608223004317,-1.0145573553645488,-0.103060940964428,0.2952272727272727,WEAKENING,2026-09-14,2026-09-11,CORE,SPY,SPY,AVAILABLE,-0.0322970863414202,-0.0870683985472114,-0.1632185784280186,-0.0322970863414202,-0.0870683985472114,-0.1632185784280186,LOCAL_CURRENCY_ASSET_VS_USD_BENCHMARK_NOT_FX_HEDGED
,1211.HK,EV,79.8499984741211,0.0037711553847219,-0.0731282987832023,-0.0951841532677496,-0.0250305618261807,-0.0401766558343348,-0.082793317838937,-0.0453278410458615,-0.0493322604662649,0.3111112555359043,0.0872322130298919,-0.1501067911475221,-0.8660794460982367,-0.3394716286757975,0.294090909090909,WEAKENING,2026-09-14,2026-09-11,CORE,^HSI,SPY,AVAILABLE,-0.0401766558343348,-0.082793317838937,-0.0453278410458615,-0.0567761705820165,-0.0792488944400002,-0.0823140098459811,LOCAL_CURRENCY_ASSET_VS_USD_BENCHMARK_NOT_FX_HEDGED
,ITA,Defense,219.009994506836,0.0031604395358622,-0.0308434434572995,-0.1228723923048135,-0.0856296317625907,-0.0193582525172829,-0.1054017968785741,-0.1068588654700229,-0.0001253453810961,0.5875143288516377,0.0555010183468826,-0.137824791597193,-1.045852602187619,-1.3006840820140069,0.2902272727272727,WEAKENING,2026-09-14,2026-09-11,CORE,SPY,SPY,AVAILABLE,-0.0193582525172829,-0.1054017968785741,-0.1068588654700229,-0.0193582525172829,-0.1054017968785741,-0.1068588654700229,LOCAL_CURRENCY_ASSET_VS_USD_BENCHMARK_NOT_FX_HEDGED
,5802.T,Power_Grid,2077.5,-0.0161022969452995,-0.0260196905766526,-0.1292958927074602,-0.324390243902439,-0.0104923613706354,-0.0608604802413956,-0.240116702546474,0.0063042826002124,0.2523517382413088,0.1525908765893871,-0.1625556004852406,-1.285722332073144,-0.2138269600481387,0.2834090909090909,WEAKENING,2026-09-14,2026-09-11,CORE,^N225,SPY,AVAILABLE,-0.0104923613706354,-0.0608604802413956,-0.240116702546474,-0.0006403440100547,-0.0926172178099996,-0.2755215687664419,LOCAL_CURRENCY_ASSET_VS_USD_BENCHMARK_NOT_FX_HEDGED
,7735.T,Semiconductor_Equipment,12255.0,-0.0601993865030674,-0.0594781273983116,-0.1415061295971978,-0.200065274151436,-0.0439507981922944,-0.0730707171311333,-0.115791732795471,-0.0241015949990121,0.3646209386281588,0.1164512808267795,-0.1614779336298323,-1.4035142096097413,-0.4430702473089757,0.2827272727272727,WEAKENING,2026-09-14,2026-09-11,CORE,^N225,SPY,AVAILABLE,-0.0439507981922944,-0.0730707171311333,-0.115791732795471,-0.0425480008778144,-0.1155325881606017,-0.1542324700706606,LOCAL_CURRENCY_ASSET_VS_USD_BENCHMARK_NOT_FX_HEDGED
,GFS,Foundry,46.95000076293945,0.0215405069231444,0.0543454311695983,-0.1089390399198052,-0.4116909332517543,0.0658306221096148,-0.0914684444935658,-0.4329201669591865,0.0815801911495496,0.308934192577725,0.1121631729742767,-0.1951264413446632,-1.2643552173714083,-0.3000538719204736,0.279090909090909,WEAKENING,2026-09-14,2026-09-11,CORE,SPY,SPY,AVAILABLE,0.0658306221096148,-0.0914684444935658,-0.4329201669591865,0.0658306221096148,-0.0914684444935658,-0.4329201669591865,LOCAL_CURRENCY_ASSET_VS_USD_BENCHMARK_NOT_FX_HEDGED
,9988.HK,Cloud_AI,107.5,0.0056127078162466,-0.0236148820177524,-0.1034195276736716,0.0056127078162466,0.0093367609311151,-0.0910286922448591,-0.014684571403434,0.0022399999006655,0.2707425086559516,0.1200434288399805,-0.1562746321963347,-0.9749205408966825,-0.2332494384487129,0.2763636363636363,WEAKENING,2026-09-14,2026-09-11,CORE,^HSI,SPY,AVAILABLE,0.0093367609311151,-0.0910286922448591,-0.014684571403434,0.0114851909400165,-0.1006590300506056,-0.0316095744120605,LOCAL_CURRENCY_ASSET_VS_USD_BENCHMARK_NOT_FX_HEDGED
,KWEB,Internet_AI,24.600000381469727,0.0065466384580943,-0.0368050313375726,-0.0837988814909967,-0.0494589961670988,-0.025319840397556,-0.0663282860647573,-0.070688229874531,-0.0158553109648234,0.4039503061350281,0.0568372461216336,-0.1021307439171378,-0.7506117572663777,-0.5955704426569105,0.2663636363636363,WEAKENING,2026-09-14,2026-09-11,CORE,SPY,SPY,AVAILABLE,-0.025319840397556,-0.0663282860647573,-0.070688229874531,-0.025319840397556,-0.0663282860647573,-0.070688229874531,LOCAL_CURRENCY_ASSET_VS_USD_BENCHMARK_NOT_FX_HEDGED
,6976.T,MLCC,9209.0,-0.0206317132829947,-0.0230214300869934,-0.16395823876532,-0.5582153993763492,-0.0074941008809762,-0.0955228262992554,-0.4739418580203842,0.0179681296043365,0.2871224165341812,0.1913468397629185,-0.2158477202301904,-1.9060153087657552,-0.2460248927200203,0.2593181818181818,WEAKENING,2026-09-14,2026-09-11,CORE,^N225,SPY,AVAILABLE,-0.0074941008809762,-0.0955228262992554,-0.4739418580203842,0.0512277674331856,-0.1403711969834542,-0.4474140983274792,LOCAL_CURRENCY_ASSET_VS_USD_BENCHMARK_NOT_FX_HEDGED
,HII,Defense,279.69000244140625,-0.0070295412785789,-0.0379734053167323,-0.1374190549360547,-0.0586768719116449,-0.0264882143767157,-0.1199484595098153,-0.0799061056190771,-0.0036186415827186,0.6167786037233874,0.0586228654391843,-0.142551742733395,-1.2221278719274573,-1.4458033088876348,0.2577272727272727,WEAKENING,2026-09-14,2026-09-11,CORE,SPY,SPY,AVAILABLE,-0.0264882143767157,-0.1199484595098153,-0.0799061056190771,-0.0264882143767157,-0.1199484595098153,-0.0799061056190771,LOCAL_CURRENCY_ASSET_VS_USD_BENCHMARK_NOT_FX_HEDGED
,079550.KS,Defense,678000.0,-0.0029411764705882,0.0398773006134969,-0.1899641577060932,-0.2863157894736842,0.0065748924921167,-0.204137869089151,-0.0658422884796313,0.0873683400400202,0.4504249291784702,0.1558684218408187,-0.2210274790919952,-1.6912536176255877,-0.5489539912619245,0.2568181818181818,WEAKENING,2026-09-14,2026-09-11,CORE,^KS11,SPY,AVAILABLE,0.0065748924921167,-0.204137869089151,-0.0658422884796313,0.0310340631204676,-0.1289788685503549,-0.1548037372806658,LOCAL_CURRENCY_ASSET_VS_USD_BENCHMARK_NOT_FX_HEDGED
,KLAC,Semiconductor_Equipment,180.63999938964844,0.0195282021497686,0.0445240941340394,-0.1362460118106366,-0.2380054349550682,0.056009285074056,-0.1187754163843972,-0.2592346686625004,0.0785855970866986,0.3532839650423764,0.1277728275299999,-0.1828669230888776,-1.3156012644977997,-0.3767117954900924,0.2561363636363636,WEAKENING,2026-09-14,2026-09-11,CORE,SPY,SPY,AVAILABLE,0.056009285074056,-0.1187754163843972,-0.2592346686625004,0.056009285074056,-0.1187754163843972,-0.2592346686625004,LOCAL_CURRENCY_ASSET_VS_USD_BENCHMARK_NOT_FX_HEDGED
,ALB,EV,117.5199966430664,-0.0343467576827754,-0.1077791448881201,-0.0962911964611011,-0.2901335464526772,-0.0962939539481035,-0.0788206010348617,-0.3113627801601094,-0.0837063457728448,0.1913385522930224,0.1385074685253839,-0.1768522130580739,-1.0658616274422736,-0.1330196726976751,0.2515909090909091,WEAKENING,2026-09-14,2026-09-11,CORE,SPY,SPY,AVAILABLE,-0.0962939539481035,-0.0788206010348617,-0.3113627801601094,-0.0962939539481035,-0.0788206010348617,-0.3113627801601094,LOCAL_CURRENCY_ASSET_VS_USD_BENCHMARK_NOT_FX_HEDGED
,CIEN,AI_Networking,349.5400085449219,0.0447752603289177,0.1010521576051362,-0.210596441203437,-0.1876829689497995,0.1125373485451527,-0.1931258457771976,-0.2089122026572317,0.1537012679059954,0.3292842232991399,0.2046610438224033,-0.2868951959252129,-1.978567414170864,-0.3388338311780159,0.2495454545454545,WEAKENING,2026-09-14,2026-09-11,CORE,SPY,SPY,AVAILABLE,0.1125373485451527,-0.1931258457771976,-0.2089122026572317,0.1125373485451527,-0.1931258457771976,-0.2089122026572317,LOCAL_CURRENCY_ASSET_VS_USD_BENCHMARK_NOT_FX_HEDGED
,6723.T,Semiconductor,3192.0,-0.0385542168674698,-0.0333131435493639,-0.1478910838227443,-0.2870225597498325,-0.0177858143433468,-0.0794556713566797,-0.2027490183938675,0.003659627406322,0.3868715083798882,0.1290931545430305,-0.1758326878388846,-1.4110698276153046,-0.4432058917219364,0.2461363636363636,WEAKENING,2026-09-14,2026-09-11,CORE,^N225,SPY,AVAILABLE,-0.0177858143433468,-0.0794556713566797,-0.2027490183938675,-0.0185968509925267,-0.1322363837959236,-0.3000914477914836,LOCAL_CURRENCY_ASSET_VS_USD_BENCHMARK_NOT_FX_HEDGED
,XAR,Defense,245.9600067138672,0.0053135086744835,-0.0313865482290237,-0.1579595974855856,-0.1270229441389481,-0.0199013572890072,-0.1404890020593462,-0.1482521778463803,0.0081033511423726,0.6438742186147541,0.066703648890523,-0.175479410225944,-1.330475696871529,-1.524745858665948,0.2254545454545454,WEAKENING,2026-09-14,2026-09-11,CORE,SPY,SPY,AVAILABLE,-0.0199013572890072,-0.1404890020593462,-0.1482521778463803,-0.0199013572890072,-0.1404890020593462,-0.1482521778463803,LOCAL_CURRENCY_ASSET_VS_USD_BENCHMARK_NOT_FX_HEDGED
,AMAT,Semiconductor_Equipment,456.489990234375,0.0054623916112119,0.0472115491715532,-0.1451001926262506,-0.1957866372184321,0.0586967401115697,-0.1276295972000112,-0.2170158709258643,0.0834865973281158,0.3542078180889259,0.1283249909144803,-0.1848160703998823,-1.3821583537857036,-0.400511406766268,0.2252272727272727,WEAKENING,2026-09-14,2026-09-11,CORE,SPY,SPY,AVAILABLE,0.0586967401115697,-0.1276295972000112,-0.2170158709258643,0.0586967401115697,-0.1276295972000112,-0.2170158709258643,LOCAL_CURRENCY_ASSET_VS_USD_BENCHMARK_NOT_FX_HEDGED
,BESI.AS,Semiconductor_Equipment,189.25,0.0279738931327826,-0.0112329883231195,-0.1953656358182431,-0.4044996624628973,0.004172958951756,-0.1648152824616798,-0.4075758480617275,0.0376084206314412,0.4744450314085305,0.1186946029017118,-0.2258200010895468,-1.821311695177605,-0.7809138154216542,0.2229545454545455,WEAKENING,2026-09-14,2026-09-11,CORE,^STOXX,SPY,AVAILABLE,0.004172958951756,-0.1648152824616798,-0.4075758480617275,0.0002522026168969,-0.1778950403920037,-0.3880743194736721,LOCAL_CURRENCY_ASSET_VS_USD_BENCHMARK_NOT_FX_HEDGED
,0981.HK,Foundry,63.150001525878906,-0.0047281203065921,-0.0602677917602081,-0.1080508643521728,-0.1663366135197503,-0.0273161488113405,-0.0956600289233602,-0.1866338927394311,-0.0332550756721649,0.246376775983608,0.1329020533683175,-0.1674356915455342,-0.9984382356981778,-0.2003070902716143,0.22,WEAKENING,2026-09-14,2026-09-11,CORE,^HSI,SPY,AVAILABLE,-0.0273161488113405,-0.0956600289233602,-0.1866338927394311,-0.0605207062845881,-0.0476663598231564,-0.1912663525645695,LOCAL_CURRENCY_ASSET_VS_USD_BENCHMARK_NOT_FX_HEDGED
,7012.T,Defense,2319.0,-0.0127713920817369,-0.0470515718101499,-0.1861730128092648,-0.2899571341090018,-0.0315242426041327,-0.1177376003432002,-0.2056835927530368,-0.0005083186078337,0.580098414434117,0.0982575188067449,-0.1891608391608391,-1.6201042627956077,-1.0991389855212128,0.2125,WEAKENING,2026-09-14,2026-09-11,CORE,^N225,SPY,AVAILABLE,-0.0315242426041327,-0.1177376003432002,-0.2056835927530368,-0.0421773269134827,-0.1596053449570111,-0.2147640270265715,LOCAL_CURRENCY_ASSET_VS_USD_BENCHMARK_NOT_FX_HEDGED
,1347.HK,Foundry,111.6999969482422,-0.0115044517854673,0.0182315410723632,-0.1420890970324233,-0.2983668398903476,0.0511831840212307,-0.1296982616036107,-0.3186641191100283,0.053753815330469,0.1929092620840767,0.2251565055741058,-0.2223015882884044,-1.4222502473390162,-0.1217388890844017,0.2113636363636363,WEAKENING,2026-09-14,2026-09-11,CORE,^HSI,SPY,AVAILABLE,0.0511831840212307,-0.1296982616036107,-0.3186641191100283,-0.0561275460981964,-0.2236978878345472,-0.2860288453079544,LOCAL_CURRENCY_ASSET_VS_USD_BENCHMARK_NOT_FX_HEDGED
,6146.T,Semiconductor_Equipment,51980.0,-0.0298618887644643,-0.0455380095482923,-0.2060485718649762,-0.3789725209080048,-0.0300106803422751,-0.1376131593989117,-0.2946989795520398,0.0059741334179517,0.5641990798828942,0.1114734645722695,-0.211348808981945,-1.862291110089772,-1.042870741512086,0.2011363636363636,WEAKENING,2026-09-14,2026-09-11,CORE,^N225,SPY,AVAILABLE,-0.0300106803422751,-0.1376131593989117,-0.2946989795520398,-0.0266347202368893,-0.19291980408766,-0.3824788752445716,LOCAL_CURRENCY_ASSET_VS_USD_BENCHMARK_NOT_FX_HEDGED
,9868.HK,EV,41.34000015258789,-0.0062499598814875,-0.0474654677618539,-0.0918277737948234,-0.2251171258675666,-0.0145138248129863,-0.0794369383660108,-0.2454144050872473,-0.024508524313148,0.2003834445861494,0.1492027170756055,-0.1405405101035551,-0.94984102385474,-0.123327282386957,0.1961363636363636,WEAKENING,2026-09-14,2026-09-11,CORE,^HSI,SPY,AVAILABLE,-0.0145138248129863,-0.0794369383660108,-0.2454144050872473,-0.02262693780994,-0.0715554252973678,-0.2729508136723948,LOCAL_CURRENCY_ASSET_VS_USD_BENCHMARK_NOT_FX_HEDGED
,RHM.DE,Defense,990.5999755859376,-0.0253837546324325,-0.0743786013994628,-0.1494075250280307,-0.1595112878791096,-0.0589726541245871,-0.1188571716714674,-0.1625874734779397,-0.0370267201424551,0.388739861566405,0.099244926687587,-0.1840197894679263,-1.3088801680060682,-0.5852254874368332,0.1859090909090909,WEAKENING,2026-09-14,2026-09-11,CORE,^STOXX,SPY,AVAILABLE,-0.0589726541245871,-0.1188571716714674,-0.1625874734779397,-0.0628934104594463,-0.1319369296017913,-0.1565295159204468,LOCAL_CURRENCY_ASSET_VS_USD_BENCHMARK_NOT_FX_HEDGED
,6506.T,Industrials,4301.0,-0.0295577617328519,-0.0588621444201312,-0.2021829078374296,-0.3850490033350737,-0.043334815214114,-0.1337474953713651,-0.3007754619791087,-0.0083164174607738,0.5873475874480995,0.1028279176740874,-0.2081607078726379,-1.9453641659074703,-1.1548579979800666,0.1831818181818181,WEAKENING,2026-09-14,2026-09-11,CORE,^N225,SPY,AVAILABLE,-0.043334815214114,-0.1337474953713651,-0.3007754619791087,-0.0327370312822057,-0.1918460673775742,-0.3490729398460062,LOCAL_CURRENCY_ASSET_VS_USD_BENCHMARK_NOT_FX_HEDGED
,064350.KS,Defense,124100.0,0.0016142050040355,-0.0212933753943217,-0.1592140921409214,-0.4333333333333333,-0.0545957835157019,-0.1733878035239792,-0.2128598323392805,0.0185101476409086,0.4392523364485981,0.1159494826961307,-0.1673441734417344,-1.6040476305742666,-0.603151996388992,0.1695454545454545,WEAKENING,2026-09-14,2026-09-11,CORE,^KS11,SPY,AVAILABLE,-0.0545957835157019,-0.1733878035239792,-0.2128598323392805,-0.006711011591629,-0.1422859838116982,-0.4378382423191221,LOCAL_CURRENCY_ASSET_VS_USD_BENCHMARK_NOT_FX_HEDGED
,9888.HK,Cloud_AI,89.0999984741211,-0.0005608867179132,-0.0709072256888631,-0.1160714704703839,-0.2058823449413916,-0.0379555827399955,-0.1036806350415713,-0.2261796241610724,-0.0418893580712671,0.249467121610795,0.1611700891419281,-0.1186943638092307,-1.1381760467343909,-0.1796612249427999,0.1286363636363636,WEAKENING,2026-09-14,2026-09-11,CORE,^HSI,SPY,AVAILABLE,-0.0379555827399955,-0.1036806350415713,-0.2261796241610724,-0.0147443339329769,-0.1174808756987985,-0.2383320369557665,LOCAL_CURRENCY_ASSET_VS_USD_BENCHMARK_NOT_FX_HEDGED
,BOAT,Shipping,52.369998931884766,0.007115364074707,0.0298918486406098,0.1286637329672539,0.3036082513384115,0.0419797717882516,0.1485777158070624,0.2740787248675964,-0.0022740846012035,0.4849722047222378,0.0676985171622059,-0.044630363121339,0.9075071478310752,0.921709024961592,0.9211363636363636,PULLBACK_LEADER,2026-09-15,2026-09-14,CORE,SPY,SPY,AVAILABLE,0.0419797717882516,0.1485777158070624,0.2740787248675964,0.0419797717882516,0.1485777158070624,0.2740787248675964,LOCAL_CURRENCY_ASSET_VS_USD_BENCHMARK_NOT_FX_HEDGED
,MATX,Shipping,236.6199951171875,0.0279781155892089,0.0488940066419258,0.0889093041606075,0.2246645902217021,0.0609819297895676,0.1088232870004159,0.195135063750887,0.026666680601774,0.4194525985485271,0.0584738922516652,-0.0293580842329147,0.5990132299263713,0.6377758898758128,0.8993181818181819,PERSISTENT,2026-09-15,2026-09-14,CORE,SPY,SPY,AVAILABLE,0.0609819297895676,0.1088232870004159,0.195135063750887,0.0609819297895676,0.1088232870004159,0.195135063750887,LOCAL_CURRENCY_ASSET_VS_USD_BENCHMARK_NOT_FX_HEDGED
,CRWD,Cybersecurity,235.3800048828125,0.1385314821934424,0.104551844867025,0.0849504871805422,0.3785873100035506,0.1166397680146668,0.1048644700203507,0.3490577835327355,0.0833142230718895,0.1037433548256207,0.2982036494209489,-0.1455173657963283,0.4756492965996226,0.0295537916832791,0.8877272727272727,PERSISTENT,2026-09-15,2026-09-14,CORE,SPY,SPY,AVAILABLE,0.1166397680146668,0.1048644700203507,0.3490577835327355,0.1166397680146668,0.1048644700203507,0.3490577835327355,LOCAL_CURRENCY_ASSET_VS_USD_BENCHMARK_NOT_FX_HEDGED
,1548.HK,Biotech,34.0,0.0506798318515426,0.096774193548387,0.303680985408856,1.8837998396953548,0.0615594481640656,0.3130339906496621,1.8510424985936755,0.020853947196173,0.2490566270863801,0.2845572792008681,-0.1474147557859388,1.853104843188156,0.2657945076949103,0.86,PERSISTENT,2026-09-15,2026-09-14,CORE,^HSI,SPY,AVAILABLE,0.0615594481640656,0.3130339906496621,1.8510424985936755,0.0928253989723305,0.3864735144661106,1.944999697292048,LOCAL_CURRENCY_ASSET_VS_USD_BENCHMARK_NOT_FX_HEDGED
,NET,Cybersecurity,330.3599853515625,0.0777411237633003,0.1844255322221821,0.0461713427976031,0.4561642899534521,0.1965134553698239,0.0660853256374116,0.426634763482637,0.1728826965227813,0.0641047505251413,0.2129142908390985,-0.1362974498426138,0.1685709432888914,0.0139013797513849,0.8588636363636363,PERSISTENT,2026-09-15,2026-09-14,CORE,SPY,SPY,AVAILABLE,0.1965134553698239,0.0660853256374116,0.426634763482637,0.1965134553698239,0.0660853256374116,0.426634763482637,LOCAL_CURRENCY_ASSET_VS_USD_BENCHMARK_NOT_FX_HEDGED
,CVX,Energy,212.1699981689453,-0.0088292974455962,0.0171140554217343,0.0701082000563191,0.2052125143752432,0.0292019785693761,0.0900221828961276,0.1756829879044281,-0.0004129945923453,0.3584375890219507,0.0509611115152899,-0.0291587688944953,0.3930247358083165,0.4931096173464742,0.8468181818181818,PULLBACK_LEADER,2026-09-15,2026-09-14,CORE,SPY,SPY,AVAILABLE,0.0292019785693761,0.0900221828961276,0.1756829879044281,0.0292019785693761,0.0900221828961276,0.1756829879044281,LOCAL_CURRENCY_ASSET_VS_USD_BENCHMARK_NOT_FX_HEDGED
,DAC,Shipping,158.25999450683594,-0.0067156675574091,0.0193224275804537,0.1151352631673447,0.2583504401673315,0.0314103507280955,0.1350492460071533,0.2288209136965164,-0.0094613882113824,0.4496422120123716,0.0618290503938463,-0.0314589264264962,0.810922902121397,0.837303404814122,0.843409090909091,PULLBACK_LEADER,2026-09-15,2026-09-14,CORE,SPY,SPY,AVAILABLE,0.0314103507280955,0.1350492460071533,0.2288209136965164,0.0314103507280955,0.1350492460071533,0.2288209136965164,LOCAL_CURRENCY_ASSET_VS_USD_BENCHMARK_NOT_FX_HEDGED
,FTNT,Cybersecurity,170.17999267578125,0.090408052088128,0.088873248360942,0.0635585183306211,0.1806576480948902,0.1009611715085837,0.0834725011704295,0.1511281216240751,0.0729836187782867,0.1149022969908745,0.1730217897689388,-0.1055678065865899,0.3477636128018274,0.0422086707071852,0.8397727272727273,PERSISTENT,2026-09-15,2026-09-14,CORE,SPY,SPY,AVAILABLE,0.1009611715085837,0.0834725011704295,0.1511281216240751,0.1009611715085837,0.0834725011704295,0.1511281216240751,LOCAL_CURRENCY_ASSET_VS_USD_BENCHMARK_NOT_FX_HEDGED
,XLE,Energy,64.52999877929688,-0.009364455266613,0.0073368910180371,0.0423194788942369,0.1888673371332798,0.0194248141656788,0.0622334617340454,0.1593378106624647,-0.003242978705522,0.2485769970629697,0.0439125374118767,-0.0265097823797487,0.2522328699219415,0.2395591236764641,0.8329545454545455,PULLBACK_LEADER,2026-09-15,2026-09-14,CORE,SPY,SPY,AVAILABLE,0.0194248141656788,0.0622334617340454,0.1593378106624647,0.0194248141656788,0.0622334617340454,0.1593378106624647,LOCAL_CURRENCY_ASSET_VS_USD_BENCHMARK_NOT_FX_HEDGED
,META,Internet_AI,665.5999755859375,0.0271128581928929,0.0791704436149451,0.1284224856070435,0.1726980435263947,0.0912583667625869,0.148336468446852,0.1431685170555796,0.0470648222131843,0.3520797045123148,0.1057865467204907,-0.0782910817787312,0.9470584289159746,0.4274168331133053,0.8259090909090908,PERSISTENT,2026-09-15,2026-09-14,CORE,SPY,SPY,AVAILABLE,0.0912583667625869,0.148336468446852,0.1431685170555796,0.0912583667625869,0.148336468446852,0.1431685170555796,LOCAL_CURRENCY_ASSET_VS_USD_BENCHMARK_NOT_FX_HEDGED
,356680.KQ,Cybersecurity,17200.0,0.0709838107098381,0.5180935569285083,0.3364413364413363,-0.0182648401826484,0.3962974577160418,0.291282018010586,0.0738229536420791,0.4339832228181742,0.3716738197424892,0.3497586817270519,-0.1639471639471639,2.2021270071813155,0.357522037814645,0.8231818181818181,PERSISTENT,2026-09-15,2026-09-14,CORE,^KQ11,SPY,AVAILABLE,0.3962974577160418,0.291282018010586,0.0738229536420791,0.5168998216603277,0.3541548126597367,-0.091317440395782,LOCAL_CURRENCY_ASSET_VS_USD_BENCHMARK_NOT_FX_HEDGED
,DELL,AI_Server,534.280029296875,-0.0581888452273656,0.0193460036727759,0.0885679426957715,0.2762637223248072,0.0314339268204176,0.10848192553558,0.2467341958539921,-0.0027959820011669,0.1111453047739954,0.2569662655361039,-0.1340844682992368,0.4118606285639719,0.0383081840084733,0.8225,PULLBACK_LEADER,2026-09-15,2026-09-14,CORE,SPY,SPY,AVAILABLE,0.0314339268204176,0.10848192553558,0.2467341958539921,0.0314339268204176,0.10848192553558,0.2467341958539921,LOCAL_CURRENCY_ASSET_VS_USD_BENCHMARK_NOT_FX_HEDGED
,MAERSK-B.CO,Shipping,22330.0,-0.0227571115973741,0.0328399629972246,0.1731021801943788,0.4499999999999999,0.0593708291919458,0.1862405572291827,0.3297930437214262,-0.01043558205137,0.3075128324778348,0.1404605642719101,-0.0655372269282211,1.1842004885402966,0.3789757076343126,0.8084090909090909,PULLBACK_LEADER,2026-09-15,2026-09-11,CORE,^OMXC25,SPY,AVAILABLE,0.0593708291919458,0.1862405572291827,0.3297930437214262,0.0443251539372412,0.1905727756206182,0.3770174788786666,LOCAL_CURRENCY_ASSET_VS_USD_BENCHMARK_NOT_FX_HEDGED
,WCLD,Software,41.25,0.0636926585470074,0.0130156867241792,0.0117733514065958,0.3926400685769731,0.025103609871821,0.0316873342464043,0.363110542106158,0.0100723488725303,0.0299251639023979,0.1261908103373828,-0.1012746834773842,-0.0944246851546805,0.0027919582224803,0.8079545454545455,PERSISTENT,2026-09-15,2026-09-14,CORE,SPY,SPY,AVAILABLE,0.025103609871821,0.0316873342464043,0.363110542106158,0.025103609871821,0.0316873342464043,0.363110542106158,LOCAL_CURRENCY_ASSET_VS_USD_BENCHMARK_NOT_FX_HEDGED
,AAPL,Consumer_Tech,333.0799865722656,0.0024377692400032,0.0409725452434515,0.0887457736948904,0.1264309937536463,0.0530604683910932,0.1086597565346989,0.0969014672828312,0.0187861018197288,0.3598409607073446,0.0672318649452613,-0.0392126853302972,0.641632583507818,0.474988526513227,0.7988636363636364,PERSISTENT,2026-09-15,2026-09-14,CORE,SPY,SPY,AVAILABLE,0.0530604683910932,0.1086597565346989,0.0969014672828312,0.0530604683910932,0.1086597565346989,0.0969014672828312,LOCAL_CURRENCY_ASSET_VS_USD_BENCHMARK_NOT_FX_HEDGED
,HACK,Cybersecurity,118.55999755859376,0.0787988709051621,0.0705191653146162,0.0032154108346311,0.2430278986440746,0.0826070884622579,0.0231293936744396,0.2134983721732595,0.0697153126059584,0.0075486116068295,0.1427042229965502,-0.0853782699376356,-0.114589602955772,0.0001700852787489,0.7975000000000001,PERSISTENT,2026-09-15,2026-09-14,CORE,SPY,SPY,AVAILABLE,0.0826070884622579,0.0231293936744396,0.2134983721732595,0.0826070884622579,0.0231293936744396,0.2134983721732595,LOCAL_CURRENCY_ASSET_VS_USD_BENCHMARK_NOT_FX_HEDGED
,ZS,Cybersecurity,191.72999572753903,0.1652485933564078,0.1291518980073083,0.0442809877655432,0.5414857691056132,0.14123982115495,0.0641949706053517,0.5119562426347981,0.1180816510659225,0.0622081913147624,0.2404646660755596,-0.1403773805586733,0.1717010035793339,0.0114554882573059,0.7947727272727273,PERSISTENT,2026-09-15,2026-09-14,CORE,SPY,SPY,AVAILABLE,0.14123982115495,0.0641949706053517,0.5119562426347981,0.14123982115495,0.0641949706053517,0.5119562426347981,LOCAL_CURRENCY_ASSET_VS_USD_BENCHMARK_NOT_FX_HEDGED
,ZIM,Shipping,29.71999931335449,0.0050726959783002,0.0398880123405056,0.0561478307738441,0.2393661334733645,0.0519759354881473,0.0760618136136526,0.2098366070025494,0.0258510546470446,0.1513409811188937,0.1070467389115676,-0.0624782808201161,0.3593615456548336,0.0793809123324254,0.7931818181818182,PERSISTENT,2026-09-15,2026-09-14,CORE,SPY,SPY,AVAILABLE,0.0519759354881473,0.0760618136136526,0.2098366070025494,0.0519759354881473,0.0760618136136526,0.2098366070025494,LOCAL_CURRENCY_ASSET_VS_USD_BENCHMARK_NOT_FX_HEDGED
,CIBR,Cybersecurity,100.0500030517578,0.0598517101117843,0.0577228768924271,0.0045181183185825,0.1888405359981846,0.0698108000400689,0.024432101158391,0.1593110095273695,0.0565933473127815,0.0116975428674895,0.1252214139080934,-0.0719317386064543,-0.0820035595765047,0.0004220594630148,0.7881818181818183,PERSISTENT,2026-09-15,2026-09-14,CORE,SPY,SPY,AVAILABLE,0.0698108000400689,0.024432101158391,0.1593110095273695,0.0698108000400689,0.024432101158391,0.1593110095273695,LOCAL_CURRENCY_ASSET_VS_USD_BENCHMARK_NOT_FX_HEDGED
,XOM,Energy,165.0800018310547,-0.0054822798481493,0.0351790340967479,0.0377820722330533,0.1805380220438299,0.0472669572443896,0.0576960550728617,0.1510084955730148,0.0257335160384846,0.1541420457591771,0.0653597511849229,-0.0584411183374926,0.1624498140480771,0.0891038567534702,0.7870454545454545,PERSISTENT,2026-09-15,2026-09-14,CORE,SPY,SPY,AVAILABLE,0.0472669572443896,0.0576960550728617,0.1510084955730148,0.0472669572443896,0.0576960550728617,0.1510084955730148,LOCAL_CURRENCY_ASSET_VS_USD_BENCHMARK_NOT_FX_HEDGED
,MSFT,Cloud_AI,505.4100036621094,0.0197324590580614,0.0114268387344214,0.0221264703894674,0.3363634008895331,0.0235147618820631,0.0420404532292759,0.306833874418718,0.0058952211370545,0.0944445000587462,0.0640367891767666,-0.0426071196466324,-0.0004351564855376,0.0326331701021026,0.7827272727272726,PERSISTENT,2026-09-15,2026-09-14,CORE,SPY,SPY,AVAILABLE,0.0235147618820631,0.0420404532292759,0.306833874418718,0.0235147618820631,0.0420404532292759,0.306833874418718,LOCAL_CURRENCY_ASSET_VS_USD_BENCHMARK_NOT_FX_HEDGED
,IDNA,Genomics,38.7400016784668,0.0178665339106629,-0.0258988877908299,0.0996310582412134,0.2747615155156131,-0.0138109646431882,0.1195450410810219,0.245231989044798,-0.0508066523511333,0.2125984288354898,0.1598200572174693,-0.0867887780580964,0.6328147299547604,0.1325328423357859,0.7793181818181818,PULLBACK_LEADER,2026-09-15,2026-09-14,CORE,SPY,SPY,AVAILABLE,-0.0138109646431882,0.1195450410810219,0.245231989044798,-0.0138109646431882,0.1195450410810219,0.245231989044798,LOCAL_CURRENCY_ASSET_VS_USD_BENCHMARK_NOT_FX_HEDGED
,053800.KQ,Cybersecurity,61100.0,0.0303541315345698,0.0700525394045534,0.0303541315345698,0.0644599303135888,0.0189527280602817,0.0274504056401383,0.2184505482696737,0.062464006520911,0.1153846153846153,0.0871004535586157,-0.0489038785834738,0.1492960178262157,0.0402110396600102,0.7772727272727271,PERSISTENT,2026-09-15,2026-09-14,CORE,^KQ11,SPY,AVAILABLE,0.0189527280602817,0.0274504056401383,0.2184505482696737,0.0710133997507612,0.0317716258163005,0.0249812850206996,LOCAL_CURRENCY_ASSET_VS_USD_BENCHMARK_NOT_FX_HEDGED
,9101.T,Shipping,7337.0,0.010327733406775,-0.0111859838274932,0.1305084745762712,0.3922201138519925,0.0300565273060451,0.2031229124660646,0.4421643416551422,-0.043813102471561,0.3621205643437366,0.092895084972153,-0.0372222222222222,0.8717065750643792,0.5087438423611595,0.775909090909091,PULLBACK_LEADER,2026-09-15,2026-09-14,CORE,^N225,SPY,AVAILABLE,0.0300565273060451,0.2031229124660646,0.4421643416551422,0.037094908339036,0.1663202328398085,0.317592264536894,LOCAL_CURRENCY_ASSET_VS_USD_BENCHMARK_NOT_FX_HEDGED
,2269.HK,Biotech,49.13999938964844,0.0455319019074136,0.0136138583672449,0.064558049221991,0.5944192042902843,-0.0113753251611011,0.0535959890730569,0.5537147448693782,-0.0025256539382528,0.1160435772644673,0.1451693046964019,-0.099616871397276,0.2679361134956434,0.0516055855513172,0.7756818181818183,PULLBACK_LEADER,2026-09-15,2026-09-14,CORE,^HSI,SPY,AVAILABLE,-0.0113753251611011,0.0535959890730569,0.5537147448693782,0.0112745657812504,0.108527187405276,0.620235787550989,LOCAL_CURRENCY_ASSET_VS_USD_BENCHMARK_NOT_FX_HEDGED
,1919.HK,Shipping,16.43000030517578,-0.0006082864085751,0.0098340407443417,-0.0006082864085751,0.2279521797195669,0.0465152206317586,0.0737207758404822,0.1710070908407788,0.0099861123464855,0.0019048061933267,0.0978243129635897,-0.0963789067439382,-0.1253285313343567,-1.184437368654613e-05,0.7713636363636364,PERSISTENT,2026-09-15,2026-09-14,CORE,^HSI,SPY,AVAILABLE,0.0465152206317586,0.0737207758404822,0.1710070908407788,0.0250349638820016,0.0805983306737117,0.143637873846826,LOCAL_CURRENCY_ASSET_VS_USD_BENCHMARK_NOT_FX_HEDGED
,9107.T,Shipping,3429.0,0.0094200765381218,0.0011678832116788,0.1162109375,0.3645045762037406,0.0362605022829403,0.1895575246772857,0.4274922048593259,-0.0278848511633211,0.2694339622641509,0.1122213022076381,-0.051082251082251,0.759788142896981,0.2790127429739044,0.770909090909091,PULLBACK_LEADER,2026-09-15,2026-09-14,CORE,^N225,SPY,AVAILABLE,0.0362605022829403,0.1895575246772857,0.4274922048593259,0.0424364808399494,0.15159715115664,0.2897293616100442,LOCAL_CURRENCY_ASSET_VS_USD_BENCHMARK_NOT_FX_HEDGED
,IGV,Software,106.63999938964844,0.0504334408577988,0.0197953495349074,0.0245964403685272,0.1960519853025488,0.0318832726825492,0.0445104232083357,0.1665224588317337,0.0136462394427756,0.0675460934087281,0.1189516032069816,-0.0826686255602836,0.0974147643503084,0.0139669698756715,0.7702272727272728,PERSISTENT,2026-09-15,2026-09-14,CORE,SPY,SPY,AVAILABLE,0.0318832726825492,0.0445104232083357,0.1665224588317337,0.0318832726825492,0.0445104232083357,0.1665224588317337,LOCAL_CURRENCY_ASSET_VS_USD_BENCHMARK_NOT_FX_HEDGED
,S,Cybersecurity,22.61000061035156,0.1448101574861551,0.1373240223758485,-0.0216356549889503,0.5277027242544183,0.1494119455234902,-0.0017216721491418,0.4981731977836032,0.1427329361230861,0.0330251087277225,0.2328657236423904,-0.1592384339240309,-0.3632714742203427,-0.003068377119781,0.7684090909090909,NEUTRAL,2026-09-15,2026-09-14,CORE,SPY,SPY,AVAILABLE,0.1494119455234902,-0.0017216721491418,0.4981731977836032,0.1494119455234902,-0.0017216721491418,0.4981731977836032,LOCAL_CURRENCY_ASSET_VS_USD_BENCHMARK_NOT_FX_HEDGED
,SKYY,Cloud_AI,162.77000427246094,0.0271344924505247,0.0074895192631352,-0.0155436804303396,0.2338539003313744,0.0195774424107769,0.0043703024094688,0.2043243738605593,0.0113754393707201,0.0582104939737258,0.0784265686698798,-0.0599640163695843,-0.2597217713475056,-0.0115369744126941,0.7675000000000001,PERSISTENT,2026-09-15,2026-09-14,CORE,SPY,SPY,AVAILABLE,0.0195774424107769,0.0043703024094688,0.2043243738605593,0.0195774424107769,0.0043703024094688,0.2043243738605593,LOCAL_CURRENCY_ASSET_VS_USD_BENCHMARK_NOT_FX_HEDGED
,9104.T,Shipping,7109.0,0.0089412432585864,-0.007677275265215,0.0724091114798612,0.325811264453562,0.0265762601860717,0.1572933942308613,0.3799704887630999,-0.0257795531351803,0.2334630350194552,0.0856732298611185,-0.0424567188788128,0.4209615976864064,0.1973177730844779,0.7665909090909092,PULLBACK_LEADER,2026-09-15,2026-09-14,CORE,^N225,SPY,AVAILABLE,0.0265762601860717,0.1572933942308613,0.3799704887630999,0.0321768885659227,0.1185077086936177,0.2396518705206192,LOCAL_CURRENCY_ASSET_VS_USD_BENCHMARK_NOT_FX_HEDGED
,4568.T,Biotech,2845.5,0.0265151515151516,0.0402120270517272,0.0697368421052631,0.0515521064301551,0.0076533134579857,0.0841920998973581,0.1522758530492802,0.0227778165254114,0.2101983002832861,0.0874803908345348,-0.0757420675537359,0.4914268169329612,0.167564016779214,0.7615909090909091,PERSISTENT,2026-09-15,2026-09-14,CORE,^N225,SPY,AVAILABLE,0.0076533134579857,0.0841920998973581,0.1522758530492802,0.0305202781941699,0.0626036127408711,0.1070235713588572,LOCAL_CURRENCY_ASSET_VS_USD_BENCHMARK_NOT_FX_HEDGED
,CHKP,Cybersecurity,138.4949951171875,0.0520738055250864,0.0105435390970693,0.0514348150144072,0.1362293527827291,0.0226314622447111,0.0713487978542157,0.1066998263119141,-0.0023151646565324,0.1317707042663156,0.1110601424141742,-0.0604708727508638,0.3400344478781655,0.0610264101137251,0.7493181818181818,PULLBACK_LEADER,2026-09-15,2026-09-14,CORE,SPY,SPY,AVAILABLE,0.0226314622447111,0.0713487978542157,0.1066998263119141,0.0226314622447111,0.0713487978542157,0.1066998263119141,LOCAL_CURRENCY_ASSET_VS_USD_BENCHMARK_NOT_FX_HEDGED
,PANW,Cybersecurity,373.9400024414063,0.130923965958017,0.1220668291535809,-0.0268821059869395,0.32541734650566,0.1341547523012226,-0.006968123147131,0.2958878200348449,0.1287873556503158,0.0420824806326451,0.2345972329911645,-0.1451843225398452,-0.456186340686968,-0.0048221613278904,0.7452272727272726,NEUTRAL,2026-09-15,2026-09-14,CORE,SPY,SPY,AVAILABLE,0.1341547523012226,-0.006968123147131,0.2958878200348449,0.1341547523012226,-0.006968123147131,0.2958878200348449,LOCAL_CURRENCY_ASSET_VS_USD_BENCHMARK_NOT_FX_HEDGED
,4502.T,Biotech,5737.0,0.0125308859865866,-0.0069240090012117,0.0406312352621076,0.1389716100853681,0.0004047844467611,0.0782375867665458,0.2317016499019351,-0.0170818178167386,0.1848184818481848,0.0617959951426771,-0.0495937711577522,0.2412143696881732,0.1215192537869346,0.7270454545454546,PULLBACK_LEADER,2026-09-15,2026-09-14,CORE,^N225,SPY,AVAILABLE,0.0004047844467611,0.0782375867665458,0.2317016499019351,0.009306765490767,0.0423698730554562,0.1169430961282573,LOCAL_CURRENCY_ASSET_VS_USD_BENCHMARK_NOT_FX_HEDGED
,CLOU,Cloud_AI,28.350000381469727,0.04496871575534,0.0201511136197727,-0.0024630434425159,0.2898089614148049,0.0322390367674144,0.0174509393972925,0.2602794349439898,0.0207668744804017,0.0081111999094728,0.0987497980112358,-0.061894913928255,-0.1607258738056947,-0.0002023116821534,0.7113636363636363,PERSISTENT,2026-09-15,2026-09-14,CORE,SPY,SPY,AVAILABLE,0.0322390367674144,0.0174509393972925,0.2602794349439898,0.0322390367674144,0.0174509393972925,0.2602794349439898,LOCAL_CURRENCY_ASSET_VS_USD_BENCHMARK_NOT_FX_HEDGED
,7267.T,EV,1679.0,0.0090144230769231,-0.0094395280235988,-0.0047421458209839,0.1874115983026874,-0.0036297589165882,0.0720542303188992,0.2598298818716837,-0.0082539915683528,0.0139860139860139,0.0987886949998102,-0.0812892184826012,-0.1634836453350149,-0.0006713695102068,0.7111363636363636,PULLBACK_LEADER,2026-09-15,2026-09-14,CORE,^N225,SPY,AVAILABLE,-0.0036297589165882,0.0720542303188992,0.2598298818716837,0.0017725680047003,0.0325798453247301,0.1409655681110719,LOCAL_CURRENCY_ASSET_VS_USD_BENCHMARK_NOT_FX_HEDGED
,SBLK,Shipping,30.82999992370605,-0.0109079291548181,-0.0490437487674597,0.0940290543996535,0.1880950426110543,-0.036955825619818,0.113943037239462,0.1585655161402392,-0.0725510123673731,0.2586856180540193,0.102100611930032,-0.0518198177887745,0.387563511627306,0.2382352425965695,0.7088636363636364,PULLBACK_LEADER,2026-09-15,2026-09-14,CORE,SPY,SPY,AVAILABLE,-0.036955825619818,0.113943037239462,0.1585655161402392,-0.036955825619818,0.113943037239462,0.1585655161402392,LOCAL_CURRENCY_ASSET_VS_USD_BENCHMARK_NOT_FX_HEDGED
,PLTR,Software_AI,173.30999755859375,0.0363571248363874,-0.0058509967403628,-0.0041944136732923,0.3267242676295485,0.0062369264072789,0.0157195691665161,0.2971947411587334,-0.0048023933220397,0.0082644142692909,0.1472648733107071,-0.1100976700014736,-0.2456501447139533,-0.0002353879199673,0.7077272727272726,PULLBACK_LEADER,2026-09-15,2026-09-14,CORE,SPY,SPY,AVAILABLE,0.0062369264072789,0.0157195691665161,0.2971947411587334,0.0062369264072789,0.0157195691665161,0.2971947411587334,LOCAL_CURRENCY_ASSET_VS_USD_BENCHMARK_NOT_FX_HEDGED
,GNOM,Genomics,63.56890106201172,0.0216959329720818,-0.0107547627022113,0.090188639424892,0.2404384178025425,0.0013331604454304,0.1101026222647005,0.2109088913317274,-0.0333019225584343,0.1937915365025001,0.1617991033202633,-0.0867020747888263,0.5476547312678461,0.1080215813966808,0.7043181818181818,PULLBACK_LEADER,2026-09-15,2026-09-14,CORE,SPY,SPY,AVAILABLE,0.0013331604454304,0.1101026222647005,0.2109088913317274,0.0013331604454304,0.1101026222647005,0.2109088913317274,LOCAL_CURRENCY_ASSET_VS_USD_BENCHMARK_NOT_FX_HEDGED
,QCOM,Semiconductor,180.1499938964844,-0.0100016888059001,0.0676187509297108,0.0925295281064488,-0.1495024619189748,0.0797066740773525,0.1124435109462573,-0.1790319883897899,0.0444863689030985,0.3274704357938705,0.0773442897728118,-0.043790350513617,0.4595968439613239,0.3917636968653289,0.6979545454545455,EMERGING,2026-09-15,2026-09-14,CORE,SPY,SPY,AVAILABLE,0.0797066740773525,0.1124435109462573,-0.1790319883897899,0.0797066740773525,0.1124435109462573,-0.1790319883897899,LOCAL_CURRENCY_ASSET_VS_USD_BENCHMARK_NOT_FX_HEDGED
,MRNA,Biotech,146.69000244140625,0.0188928332127567,0.0078323556561044,1.3166456593239166,1.3736246642773162,0.0199202788037461,1.3365596421637251,1.3440951378065011,-0.3213290591748747,0.3206908485919018,1.8081348403681976,-0.2354627618354927,9.892889092368748,0.2335203129526828,0.6970454545454546,NEUTRAL,2026-09-15,2026-09-14,CORE,SPY,SPY,AVAILABLE,0.0199202788037461,1.3365596421637251,1.3440951378065011,0.0199202788037461,1.3365596421637251,1.3440951378065011,LOCAL_CURRENCY_ASSET_VS_USD_BENCHMARK_NOT_FX_HEDGED
,HLAG.DE,Shipping,134.6999969482422,-0.0095588459688074,-0.0073691969232793,0.052343726158142,0.2124212313073823,0.0080367503515963,0.0828940795147054,0.2093450457085521,-0.0204551284628148,0.147252729563528,0.0942873105226441,-0.0608695209890172,0.3200890750111457,0.0817475491621024,0.6956818181818182,NEUTRAL,2026-09-15,2026-09-11,CORE,^STOXX,SPY,AVAILABLE,0.0080367503515963,0.0828940795147054,0.2093450457085521,0.0041159940167372,0.0698143215843815,0.1593141383312042,LOCAL_CURRENCY_ASSET_VS_USD_BENCHMARK_NOT_FX_HEDGED
,EWJ,Market_JP,97.58000183105467,-0.0099431387156483,-0.0071224761593062,-0.0064147974675785,0.0331392798723721,0.0049654469883354,0.0134991853722299,0.0036097534015571,-0.0055187767924116,0.0412032599350627,0.0493273201102015,-0.0401181394780114,-0.0884897840002058,-0.0053582997595841,0.6922727272727274,NEUTRAL,2026-09-15,2026-09-14,CORE,SPY,SPY,AVAILABLE,0.0049654469883354,0.0134991853722299,0.0036097534015571,0.0049654469883354,0.0134991853722299,0.0036097534015571,LOCAL_CURRENCY_ASSET_VS_USD_BENCHMARK_NOT_FX_HEDGED
,EWH,Market_HK,22.71999931335449,0.0088809436734211,-0.0206897169741362,0.0147387196383141,0.0646672516822475,-0.0086017938264945,0.0346527024781226,0.0351377252114324,-0.0243743968837147,0.092957695020962,0.0447499084607308,-0.0376874112950161,0.05516872979559,0.0306163174912447,0.6895454545454546,NEUTRAL,2026-09-15,2026-09-14,CORE,SPY,SPY,AVAILABLE,-0.0086017938264945,0.0346527024781226,0.0351377252114324,-0.0086017938264945,0.0346527024781226,0.0351377252114324,LOCAL_CURRENCY_ASSET_VS_USD_BENCHMARK_NOT_FX_HEDGED
,2359.HK,Biotech,197.8999938964844,0.0481991032713695,0.0323421859517094,-0.0242146419107482,0.5421501799214488,0.0209160438996872,-0.028397827932673,0.5254031890865001,0.0383958464293965,0.0727673816408344,0.0982761860061102,-0.0861568370082198,-0.4770544050947737,-0.017929430931579,0.6859090909090909,NEUTRAL,2026-09-15,2026-09-14,CORE,^HSI,SPY,AVAILABLE,0.0209160438996872,-0.028397827932673,0.5254031890865001,0.0476713222883268,0.025358445752031,0.5800666948318953,LOCAL_CURRENCY_ASSET_VS_USD_BENCHMARK_NOT_FX_HEDGED
,SAP.DE,Software,177.25999450683594,-0.0031493240035793,-0.0448324563106372,0.010719520878561,0.314400071960476,-0.0294265090357616,0.0412698742351244,0.3113238863616459,-0.0475123365302775,0.0320598673598351,0.0962160007255781,-0.0734895059540539,-0.0872841976403361,0.003571821889665,0.6772727272727274,NEUTRAL,2026-09-15,2026-09-11,CORE,^STOXX,SPY,AVAILABLE,-0.0294265090357616,0.0412698742351244,0.3113238863616459,-0.0333472653706207,0.0281901163048005,0.219218646474016,LOCAL_CURRENCY_ASSET_VS_USD_BENCHMARK_NOT_FX_HEDGED
,HPE,AI_Server,55.40999984741211,-0.1075857672533338,0.0655769201425404,-0.0562084702524431,0.1495850408785959,0.0776648432901822,-0.0362944874126346,0.1200555144077808,0.0796290377056512,0.0738254850276548,0.2348592351480593,-0.1335377324960881,-0.6979581841323279,-0.0176685305835775,0.6763636363636365,NEUTRAL,2026-09-15,2026-09-14,CORE,SPY,SPY,AVAILABLE,0.0776648432901822,-0.0362944874126346,0.1200555144077808,0.0776648432901822,-0.0362944874126346,0.1200555144077808,LOCAL_CURRENCY_ASSET_VS_USD_BENCHMARK_NOT_FX_HEDGED
,006400.KS,EV,532000.0,-0.0238532110091742,-0.0166358595194084,0.0310077519379845,0.0191570881226053,-0.0387768606761247,0.1049227978571887,0.2113825919031438,-0.0243877975039046,0.0498442367601246,0.1917020816388956,-0.0814558058925476,-0.0052984303159911,0.0080622897559737,0.6763636363636364,NEUTRAL,2026-09-15,2026-09-14,CORE,^KS11,SPY,AVAILABLE,-0.0387768606761247,0.1049227978571887,0.2113825919031438,-0.017109157144329,0.1142567345101082,-0.0485866188625871,LOCAL_CURRENCY_ASSET_VS_USD_BENCHMARK_NOT_FX_HEDGED
,NEX.PA,Power_Grid,142.1999969482422,0.0215517246104213,0.025973958774849,-0.002105284573739,-0.0790155273997065,0.0413799060497247,0.0284450687828242,-0.0820917129985366,0.0265002799182838,0.0075950169024955,0.0804712598402674,-0.0427469584805881,-0.1340725192809942,-0.0001987004050122,0.6745454545454546,EMERGING,2026-09-15,2026-09-11,CORE,^STOXX,SPY,AVAILABLE,0.0413799060497247,0.0284450687828242,-0.0820917129985366,0.0374591497148656,0.0153653108525003,-0.0694219863338539,LOCAL_CURRENCY_ASSET_VS_USD_BENCHMARK_NOT_FX_HEDGED
,7203.T,EV,3025.0,-0.0019795447047179,-0.0229328165374677,0.0039827414537005,0.0828709504206193,-0.0007011680351383,0.0720777965720248,0.1629212281887051,-0.0239285019008928,0.0134983127109111,0.089095895192052,-0.0846438482886215,-0.0297734225758228,0.0006033980518729,0.6690909090909092,NEUTRAL,2026-09-15,2026-09-14,CORE,^N225,SPY,AVAILABLE,-0.0007011680351383,0.0720777965720248,0.1629212281887051,-0.0060879937624523,0.0215696119788812,0.0315930603750844,LOCAL_CURRENCY_ASSET_VS_USD_BENCHMARK_NOT_FX_HEDGED
,GOOGL,Cloud_AI,349.3900146484375,0.0321713874399927,0.0322933979474795,0.0107389577449619,-0.0389659577332822,0.0443813210951212,0.0306529405847704,-0.0684954842040973,0.029608658511239,0.0483612162463026,0.0636754938570481,-0.0494095230140558,-0.0073970216220004,0.0081561842131912,0.6681818181818184,EMERGING,2026-09-15,2026-09-14,CORE,SPY,SPY,AVAILABLE,0.0443813210951212,0.0306529405847704,-0.0684954842040973,0.0443813210951212,0.0306529405847704,-0.0684954842040973,LOCAL_CURRENCY_ASSET_VS_USD_BENCHMARK_NOT_FX_HEDGED
,NEM,Gold_Miners,123.06999969482422,-0.0294929259188845,-0.0391911686047994,0.0472672324664553,0.1670880359344637,-0.0271032454571577,0.0671812153062638,0.1375585094636486,-0.0510079767214132,0.0927600253388665,0.1328300450965406,-0.0925706967429901,0.1842457944819908,0.033008418224204,0.6677272727272727,NEUTRAL,2026-09-15,2026-09-14,CORE,SPY,SPY,AVAILABLE,-0.0271032454571577,0.0671812153062638,0.1375585094636486,-0.0271032454571577,0.0671812153062638,0.1375585094636486,LOCAL_CURRENCY_ASSET_VS_USD_BENCHMARK_NOT_FX_HEDGED
,IBB,Biotech,204.6000061035156,0.0082295051890262,-0.0345412992104411,0.0319782698090465,0.1796586901723336,-0.0224533760627994,0.051892252648855,0.1501291637015185,-0.0425358666627027,0.1094993194159495,0.0913878490494551,-0.0660029815684157,0.1325002701514341,0.0383158025559315,0.6675,NEUTRAL,2026-09-15,2026-09-14,CORE,SPY,SPY,AVAILABLE,-0.0224533760627994,0.051892252648855,0.1501291637015185,-0.0224533760627994,0.051892252648855,0.1501291637015185,LOCAL_CURRENCY_ASSET_VS_USD_BENCHMARK_NOT_FX_HEDGED
,GM,Auto,87.16000366210938,0.017986461879538,-0.0068368101585698,0.0065720111446647,0.0975150405641787,0.0052511129890718,0.0264859939844732,0.0679855140933636,-0.008479812944736,0.0246341698624925,0.0739818432735006,-0.0455788503034761,-0.0475324697516978,0.0021883212381902,0.6663636363636365,NEUTRAL,2026-09-15,2026-09-14,CORE,SPY,SPY,AVAILABLE,0.0052511129890718,0.0264859939844732,0.0679855140933636,0.0052511129890718,0.0264859939844732,0.0679855140933636,LOCAL_CURRENCY_ASSET_VS_USD_BENCHMARK_NOT_FX_HEDGED
,XLF,Financials,57.02999877929688,-0.0038428160821506,-0.0184165184668777,-0.0194291793514423,0.0588302369013238,-0.006328595319236,0.0004848034883661,0.0293007104305087,-0.0135592236290171,0.1363089823037558,0.0371186051989287,-0.0288593306313864,-0.2246214455070761,-0.0713489003748635,0.6536363636363637,NEUTRAL,2026-09-15,2026-09-14,CORE,SPY,SPY,AVAILABLE,-0.006328595319236,0.0004848034883661,0.0293007104305087,-0.006328595319236,0.0004848034883661,0.0293007104305087,LOCAL_CURRENCY_ASSET_VS_USD_BENCHMARK_NOT_FX_HEDGED
,REGN,Biotech,793.739990234375,0.0156751847791756,-0.0410525076976032,-0.0109687058849655,0.3071683277868844,-0.0289645845499615,0.0089452769548429,0.2776388013160693,-0.0383103312263618,0.0351415373624622,0.0836019809526413,-0.0827905550708255,-0.2603814698919236,-0.0046106226584837,0.6529545454545455,NEUTRAL,2026-09-15,2026-09-14,CORE,SPY,SPY,AVAILABLE,-0.0289645845499615,0.0089452769548429,0.2776388013160693,-0.0289645845499615,0.0089452769548429,0.2776388013160693,LOCAL_CURRENCY_ASSET_VS_USD_BENCHMARK_NOT_FX_HEDGED
,1177.HK,Biotech,5.474999904632568,0.0428571246919178,0.0009140977390682,0.1530636623434296,0.2248240194608,-0.0185388458079408,0.1261727184342745,0.149085047443777,-0.0373518178467891,0.2399754382926464,0.1850741203531498,-0.1017963749442908,0.9970234738208994,0.1984692370140827,0.646818181818182,NEUTRAL,2026-09-15,2026-09-14,CORE,^HSI,SPY,AVAILABLE,-0.0185388458079408,0.1261727184342745,0.149085047443777,0.0012478247856527,0.1814293548848347,0.1794238730696864,LOCAL_CURRENCY_ASSET_VS_USD_BENCHMARK_NOT_FX_HEDGED
,EWU,Market_EU,47.90999984741211,-0.0006257567825661,-0.0139946553414358,-0.0072523515601724,0.0433362752138042,-0.0019067321937941,0.012661631279636,0.0138067487429891,-0.0121815674513927,0.0749461694543102,0.027238921511279,-0.0376594580550125,-0.0896928020577033,-0.0199543865474207,0.6447727272727272,NEUTRAL,2026-09-15,2026-09-14,CORE,SPY,SPY,AVAILABLE,-0.0019067321937941,0.012661631279636,0.0138067487429891,-0.0019067321937941,0.012661631279636,0.0138067487429891,LOCAL_CURRENCY_ASSET_VS_USD_BENCHMARK_NOT_FX_HEDGED
,SPY,Market_US,760.8800048828125,-0.0044616222148201,-0.0120879231476417,-0.0199139828398084,0.029529526470815,0.0,0.0,0.0,-0.0071094274376896,0.2037435198256134,0.0248698243374407,-0.0238426580175171,-0.1861345572380346,-0.1631432897345092,0.6393181818181818,NEUTRAL,2026-09-15,2026-09-14,CORE,SPY,SPY,AVAILABLE,0.0,0.0,0.0,0.0,0.0,0.0,LOCAL_CURRENCY_ASSET_VS_USD_BENCHMARK_NOT_FX_HEDGED
,AEM,Gold_Miners,197.5500030517578,-0.0140247432123863,-0.0350705457217739,0.06182910543126,0.1445092382351238,-0.0229826225741321,0.0817430882710685,0.1149797117643087,-0.0505278220795889,0.1082587763122787,0.1623653866391369,-0.1348463417822993,0.2860819033561787,0.0412251861866823,0.631818181818182,NEUTRAL,2026-09-15,2026-09-14,CORE,SPY,SPY,AVAILABLE,-0.0229826225741321,0.0817430882710685,0.1149797117643087,-0.0229826225741321,0.0817430882710685,0.1149797117643087,LOCAL_CURRENCY_ASSET_VS_USD_BENCHMARK_NOT_FX_HEDGED
,VT,Market_Global,158.72999572753906,-0.0075653788633051,-0.0185494347322805,-0.0216949415868162,0.0184988841826316,-0.0064615115846388,-0.0017809587470077,-0.0110306422881834,-0.0131256993355764,0.2025313010581913,0.0275949258818701,-0.0229275884172766,-0.1997377862683657,-0.1592287206991975,0.6309090909090911,WEAKENING,2026-09-15,2026-09-14,CORE,SPY,SPY,AVAILABLE,-0.0064615115846388,-0.0017809587470077,-0.0110306422881834,-0.0064615115846388,-0.0017809587470077,-0.0110306422881834,LOCAL_CURRENCY_ASSET_VS_USD_BENCHMARK_NOT_FX_HEDGED
,VRTX,Biotech,519.510009765625,0.0078961805543631,-0.0487255284360216,0.0272071374505684,0.1318547698618581,-0.0366376052883798,0.0471211202903769,0.1023252433910431,-0.0555273127986637,0.0930233709645474,0.080613264088552,-0.0777833943382226,0.0975615347272079,0.0313955732789521,0.6302272727272727,NEUTRAL,2026-09-15,2026-09-14,CORE,SPY,SPY,AVAILABLE,-0.0366376052883798,0.0471211202903769,0.1023252433910431,-0.0366376052883798,0.0471211202903769,0.1023252433910431,LOCAL_CURRENCY_ASSET_VS_USD_BENCHMARK_NOT_FX_HEDGED
,4503.T,Biotech,2292.5,0.0232091051104663,-0.0045592705167173,0.0041611914148049,0.054022988505747,-0.0332945769710153,0.0192098661049358,0.1349183244743705,-0.0055995683704185,0.0157938487115544,0.0704432545095584,-0.079942160710597,-0.0298809584897479,0.0009329669408776,0.6297727272727274,NEUTRAL,2026-09-15,2026-09-14,CORE,^N225,SPY,AVAILABLE,-0.0332945769710153,0.0192098661049358,0.1349183244743705,-0.0146579906710804,-0.0072449392904694,0.0544287150882205,LOCAL_CURRENCY_ASSET_VS_USD_BENCHMARK_NOT_FX_HEDGED
,AMD,AI_Semiconductor,493.4100036621094,-0.0440199194113152,0.0331679043804293,-0.040786194111227,-0.0372111644033351,0.0452558275280711,-0.0208722112714185,-0.0667406908741502,0.0433644529082361,0.0845218598096726,0.1406189980796306,-0.1132020632751312,-0.4472324902777923,-0.0245153572982155,0.6288636363636363,WEAKENING,2026-09-15,2026-09-14,CORE,SPY,SPY,AVAILABLE,0.0452558275280711,-0.0208722112714185,-0.0667406908741502,0.0452558275280711,-0.0208722112714185,-0.0667406908741502,LOCAL_CURRENCY_ASSET_VS_USD_BENCHMARK_NOT_FX_HEDGED
,GDX,Gold_Miners,94.13999938964844,-0.0304840281255158,-0.0515817311746077,0.0463487619469515,0.1159317058859386,-0.039493808026966,0.06626274478676,0.0864021794151235,-0.0631689216613456,0.078309824768926,0.1515517064100487,-0.1078468310789672,0.2072915196489994,0.0239493405405944,0.628409090909091,NEUTRAL,2026-09-15,2026-09-14,CORE,SPY,SPY,AVAILABLE,-0.039493808026966,0.06626274478676,0.0864021794151235,-0.039493808026966,0.06626274478676,0.0864021794151235,LOCAL_CURRENCY_ASSET_VS_USD_BENCHMARK_NOT_FX_HEDGED
,PRY.MI,Power_Grid,127.25,0.0295307570464342,0.0621869512392543,-0.0256508878021058,-0.1387478849407784,0.0775928985141299,0.0048994655544574,-0.1418240705396085,0.0685996731897808,0.0614116403122805,0.1194652566136287,-0.1064479530925855,-0.3512936098591276,-0.0131859516318477,0.6222727272727273,EMERGING,2026-09-15,2026-09-11,CORE,^STOXX,SPY,AVAILABLE,0.0775928985141299,0.0048994655544574,-0.1418240705396085,0.0736721421792708,-0.0081802923758664,-0.1517383236080223,LOCAL_CURRENCY_ASSET_VS_USD_BENCHMARK_NOT_FX_HEDGED
,TSLA,EV,358.9700012207031,-0.0177046879856578,0.0138104802131748,0.0487919266750676,-0.0943791392130625,0.0258984033608166,0.0687059095148761,-0.1239086656838776,0.0016124985444079,0.0934423396631591,0.1446294799990684,-0.0592236597871772,0.2309564976152822,0.0315235302320175,0.6168181818181818,EMERGING,2026-09-15,2026-09-14,CORE,SPY,SPY,AVAILABLE,0.0258984033608166,0.0687059095148761,-0.1239086656838776,0.0258984033608166,0.0687059095148761,-0.1239086656838776,LOCAL_CURRENCY_ASSET_VS_USD_BENCHMARK_NOT_FX_HEDGED
,JPM,Financials,350.1300048828125,-0.0171237849574379,-0.0237285562626553,-0.0350291907820495,0.054721201770981,-0.0116406331150136,-0.015115207942241,0.0251916753001659,-0.0149712585671429,0.2256345550299839,0.0439160214678648,-0.0361183623322436,-0.3790883367557848,-0.1799752256918744,0.6154545454545455,WEAKENING,2026-09-15,2026-09-14,CORE,SPY,SPY,AVAILABLE,-0.0116406331150136,-0.015115207942241,0.0251916753001659,-0.0116406331150136,-0.015115207942241,0.0251916753001659,LOCAL_CURRENCY_ASSET_VS_USD_BENCHMARK_NOT_FX_HEDGED
,EWG,Market_EU,42.709999084472656,-0.003732210202905,-0.0268854026335231,-0.0328351623177015,0.0326401947340206,-0.0147974794858813,-0.012921179477893,0.0031106682632056,-0.0186766120540977,0.2700184341290673,0.0330629743552219,-0.0441803367114093,-0.3024303931272962,-0.2681579406058255,0.6136363636363636,WEAKENING,2026-09-15,2026-09-14,CORE,SPY,SPY,AVAILABLE,-0.0147974794858813,-0.012921179477893,0.0031106682632056,-0.0147974794858813,-0.012921179477893,0.0031106682632056,LOCAL_CURRENCY_ASSET_VS_USD_BENCHMARK_NOT_FX_HEDGED
,1801.HK,Biotech,96.8499984741211,0.0352752037916825,-0.0439289678536638,0.0157315157210737,0.2718318651800351,-0.0534741221121269,0.0097255903129669,0.2295357863628406,-0.0478618467839322,0.0358851648441906,0.1349171464276113,-0.1479963528993713,-0.0281123686996394,0.0041842571522412,0.6129545454545455,NEUTRAL,2026-09-15,2026-09-14,CORE,^HSI,SPY,AVAILABLE,-0.0534741221121269,0.0097255903129669,0.2295357863628406,-0.0421113245970489,0.0524299244510291,0.2509972171057184,LOCAL_CURRENCY_ASSET_VS_USD_BENCHMARK_NOT_FX_HEDGED
,XBI,Biotech,157.60000610351562,0.008962926905417,-0.0379097219194869,0.0012070544246609,0.1317506353203952,-0.0258217987718452,0.0211210372644694,0.1022211088495801,-0.0382114855256521,0.0040059555291322,0.0939024379066898,-0.078737870027878,-0.1172441426781058,5.1493938328194085e-05,0.6065909090909091,NEUTRAL,2026-09-15,2026-09-14,CORE,SPY,SPY,AVAILABLE,-0.0258217987718452,0.0211210372644694,0.1022211088495801,-0.0258217987718452,0.0211210372644694,0.1022211088495801,LOCAL_CURRENCY_ASSET_VS_USD_BENCHMARK_NOT_FX_HEDGED
,TSM,Foundry,418.010009765625,-0.035153681128353,-0.0254132424131363,-0.0195613843520521,-0.0327200840693437,-0.0133253192654946,0.0003525984877563,-0.0622496105401588,-0.0205228963251233,0.066148455156365,0.0852044464303325,-0.0483792515591779,-0.2181546595835968,-0.0151864768778956,0.5995454545454545,NEUTRAL,2026-09-15,2026-09-14,CORE,SPY,SPY,AVAILABLE,-0.0133253192654946,0.0003525984877563,-0.0622496105401588,-0.0133253192654946,0.0003525984877563,-0.0622496105401588,LOCAL_CURRENCY_ASSET_VS_USD_BENCHMARK_NOT_FX_HEDGED
,EEM,Market_EM,65.98999786376953,-0.0272700261495711,-0.039446858877073,-0.009307952873456,-0.037485411119331,-0.0273589357294312,0.0106060299663524,-0.0670149375901461,-0.0371198706587089,0.0425825464221281,0.0619755450186289,-0.041261134559549,-0.1176310840285018,-0.0063953666758361,0.5979545454545455,NEUTRAL,2026-09-15,2026-09-14,CORE,SPY,SPY,AVAILABLE,-0.0273589357294312,0.0106060299663524,-0.0670149375901461,-0.0273589357294312,0.0106060299663524,-0.0670149375901461,LOCAL_CURRENCY_ASSET_VS_USD_BENCHMARK_NOT_FX_HEDGED
,6501.T,Power_Grid,5325.0,0.0242354298903635,-0.0061590145576707,-0.0441572428648358,0.109375,-0.0175766321107021,-0.0300560042150521,0.1902084488224615,0.0048802961585381,0.1514778325123152,0.0920782561793833,-0.071441392927661,-0.4479812103886121,-0.0726430290540502,0.5931818181818181,NEUTRAL,2026-09-15,2026-09-14,CORE,^N225,SPY,AVAILABLE,-0.0175766321107021,-0.0300560042150521,0.1902084488224615,0.0024171029877012,-0.0567289857747224,0.1135172603751935,LOCAL_CURRENCY_ASSET_VS_USD_BENCHMARK_NOT_FX_HEDGED
,BNTX,Biotech,98.86000061035156,0.0220200266669927,-0.0472243776503156,0.0619830755124044,0.0720017274100597,-0.0351364545026738,0.0818970583522129,0.0424722009392446,-0.0627201465284167,0.0928100856720566,0.2584800908636969,-0.1730290659839546,0.3946604957044979,0.022255696867413,0.5929545454545455,NEUTRAL,2026-09-15,2026-09-14,CORE,SPY,SPY,AVAILABLE,-0.0351364545026738,0.0818970583522129,0.0424722009392446,-0.0351364545026738,0.0818970583522129,0.0424722009392446,LOCAL_CURRENCY_ASSET_VS_USD_BENCHMARK_NOT_FX_HEDGED
,RSP,Factor_Breadth,215.009994506836,0.0006515539294915,-0.0182192031651327,-0.0348341770292109,0.0327895346732114,-0.0061312800174909,-0.0149201941894024,0.0032600082023963,-0.0095106589078299,0.3116466729744437,0.0286003851463711,-0.0430938004192622,-0.3194956991305861,-0.3795737477449251,0.5920454545454547,WEAKENING,2026-09-15,2026-09-14,CORE,SPY,SPY,AVAILABLE,-0.0061312800174909,-0.0149201941894024,0.0032600082023963,-0.0061312800174909,-0.0149201941894024,0.0032600082023963,LOCAL_CURRENCY_ASSET_VS_USD_BENCHMARK_NOT_FX_HEDGED
,000660.KS,Memory,1697000.0,-0.0634657836644592,-0.04823331463825,0.031834637098757,-0.3678331765023181,0.066879741241097,0.1235494155001482,-0.060608256713439,-0.0561919739129393,0.0451540611898098,0.2206791656011642,-0.097472917941449,-0.0757304118339265,0.0065138145125607,0.5918181818181818,NEUTRAL,2026-09-15,2026-09-14,CORE,^KS11,SPY,AVAILABLE,0.066879741241097,0.1235494155001482,-0.060608256713439,0.0424461502271803,0.0873709074867843,-0.2687553090566462,LOCAL_CURRENCY_ASSET_VS_USD_BENCHMARK_NOT_FX_HEDGED
,1093.HK,Biotech,8.864999771118164,0.0177956064629556,-0.0841942673929303,0.0125642096218603,0.3154958728123571,-0.0677195330166895,0.0146923841893925,0.2647376121391811,-0.0873353197983954,0.0277077069093786,0.1401513262824435,-0.100671175965557,-0.0459160107149324,0.0024839253896815,0.5911363636363637,NEUTRAL,2026-09-15,2026-09-14,CORE,^HSI,SPY,AVAILABLE,-0.0677195330166895,0.0146923841893925,0.2647376121391811,-0.0725791509846057,0.0400520955193426,0.2635201005342074,LOCAL_CURRENCY_ASSET_VS_USD_BENCHMARK_NOT_FX_HEDGED
,QQQ,Factor_Growth,709.1799926757812,-0.0079733831805319,-0.0136030224184662,-0.0299424329122144,-0.0173708915026281,-0.0015150992708244,-0.0100284500724059,-0.0469004179734432,-0.0061174141904126,0.2374959771249058,0.0363580210184005,-0.0338544869192312,-0.272519487857238,-0.1955884056061351,0.5897727272727273,WEAKENING,2026-09-15,2026-09-14,CORE,SPY,SPY,AVAILABLE,-0.0015150992708244,-0.0100284500724059,-0.0469004179734432,-0.0015150992708244,-0.0100284500724059,-0.0469004179734432,LOCAL_CURRENCY_ASSET_VS_USD_BENCHMARK_NOT_FX_HEDGED
,AIR.PA,Defense,199.3999938964844,0.0184901171711024,0.0121827101344385,-0.0634100534853182,0.0388662673762101,0.0275886574093141,-0.0328597001287549,0.0357900817773799,0.028035223505768,0.3286269324200845,0.055125995222724,-0.091086330887346,-0.617742266915854,-0.378011340698366,0.5865909090909092,WEAKENING,2026-09-15,2026-09-11,CORE,^STOXX,SPY,AVAILABLE,0.0275886574093141,-0.0328597001287549,0.0357900817773799,0.023667901074455,-0.0459394580590788,0.0548635380816118,LOCAL_CURRENCY_ASSET_VS_USD_BENCHMARK_NOT_FX_HEDGED
,ACWI,Market_Global,158.9600067138672,-0.0080498801006727,-0.0180986638262264,-0.0205187424365379,0.020216989953349,-0.0060107406785847,-0.0006047595967294,-0.0093125365174659,-0.012968978217092,0.1932666540321966,0.0277135839173548,-0.0215663327672284,-0.1897713849589018,-0.1430918753591733,0.5813636363636364,WEAKENING,2026-09-15,2026-09-14,CORE,SPY,SPY,AVAILABLE,-0.0060107406785847,-0.0006047595967294,-0.0093125365174659,-0.0060107406785847,-0.0006047595967294,-0.0093125365174659,LOCAL_CURRENCY_ASSET_VS_USD_BENCHMARK_NOT_FX_HEDGED
,SU.PA,Power_Grid,291.1000061035156,0.0128740858928615,0.0130502868291191,-0.0586903602149858,0.0003436635859643,0.0284562341039947,-0.0281400068584225,-0.0027325220128657,0.0277228768828655,0.2141589886683583,0.0850988611629716,-0.0727566693613581,-0.5459059205754034,-0.1476996050999105,0.5811363636363637,NEUTRAL,2026-09-15,2026-09-11,CORE,^STOXX,SPY,AVAILABLE,0.0284562341039947,-0.0281400068584225,-0.0027325220128657,0.0245354777691356,-0.0412197647887464,0.0298629969219228,LOCAL_CURRENCY_ASSET_VS_USD_BENCHMARK_NOT_FX_HEDGED
,FXI,Market_CN,34.84000015258789,0.0101478242124763,-0.0289855318998732,-0.0014330535378392,0.035363999190128,-0.0168976087522315,0.0184809293019692,0.0058344727193129,-0.0286272685154134,0.009784578035873,0.0437901849603538,-0.0426422114951879,-0.0726099172179378,-0.0003202047258596,0.5740909090909092,NEUTRAL,2026-09-15,2026-09-14,CORE,SPY,SPY,AVAILABLE,-0.0168976087522315,0.0184809293019692,0.0058344727193129,-0.0168976087522315,0.0184809293019692,0.0058344727193129,LOCAL_CURRENCY_ASSET_VS_USD_BENCHMARK_NOT_FX_HEDGED
,FCX,Copper,69.33999633789062,-0.0243422451718342,-0.0466108464536429,0.0428635669376982,0.0064914232304511,-0.0345229233060012,0.0627775497775067,-0.0230381032403639,-0.0573267381880675,0.0727968646807124,0.1535532029713799,-0.1322738936280476,0.2209542080849599,0.0203208609245217,0.5729545454545455,NEUTRAL,2026-09-15,2026-09-14,CORE,SPY,SPY,AVAILABLE,-0.0345229233060012,0.0627775497775067,-0.0230381032403639,-0.0345229233060012,0.0627775497775067,-0.0230381032403639,LOCAL_CURRENCY_ASSET_VS_USD_BENCHMARK_NOT_FX_HEDGED
,COPX,Copper,85.62000274658203,-0.0328701691272965,-0.0555923308178044,-0.0009334212894834,-0.0097861221988947,-0.0435044076701627,0.018980561550325,-0.0393156486697098,-0.0553589754954335,0.0019978586613603,0.1282498181492799,-0.1122861020666682,-0.1215527631796819,-1.4540713077051836e-05,0.5690909090909091,NEUTRAL,2026-09-15,2026-09-14,CORE,SPY,SPY,AVAILABLE,-0.0435044076701627,0.018980561550325,-0.0393156486697098,-0.0435044076701627,0.018980561550325,-0.0393156486697098,LOCAL_CURRENCY_ASSET_VS_USD_BENCHMARK_NOT_FX_HEDGED
,AMZN,Cloud_AI,253.5399932861328,-0.0126178265774853,-0.0192256248955241,-0.0346849450677771,0.0675368138363485,-0.0071377017478824,-0.0147709622279686,0.0380072873655334,-0.0105543886285798,0.1362753952966359,0.0743050000201552,-0.0545734102234748,-0.3593905500447868,-0.0636122010453041,0.5688636363636363,WEAKENING,2026-09-15,2026-09-14,CORE,SPY,SPY,AVAILABLE,-0.0071377017478824,-0.0147709622279686,0.0380072873655334,-0.0071377017478824,-0.0147709622279686,0.0380072873655334,LOCAL_CURRENCY_ASSET_VS_USD_BENCHMARK_NOT_FX_HEDGED
,ANET,AI_Networking,187.8099975585937,-0.0590209880025962,-0.0308081394277568,-0.0553767697416428,0.1387255556834343,-0.0187202162801151,-0.0354627869018343,0.1091960292126192,-0.0169639469923461,0.1164957378387376,0.1382965082663012,-0.0894450088146348,-0.5999483420491603,-0.046647292336234,0.5668181818181818,WEAKENING,2026-09-15,2026-09-14,CORE,SPY,SPY,AVAILABLE,-0.0187202162801151,-0.0354627869018343,0.1091960292126192,-0.0187202162801151,-0.0354627869018343,0.1091960292126192,LOCAL_CURRENCY_ASSET_VS_USD_BENCHMARK_NOT_FX_HEDGED
,5801.T,AI_Networking,3845.0,-0.0341622707862345,0.0013020833333332,-0.1053978594695207,-0.1706212251941329,0.051167287582708,0.0497023584852905,-0.0765611972612356,0.0276515482007134,0.128656631638739,0.2640729779004599,-0.1728479853479854,-1.1369107145781003,-0.0513499476133188,0.5654545454545454,EMERGING,2026-09-15,2026-09-14,CORE,^N225,SPY,AVAILABLE,0.051167287582708,0.0497023584852905,-0.0765611972612356,0.0123480688292233,-0.0323413782644557,-0.1361520763235142,LOCAL_CURRENCY_ASSET_VS_USD_BENCHMARK_NOT_FX_HEDGED
,VGK,Market_EU,89.2300033569336,-0.0087757533391739,-0.0273598709971978,-0.0339937132865856,0.0136202604884785,-0.0152719478495561,-0.0140797304467771,-0.0159092659823365,-0.0188614426755514,0.3042637406831862,0.028163979548887,-0.0424938188724968,-0.3029223284619993,-0.3672440660005017,0.5556818181818183,WEAKENING,2026-09-15,2026-09-14,CORE,SPY,SPY,AVAILABLE,-0.0152719478495561,-0.0140797304467771,-0.0159092659823365,-0.0152719478495561,-0.0140797304467771,-0.0159092659823365,LOCAL_CURRENCY_ASSET_VS_USD_BENCHMARK_NOT_FX_HEDGED
,LLY,Pharma,1138.280029296875,0.020238486253659,-0.0096401094486496,-0.0354867167755962,0.0250999591160041,0.002447813698992,-0.0155727339357877,-0.0044295673548109,-0.0007684302547506,0.1322387984913689,0.0854227117096272,-0.1285908579312001,-0.3810277331792495,-0.0549352823726793,0.5522727272727272,WEAKENING,2026-09-15,2026-09-14,CORE,SPY,SPY,AVAILABLE,0.002447813698992,-0.0155727339357877,-0.0044295673548109,0.002447813698992,-0.0155727339357877,-0.0044295673548109,LOCAL_CURRENCY_ASSET_VS_USD_BENCHMARK_NOT_FX_HEDGED
,1810.HK,Consumer_Tech,27.15999984741211,0.0303489840112669,-0.0123636419122868,0.0494590698668164,0.1049633820876372,-0.0401847805619267,0.0412745101703434,0.0166814985630241,-0.024728409378991,0.101910887028009,0.120692459399088,-0.1068228922319119,0.2649221832057657,0.041762490438948,0.5513636363636365,NEUTRAL,2026-09-15,2026-09-14,CORE,^HSI,SPY,AVAILABLE,-0.0401847805619267,0.0412745101703434,0.0166814985630241,-0.0329191324996559,0.0800232317755236,0.041783847686627,LOCAL_CURRENCY_ASSET_VS_USD_BENCHMARK_NOT_FX_HEDGED
,012450.KS,Defense,1137000.0,0.0518038852913969,0.0943214629451396,-0.0198275862068965,-0.0437342304457527,-0.0086578583583469,-0.1019374244632265,0.1036434356345756,0.0992783594968637,0.0422018348623853,0.1418643551502825,-0.1291418861512319,-0.3277914046739738,-0.005898314047505,0.5493181818181818,NEUTRAL,2026-09-15,2026-09-14,CORE,^KS11,SPY,AVAILABLE,-0.0086578583583469,-0.1019374244632265,0.1036434356345756,0.0898130416310539,-0.0186520586695242,0.0382810536116058,LOCAL_CURRENCY_ASSET_VS_USD_BENCHMARK_NOT_FX_HEDGED
,ABBN.SW,Power_Grid,78.66000366210938,0.0102748914139034,0.0186480499694705,-0.0550215559730764,-0.0944047535185597,0.0616845153088503,-0.0066723972968906,-0.0950904697500858,0.0324034389627396,0.2287709775039528,0.075626677759119,-0.0723209610471005,-0.4938213739141705,-0.1664404085532023,0.5440909090909091,WEAKENING,2026-09-15,2026-09-11,CORE,^SSMI,SPY,AVAILABLE,0.0616845153088503,-0.0066723972968906,-0.0950904697500858,0.0301332409094871,-0.037550960546837,-0.0850234873983404,LOCAL_CURRENCY_ASSET_VS_USD_BENCHMARK_NOT_FX_HEDGED
,FEZ,Market_EU,68.87999725341797,-0.0117647020190422,-0.025053138488788,-0.0446602120506129,0.0108449098397906,-0.0129652153411463,-0.0247462292108044,-0.0186846166310243,-0.0138880854761348,0.4128197002241863,0.0284441254958252,-0.0446602120506129,-0.397158844491254,-0.6481695263715744,0.543409090909091,WEAKENING,2026-09-15,2026-09-14,CORE,SPY,SPY,AVAILABLE,-0.0129652153411463,-0.0247462292108044,-0.0186846166310243,-0.0129652153411463,-0.0247462292108044,-0.0186846166310243,LOCAL_CURRENCY_ASSET_VS_USD_BENCHMARK_NOT_FX_HEDGED
,SCCO,Copper,188.3500061035156,-0.0265646764366339,-0.0523746663867124,0.02025895390715,-8.440836540368757e-05,-0.0402867432390706,0.0401729367469585,-0.0296139348362187,-0.0574394048634999,0.0340682008951511,0.1595989716050885,-0.1426945438333898,0.0546038140996669,0.0043245022489379,0.5413636363636364,NEUTRAL,2026-09-15,2026-09-14,CORE,SPY,SPY,AVAILABLE,-0.0402867432390706,0.0401729367469585,-0.0296139348362187,-0.0402867432390706,0.0401729367469585,-0.0296139348362187,LOCAL_CURRENCY_ASSET_VS_USD_BENCHMARK_NOT_FX_HEDGED
,COST,Consumer,918.9099731445312,0.0156282296142029,0.0034616626378245,-0.0438976209688123,-0.0468304945440722,0.0155495857854662,-0.0239836381290038,-0.0763600210148873,0.0144360678800276,0.2239979908779377,0.0557516015321262,-0.071052108087893,-0.4126680900637387,-0.1763712365405154,0.5252272727272728,WEAKENING,2026-09-15,2026-09-14,CORE,SPY,SPY,AVAILABLE,0.0155495857854662,-0.0239836381290038,-0.0763600210148873,0.0155495857854662,-0.0239836381290038,-0.0763600210148873,LOCAL_CURRENCY_ASSET_VS_USD_BENCHMARK_NOT_FX_HEDGED
,SMCI,AI_Server,36.7400016784668,-0.0837904469702836,-0.0719878369067092,-0.0778112063817281,0.3225342249947664,-0.0598999137590675,-0.0578972235419196,0.2930046985239514,-0.0525350353112772,0.118140229719294,0.1938509693519862,-0.1172189248432828,-0.8779458709081704,-0.0474211391740898,0.5213636363636364,WEAKENING,2026-09-15,2026-09-14,CORE,SPY,SPY,AVAILABLE,-0.0598999137590675,-0.0578972235419196,0.2930046985239514,-0.0598999137590675,-0.0578972235419196,0.2930046985239514,LOCAL_CURRENCY_ASSET_VS_USD_BENCHMARK_NOT_FX_HEDGED
,ROP.SW,Biotech,344.20001220703125,-0.003762627476031,-0.0345020695454943,-0.0499585321440322,0.0789969034703172,0.0085343957938853,-0.0016093734678463,0.0783111872387911,-0.0220124365094863,0.2131917949735478,0.0587904326814277,-0.0835995564063716,-0.4766058961958648,-0.1811646667025559,0.5202272727272728,WEAKENING,2026-09-15,2026-09-11,CORE,^SSMI,SPY,AVAILABLE,0.0085343957938853,-0.0016093734678463,0.0783111872387911,-0.0230168786054778,-0.0324879367177928,0.0411164829809358,LOCAL_CURRENCY_ASSET_VS_USD_BENCHMARK_NOT_FX_HEDGED
,SAN.PA,Biotech,73.26000213623047,-0.0042136408845949,-0.0394649880597519,-0.041475836141409,-0.0010907309197508,-0.0240590407848763,-0.0109254827848457,-0.004166916518581,-0.0290960290243997,0.2406981728864223,0.0452373300007368,-0.0719533839562749,-0.364875060518451,-0.220684067295996,0.5195454545454545,WEAKENING,2026-09-15,2026-09-11,CORE,^STOXX,SPY,AVAILABLE,-0.0240590407848763,-0.0109254827848457,-0.004166916518581,-0.0279797971197354,-0.0240052407151696,-0.0529501088027745,LOCAL_CURRENCY_ASSET_VS_USD_BENCHMARK_NOT_FX_HEDGED
,EWY,Market_KR,176.22000122070312,-0.0662356926618582,-0.0669772553794766,-0.0195838665009655,-0.140725572228766,-0.0548893322318349,0.0003301163388429,-0.1702550986995811,-0.0620812887542352,0.0378820958009591,0.1511159462087024,-0.0813074152106793,-0.2914072016813677,-0.0049093290652343,0.519090909090909,NEUTRAL,2026-09-15,2026-09-14,CORE,SPY,SPY,AVAILABLE,-0.0548893322318349,0.0003301163388429,-0.1702550986995811,-0.0548893322318349,0.0003301163388429,-0.1702550986995811,LOCAL_CURRENCY_ASSET_VS_USD_BENCHMARK_NOT_FX_HEDGED
,BAC,Financials,59.470001220703125,-0.0513638136312541,-0.0512124931213121,-0.0731365618599452,0.0573752612627864,-0.0391245699736704,-0.0532225790201367,0.0278457347919713,-0.0329283526563258,0.3865801584099174,0.0664054877042697,-0.0731365618599452,-0.7398774574902724,-0.4257651686150697,0.5127272727272728,WEAKENING,2026-09-15,2026-09-14,CORE,SPY,SPY,AVAILABLE,-0.0391245699736704,-0.0532225790201367,0.0278457347919713,-0.0391245699736704,-0.0532225790201367,0.0278457347919713,LOCAL_CURRENCY_ASSET_VS_USD_BENCHMARK_NOT_FX_HEDGED
,IWM,Factor_SmallCap,287.9100036621094,-0.0033923325024602,-0.0273639601239467,-0.0563112290864962,-0.0067959196478539,-0.0152760369763049,-0.0363972462466877,-0.036325446118669,-0.0132861528523226,0.4063388262128004,0.0354812939380435,-0.0569995225657932,-0.4852464729471454,-0.6448873812088675,0.5106818181818182,WEAKENING,2026-09-15,2026-09-14,CORE,SPY,SPY,AVAILABLE,-0.0152760369763049,-0.0363972462466877,-0.036325446118669,-0.0152760369763049,-0.0363972462466877,-0.036325446118669,LOCAL_CURRENCY_ASSET_VS_USD_BENCHMARK_NOT_FX_HEDGED
,SIE.DE,Industrials,264.6499938964844,0.0253777126620515,-0.021988219042224,-0.0684618507186669,-0.0438944885560179,-0.0065822717673483,-0.0379114973621036,-0.0469706741548481,-0.0048727563625572,0.2845650205474681,0.0692680113757836,-0.1095394146331705,-0.5895846807649799,-0.2812531725616433,0.5059090909090909,WEAKENING,2026-09-15,2026-09-11,CORE,^STOXX,SPY,AVAILABLE,-0.0065822717673483,-0.0379114973621036,-0.0469706741548481,-0.0105030281022074,-0.0509912552924275,-0.0519928091405628,LOCAL_CURRENCY_ASSET_VS_USD_BENCHMARK_NOT_FX_HEDGED
,SAF.PA,Defense,330.20001220703125,0.0254658764193516,-0.0039215318038272,-0.0776535971870635,-0.0098950158709707,0.0114844154710483,-0.0471032438305002,-0.0129712014698009,0.0154918674929386,0.3341344196415799,0.0668060394513125,-0.1082802698494193,-0.7365174190770476,-0.3883891313163413,0.4981818181818182,WEAKENING,2026-09-15,2026-09-11,CORE,^STOXX,SPY,AVAILABLE,0.0114844154710483,-0.0471032438305002,-0.0129712014698009,0.0075636591361892,-0.0601830017608241,-0.002093393562274,LOCAL_CURRENCY_ASSET_VS_USD_BENCHMARK_NOT_FX_HEDGED
,MTUM,Factor_Momentum,299.70001220703125,-0.0239056674492527,-0.0169257147296021,-0.055199961286612,-0.0870319485874498,-0.0048377915819604,-0.0352859784468035,-0.1165614750582649,-0.0031257244079491,0.2528511287512851,0.0635428944222598,-0.0793306353572576,-0.5023931747707432,-0.2196527659819295,0.4936363636363637,WEAKENING,2026-09-15,2026-09-14,CORE,SPY,SPY,AVAILABLE,-0.0048377915819604,-0.0352859784468035,-0.1165614750582649,-0.0048377915819604,-0.0352859784468035,-0.1165614750582649,LOCAL_CURRENCY_ASSET_VS_USD_BENCHMARK_NOT_FX_HEDGED
,373220.KS,EV,351500.0,-0.0236111111111111,-0.0303448275862069,-0.0487144790257104,-0.1212499999999999,-0.0291183077029701,-0.0292215910000208,0.0858581163786682,-0.0181662078297793,0.0833333333333333,0.1641600170606589,-0.0806878306878307,-0.5643373109339431,-0.0247291636020551,0.4934090909090909,WEAKENING,2026-09-15,2026-09-14,CORE,^KS11,SPY,AVAILABLE,-0.0291183077029701,-0.0292215910000208,0.0858581163786682,-0.0074378788049385,-0.0164494231260516,-0.1747023039270824,LOCAL_CURRENCY_ASSET_VS_USD_BENCHMARK_NOT_FX_HEDGED
,MCHI,Market_CN,53.31999969482422,0.0067975947238472,-0.028956477089898,-0.0239795231132733,0.006037730091023,-0.0168685539422562,-0.0040655402734648,-0.023491796379792,-0.0229615963115796,0.1842478148642348,0.0353969187600207,-0.0513834103160626,-0.2439841972433989,-0.1248180601554832,0.4925,WEAKENING,2026-09-15,2026-09-14,CORE,SPY,SPY,AVAILABLE,-0.0168685539422562,-0.0040655402734648,-0.023491796379792,-0.0168685539422562,-0.0040655402734648,-0.023491796379792,LOCAL_CURRENCY_ASSET_VS_USD_BENCHMARK_NOT_FX_HEDGED
,TXN,Analog_Semiconductor,263.4200134277344,-0.0196501620373157,0.0192695052595706,-0.0578008939146802,-0.122933799273168,0.0313574284072123,-0.0378869110748717,-0.1524633257439831,0.0337197287382406,0.2000987022095389,0.0848604508191515,-0.1045208968981364,-0.5651588089017374,-0.1362929815624845,0.4861363636363636,WEAKENING,2026-09-15,2026-09-14,CORE,SPY,SPY,AVAILABLE,0.0313574284072123,-0.0378869110748717,-0.1524633257439831,0.0313574284072123,-0.0378869110748717,-0.1524633257439831,LOCAL_CURRENCY_ASSET_VS_USD_BENCHMARK_NOT_FX_HEDGED
,WMT,Consumer,109.08000183105467,0.0180121351161124,0.0181071724142056,-0.0514345084137857,-0.0743998856444115,0.0301950955618474,-0.0315205255739772,-0.1039294121152266,0.0309657995176521,0.1864273826302567,0.1090938016955394,-0.1075240909240187,-0.5306226751323508,-0.0878950099036474,0.4813636363636364,WEAKENING,2026-09-15,2026-09-14,CORE,SPY,SPY,AVAILABLE,0.0301950955618474,-0.0315205255739772,-0.1039294121152266,0.0301950955618474,-0.0315205255739772,-0.1039294121152266,LOCAL_CURRENCY_ASSET_VS_USD_BENCHMARK_NOT_FX_HEDGED
,NVDA,AI_Semiconductor,210.9600067138672,-0.03357912317427,-0.0831912522010114,-0.0620178589734465,0.0319866811485687,-0.0711033290533696,-0.042103876133638,0.0024571546777536,-0.0676867874576497,0.1517095492318579,0.129379081045292,-0.0831912522010114,-0.5767365707951964,-0.0727219682901658,0.4806818181818181,WEAKENING,2026-09-15,2026-09-14,CORE,SPY,SPY,AVAILABLE,-0.0711033290533696,-0.042103876133638,0.0024571546777536,-0.0711033290533696,-0.042103876133638,0.0024571546777536,LOCAL_CURRENCY_ASSET_VS_USD_BENCHMARK_NOT_FX_HEDGED
,GS,Financials,988.4500122070312,-0.039575234048741,-0.0482952926045212,-0.0443794950072751,-0.0963016073955799,-0.0362073694568795,-0.0244655121674666,-0.125831133866395,-0.0372004188527024,0.1636043587339023,0.0817865023277429,-0.0619417618118856,-0.4582953537692708,-0.0887760035574569,0.4777272727272728,WEAKENING,2026-09-15,2026-09-14,CORE,SPY,SPY,AVAILABLE,-0.0362073694568795,-0.0244655121674666,-0.125831133866395,-0.0362073694568795,-0.0244655121674666,-0.125831133866395,LOCAL_CURRENCY_ASSET_VS_USD_BENCHMARK_NOT_FX_HEDGED
,INTC,Semiconductor,97.19000244140624,-0.0558577799070183,0.0145093877387192,-0.0518048542301828,-0.1974401018495832,0.0265973108863609,-0.0318908713903743,-0.2269696283203983,0.0274606012962649,0.0934694457493609,0.1722764018430748,-0.1568267084989569,-0.6340539733159252,-0.0281069894670328,0.4770454545454545,WEAKENING,2026-09-15,2026-09-14,CORE,SPY,SPY,AVAILABLE,0.0265973108863609,-0.0318908713903743,-0.2269696283203983,0.0265973108863609,-0.0318908713903743,-0.2269696283203983,LOCAL_CURRENCY_ASSET_VS_USD_BENCHMARK_NOT_FX_HEDGED
,051910.KS,EV,268000.0,-0.0183150183150183,-0.0411449016100179,-0.0445632798573975,-0.2175182481751825,-0.0652173017384014,-0.0232481215463972,-0.0232938120253377,-0.0300040816456685,0.0793650793650793,0.1651312143330888,-0.0998217468805704,-0.609927878204362,-0.0214179266889936,0.4679545454545455,WEAKENING,2026-09-15,2026-09-14,CORE,^KS11,SPY,AVAILABLE,-0.0652173017384014,-0.0232481215463972,-0.0232938120253377,-0.0375574669232802,-0.0053689600456183,-0.2672000074403361,LOCAL_CURRENCY_ASSET_VS_USD_BENCHMARK_NOT_FX_HEDGED
,F,Auto,13.859999656677246,-0.0078740592876851,-0.0519836001936311,-0.0354906216383726,0.0035893916589164,-0.0398956770459894,-0.0155766387985641,-0.0259401348118986,-0.0431109447840379,0.0953271727737491,0.1080080544062527,-0.0800273656260157,-0.3805854330575084,-0.0313237807991943,0.4675,WEAKENING,2026-09-15,2026-09-14,CORE,SPY,SPY,AVAILABLE,-0.0398956770459894,-0.0155766387985641,-0.0259401348118986,-0.0398956770459894,-0.0155766387985641,-0.0259401348118986,LOCAL_CURRENCY_ASSET_VS_USD_BENCHMARK_NOT_FX_HEDGED
,7013.T,Defense,2723.0,0.0217636022514071,-0.0027467496795459,-0.0956492859515111,-0.0498953244940684,0.0309588399699722,-0.0514456971772643,-0.001959957701124,0.0211655718083318,0.1994459833795014,0.1490068689462022,-0.1364995018266356,-0.8387187577737388,-0.1280267549480139,0.4659090909090909,WEAKENING,2026-09-15,2026-09-14,CORE,^N225,SPY,AVAILABLE,0.0309588399699722,-0.0514456971772643,-0.001959957701124,0.0496188814254089,-0.080812569339848,-0.0039575915105201,LOCAL_CURRENCY_ASSET_VS_USD_BENCHMARK_NOT_FX_HEDGED
,MRVL,AI_Networking,218.82000732421875,-0.0731893194942173,-0.0211585580987173,-0.014413101912723,-0.2440630545748282,-0.0090706349510756,0.0055008809270854,-0.2735925810456433,-0.0175552826205366,0.0156234599756255,0.2427125636925867,-0.177403289724721,-0.3978556268817782,-0.0009277744729492,0.4625,NEUTRAL,2026-09-15,2026-09-14,CORE,SPY,SPY,AVAILABLE,-0.0090706349510756,0.0055008809270854,-0.2735925810456433,-0.0090706349510756,0.0055008809270854,-0.2735925810456433,LOCAL_CURRENCY_ASSET_VS_USD_BENCHMARK_NOT_FX_HEDGED
,6861.T,Industrials,75960.0,-0.0005263157894737,-0.0371403219672962,-0.1243804034582132,-0.0201238390092879,-0.006603396475918,-0.0645785049421033,0.0895645466469703,-0.0060452211027429,0.4373733279286583,0.091485903981714,-0.1243804034582132,-1.0732317100207949,-0.5946344586648162,0.4618181818181818,WEAKENING,2026-09-15,2026-09-14,CORE,^N225,SPY,AVAILABLE,-0.006603396475918,-0.0645785049421033,0.0895645466469703,-0.0105574705734081,-0.1135562430328814,-0.0065141164154414,LOCAL_CURRENCY_ASSET_VS_USD_BENCHMARK_NOT_FX_HEDGED
,NXPI,Analog_Semiconductor,224.22999572753903,-0.0523624361648398,-0.0158444551807219,-0.0446508912553703,-0.2455043362430563,-0.0037565320330802,-0.0247369084155618,-0.2750338627138714,-0.0046817323668793,0.1449117028113568,0.091041198425184,-0.0524477545279516,-0.5680387550097967,-0.071071523615517,0.4613636363636363,WEAKENING,2026-09-15,2026-09-14,CORE,SPY,SPY,AVAILABLE,-0.0037565320330802,-0.0247369084155618,-0.2750338627138714,-0.0037565320330802,-0.0247369084155618,-0.2750338627138714,LOCAL_CURRENCY_ASSET_VS_USD_BENCHMARK_NOT_FX_HEDGED
,XLU,Utilities,41.81999969482422,-0.013446560581065,-0.0292479592078889,-0.0561950259827278,-0.053372894779471,-0.0171600360602471,-0.0362810431429193,-0.0829024212502861,-0.0151992027122069,0.3884558093198829,0.039610386823823,-0.0561950259827278,-0.4847898832477885,-0.551100003010915,0.4604545454545455,WEAKENING,2026-09-15,2026-09-14,CORE,SPY,SPY,AVAILABLE,-0.0171600360602471,-0.0362810431429193,-0.0829024212502861,-0.0171600360602471,-0.0362810431429193,-0.0829024212502861,LOCAL_CURRENCY_ASSET_VS_USD_BENCHMARK_NOT_FX_HEDGED
,AMGN,Biotech,381.5,0.0109977310967523,-0.1274615410333093,-0.0758182185540127,0.1231326481510031,-0.1153736178856675,-0.0559042357142042,0.093603121680188,-0.1085069863948061,0.212443259369493,0.1233269054937859,-0.1503422267580041,-0.7929692600279984,-0.1306046673652622,0.4572727272727273,WEAKENING,2026-09-15,2026-09-14,CORE,SPY,SPY,AVAILABLE,-0.1153736178856675,-0.0559042357142042,0.093603121680188,-0.1153736178856675,-0.0559042357142042,0.093603121680188,LOCAL_CURRENCY_ASSET_VS_USD_BENCHMARK_NOT_FX_HEDGED
,CEG,Nuclear_Power,264.57000732421875,-0.0708691577727173,-0.1150320615259544,-0.0620293609522358,-0.0082094085587889,-0.1029441383783127,-0.0421153781124273,-0.037738935029604,-0.0995247212878955,0.1593820229092094,0.1199361450124434,-0.1152983844714963,-0.5979818696609793,-0.0824302384181779,0.4477272727272727,WEAKENING,2026-09-15,2026-09-14,CORE,SPY,SPY,AVAILABLE,-0.1029441383783127,-0.0421153781124273,-0.037738935029604,-0.1029441383783127,-0.0421153781124273,-0.037738935029604,LOCAL_CURRENCY_ASSET_VS_USD_BENCHMARK_NOT_FX_HEDGED
,VST,Power,140.72999572753906,-0.0515568735916626,-0.0574012535100069,-0.0499561797836142,-0.1127175015003089,-0.0453133303623651,-0.0300421969438057,-0.1422470279711239,-0.0449122085641033,0.1411676729065083,0.1050664199508039,-0.0841828178603537,-0.4883726339566747,-0.0671213281146734,0.4384090909090909,WEAKENING,2026-09-15,2026-09-14,CORE,SPY,SPY,AVAILABLE,-0.0453133303623651,-0.0300421969438057,-0.1422470279711239,-0.0453133303623651,-0.0300421969438057,-0.1422470279711239,LOCAL_CURRENCY_ASSET_VS_USD_BENCHMARK_NOT_FX_HEDGED
,CCJ,Uranium,93.26000213623048,-0.0353744120619559,-0.0742505051236376,-0.0458358484290464,-0.1174410546773524,-0.0621625819759958,-0.0259218655892379,-0.1469705811481675,-0.062791543016376,0.0984613785216758,0.1375752147155598,-0.131333815144945,-0.5000210447047404,-0.0328043160344351,0.4361363636363636,WEAKENING,2026-09-15,2026-09-14,CORE,SPY,SPY,AVAILABLE,-0.0621625819759958,-0.0259218655892379,-0.1469705811481675,-0.0621625819759958,-0.0259218655892379,-0.1469705811481675,LOCAL_CURRENCY_ASSET_VS_USD_BENCHMARK_NOT_FX_HEDGED
,EMR,Power_Grid,148.3000030517578,-0.0255601506488318,-0.0295773070005906,-0.0911319193727708,-0.0013225632099105,-0.0174893838529489,-0.0712179365329623,-0.0308520896807256,-0.0067943271573979,0.3286186766229281,0.0749561661676598,-0.095238055160378,-0.8161199608882705,-0.3995355188711396,0.4361363636363636,WEAKENING,2026-09-15,2026-09-14,CORE,SPY,SPY,AVAILABLE,-0.0174893838529489,-0.0712179365329623,-0.0308520896807256,-0.0174893838529489,-0.0712179365329623,-0.0308520896807256,LOCAL_CURRENCY_ASSET_VS_USD_BENCHMARK_NOT_FX_HEDGED
,LITE,AI_Networking,835.030029296875,-0.0992416611032322,-0.0524535751057486,-0.0983760380833429,-0.0401732820944268,-0.0403656519581069,-0.0784620552435344,-0.0697028085652419,-0.0278595655849129,0.1061974364855458,0.257913823577698,-0.1556653867744692,-0.9442724688659484,-0.0405068751691324,0.4359090909090909,WEAKENING,2026-09-15,2026-09-14,CORE,SPY,SPY,AVAILABLE,-0.0403656519581069,-0.0784620552435344,-0.0697028085652419,-0.0403656519581069,-0.0784620552435344,-0.0697028085652419,LOCAL_CURRENCY_ASSET_VS_USD_BENCHMARK_NOT_FX_HEDGED
,MU,Memory,924.030029296875,-0.052529561302387,-0.0910494841710199,-0.049019147813112,-0.1140902601884862,-0.0789615610233782,-0.0291051649733035,-0.1436197866593013,-0.0787946972177419,0.0896563339879363,0.159683932953738,-0.1009369686437139,-0.5920188165224145,-0.0275223499749948,0.4356818181818181,WEAKENING,2026-09-15,2026-09-14,CORE,SPY,SPY,AVAILABLE,-0.0789615610233782,-0.0291051649733035,-0.1436197866593013,-0.0789615610233782,-0.0291051649733035,-0.1436197866593013,LOCAL_CURRENCY_ASSET_VS_USD_BENCHMARK_NOT_FX_HEDGED
,0700.HK,Internet_AI,430.6000061035156,0.0051354160559649,-0.0177919432061181,-0.0353942383714114,-0.0218082822292168,0.0004313306330119,-0.0139728148064501,-0.0584652186740107,-0.0089433836132652,0.15047607421875,0.0659600450236933,-0.0687089581979965,-0.3424986078629808,-0.0807456398518148,0.4302272727272727,WEAKENING,2026-09-15,2026-09-14,CORE,^HSI,SPY,AVAILABLE,0.0004313306330119,-0.0139728148064501,-0.0584652186740107,-0.0154639784462607,-0.0014496396522014,-0.0542231584675126,LOCAL_CURRENCY_ASSET_VS_USD_BENCHMARK_NOT_FX_HEDGED
,4519.T,Biotech,6414.0,-0.0012457178449081,-0.0228519195612431,-0.0655594405594405,-0.1446663541178309,-0.0393659746939092,-0.005270054142907,-0.0687296100266409,-0.0064620594213829,0.3052917232021709,0.0618094987650882,-0.0967469370511195,-0.6120132186501058,-0.3238135720308864,0.4281818181818181,WEAKENING,2026-09-15,2026-09-14,CORE,^N225,SPY,AVAILABLE,-0.0393659746939092,-0.005270054142907,-0.0687296100266409,-0.0439827170289587,-0.0549453853990491,-0.1393875898787091,LOCAL_CURRENCY_ASSET_VS_USD_BENCHMARK_NOT_FX_HEDGED
,005930.KS,Memory,249000.0,-0.0404624277456647,-0.0777777777777777,-0.0928961748633879,-0.3123459024385571,-0.0176468308219672,-0.0458901292935055,-0.0297828013809029,-0.0545537340619307,0.1598746081504702,0.1905219871659515,-0.1154529307282415,-0.9573786980068704,-0.0779528902458135,0.4265909090909091,WEAKENING,2026-09-15,2026-09-14,CORE,^KS11,SPY,AVAILABLE,-0.0176468308219672,-0.0458901292935055,-0.0297828013809029,-0.0133523899639043,-0.0490412519436599,-0.2709246685592796,LOCAL_CURRENCY_ASSET_VS_USD_BENCHMARK_NOT_FX_HEDGED
,6273.T,Industrials,67380.0,-0.0114436619718309,-0.0176410555474558,-0.1318129107073831,-0.071900826446281,0.0307194650415847,-0.0397681725136555,0.0231165165625765,0.0153121721293899,0.435875585854282,0.1019459640413062,-0.1541038525963148,-1.159160003480306,-0.5635733618101811,0.4261363636363636,WEAKENING,2026-09-15,2026-09-14,CORE,^N225,SPY,AVAILABLE,0.0307194650415847,-0.0397681725136555,0.0231165165625765,0.0156625433442457,-0.0984950188610942,-0.0498248256647827,LOCAL_CURRENCY_ASSET_VS_USD_BENCHMARK_NOT_FX_HEDGED
,EWQ,Market_EU,44.5099983215332,-0.0093479185575299,-0.0258262276349903,-0.0623552311576299,-0.0185226059724618,-0.0137383044873485,-0.0424412483178214,-0.0480521324432768,-0.0102374198455828,0.5522381048968219,0.0301134931888548,-0.0623552311576299,-0.528347228601023,-1.1435051546141233,0.4254545454545454,WEAKENING,2026-09-15,2026-09-14,CORE,SPY,SPY,AVAILABLE,-0.0137383044873485,-0.0424412483178214,-0.0480521324432768,-0.0137383044873485,-0.0424412483178214,-0.0480521324432768,LOCAL_CURRENCY_ASSET_VS_USD_BENCHMARK_NOT_FX_HEDGED
,GRID,Power_Grid,172.99000549316406,-0.0430910130475392,-0.0335214247492111,-0.0792036515183904,-0.0908772845400255,-0.0214335016015694,-0.0592896686785819,-0.1204068110108406,-0.0137205118696135,0.3333331054541626,0.0695556882964728,-0.0856764889880656,-0.6915627567645364,-0.3795692310800292,0.4245454545454545,WEAKENING,2026-09-15,2026-09-14,CORE,SPY,SPY,AVAILABLE,-0.0214335016015694,-0.0592896686785819,-0.1204068110108406,-0.0214335016015694,-0.0592896686785819,-0.1204068110108406,LOCAL_CURRENCY_ASSET_VS_USD_BENCHMARK_NOT_FX_HEDGED
,NOC,Defense,527.3900146484375,0.0162245301667542,0.0240980905090553,-0.0957233139335557,-0.0370107602378285,0.036186013656697,-0.0758093310937472,-0.0665402867086436,0.0480289189924442,0.3749713035721313,0.0728204983611593,-0.1219030115196846,-0.8525600000681564,-0.4929037374873892,0.4181818181818181,WEAKENING,2026-09-15,2026-09-14,CORE,SPY,SPY,AVAILABLE,0.036186013656697,-0.0758093310937472,-0.0665402867086436,0.036186013656697,-0.0758093310937472,-0.0665402867086436,LOCAL_CURRENCY_ASSET_VS_USD_BENCHMARK_NOT_FX_HEDGED
,NVO,Pharma,43.45000076293945,0.0088228713909395,-0.0675965196207241,-0.0410717050427735,0.0111492987079393,-0.0555085964730823,-0.021157722202965,-0.0183802277628757,-0.0573285933600307,0.1189821749897687,0.0893615470714498,-0.1148787540098026,-0.5034535731090293,-0.0546857228492269,0.4172727272727273,WEAKENING,2026-09-15,2026-09-14,CORE,SPY,SPY,AVAILABLE,-0.0555085964730823,-0.021157722202965,-0.0183802277628757,-0.0555085964730823,-0.021157722202965,-0.0183802277628757,LOCAL_CURRENCY_ASSET_VS_USD_BENCHMARK_NOT_FX_HEDGED
,ASM.AS,Semiconductor_Equipment,830.2000122070312,0.0116988019823409,0.0684684841789333,-0.0854813578204573,-0.2244745332022127,0.083874431453809,-0.0549310044638939,-0.2275507188010429,0.0898388236340476,0.254927523794476,0.1136359479953865,-0.1440845886228396,-0.8116592977263655,-0.191766349154261,0.4161363636363637,WEAKENING,2026-09-15,2026-09-11,CORE,^STOXX,SPY,AVAILABLE,0.083874431453809,-0.0549310044638939,-0.2275507188010429,0.0799536751189499,-0.0680107623942178,-0.1807756778596148,LOCAL_CURRENCY_ASSET_VS_USD_BENCHMARK_NOT_FX_HEDGED
,7011.T,Defense,3761.0,0.015114709851552,-0.0177592060590232,-0.1354022988505747,-0.0521673387096773,0.0024745854660065,-0.0606195945861216,0.0441181009414571,0.0160913686536204,0.3929286190793862,0.1041062143862834,-0.1521739130434782,-1.1629939382935162,-0.5110495912388162,0.4161363636363636,WEAKENING,2026-09-15,2026-09-14,CORE,^N225,SPY,AVAILABLE,0.0024745854660065,-0.0606195945861216,0.0441181009414571,0.0139526008247862,-0.0959769433473095,0.0172645336623122,LOCAL_CURRENCY_ASSET_VS_USD_BENCHMARK_NOT_FX_HEDGED
,6645.T,Industrials,5994.0,-0.0014992503748125,-0.0470588235294118,-0.1489422121255147,0.0281303602058318,-0.0188944176172094,-0.0744829199154317,0.1524230075481358,-0.0098232704980331,0.4913348946135831,0.1028132226914323,-0.1509300014198494,-1.308631435027921,-0.7117810742868782,0.4129545454545455,WEAKENING,2026-09-15,2026-09-14,CORE,^N225,SPY,AVAILABLE,-0.0188944176172094,-0.0744829199154317,0.1524230075481358,-0.0237814672335711,-0.1242893295531097,0.0207025863610008,LOCAL_CURRENCY_ASSET_VS_USD_BENCHMARK_NOT_FX_HEDGED
,PWR,Power_Grid,622.02001953125,-0.0438992849585936,-0.0038275391426652,-0.0929744335526913,-0.1297264214884776,0.0082603840049765,-0.0730604507128828,-0.1592559479592927,0.0194160692455076,0.2053198518991974,0.1272464058914637,-0.1655937004275781,-0.8564272158103239,-0.1500199301796622,0.4109090909090909,WEAKENING,2026-09-15,2026-09-14,CORE,SPY,SPY,AVAILABLE,0.0082603840049765,-0.0730604507128828,-0.1592559479592927,0.0082603840049765,-0.0730604507128828,-0.1592559479592927,LOCAL_CURRENCY_ASSET_VS_USD_BENCHMARK_NOT_FX_HEDGED
,207940.KS,Biotech,1420000.0,0.0035335689045936,-0.0313778990450204,-0.0826873385012919,-0.0069930069930069,-0.0554171282319537,-0.1094422535825462,0.2533202163225199,-0.0107060644196974,0.2844444444444444,0.0898719668975242,-0.1150719199499686,-0.7481711063861625,-0.2617051220143889,0.41,WEAKENING,2026-09-15,2026-09-14,CORE,^KS11,SPY,AVAILABLE,-0.0554171282319537,-0.1094422535825462,0.2533202163225199,-0.0065713719456547,-0.0702173408087971,0.0554541307477827,LOCAL_CURRENCY_ASSET_VS_USD_BENCHMARK_NOT_FX_HEDGED
,EQIX,AI_Infrastructure,998.719970703125,-0.0375823932284687,-0.0359659553930433,-0.0894728934602197,-0.0781135067210891,-0.0238780322454016,-0.0695589106204112,-0.1076430331919042,-0.0135977320279884,0.3960430961821622,0.066290391294612,-0.0894728934602197,-0.790351345817887,-0.5345438616115431,0.4086363636363637,WEAKENING,2026-09-15,2026-09-14,CORE,SPY,SPY,AVAILABLE,-0.0238780322454016,-0.0695589106204112,-0.1076430331919042,-0.0238780322454016,-0.0695589106204112,-0.1076430331919042,LOCAL_CURRENCY_ASSET_VS_USD_BENCHMARK_NOT_FX_HEDGED
,SMH,Semiconductor,541.5,-0.0475437143228901,-0.0449904046247254,-0.0787996440187012,-0.1321697751098391,-0.0329024814770837,-0.0588856611788927,-0.1616993015806542,-0.0252904936200501,0.2357730497952189,0.0986519714122139,-0.0884912664771648,-0.715899400829795,-0.1883270260807636,0.4075,WEAKENING,2026-09-15,2026-09-14,CORE,SPY,SPY,AVAILABLE,-0.0329024814770837,-0.0588856611788927,-0.1616993015806542,-0.0329024814770837,-0.0588856611788927,-0.1616993015806542,LOCAL_CURRENCY_ASSET_VS_USD_BENCHMARK_NOT_FX_HEDGED
,IFX.DE,Semiconductor,58.560001373291016,0.0494624045513851,0.0545651478588509,-0.0630399780273437,-0.2859407407889786,0.0699710951337265,-0.0324896246707804,-0.2890169263878087,0.0703251423656868,0.1625411350576996,0.1271575517878745,-0.1334400024414063,-0.7415195758443731,-0.080581840704753,0.4054545454545454,WEAKENING,2026-09-15,2026-09-11,CORE,^STOXX,SPY,AVAILABLE,0.0699710951337265,-0.0324896246707804,-0.2890169263878087,0.0660503387988674,-0.0455693826011043,-0.2825813745378969,LOCAL_CURRENCY_ASSET_VS_USD_BENCHMARK_NOT_FX_HEDGED
,URA,Uranium,42.18999862670898,-0.0307833721609291,-0.0840208995049258,-0.0609837894470514,-0.1042462846386266,-0.0719329763572841,-0.0410698066072429,-0.1337758111094417,-0.068774952143163,0.1176976534862445,0.1409513561412324,-0.1277651528146307,-0.6318350535509978,-0.0509228794608062,0.4052272727272727,WEAKENING,2026-09-15,2026-09-14,CORE,SPY,SPY,AVAILABLE,-0.0719329763572841,-0.0410698066072429,-0.1337758111094417,-0.0719329763572841,-0.0410698066072429,-0.1337758111094417,LOCAL_CURRENCY_ASSET_VS_USD_BENCHMARK_NOT_FX_HEDGED
,ORCL,Cloud_AI,144.7899932861328,-0.0365318441426576,-0.0881093689426845,-0.0380681027350759,-0.2083380923089142,-0.0760214457950427,-0.0181541198952674,-0.2378676187797292,-0.0785923432589155,0.0735087888262224,0.1373042879649335,-0.1090943300530818,-0.6061221944279638,-0.0203805734434333,0.4025,WEAKENING,2026-09-15,2026-09-14,CORE,SPY,SPY,AVAILABLE,-0.0760214457950427,-0.0181541198952674,-0.2378676187797292,-0.0760214457950427,-0.0181541198952674,-0.2378676187797292,LOCAL_CURRENCY_ASSET_VS_USD_BENCHMARK_NOT_FX_HEDGED
,GD,Defense,356.8099975585937,0.0025569083386218,-0.0071788780563855,-0.0984637964043109,-0.0122636290799211,0.0049090450912562,-0.0785498135645024,-0.0417931555507362,0.0174370710446922,0.5868097408186401,0.0431661850298981,-0.1089241131045695,-0.8636304153458068,-1.3385365143575527,0.4002272727272727,WEAKENING,2026-09-15,2026-09-14,CORE,SPY,SPY,AVAILABLE,0.0049090450912562,-0.0785498135645024,-0.0417931555507362,0.0049090450912562,-0.0785498135645024,-0.0417931555507362,LOCAL_CURRENCY_ASSET_VS_USD_BENCHMARK_NOT_FX_HEDGED
,6857.T,Semiconductor_Equipment,31080.0,-0.0201765447667087,-0.0986078886310904,-0.1773425092641609,0.0257425742574257,-0.0258749071191566,-0.0712445441382207,0.1394964289141818,-0.0542722613150502,0.3556263269639065,0.1374682868789661,-0.1773425092641609,-1.5814423090558078,-0.4587797419757185,0.3986363636363636,WEAKENING,2026-09-15,2026-09-14,CORE,^N225,SPY,AVAILABLE,-0.0258749071191566,-0.0712445441382207,0.1394964289141818,-0.048655503869584,-0.1371242596337472,0.0458122659053739,LOCAL_CURRENCY_ASSET_VS_USD_BENCHMARK_NOT_FX_HEDGED
,XLI,Industrials,169.92999267578125,-0.0141556100860094,-0.0304673444771447,-0.0888960501816271,-0.0515140556755774,-0.0183794213295029,-0.0689820673418186,-0.0810435821463925,-0.0082433319317379,0.5500996073924632,0.0386060638887579,-0.0888960501816271,-0.7522402079766735,-1.2666839708021604,0.3963636363636364,WEAKENING,2026-09-15,2026-09-14,CORE,SPY,SPY,AVAILABLE,-0.0183794213295029,-0.0689820673418186,-0.0810435821463925,-0.0183794213295029,-0.0689820673418186,-0.0810435821463925,LOCAL_CURRENCY_ASSET_VS_USD_BENCHMARK_NOT_FX_HEDGED
,ETN,Power_Grid,393.1600036621094,-0.0757222931208497,-0.043057082094698,-0.129233028817688,-0.0378690617027949,-0.0309691589470563,-0.1093190459778795,-0.06739858817361,-0.010748824890276,0.3058657517631553,0.1295827091004047,-0.1420509514897155,-1.105931409658521,-0.3050403698638849,0.3945454545454546,WEAKENING,2026-09-15,2026-09-14,CORE,SPY,SPY,AVAILABLE,-0.0309691589470563,-0.1093190459778795,-0.06739858817361,-0.0309691589470563,-0.1093190459778795,-0.06739858817361,LOCAL_CURRENCY_ASSET_VS_USD_BENCHMARK_NOT_FX_HEDGED
,NOVN.SW,Biotech,112.04000091552734,-0.0008917288627194,-0.1468169763430684,-0.0945530721693013,-0.0508302266474376,-0.1037805110036886,-0.0462039134931154,-0.0515159428789637,-0.1231787083007431,0.2692130522007981,0.1590600820731215,-0.1497106500578421,-0.8191833401106444,-0.1600333711757929,0.3918181818181818,WEAKENING,2026-09-15,2026-09-11,CORE,^SSMI,SPY,AVAILABLE,-0.1037805110036886,-0.0462039134931154,-0.0515159428789637,-0.1353317854030519,-0.0770824767430619,-0.0852225188202714,LOCAL_CURRENCY_ASSET_VS_USD_BENCHMARK_NOT_FX_HEDGED
,5803.T,AI_Networking,4834.0,-0.0297069450020072,-0.077656935699294,-0.2046725896676537,0.0836135395651198,0.0014762704290529,-0.0521294595551181,0.1377732241641696,-0.0264887882823805,0.313666162380232,0.1926796437538283,-0.2046725896676537,-1.861963832098216,-0.333189663914361,0.3902272727272727,WEAKENING,2026-09-15,2026-09-14,CORE,^N225,SPY,AVAILABLE,0.0014762704290529,-0.0521294595551181,0.1377732241641696,-0.0312526666010224,-0.1267762201610741,0.1016752252891717,LOCAL_CURRENCY_ASSET_VS_USD_BENCHMARK_NOT_FX_HEDGED
,4063.T,Semiconductor_Materials,5750.0,0.0020913210177762,-0.0116878652457889,-0.0994518402505872,-0.2291191848773294,0.0072314425831343,-0.0310623904215688,-0.1556257830578646,0.0131750948168579,0.5788514129443938,0.047836971344197,-0.1069694596711041,-0.9496094809728602,-1.203417286490816,0.3879545454545454,WEAKENING,2026-09-15,2026-09-14,CORE,^N225,SPY,AVAILABLE,0.0072314425831343,-0.0310623904215688,-0.1556257830578646,0.0058660081804796,-0.0777005808764501,-0.2504321362701607,LOCAL_CURRENCY_ASSET_VS_USD_BENCHMARK_NOT_FX_HEDGED
,BOTZ,Industrials,34.7599983215332,-0.0147392425100881,-0.0331015971113138,-0.0789613996926207,-0.0748236279818557,-0.0210136739636721,-0.0590474168528122,-0.1043531544526708,-0.0133612471881587,0.3409618634598731,0.0635338460592536,-0.0809096086193196,-0.7167061855788247,-0.4237556460140438,0.3845454545454546,WEAKENING,2026-09-15,2026-09-14,CORE,SPY,SPY,AVAILABLE,-0.0210136739636721,-0.0590474168528122,-0.1043531544526708,-0.0210136739636721,-0.0590474168528122,-0.1043531544526708,LOCAL_CURRENCY_ASSET_VS_USD_BENCHMARK_NOT_FX_HEDGED
,LMT,Defense,529.3800048828125,0.0099009947103796,0.0078053140368301,-0.1249024725190184,0.0006280631634956,0.0198932371844718,-0.1049884896792099,-0.0289014633073194,0.0390309321665847,0.44908132093603,0.0747801052837159,-0.1334818640000024,-1.125609780298375,-0.7500840916739312,0.3818181818181818,WEAKENING,2026-09-15,2026-09-14,CORE,SPY,SPY,AVAILABLE,0.0198932371844718,-0.1049884896792099,-0.0289014633073194,0.0198932371844718,-0.1049884896792099,-0.0289014633073194,LOCAL_CURRENCY_ASSET_VS_USD_BENCHMARK_NOT_FX_HEDGED
,LDO.MI,Defense,50.0,-0.0005996158310779,-0.0126382187472786,-0.1568296687472528,-0.0230613482322837,0.0027677285275969,-0.1262793153906894,-0.0261375338311139,0.0265691984395345,0.5730129081555786,0.0770325888699355,-0.1878965072021354,-1.3429426319079154,-1.1665896978442625,0.3795454545454546,WEAKENING,2026-09-15,2026-09-11,CORE,^STOXX,SPY,AVAILABLE,0.0027677285275969,-0.1262793153906894,-0.0261375338311139,-0.0011530278072621,-0.1393590733210133,-0.0424010092039427,LOCAL_CURRENCY_ASSET_VS_USD_BENCHMARK_NOT_FX_HEDGED
,068270.KS,Biotech,178800.0,0.0033670033670034,-0.040257648953301,-0.1104477611940298,0.0299539170506912,-0.0859339870687486,-0.1319954935612756,0.2410920576950836,-0.0126457086547936,0.5842105263157895,0.0496713736617654,-0.1134328358208954,-0.9632867727125084,-1.2990328219417195,0.3786363636363636,WEAKENING,2026-09-15,2026-09-14,CORE,^KS11,SPY,AVAILABLE,-0.0859339870687486,-0.1319954935612756,0.2410920576950836,-0.0373538631362497,-0.092997214704115,0.0111023503960023,LOCAL_CURRENCY_ASSET_VS_USD_BENCHMARK_NOT_FX_HEDGED
,STMPA.PA,Semiconductor,44.67499923706055,0.0237167704373895,0.014764285943285,-0.062729500074189,-0.3410771078130691,0.0301702332181607,-0.0321791467176257,-0.3441532934118992,0.0304466609618323,0.1603217599065,0.1238071251058666,-0.1394211162071367,-0.7729935616107977,-0.081230412557834,0.3761363636363636,WEAKENING,2026-09-15,2026-09-11,CORE,^STOXX,SPY,AVAILABLE,0.0301702332181607,-0.0321791467176257,-0.3441532934118992,0.0262494768833015,-0.0452589046479496,-0.3401349333594899,LOCAL_CURRENCY_ASSET_VS_USD_BENCHMARK_NOT_FX_HEDGED
,ENR.DE,Power_Grid,144.25999450683594,0.024428255955825,-0.0078404362964419,-0.1024141773820923,-0.1481044193541353,0.0075655109784337,-0.071863824025529,-0.1511806049529654,0.0177631080490811,0.3118609581360091,0.1020957608685821,-0.1350122562378031,-0.9233816348148284,-0.312833590869678,0.3759090909090909,WEAKENING,2026-09-15,2026-09-11,CORE,^STOXX,SPY,AVAILABLE,0.0075655109784337,-0.071863824025529,-0.1511806049529654,0.0036447546435746,-0.0849435819558529,-0.0971964447072094,LOCAL_CURRENCY_ASSET_VS_USD_BENCHMARK_NOT_FX_HEDGED
,RTX,Defense,195.33999633789065,-0.0118372947419544,-0.0271427717041443,-0.1239180370971223,0.0177012966312866,-0.0150548485565026,-0.1040040542573138,-0.0118282298395284,0.0038367375701362,0.6155044746409818,0.0554275378299874,-0.1337088492651061,-1.113785825266958,-1.3760688153956058,0.3731818181818181,WEAKENING,2026-09-15,2026-09-14,CORE,SPY,SPY,AVAILABLE,-0.0150548485565026,-0.1040040542573138,-0.0118282298395284,-0.0150548485565026,-0.1040040542573138,-0.0118282298395284,LOCAL_CURRENCY_ASSET_VS_USD_BENCHMARK_NOT_FX_HEDGED
,DLR,AI_Infrastructure,179.13999938964844,-0.0500583431421501,-0.0491002708740826,-0.1049712473021713,-0.0424417487903201,-0.0370123477264409,-0.0850572644623628,-0.0719712752611352,-0.0228574590485398,0.3905932152665155,0.0800320258710073,-0.1049712473021713,-0.8959623116064617,-0.5123081235051529,0.3677272727272728,WEAKENING,2026-09-15,2026-09-14,CORE,SPY,SPY,AVAILABLE,-0.0370123477264409,-0.0850572644623628,-0.0719712752611352,-0.0370123477264409,-0.0850572644623628,-0.0719712752611352,LOCAL_CURRENCY_ASSET_VS_USD_BENCHMARK_NOT_FX_HEDGED
,2015.HK,EV,47.52000045776367,0.0254639685215858,-0.0571428766055976,-0.0198019615003562,-0.0861538373506985,0.0020022587648163,-0.0112079625798285,-0.160557040987243,-0.0521923862305086,0.045976973695028,0.1212415526227575,-0.1042968764260876,-0.3745726342012118,-0.007509259353059,0.3659090909090909,WEAKENING,2026-09-15,2026-09-14,CORE,^HSI,SPY,AVAILABLE,0.0020022587648163,-0.0112079625798285,-0.160557040987243,0.0058144133405512,0.0211782343031139,-0.1681014579261196,LOCAL_CURRENCY_ASSET_VS_USD_BENCHMARK_NOT_FX_HEDGED
,079550.KS,Defense,705000.0,0.0398230088495574,0.069802731411229,-0.1349693251533742,-0.2024886877828053,0.0065748924921167,-0.204137869089151,-0.0658422884796313,0.1035450626995726,0.3072625698324022,0.1624241189962304,-0.1999999999999999,-1.2458343730113774,-0.2553255141629139,0.3656818181818182,WEAKENING,2026-09-15,2026-09-14,CORE,^KS11,SPY,AVAILABLE,0.0065748924921167,-0.204137869089151,-0.0658422884796313,0.093376266705924,-0.1358518227455644,-0.1762924086910644,LOCAL_CURRENCY_ASSET_VS_USD_BENCHMARK_NOT_FX_HEDGED
,DRIV,EV,33.38999938964844,-0.0240552372336203,-0.0394130897019081,-0.0749411757743111,-0.1459649643184004,-0.0273251665542664,-0.0550271929345026,-0.1754944907892155,-0.0206777957583303,0.3613900290804048,0.061542634075276,-0.0750692298897288,-0.7158305090520377,-0.4400688091977243,0.3627272727272727,WEAKENING,2026-09-15,2026-09-14,CORE,SPY,SPY,AVAILABLE,-0.0273251665542664,-0.0550271929345026,-0.1754944907892155,-0.0273251665542664,-0.0550271929345026,-0.1754944907892155,LOCAL_CURRENCY_ASSET_VS_USD_BENCHMARK_NOT_FX_HEDGED
,IFRA,Power_Grid,57.40999984741211,-0.0166152998108268,-0.0312183349058392,-0.0716364860000795,-0.0675653706030765,-0.0191304117581975,-0.051722503160271,-0.0970948970738916,-0.0133092134058193,0.4895026310864422,0.0361217164513034,-0.075672206033695,-0.6047467970985635,-0.970780234823549,0.3579545454545454,WEAKENING,2026-09-15,2026-09-14,CORE,SPY,SPY,AVAILABLE,-0.0191304117581975,-0.051722503160271,-0.0970948970738916,-0.0191304117581975,-0.051722503160271,-0.0970948970738916,LOCAL_CURRENCY_ASSET_VS_USD_BENCHMARK_NOT_FX_HEDGED
,SOXX,Semiconductor,497.3999938964844,-0.0562923577806303,-0.0432039243025971,-0.0963264246573079,-0.1706267652190479,-0.0311160011549553,-0.0764124418174994,-0.200156291689863,-0.0191223181382701,0.262761290993899,0.1097415852020276,-0.1103877553292779,-0.8861899489194633,-0.230640514743659,0.3577272727272727,WEAKENING,2026-09-15,2026-09-14,CORE,SPY,SPY,AVAILABLE,-0.0311160011549553,-0.0764124418174994,-0.200156291689863,-0.0311160011549553,-0.0764124418174994,-0.200156291689863,LOCAL_CURRENCY_ASSET_VS_USD_BENCHMARK_NOT_FX_HEDGED
,SNDK,Memory,1551.989990234375,-0.0498117283911403,-0.1080517297503591,-0.054304705907993,-0.2076833002108249,-0.0959638066027174,-0.0343907230681845,-0.23721282668164,-0.0944755532733608,0.0807670620143315,0.2184227033822965,-0.1712958335824018,-0.7065672681927675,-0.0200804746110307,0.3568181818181818,WEAKENING,2026-09-15,2026-09-14,CORE,SPY,SPY,AVAILABLE,-0.0959638066027174,-0.0343907230681845,-0.23721282668164,-0.0959638066027174,-0.0343907230681845,-0.23721282668164,LOCAL_CURRENCY_ASSET_VS_USD_BENCHMARK_NOT_FX_HEDGED
,ITA,Defense,216.7700042724609,-0.0102277991441394,-0.0391826440050327,-0.1439459630855655,-0.1071707637596365,-0.027094720857391,-0.124031980245757,-0.1367002902304516,-0.0031961532336414,0.7156880280692167,0.0511613193725695,-0.1439459630855655,-1.2143521956682743,-2.013638501364912,0.3425000000000001,WEAKENING,2026-09-15,2026-09-14,CORE,SPY,SPY,AVAILABLE,-0.027094720857391,-0.124031980245757,-0.1367002902304516,-0.027094720857391,-0.124031980245757,-0.1367002902304516,LOCAL_CURRENCY_ASSET_VS_USD_BENCHMARK_NOT_FX_HEDGED
,UEC,Uranium,10.260000228881836,-0.0181817783589665,-0.1109185214213516,-0.0847457454087727,-0.1015761680965379,-0.0988305982737098,-0.0648317625689642,-0.131105694567353,-0.0897320850691584,0.1075877366783429,0.2297921285099931,-0.2466960121078828,-0.901703429504744,-0.0396776121130382,0.3415909090909091,WEAKENING,2026-09-15,2026-09-14,CORE,SPY,SPY,AVAILABLE,-0.0988305982737098,-0.0648317625689642,-0.131105694567353,-0.0988305982737098,-0.0648317625689642,-0.131105694567353,LOCAL_CURRENCY_ASSET_VS_USD_BENCHMARK_NOT_FX_HEDGED
,PAVE,Power_Grid,53.02000045776367,-0.0196006164460283,-0.0387962181937685,-0.0950674121918089,-0.0839431700886794,-0.0267082950461268,-0.0751534293520004,-0.1134726965594945,-0.0150293651458163,0.4789338787837837,0.0487761633822474,-0.0972245722625324,-0.8004061099161043,-0.9334683441611406,0.3404545454545455,WEAKENING,2026-09-15,2026-09-14,CORE,SPY,SPY,AVAILABLE,-0.0267082950461268,-0.0751534293520004,-0.1134726965594945,-0.0267082950461268,-0.0751534293520004,-0.1134726965594945,LOCAL_CURRENCY_ASSET_VS_USD_BENCHMARK_NOT_FX_HEDGED
,000270.KS,EV,124200.0,-0.0189573459715639,-0.0327102803738317,-0.1235003528581509,-0.2178841309823678,-0.0325118942873881,-0.0927763314703939,-0.018251694435893,-0.0018351921592939,0.3593429158110883,0.1010790187703382,-0.1235003528581509,-1.1590012637667555,-0.4390523121378905,0.3381818181818182,WEAKENING,2026-09-15,2026-09-14,CORE,^KS11,SPY,AVAILABLE,-0.0325118942873881,-0.0927763314703939,-0.018251694435893,-0.0060938950341764,-0.0742155985512333,-0.2691193980048506,LOCAL_CURRENCY_ASSET_VS_USD_BENCHMARK_NOT_FX_HEDGED
,CAT,Industrials,784.0,-0.042232193966186,-0.0367840410246473,-0.0847216301104393,-0.1783261748765031,-0.0246961178770056,-0.0648076472706308,-0.2078557013473182,-0.0156036334970375,0.2561143389625253,0.0941602724072498,-0.1162479991282768,-0.7922643199231305,-0.2304413924984787,0.3315909090909091,WEAKENING,2026-09-15,2026-09-14,CORE,SPY,SPY,AVAILABLE,-0.0246961178770056,-0.0648076472706308,-0.2078557013473182,-0.0246961178770056,-0.0648076472706308,-0.2078557013473182,LOCAL_CURRENCY_ASSET_VS_USD_BENCHMARK_NOT_FX_HEDGED
,ROBO,Industrials,77.3499984741211,-0.0222475303078201,-0.0399652629129894,-0.0881763903746056,-0.0782888445921755,-0.0278773397653476,-0.0682624075347971,-0.1078183710629906,-0.0179211653193379,0.4069643348582439,0.0619575281157528,-0.0881763903746056,-0.7681209724870575,-0.5791813706957506,0.3281818181818182,WEAKENING,2026-09-15,2026-09-14,CORE,SPY,SPY,AVAILABLE,-0.0278773397653476,-0.0682624075347971,-0.1078183710629906,-0.0278773397653476,-0.0682624075347971,-0.1078183710629906,LOCAL_CURRENCY_ASSET_VS_USD_BENCHMARK_NOT_FX_HEDGED
,1211.HK,EV,80.19999694824219,0.0043831995091963,-0.0508876100799741,-0.1093837398079171,-0.008039598492843,-0.0401766558343348,-0.082793317838937,-0.0453278410458615,-0.0235416751279948,0.385519014072731,0.083763109285979,-0.1501067911475221,-0.9792949668725958,-0.5034377530371243,0.3252272727272727,WEAKENING,2026-09-15,2026-09-14,CORE,^HSI,SPY,AVAILABLE,-0.0401766558343348,-0.082793317838937,-0.0453278410458615,-0.0569777120496992,-0.0713041820526313,-0.062479033443183,LOCAL_CURRENCY_ASSET_VS_USD_BENCHMARK_NOT_FX_HEDGED
,URI,Industrials,993.7999877929688,0.004731471104501,-0.0159031923153215,-0.1386945861666759,-0.0509595716383518,-0.0038152691676798,-0.1187806033268674,-0.0804890981091669,0.0187704542263474,0.4974354459971424,0.0860368768353447,-0.158822777335008,-1.2059774539375976,-0.8018840974346851,0.321590909090909,WEAKENING,2026-09-15,2026-09-14,CORE,SPY,SPY,AVAILABLE,-0.0038152691676798,-0.1187806033268674,-0.0804890981091669,-0.0038152691676798,-0.1187806033268674,-0.0804890981091669,LOCAL_CURRENCY_ASSET_VS_USD_BENCHMARK_NOT_FX_HEDGED
,MCHP,Analog_Semiconductor,71.4800033569336,-0.03665759707788,-0.0362679638454946,-0.0917005577363253,-0.2358934919012202,-0.0241800406978529,-0.0717865748965168,-0.2654230183720353,-0.0133428244114133,0.2807956822175272,0.089210145493492,-0.1049135381577279,-0.9524501359425884,-0.2886344431663061,0.3209090909090909,WEAKENING,2026-09-15,2026-09-14,CORE,SPY,SPY,AVAILABLE,-0.0241800406978529,-0.0717865748965168,-0.2654230183720353,-0.0241800406978529,-0.0717865748965168,-0.2654230183720353,LOCAL_CURRENCY_ASSET_VS_USD_BENCHMARK_NOT_FX_HEDGED
,AVGO,AI_Semiconductor,344.7200012207031,-0.0477084711720625,-0.0368259091940451,-0.1228275279604047,-0.1212380106335647,-0.0247379860464034,-0.1029135451205962,-0.1507675371043798,-0.0061190272039439,0.4011467996357064,0.1001298892541035,-0.1228275279604047,-1.0918668480372895,-0.4920795390419583,0.3175,WEAKENING,2026-09-15,2026-09-14,CORE,SPY,SPY,AVAILABLE,-0.0247379860464034,-0.1029135451205962,-0.1507675371043798,-0.0247379860464034,-0.1029135451205962,-0.1507675371043798,LOCAL_CURRENCY_ASSET_VS_USD_BENCHMARK_NOT_FX_HEDGED
,9988.HK,Cloud_AI,105.9000015258789,-0.0148837067360101,-0.0337590967130883,-0.1333878545779927,0.0095328883265393,0.0093367609311151,-0.0910286922448591,-0.014684571403434,-0.0004121330685901,0.3614191017441885,0.1176010381868387,-0.1641672922128026,-1.2136268590406851,-0.4099361649220359,0.3168181818181818,WEAKENING,2026-09-15,2026-09-14,CORE,^HSI,SPY,AVAILABLE,0.0093367609311151,-0.0910286922448591,-0.014684571403434,-0.0260591886275631,-0.0968499856492016,-0.0269532542431246,LOCAL_CURRENCY_ASSET_VS_USD_BENCHMARK_NOT_FX_HEDGED
,NVT,Power_Grid,146.63999938964844,-0.0969331507566059,-0.0601807310332067,-0.1444074921998911,-0.1410191252913413,-0.048092807885565,-0.1244935093600826,-0.1705486517621564,-0.0240788579832339,0.2557608700451156,0.1697089696360932,-0.1725072296485984,-1.2418573195133589,-0.2176301342543914,0.315,WEAKENING,2026-09-15,2026-09-14,CORE,SPY,SPY,AVAILABLE,-0.048092807885565,-0.1244935093600826,-0.1705486517621564,-0.048092807885565,-0.1244935093600826,-0.1705486517621564,LOCAL_CURRENCY_ASSET_VS_USD_BENCHMARK_NOT_FX_HEDGED
,6954.T,Industrials,5776.0,0.0071490845684394,-0.0390949925137248,-0.114517859880423,-0.2395997893628225,-0.0175193745538884,-0.0403446963140442,-0.1525860727491581,-0.010465527543619,0.437609841827768,0.0853748645219922,-0.1223363483059941,-1.0859711203961169,-0.5869894239869304,0.3109090909090909,WEAKENING,2026-09-15,2026-09-14,CORE,^N225,SPY,AVAILABLE,-0.0175193745538884,-0.0403446963140442,-0.1525860727491581,-0.0140459497237122,-0.0824947195688938,-0.2241195605906145,LOCAL_CURRENCY_ASSET_VS_USD_BENCHMARK_NOT_FX_HEDGED
,LIT,EV,69.97000122070312,-0.0212616686038079,-0.0567538294304766,-0.0699189406023823,-0.154077550002781,-0.0446659062828349,-0.0500049577625738,-0.1836070764735961,-0.0392740942798811,0.3145935497825028,0.0641530373015707,-0.092830238398557,-0.6892705330088537,-0.3428683760947494,0.3109090909090908,WEAKENING,2026-09-15,2026-09-14,CORE,SPY,SPY,AVAILABLE,-0.0446659062828349,-0.0500049577625738,-0.1836070764735961,-0.0446659062828349,-0.0500049577625738,-0.1836070764735961,LOCAL_CURRENCY_ASSET_VS_USD_BENCHMARK_NOT_FX_HEDGED
,6981.T,MLCC,7167.0,-0.0251632208922741,-0.0594488188976377,-0.1354644149577805,-0.3897828863346104,0.0379164266889819,-0.0387898455788656,-0.2390582579997644,-0.0255827151581926,0.2539000678272665,0.1760708347439298,-0.1675512665862485,-1.4197149680513346,-0.1953442442411503,0.3102272727272727,WEAKENING,2026-09-15,2026-09-14,CORE,^N225,SPY,AVAILABLE,0.0379164266889819,-0.0387898455788656,-0.2390582579997644,0.0087504179327898,-0.1097763632439802,-0.29818648800218,LOCAL_CURRENCY_ASSET_VS_USD_BENCHMARK_NOT_FX_HEDGED
,4004.T,Semiconductor_Materials,13440.0,-0.0598111227701994,-0.189384800965018,-0.2186046511627907,-0.2703583061889251,-0.0639961736916003,-0.0633593035983144,-0.1438582081040782,-0.1347336381743204,0.4122807017543859,0.1734781009536573,-0.2186046511627907,-1.9065529280928144,-0.5195265482658491,0.3084090909090909,WEAKENING,2026-09-15,2026-09-14,CORE,^N225,SPY,AVAILABLE,-0.0639961736916003,-0.0633593035983144,-0.1438582081040782,-0.1224903125252494,-0.1638090660517797,-0.2799786110453831,LOCAL_CURRENCY_ASSET_VS_USD_BENCHMARK_NOT_FX_HEDGED
,009150.KS,MLCC,1337000.0,-0.045,-0.0804676753782668,-0.1418485237483954,-0.3922727272727272,-0.0340161839957556,-0.0827033188348209,-0.0905501210531912,-0.0450055444411679,0.2549019607843137,0.1632819737831675,-0.1553273427471116,-1.5499134613647152,-0.2214418775084264,0.3013636363636364,WEAKENING,2026-09-15,2026-09-14,CORE,^KS11,SPY,AVAILABLE,-0.0340161839957556,-0.0827033188348209,-0.0905501210531912,-0.0335937328123868,-0.088591504672034,-0.3417775181096791,LOCAL_CURRENCY_ASSET_VS_USD_BENCHMARK_NOT_FX_HEDGED
,6503.T,Power_Grid,5122.0,0.018897951064253,-0.0488393686165273,-0.1638916095331374,-0.154227212681638,-0.0265839512817877,-0.1145647500562823,-0.0583155768429093,-0.007866466233243,0.492156862745098,0.1085859633371303,-0.1793992817499183,-1.4112355594690629,-0.7428251120049895,0.3013636363636364,WEAKENING,2026-09-15,2026-09-14,CORE,^N225,SPY,AVAILABLE,-0.0265839512817877,-0.1145647500562823,-0.0583155768429093,-0.0119212231938217,-0.1476465567343829,-0.1362520855402021,LOCAL_CURRENCY_ASSET_VS_USD_BENCHMARK_NOT_FX_HEDGED
,ASML,Semiconductor_Equipment,1575.1500244140625,-0.0725137024514834,-0.0814809083264683,-0.1458342035320348,-0.155604499270654,-0.0693929851788266,-0.1259202206922263,-0.1851340257414691,-0.0450223574434596,0.3964705052408653,0.114695243761022,-0.1635424038307021,-1.2656156155777127,-0.5041094857971276,0.2906818181818182,WEAKENING,2026-09-15,2026-09-14,CORE,SPY,SPY,AVAILABLE,-0.0693929851788266,-0.1259202206922263,-0.1851340257414691,-0.0693929851788266,-0.1259202206922263,-0.1851340257414691,LOCAL_CURRENCY_ASSET_VS_USD_BENCHMARK_NOT_FX_HEDGED
,XAR,Defense,242.8300018310547,-0.0127256659512687,-0.0398940234498607,-0.1816466388961138,-0.1495396300965822,-0.0278061003022189,-0.1617326560563053,-0.1790691565673973,0.0055176362741677,0.7682446053210492,0.0616756111078796,-0.1816466388961138,-1.521586171487213,-2.2626293910983453,0.2868181818181818,WEAKENING,2026-09-15,2026-09-14,CORE,SPY,SPY,AVAILABLE,-0.0278061003022189,-0.1617326560563053,-0.1790691565673973,-0.0278061003022189,-0.1617326560563053,-0.1790691565673973,LOCAL_CURRENCY_ASSET_VS_USD_BENCHMARK_NOT_FX_HEDGED
,HUBB,Power_Grid,442.3800048828125,-0.0391398550229422,-0.0398072501504119,-0.1322653113254401,-0.1279681215462301,-0.0277193270027702,-0.1123513284856316,-0.1574976480170452,-0.0067409223190519,0.4704955576021166,0.0792430862790945,-0.1322653113254401,-1.1430720539518795,-0.7853081489570621,0.2843181818181818,WEAKENING,2026-09-15,2026-09-14,CORE,SPY,SPY,AVAILABLE,-0.0277193270027702,-0.1123513284856316,-0.1574976480170452,-0.0277193270027702,-0.1123513284856316,-0.1574976480170452,LOCAL_CURRENCY_ASSET_VS_USD_BENCHMARK_NOT_FX_HEDGED
,ON,Analog_Semiconductor,71.6500015258789,-0.0589702902516697,-0.0367033588108073,-0.1331962454446074,-0.3654799620286947,-0.0246154356631655,-0.1132822626047989,-0.3950094884995098,-0.0034042974496554,0.2962067511024858,0.1445647936879242,-0.1584312727226809,-1.3981632799195545,-0.2729131077886502,0.2827272727272727,WEAKENING,2026-09-15,2026-09-14,CORE,SPY,SPY,AVAILABLE,-0.0246154356631655,-0.1132822626047989,-0.3950094884995098,-0.0246154356631655,-0.1132822626047989,-0.3950094884995098,LOCAL_CURRENCY_ASSET_VS_USD_BENCHMARK_NOT_FX_HEDGED
,9868.HK,EV,42.02000045776367,0.0164489671665666,0.0004762013753254,-0.0986700682006026,-0.1840776610142976,-0.0145138248129863,-0.0794369383660108,-0.2454144050872473,0.0251437184254761,0.2250487381457967,0.1478480643431041,-0.1405405101035551,-1.00661303196205,-0.1501918502617246,0.2761363636363637,WEAKENING,2026-09-15,2026-09-14,CORE,^HSI,SPY,AVAILABLE,-0.0145138248129863,-0.0794369383660108,-0.2454144050872473,-0.0197093353684059,-0.0569752958245781,-0.2533667904008728,LOCAL_CURRENCY_ASSET_VS_USD_BENCHMARK_NOT_FX_HEDGED
,KWEB,Internet_AI,24.729999542236328,0.0052845186484031,-0.0506717747978393,-0.0844132050101761,-0.0256107029166127,-0.0385838516501976,-0.0644992221703676,-0.0551402293874278,-0.0295684735452953,0.4115531109627615,0.0567130902963437,-0.1021307439171378,-0.7559661464098211,-0.6125661103414615,0.2761363636363636,WEAKENING,2026-09-15,2026-09-14,CORE,SPY,SPY,AVAILABLE,-0.0385838516501976,-0.0644992221703676,-0.0551402293874278,-0.0385838516501976,-0.0644992221703676,-0.0551402293874278,LOCAL_CURRENCY_ASSET_VS_USD_BENCHMARK_NOT_FX_HEDGED
,HII,Defense,280.010009765625,0.0011441500283364,-0.0207043089630298,-0.1415706932855464,-0.052457661014033,-0.0086163858153881,-0.1216567104457378,-0.0819871874848481,0.0146883643583567,0.6538875382539848,0.0576614342061769,-0.142551742733395,-1.2550009383495206,-1.6054285398173342,0.2752272727272727,WEAKENING,2026-09-15,2026-09-14,CORE,SPY,SPY,AVAILABLE,-0.0086163858153881,-0.1216567104457378,-0.0819871874848481,-0.0086163858153881,-0.1216567104457378,-0.0819871874848481,LOCAL_CURRENCY_ASSET_VS_USD_BENCHMARK_NOT_FX_HEDGED
,6762.T,Electronic_Components,2816.5,0.002848495638241,-0.0550243247777219,-0.1317817509247841,-0.269390402075227,-0.0185225418171985,-0.0566424691538731,-0.182436641411659,-0.0220788870465258,0.3748355984217448,0.1195349793261521,-0.1445745992601725,-1.245894332012503,-0.4132388004533641,0.2715909090909091,WEAKENING,2026-09-15,2026-09-14,CORE,^N225,SPY,AVAILABLE,-0.0185225418171985,-0.0566424691538731,-0.182436641411659,-0.0192104431464252,-0.1026716869421229,-0.28954178682878,LOCAL_CURRENCY_ASSET_VS_USD_BENCHMARK_NOT_FX_HEDGED
,TER,Semiconductor_Equipment,329.20001220703125,-0.1330453725146502,-0.0779485944246077,-0.2136238866709016,-0.193933623875803,-0.065860671276966,-0.1937099038310931,-0.2234631503466181,-0.0245426227568823,0.3106096178644921,0.2157837436483004,-0.2568342671107793,-1.8572269872018865,-0.307500614660408,0.2629545454545454,WEAKENING,2026-09-15,2026-09-14,CORE,SPY,SPY,AVAILABLE,-0.065860671276966,-0.1937099038310931,-0.2234631503466181,-0.065860671276966,-0.1937099038310931,-0.2234631503466181,LOCAL_CURRENCY_ASSET_VS_USD_BENCHMARK_NOT_FX_HEDGED
,5802.T,Power_Grid,2007.5,-0.0336943441636582,-0.0881217351805586,-0.1882329154872624,-0.3418032786885245,-0.0104923613706354,-0.0608604802413956,-0.240116702546474,-0.041063506308743,0.3861468270427208,0.1479341997859897,-0.1882329154872624,-1.7606818083729534,-0.4913369806681496,0.2615909090909091,WEAKENING,2026-09-15,2026-09-14,CORE,^N225,SPY,AVAILABLE,-0.0104923613706354,-0.0608604802413956,-0.240116702546474,-0.0467493951833475,-0.1387197137234773,-0.3141678763417006,LOCAL_CURRENCY_ASSET_VS_USD_BENCHMARK_NOT_FX_HEDGED
,GEV,Power_Grid,874.760009765625,-0.0861930365332322,-0.0713307517072769,-0.1772772068980719,-0.1659897202843349,-0.0592428285596352,-0.1573632240582634,-0.1955192467551499,-0.027011449982759,0.3874647034512766,0.1439901834711079,-0.1892863672237025,-1.521356333605979,-0.4770371058886429,0.2604545454545455,WEAKENING,2026-09-15,2026-09-14,CORE,SPY,SPY,AVAILABLE,-0.0592428285596352,-0.1573632240582634,-0.1955192467551499,-0.0592428285596352,-0.1573632240582634,-0.1955192467551499,LOCAL_CURRENCY_ASSET_VS_USD_BENCHMARK_NOT_FX_HEDGED
,005380.KS,EV,371500.0,-0.0287581699346405,-0.05470737913486,-0.1747277879039307,-0.3779562514036275,-0.035909970050976,-0.0944178284207916,-0.1566820927644355,-0.0110254321588773,0.5123318600156899,0.1023881639029937,-0.1747277879039307,-1.830349668950572,-0.8743062592475143,0.26,WEAKENING,2026-09-15,2026-09-14,CORE,^KS11,SPY,AVAILABLE,-0.035909970050976,-0.0944178284207916,-0.1566820927644355,-0.0192028200075081,-0.0848403425739482,-0.4327938692687402,LOCAL_CURRENCY_ASSET_VS_USD_BENCHMARK_NOT_FX_HEDGED
,COHR,AI_Networking,266.5,-0.1272881937934697,-0.0544950902924517,-0.1820887856161356,-0.2965553762530956,-0.0424071671448099,-0.1621748027763271,-0.3260849027239106,-0.0089728938884177,0.230345062917244,0.2557889065129133,-0.2471670100133142,-1.69445338032778,-0.1639760431797922,0.2538636363636363,WEAKENING,2026-09-15,2026-09-14,CORE,SPY,SPY,AVAILABLE,-0.0424071671448099,-0.1621748027763271,-0.3260849027239106,-0.0424071671448099,-0.1621748027763271,-0.3260849027239106,LOCAL_CURRENCY_ASSET_VS_USD_BENCHMARK_NOT_FX_HEDGED
,ARM,AI_Semiconductor,239.009994506836,-0.0973602220859943,-0.0518862391251845,-0.1446822487165121,-0.4294070098339921,-0.0397983159775428,-0.1247682658767036,-0.4589365363048072,-0.0157156769460564,0.2498608830215047,0.1763470683419774,-0.1596764769802188,-1.4897391569624825,-0.2049959478302226,0.2468181818181818,WEAKENING,2026-09-15,2026-09-14,CORE,SPY,SPY,AVAILABLE,-0.0397983159775428,-0.1247682658767036,-0.4589365363048072,-0.0397983159775428,-0.1247682658767036,-0.4589365363048072,LOCAL_CURRENCY_ASSET_VS_USD_BENCHMARK_NOT_FX_HEDGED
,9888.HK,Cloud_AI,89.30000305175781,0.0022447203261715,-0.0229759129000287,-0.1096709837020012,-0.2005371039254704,-0.0379555827399955,-0.1036806350415713,-0.2261796241610724,0.0044418330254715,0.2360515485218127,0.1613570648420484,-0.1186943638092307,-1.0879269616427365,-0.1604392442073081,0.2395454545454545,WEAKENING,2026-09-15,2026-09-14,CORE,^HSI,SPY,AVAILABLE,-0.0379555827399955,-0.1036806350415713,-0.2261796241610724,-0.0567337491058259,-0.0941733152934573,-0.2099881113515345,LOCAL_CURRENCY_ASSET_VS_USD_BENCHMARK_NOT_FX_HEDGED
,7735.T,Semiconductor_Equipment,12105.0,-0.0122399020807834,-0.1043285238623751,-0.1717413616147793,-0.263013698630137,-0.0439507981922944,-0.0730707171311333,-0.115791732795471,-0.0613931834586802,0.4691588785046729,0.1118078503877769,-0.1717413616147793,-1.645034893296272,-0.7206469342591337,0.239090909090909,WEAKENING,2026-09-15,2026-09-14,CORE,^N225,SPY,AVAILABLE,-0.0439507981922944,-0.0730707171311333,-0.115791732795471,-0.0589020998761494,-0.1321000276680723,-0.196008974349239,LOCAL_CURRENCY_ASSET_VS_USD_BENCHMARK_NOT_FX_HEDGED
,BESI.AS,Semiconductor_Equipment,189.25,0.0279738931327826,-0.0112329883231195,-0.1953656358182431,-0.4044996624628973,0.004172958951756,-0.1648152824616798,-0.4075758480617275,0.0376084206314412,0.4744450314085305,0.1186946029017118,-0.2258200010895468,-1.8213116459031315,-0.7809138154216542,0.2368181818181818,WEAKENING,2026-09-15,2026-09-11,CORE,^STOXX,SPY,AVAILABLE,0.004172958951756,-0.1648152824616798,-0.4075758480617275,0.0002522026168969,-0.1778950403920037,-0.3880743194736721,LOCAL_CURRENCY_ASSET_VS_USD_BENCHMARK_NOT_FX_HEDGED
,NRG,Power,108.47000122070312,-0.0439802388862563,-0.0886405286500054,-0.1407636006318908,-0.1761520322488715,-0.0765526055023637,-0.1208496177920823,-0.2056815587196866,-0.0534496284920327,0.2941565603388406,0.138201192962031,-0.1407636006318908,-1.2528259373353117,-0.2996105583123525,0.2347727272727272,WEAKENING,2026-09-15,2026-09-14,CORE,SPY,SPY,AVAILABLE,-0.0765526055023637,-0.1208496177920823,-0.2056815587196866,-0.0765526055023637,-0.1208496177920823,-0.2056815587196866,LOCAL_CURRENCY_ASSET_VS_USD_BENCHMARK_NOT_FX_HEDGED
,8035.T,Semiconductor_Equipment,50930.0,-0.0102992615623785,-0.0879297994269341,-0.1524380096521883,-0.3305730809674028,-0.0193563917242153,-0.0612787766088551,-0.2073013485118764,-0.049820297013887,0.4707091469681397,0.1038387949324871,-0.1524380096521883,-1.455410359759279,-0.6910130797988835,0.2338636363636363,WEAKENING,2026-09-15,2026-09-14,CORE,^N225,SPY,AVAILABLE,-0.0193563917242153,-0.0612787766088551,-0.2073013485118764,-0.0327357827788399,-0.1187635074358552,-0.3106394229488496,LOCAL_CURRENCY_ASSET_VS_USD_BENCHMARK_NOT_FX_HEDGED
,CIEN,AI_Networking,319.6400146484375,-0.0855409771858539,-0.0042367144908489,-0.2545186863853819,-0.2680893621657082,0.0078512086567927,-0.2346047035455734,-0.2976188886365233,0.0593929571054965,0.3648977925851473,0.2171694991774209,-0.2868951959252129,-2.3333040114383303,-0.4276535479681819,0.2272727272727272,WEAKENING,2026-09-15,2026-09-14,CORE,SPY,SPY,AVAILABLE,0.0078512086567927,-0.2346047035455734,-0.2976188886365233,0.0078512086567927,-0.2346047035455734,-0.2976188886365233,LOCAL_CURRENCY_ASSET_VS_USD_BENCHMARK_NOT_FX_HEDGED
,WDC,Memory,426.9400024414063,-0.0452613948876947,-0.0863879810979211,-0.160618990523074,-0.4002821894831133,-0.0743000579502793,-0.1407050076832655,-0.4298117159539284,-0.0462332334671526,0.2735106499060248,0.1712869609245714,-0.2032293485602853,-1.514232246680575,-0.2564760577692848,0.2195454545454545,WEAKENING,2026-09-15,2026-09-14,CORE,SPY,SPY,AVAILABLE,-0.0743000579502793,-0.1407050076832655,-0.4298117159539284,-0.0743000579502793,-0.1407050076832655,-0.4298117159539284,LOCAL_CURRENCY_ASSET_VS_USD_BENCHMARK_NOT_FX_HEDGED
,LRCX,Semiconductor_Equipment,273.489990234375,-0.082925393619143,-0.1110352814555987,-0.1771272045728255,-0.2690950997175627,-0.0989473583079569,-0.157213221733017,-0.2986246261883778,-0.0667534803123923,0.3261677556103907,0.1644763979427806,-0.2046009971288589,-1.5856208448346043,-0.3512551557285417,0.2177272727272727,WEAKENING,2026-09-15,2026-09-14,CORE,SPY,SPY,AVAILABLE,-0.0989473583079569,-0.157213221733017,-0.2986246261883778,-0.0989473583079569,-0.157213221733017,-0.2986246261883778,LOCAL_CURRENCY_ASSET_VS_USD_BENCHMARK_NOT_FX_HEDGED
,RHM.DE,Defense,990.5999755859376,-0.0253837546324325,-0.0743786013994628,-0.1494075250280307,-0.1595112878791096,-0.0589726541245871,-0.1188571716714674,-0.1625874734779397,-0.0370267201424551,0.388739861566405,0.099244926687587,-0.1840197894679263,-1.3088801578125642,-0.5852254874368332,0.2177272727272727,WEAKENING,2026-09-15,2026-09-11,CORE,^STOXX,SPY,AVAILABLE,-0.0589726541245871,-0.1188571716714674,-0.1625874734779397,-0.0628934104594463,-0.1319369296017913,-0.1565295159204468,LOCAL_CURRENCY_ASSET_VS_USD_BENCHMARK_NOT_FX_HEDGED
,6723.T,Semiconductor,3176.0,-0.0050125313283208,-0.0667058477813693,-0.1799638523108701,-0.3019780219780219,-0.0177858143433468,-0.0794556713566797,-0.2027490183938675,-0.0217148847036518,0.5276305828917487,0.121582542173302,-0.1799638523108701,-1.6706336236351824,-0.7809873901047588,0.2122727272727273,WEAKENING,2026-09-15,2026-09-14,CORE,^N225,SPY,AVAILABLE,-0.0177858143433468,-0.0794556713566797,-0.2027490183938675,-0.026070768554357,-0.1322483236204157,-0.302947051182811,LOCAL_CURRENCY_ASSET_VS_USD_BENCHMARK_NOT_FX_HEDGED
,VRT,AI_Infrastructure,237.38999938964844,-0.0765190942027522,-0.1537803428416517,-0.1921113451258336,-0.2525032765702,-0.14169241969401,-0.1721973622860251,-0.2820328030410151,-0.1057525065601933,0.3081500130897913,0.1897573086708624,-0.1921113451258336,-1.717633871891939,-0.3119727715884978,0.2111363636363636,WEAKENING,2026-09-15,2026-09-14,CORE,SPY,SPY,AVAILABLE,-0.14169241969401,-0.1721973622860251,-0.2820328030410151,-0.14169241969401,-0.1721973622860251,-0.2820328030410151,LOCAL_CURRENCY_ASSET_VS_USD_BENCHMARK_NOT_FX_HEDGED
,0981.HK,Foundry,61.29999923706055,-0.0292953641190368,-0.1024890703063754,-0.1842980972402099,-0.1986928204305811,-0.0273161488113405,-0.0956600289233602,-0.1866338927394311,-0.0564145459963229,0.4851136692358517,0.1146798517278068,-0.1918259661142221,-1.6115324848495645,-0.7796097120668457,0.2063636363636364,WEAKENING,2026-09-15,2026-09-14,CORE,^HSI,SPY,AVAILABLE,-0.0273161488113405,-0.0956600289233602,-0.1866338927394311,-0.0757096658273377,-0.1142668562168276,-0.1882945266035137,LOCAL_CURRENCY_ASSET_VS_USD_BENCHMARK_NOT_FX_HEDGED
,7012.T,Defense,2351.0,0.0137990513152221,-0.055064308681672,-0.1766765890386972,-0.2560126582278481,-0.0315242426041327,-0.1177376003432002,-0.2056835927530368,-0.0108951614219977,0.5364167995746943,0.1004471053863272,-0.1891608391608391,-1.5451314249255943,-0.9435044453238352,0.1945454545454545,WEAKENING,2026-09-15,2026-09-14,CORE,^N225,SPY,AVAILABLE,-0.0315242426041327,-0.1177376003432002,-0.2056835927530368,-0.0218138644011562,-0.1550289896114988,-0.2014568845524944,LOCAL_CURRENCY_ASSET_VS_USD_BENCHMARK_NOT_FX_HEDGED
,064350.KS,Defense,124400.0,0.0024174053182917,-0.0220125786163521,-0.1531654186521442,-0.4118203309692672,-0.0545957835157019,-0.1733878035239792,-0.2128598323392805,0.0162787760466838,0.423728813559322,0.1164014732446776,-0.1633764465622872,-1.5463937208723286,-0.5575582448803539,0.1902272727272727,WEAKENING,2026-09-15,2026-09-14,CORE,^KS11,SPY,AVAILABLE,-0.0545957835157019,-0.1733878035239792,-0.2128598323392805,-0.0068395216473109,-0.1353273013713183,-0.4265743766328373,LOCAL_CURRENCY_ASSET_VS_USD_BENCHMARK_NOT_FX_HEDGED
,ALB,EV,115.02999877929688,-0.0211878653411826,-0.0860189169661347,-0.1522766760896805,-0.307051321235129,-0.073930993818493,-0.132362693249872,-0.3365808477059441,-0.0479497479437145,0.3317594192303508,0.1297069610542405,-0.194292957523692,-1.5096031353288255,-0.3894873583593917,0.1879545454545454,WEAKENING,2026-09-15,2026-09-14,CORE,SPY,SPY,AVAILABLE,-0.073930993818493,-0.132362693249872,-0.3365808477059441,-0.073930993818493,-0.132362693249872,-0.3365808477059441,LOCAL_CURRENCY_ASSET_VS_USD_BENCHMARK_NOT_FX_HEDGED
,AMAT,Semiconductor_Equipment,424.2099914550781,-0.0707134865382774,-0.0670757198503591,-0.1626964684322317,-0.2837758336129424,-0.0549877967027173,-0.1427824855924232,-0.3133053600837575,-0.0264016027423011,0.3684964046139798,0.1365581008678518,-0.2066959580995693,-1.522751309753673,-0.4390297117465498,0.1852272727272727,WEAKENING,2026-09-15,2026-09-14,CORE,SPY,SPY,AVAILABLE,-0.0549877967027173,-0.1427824855924232,-0.3133053600837575,-0.0549877967027173,-0.1427824855924232,-0.3133053600837575,LOCAL_CURRENCY_ASSET_VS_USD_BENCHMARK_NOT_FX_HEDGED
,GFS,Foundry,43.540000915527344,-0.0726304535037161,-0.036938690616317,-0.2022719044550462,-0.4592913349420092,-0.0248507674686753,-0.1823579216152377,-0.4888208614128243,0.0136292854974445,0.5492538185881671,0.1221280677123652,-0.2022719044550462,-2.016422261892456,-0.909689459565457,0.1824999999999999,WEAKENING,2026-09-15,2026-09-14,CORE,SPY,SPY,AVAILABLE,-0.0248507674686753,-0.1823579216152377,-0.4888208614128243,-0.0248507674686753,-0.1823579216152377,-0.4888208614128243,LOCAL_CURRENCY_ASSET_VS_USD_BENCHMARK_NOT_FX_HEDGED
,KLAC,Semiconductor_Equipment,169.08999633789062,-0.0639393439480917,-0.0889547910705175,-0.1690501165986211,-0.290909770353319,-0.0768668679228757,-0.1491361337588126,-0.3204392968241341,-0.0466922619208622,0.3974123866630118,0.138755907676027,-0.178217336449856,-1.578795647193806,-0.4841783779035855,0.1734090909090909,WEAKENING,2026-09-15,2026-09-14,CORE,SPY,SPY,AVAILABLE,-0.0768668679228757,-0.1491361337588126,-0.3204392968241341,-0.0768668679228757,-0.1491361337588126,-0.3204392968241341,LOCAL_CURRENCY_ASSET_VS_USD_BENCHMARK_NOT_FX_HEDGED
,6976.T,MLCC,8714.0,-0.0537517645781301,-0.1129885993485342,-0.2285081894643648,-0.5612286002014099,-0.0074941008809762,-0.0955228262992554,-0.4739418580203842,-0.055861551982443,0.396771714066103,0.1931528871394236,-0.2285081894643648,-2.420999123611375,-0.4693980367296951,0.1443181818181818,WEAKENING,2026-09-15,2026-09-14,CORE,^N225,SPY,AVAILABLE,-0.0074941008809762,-0.0955228262992554,-0.4739418580203842,-0.0634478290271938,-0.1889829758528832,-0.5587581629563441,LOCAL_CURRENCY_ASSET_VS_USD_BENCHMARK_NOT_FX_HEDGED
,1347.HK,Foundry,106.5,-0.0465532416321522,-0.0747176245710785,-0.2387419253298744,-0.3664485655377221,0.0511831840212307,-0.1296982616036107,-0.3186641191100283,-0.0150321432386099,0.3654265924606564,0.21149931596673,-0.2387419253298744,-2.199755272728745,-0.4124961248787973,0.1359090909090909,WEAKENING,2026-09-15,2026-09-14,CORE,^HSI,SPY,AVAILABLE,0.0511831840212307,-0.1296982616036107,-0.3186641191100283,-0.0170825147490154,-0.1621136477573223,-0.2907015094265767,LOCAL_CURRENCY_ASSET_VS_USD_BENCHMARK_NOT_FX_HEDGED
,6146.T,Semiconductor_Equipment,51430.0,-0.0105809926894959,-0.100087489063867,-0.2196935214686693,-0.3948699847040828,-0.0300106803422751,-0.1376131593989117,-0.2946989795520398,-0.0451641086966996,0.6028309741881765,0.1098814348996157,-0.2196935214686693,-1.9748067876735544,-1.2052814899148367,0.1122727272727272,WEAKENING,2026-09-15,2026-09-14,CORE,^N225,SPY,AVAILABLE,-0.0300106803422751,-0.1376131593989117,-0.2946989795520398,-0.0435492417440218,-0.1945353832820794,-0.4073274778402775,LOCAL_CURRENCY_ASSET_VS_USD_BENCHMARK_NOT_FX_HEDGED
,6506.T,Industrials,4299.0,-0.0004650081376423,-0.0776657369663162,-0.2085289195871821,-0.4028774675420858,-0.043334815214114,-0.1337474953713651,-0.3007754619791087,-0.0255335070695207,0.6233550381897446,0.1016133857416824,-0.2085289195871821,-2.001339310494466,-1.2792365069242289,0.1097727272727272,WEAKENING,2026-09-15,2026-09-14,CORE,^N225,SPY,AVAILABLE,-0.043334815214114,-0.1337474953713651,-0.3007754619791087,-0.0472118580339775,-0.1826399164378269,-0.3598336085041764,LOCAL_CURRENCY_ASSET_VS_USD_BENCHMARK_NOT_FX_HEDGED
,MATX,Shipping,238.6000061035156,0.0083678937840714,0.0685656020319904,0.0847920409822151,0.2499581332622857,0.0797541850890376,0.1045675837102616,0.2356961082558042,0.0473675917864366,0.4108833854789808,0.0580570728914921,-0.0293580842329147,0.5643232651872014,0.6000929624123461,0.9213636363636364,PERSISTENT,2026-09-16,2026-09-15,CORE,SPY,SPY,AVAILABLE,0.0797541850890376,0.1045675837102616,0.2356961082558042,0.0797541850890376,0.1045675837102616,0.2356961082558042,LOCAL_CURRENCY_ASSET_VS_USD_BENCHMARK_NOT_FX_HEDGED
,MAERSK-B.CO,Shipping,23300.0,0.0012892135797164,0.0490769923457901,0.0772075820619508,0.4654088050314464,0.0803109620903851,0.1022069515235071,0.4523529769353001,0.0297750968303023,0.1837183718371837,0.1121987368746124,-0.0655372269282211,0.4095672452984518,0.1264225575530247,0.918409090909091,PERSISTENT,2026-09-16,2026-09-15,CORE,^OMXC25,SPY,AVAILABLE,0.0803109620903851,0.1022069515235071,0.4523529769353001,0.0602655754028372,0.0969831247899973,0.4987249879805313,LOCAL_CURRENCY_ASSET_VS_USD_BENCHMARK_NOT_FX_HEDGED
,CRWD,Cybersecurity,242.4900054931641,0.0302064766031906,0.1546043260649565,0.1336606470896659,0.4162895229960646,0.1657929091220037,0.1534361898177124,0.402027497989583,0.12118916429254,0.1573386744831254,0.2983466269300975,-0.1333332857759405,0.8700796673326107,0.070488442453791,0.9161363636363636,PERSISTENT,2026-09-16,2026-09-15,CORE,SPY,SPY,AVAILABLE,0.1657929091220037,0.1534361898177124,0.402027497989583,0.1657929091220037,0.1534361898177124,0.402027497989583,LOCAL_CURRENCY_ASSET_VS_USD_BENCHMARK_NOT_FX_HEDGED
,BOAT,Shipping,52.33000183105469,-0.0007637407226626,0.0345986543425853,0.0982161627557147,0.3131253512429466,0.0457872373996325,0.1179917054837612,0.298863326236465,0.0100446136536566,0.4216225764590733,0.0643409438139205,-0.044630363121339,0.6606141801102168,0.6436049758727472,0.9159090909090908,PERSISTENT,2026-09-16,2026-09-15,CORE,SPY,SPY,AVAILABLE,0.0457872373996325,0.1179917054837612,0.298863326236465,0.0457872373996325,0.1179917054837612,0.298863326236465,LOCAL_CURRENCY_ASSET_VS_USD_BENCHMARK_NOT_FX_HEDGED
,DAC,Shipping,159.58999633789062,0.0084039041906907,0.0425948174148957,0.0909898664866377,0.2760786601753,0.0537834004719429,0.1107654092146842,0.2618166351688185,0.0198473507932363,0.399579661787152,0.056021889969012,-0.0314589264264962,0.6150263315734639,0.6489909586574053,0.9040909090909092,PERSISTENT,2026-09-16,2026-09-15,CORE,SPY,SPY,AVAILABLE,0.0537834004719429,0.1107654092146842,0.2618166351688185,0.0537834004719429,0.1107654092146842,0.2618166351688185,LOCAL_CURRENCY_ASSET_VS_USD_BENCHMARK_NOT_FX_HEDGED
,CVX,Energy,217.7700042724609,0.0263939583911223,0.0379885657996721,0.0837223655742023,0.2651645732732608,0.0491771488567193,0.1034979083022488,0.2509025482667792,0.0170579744061215,0.4034102010395544,0.0550995357787432,-0.0291587688944953,0.498615392613586,0.6129717038528264,0.8934090909090908,PERSISTENT,2026-09-16,2026-09-15,CORE,SPY,SPY,AVAILABLE,0.0491771488567193,0.1034979083022488,0.2509025482667792,0.0491771488567193,0.1034979083022488,0.2509025482667792,LOCAL_CURRENCY_ASSET_VS_USD_BENCHMARK_NOT_FX_HEDGED
,053800.KQ,Cybersecurity,64600.0,0.0157232704402516,0.1373239436619717,0.1333333333333333,0.2007434944237918,0.1546535855481849,0.1436189036192233,0.3581371748272339,0.1039906103286384,0.4523809523809524,0.086363315007501,-0.0470588235294118,0.9734770008373752,0.6984152971921173,0.886590909090909,PERSISTENT,2026-09-16,2026-09-16,CORE,^KQ11,SPY,AVAILABLE,0.1546535855481849,0.1436189036192233,0.3581371748272339,0.1328817047501688,0.0969220706832095,0.06962301468623,LOCAL_CURRENCY_ASSET_VS_USD_BENCHMARK_NOT_FX_HEDGED
,356680.KQ,Cybersecurity,17090.0,-0.0262108262108262,0.3552735923869945,0.4720068906115418,0.0549382716049382,0.3726032342732077,0.4822924608974318,0.2123319520083804,0.237271869734109,0.4892857142857142,0.3376553369117014,-0.1122112211221122,3.2951081172490406,0.6839703193586448,0.8670454545454546,PERSISTENT,2026-09-16,2026-09-16,CORE,^KQ11,SPY,AVAILABLE,0.3726032342732077,0.4822924608974318,0.2123319520083804,0.5241196175398058,0.388045786764767,0.0030279556099679,LOCAL_CURRENCY_ASSET_VS_USD_BENCHMARK_NOT_FX_HEDGED
,NET,Cybersecurity,327.2300109863281,-0.0094744354765106,0.1510025502520302,0.0658610487525774,0.4604570853873837,0.1621911333090774,0.0856365914806239,0.4461950603809022,0.1345372880638858,0.0911632080768932,0.2108788307063809,-0.1151413538168654,0.3234240052058932,0.0284718218110451,0.8552272727272727,PERSISTENT,2026-09-16,2026-09-15,CORE,SPY,SPY,AVAILABLE,0.1621911333090774,0.0856365914806239,0.4461950603809022,0.1621911333090774,0.0856365914806239,0.4461950603809022,LOCAL_CURRENCY_ASSET_VS_USD_BENCHMARK_NOT_FX_HEDGED
,XLE,Energy,65.93000030517578,0.0216953595593134,0.0179095834835674,0.0535314537568245,0.2349910586672334,0.0290981665406145,0.073306996484871,0.2207290336607519,0.0045267200443612,0.297249488890995,0.0473891488183071,-0.0265097823797487,0.3401800198840193,0.3357772330922496,0.8536363636363637,PERSISTENT,2026-09-16,2026-09-15,CORE,SPY,SPY,AVAILABLE,0.0290981665406145,0.073306996484871,0.2207290336607519,0.0290981665406145,0.073306996484871,0.2207290336607519,LOCAL_CURRENCY_ASSET_VS_USD_BENCHMARK_NOT_FX_HEDGED
,META,Internet_AI,670.239990234375,0.0069711761097239,0.0925213724533531,0.1779883381298699,0.1611517692604089,0.1037099555104003,0.1977638808579164,0.1468897442539274,0.0480242879208856,0.5091244280355846,0.0962516974220485,-0.0444662971609967,1.341727707450456,0.9414713015400412,0.8506818181818181,PERSISTENT,2026-09-16,2026-09-15,CORE,SPY,SPY,AVAILABLE,0.1037099555104003,0.1977638808579164,0.1468897442539274,0.1037099555104003,0.1977638808579164,0.1468897442539274,LOCAL_CURRENCY_ASSET_VS_USD_BENCHMARK_NOT_FX_HEDGED
,FTNT,Cybersecurity,172.3699951171875,0.012868742129861,0.0946211581950848,0.1059992837132088,0.1909763021183392,0.105809741252132,0.1257748264412553,0.1767142771118577,0.0681213372667826,0.1908943056173657,0.1703251474728899,-0.1055678065865899,0.6998004552782877,0.1188001887013885,0.8490909090909091,PERSISTENT,2026-09-16,2026-09-15,CORE,SPY,SPY,AVAILABLE,0.105809741252132,0.1257748264412553,0.1767142771118577,0.105809741252132,0.1257748264412553,0.1767142771118577,LOCAL_CURRENCY_ASSET_VS_USD_BENCHMARK_NOT_FX_HEDGED
,S,Cybersecurity,23.479999542236328,0.0384785010349115,0.2084405133015723,0.0760769876548561,0.5632489232115687,0.2196290963586195,0.0958525303829026,0.5489868982050872,0.1894212663878582,0.1127717778622033,0.2280537609156603,-0.1444297186933612,0.4167594924843184,0.0376198012161345,0.8484090909090908,PERSISTENT,2026-09-16,2026-09-15,CORE,SPY,SPY,AVAILABLE,0.2196290963586195,0.0958525303829026,0.5489868982050872,0.2196290963586195,0.0958525303829026,0.5489868982050872,LOCAL_CURRENCY_ASSET_VS_USD_BENCHMARK_NOT_FX_HEDGED
,HACK,Cybersecurity,120.58999633789062,0.0171221223102135,0.0944817208557025,0.0435271623880613,0.2561457951863606,0.1056703039127496,0.0633027051161078,0.241883770179879,0.0835999302586871,0.1011054720914533,0.141500256410586,-0.0775847903151857,0.209996309236231,0.0311012461297352,0.8461363636363635,PERSISTENT,2026-09-16,2026-09-15,CORE,SPY,SPY,AVAILABLE,0.1056703039127496,0.0633027051161078,0.241883770179879,0.1056703039127496,0.0633027051161078,0.241883770179879,LOCAL_CURRENCY_ASSET_VS_USD_BENCHMARK_NOT_FX_HEDGED
,DELL,AI_Server,543.510009765625,0.0172755483316433,0.0180377702756002,0.1327609106336977,0.329446008426618,0.0292263533326474,0.1525364533617442,0.3151839834201364,-0.0151524573828241,0.1636102835186696,0.2554470163484648,-0.1142327126101627,0.7704321495720086,0.0850315284142742,0.8368181818181818,PULLBACK_LEADER,2026-09-16,2026-09-15,CORE,SPY,SPY,AVAILABLE,0.0292263533326474,0.1525364533617442,0.3151839834201364,0.0292263533326474,0.1525364533617442,0.3151839834201364,LOCAL_CURRENCY_ASSET_VS_USD_BENCHMARK_NOT_FX_HEDGED
,XOM,Energy,169.32000732421875,0.0256845495888917,0.0539026731277971,0.0486807895671697,0.236603869297431,0.0650912561848443,0.0684563322952162,0.2223418442909495,0.0417324757360047,0.1924584782526661,0.0684016735784494,-0.0584411183374926,0.3014605020648535,0.1369707814164876,0.8359090909090909,PERSISTENT,2026-09-16,2026-09-15,CORE,SPY,SPY,AVAILABLE,0.0650912561848443,0.0684563322952162,0.2223418442909495,0.0650912561848443,0.0684563322952162,0.2223418442909495,LOCAL_CURRENCY_ASSET_VS_USD_BENCHMARK_NOT_FX_HEDGED
,9107.T,Shipping,3460.0,0.0221565731166912,0.033452807646356,0.0959771935381692,0.3713832738803011,0.0521775416321343,0.1174604132633426,0.4879071079352568,0.0094585092618137,0.2229580573951435,0.1137131775711901,-0.051082251082251,0.5942847219143157,0.1881830152192445,0.8322727272727272,PERSISTENT,2026-09-16,2026-09-16,CORE,^N225,SPY,AVAILABLE,0.0521775416321343,0.1174604132633426,0.4879071079352568,-0.0010670341008168,0.1216635635613797,0.2924219608542926,LOCAL_CURRENCY_ASSET_VS_USD_BENCHMARK_NOT_FX_HEDGED
,SBLK,Shipping,31.209999084472656,0.0123256296369436,0.00612503623163,0.0692346376278989,0.2465428739395585,0.0173136192886772,0.0890101803559454,0.232280848933077,-0.0111836231753446,0.2101968271652992,0.0971658424751144,-0.0518198177887745,0.1937158175370305,0.149773838095942,0.8272727272727273,PULLBACK_LEADER,2026-09-16,2026-09-15,CORE,SPY,SPY,AVAILABLE,0.0173136192886772,0.0890101803559454,0.232280848933077,0.0173136192886772,0.0890101803559454,0.232280848933077,LOCAL_CURRENCY_ASSET_VS_USD_BENCHMARK_NOT_FX_HEDGED
,9101.T,Shipping,7374.0,0.0193530550179708,0.0240244410498542,0.0952027328085549,0.41725927349606,0.0427491750356325,0.1166859525337283,0.5337831075510158,0.0002237578477155,0.286544479213232,0.0859677100203407,-0.0372222222222222,0.584269498528627,0.3173263250335413,0.8245454545454546,PERSISTENT,2026-09-16,2026-09-16,CORE,^N225,SPY,AVAILABLE,0.0427491750356325,0.1166859525337283,0.5337831075510158,0.0035068272271432,0.1344134471964594,0.3114444413908306,LOCAL_CURRENCY_ASSET_VS_USD_BENCHMARK_NOT_FX_HEDGED
,4502.T,Biotech,5847.0,0.0,0.0413178984861977,0.0135205408216327,0.1752763819095477,0.060042632471976,0.0350037605468062,0.2918002159645034,0.0379377632807895,0.073170731707317,0.0538805192780479,-0.0495937711577522,0.0228003228305837,0.0183611419907117,0.8202272727272728,PERSISTENT,2026-09-16,2026-09-16,CORE,^N225,SPY,AVAILABLE,0.060042632471976,0.0350037605468062,0.2918002159645034,0.0262927497237138,0.0803596167349393,0.1527313974815791,LOCAL_CURRENCY_ASSET_VS_USD_BENCHMARK_NOT_FX_HEDGED
,CIBR,Cybersecurity,101.0,0.0094952215818597,0.0743537677367593,0.0328254326047661,0.1957281281901159,0.0855423507938065,0.0526009753328126,0.1814661031836344,0.0661474095855678,0.0853495980115299,0.1239074500950794,-0.0719317386064543,0.148438918235075,0.0226107265965165,0.8129545454545454,PERSISTENT,2026-09-16,2026-09-15,CORE,SPY,SPY,AVAILABLE,0.0855423507938065,0.0526009753328126,0.1814661031836344,0.0855423507938065,0.0526009753328126,0.1814661031836344,LOCAL_CURRENCY_ASSET_VS_USD_BENCHMARK_NOT_FX_HEDGED
,HLAG.DE,Shipping,137.5,0.0073260073260073,0.0245901872339873,0.0230655226510148,0.19773515979793,0.0483278465469321,0.0569315231358296,0.2056974084564875,0.0188238065712336,0.0739858366369769,0.0881731790515152,-0.0608695209890172,0.0833929778206375,0.0193542073583105,0.801818181818182,PERSISTENT,2026-09-16,2026-09-15,CORE,^STOXX,SPY,AVAILABLE,0.0483278465469321,0.0569315231358296,0.2056974084564875,0.0357787702910344,0.0428410653790612,0.223361754367632,LOCAL_CURRENCY_ASSET_VS_USD_BENCHMARK_NOT_FX_HEDGED
,2269.HK,Biotech,49.93999862670898,0.0146281468539055,0.022522491209755,0.0425886646314181,0.6037250997284875,0.044725557794613,0.0732334522726564,0.544696838090204,0.0118753250519004,0.0872539353136364,0.1354480230956815,-0.099616871397276,0.0901975255775171,0.0274350891501671,0.8,PERSISTENT,2026-09-16,2026-09-16,CORE,^HSI,SPY,AVAILABLE,0.044725557794613,0.0732334522726564,0.544696838090204,0.0095659052153549,0.0860667338763622,0.623551716280357,LOCAL_CURRENCY_ASSET_VS_USD_BENCHMARK_NOT_FX_HEDGED
,AAPL,Consumer_Tech,331.3399963378906,-0.0052239411088047,0.0478147968465618,0.0842632295185743,0.1128007742720778,0.059003379903609,0.1040387722466208,0.0985387492655962,0.0267489894669182,0.3350684213452359,0.0677087176185329,-0.0392126853302972,0.6059573543080705,0.4169913164108117,0.7925,PERSISTENT,2026-09-16,2026-09-15,CORE,SPY,SPY,AVAILABLE,0.059003379903609,0.1040387722466208,0.0985387492655962,0.059003379903609,0.1040387722466208,0.0985387492655962,LOCAL_CURRENCY_ASSET_VS_USD_BENCHMARK_NOT_FX_HEDGED
,ZS,Cybersecurity,193.88999938964844,0.0112658619425354,0.1972952727341255,0.0512361571413679,0.5529835943877721,0.2084838557911726,0.0710116998694144,0.5387215693812906,0.1844862334487835,0.0715854492603459,0.2405900094921032,-0.1403773805586733,0.2248188630898562,0.0152448696231457,0.7877272727272727,PERSISTENT,2026-09-16,2026-09-15,CORE,SPY,SPY,AVAILABLE,0.2084838557911726,0.0710116998694144,0.5387215693812906,0.2084838557911726,0.0710116998694144,0.5387215693812906,LOCAL_CURRENCY_ASSET_VS_USD_BENCHMARK_NOT_FX_HEDGED
,CHKP,Cybersecurity,137.7899932861328,-0.0051264022661891,0.0367945794900279,0.08487513556877,0.1263793936374604,0.0479831625470751,0.1046506782968165,0.1121173686309788,0.0155757955978354,0.227329879675434,0.1038740224855328,-0.0604708727508638,0.6094410630029744,0.1857505264029986,0.7870454545454545,PERSISTENT,2026-09-16,2026-09-15,CORE,SPY,SPY,AVAILABLE,0.0479831625470751,0.1046506782968165,0.1121173686309788,0.0479831625470751,0.1046506782968165,0.1121173686309788,LOCAL_CURRENCY_ASSET_VS_USD_BENCHMARK_NOT_FX_HEDGED
,9104.T,Shipping,7149.0,0.0176512455516013,0.0156272197755362,0.0262704565030147,0.3506518042697903,0.0343519537613146,0.0477536762281881,0.467175638324746,0.0090596056497825,0.0949662688116242,0.0798317234266927,-0.0424567188788128,0.0481018505838635,0.0312508251980842,0.7852272727272728,PERSISTENT,2026-09-16,2026-09-16,CORE,^N225,SPY,AVAILABLE,0.0343519537613146,0.0477536762281881,0.467175638324746,-0.0013219595350247,0.079513059698932,0.2517068573976264,LOCAL_CURRENCY_ASSET_VS_USD_BENCHMARK_NOT_FX_HEDGED
,SAP.DE,Software,187.0800018310547,0.0044024876430921,0.0296092733801476,0.0417641158454595,0.4149145371643026,0.0533469326930924,0.0756301163302743,0.4228767858228601,0.0191682444187827,0.1187836852232341,0.105383006131526,-0.0734895059540539,0.1581145220090907,0.0470749105792463,0.778409090909091,PERSISTENT,2026-09-16,2026-09-15,CORE,^STOXX,SPY,AVAILABLE,0.0533469326930924,0.0756301163302743,0.4228767858228601,0.0407978564371948,0.061539658573506,0.3729543548271608,LOCAL_CURRENCY_ASSET_VS_USD_BENCHMARK_NOT_FX_HEDGED
,ROP.SW,Biotech,360.6000061035156,-0.0022135799847242,0.028815994589203,0.0126368995306669,0.1318267394707892,0.0465103415055231,0.0471429886095584,0.1346891159364429,0.0256567697065362,0.0475185039096034,0.0760448892453273,-0.0835995564063716,0.0244144730061825,0.0078964749072885,0.7781818181818183,PERSISTENT,2026-09-16,2026-09-15,CORE,^SSMI,SPY,AVAILABLE,0.0465103415055231,0.0471429886095584,0.1346891159364429,0.0400045776462502,0.0324124422587134,0.1161455176377681,LOCAL_CURRENCY_ASSET_VS_USD_BENCHMARK_NOT_FX_HEDGED
,IGV,Software,105.5500030517578,-0.0102212710439721,0.0281511716983806,0.0349054344794033,0.1847570702712737,0.0393397547554278,0.0546809772074498,0.1704950452647922,0.0194248130785298,0.0964771013760408,0.1174642149628062,-0.0826686255602836,0.1798909006111925,0.0286689451924609,0.7745454545454545,PERSISTENT,2026-09-16,2026-09-15,CORE,SPY,SPY,AVAILABLE,0.0393397547554278,0.0546809772074498,0.1704950452647922,0.0393397547554278,0.0546809772074498,0.1704950452647922,LOCAL_CURRENCY_ASSET_VS_USD_BENCHMARK_NOT_FX_HEDGED
,WCLD,Software,41.16999816894531,-0.0019394383285984,0.0417509537466995,0.0352023559232406,0.3932317844973538,0.0529395368037467,0.0549778986512871,0.3789697594908723,0.0329503647658894,0.0925924477566828,0.1233796714430849,-0.1012746834773842,0.0931705161762132,0.0264182280890446,0.7690909090909092,PERSISTENT,2026-09-16,2026-09-15,CORE,SPY,SPY,AVAILABLE,0.0529395368037467,0.0549778986512871,0.3789697594908723,0.0529395368037467,0.0549778986512871,0.3789697594908723,LOCAL_CURRENCY_ASSET_VS_USD_BENCHMARK_NOT_FX_HEDGED
,GNOM,Genomics,63.652000427246094,0.0013056707323806,0.0033259016860287,0.0772042691297643,0.2236926278231905,0.0145144847430759,0.0969798118578108,0.209430602816709,-0.0159751655964123,0.1725416727684049,0.1615847318243036,-0.0867020747888263,0.4441138031811195,0.0824394334174838,0.76,PULLBACK_LEADER,2026-09-16,2026-09-15,CORE,SPY,SPY,AVAILABLE,0.0145144847430759,0.0969798118578108,0.209430602816709,0.0145144847430759,0.0969798118578108,0.209430602816709,LOCAL_CURRENCY_ASSET_VS_USD_BENCHMARK_NOT_FX_HEDGED
,MSFT,Cloud_AI,497.1199951171875,-0.0164025414709918,0.0064176188517384,0.0368602365775727,0.3127460397319035,0.0176062019087855,0.0566357793056192,0.2984840147254219,-0.0027974402926547,0.1619661229702282,0.0580263708536124,-0.0426071196466324,0.1161899803249287,0.1028861450821403,0.7588636363636363,PULLBACK_LEADER,2026-09-16,2026-09-15,CORE,SPY,SPY,AVAILABLE,0.0176062019087855,0.0566357793056192,0.2984840147254219,0.0176062019087855,0.0566357793056192,0.2984840147254219,LOCAL_CURRENCY_ASSET_VS_USD_BENCHMARK_NOT_FX_HEDGED
,7267.T,EV,1684.5,0.0056716417910447,0.0398148148148147,0.013537906137184,0.1917226742129465,0.058539548800593,0.0350211258623575,0.3082465082679022,0.0364303382805187,0.0442477876106194,0.0927348479617089,-0.0812892184826012,-0.0122763075835004,0.0064595177391994,0.7525000000000002,PERSISTENT,2026-09-16,2026-09-16,CORE,^N225,SPY,AVAILABLE,0.058539548800593,0.0350211258623575,0.3082465082679022,0.0512382570713284,0.0126623239965705,0.1519931413331361,LOCAL_CURRENCY_ASSET_VS_USD_BENCHMARK_NOT_FX_HEDGED
,PLTR,Software_AI,172.55999755859375,-0.0043275056867185,0.0132706662732653,5.792237994306504e-05,0.3431929315712145,0.0244592493303125,0.0198334651079895,0.328930906564733,0.0132561856782795,0.0001141055544319,0.1470574141055946,-0.1100976700014736,-0.212616494983177,4.4943434628015526e-08,0.7440909090909091,PERSISTENT,2026-09-16,2026-09-15,CORE,SPY,SPY,AVAILABLE,0.0244592493303125,0.0198334651079895,0.328930906564733,0.0244592493303125,0.0198334651079895,0.328930906564733,LOCAL_CURRENCY_ASSET_VS_USD_BENCHMARK_NOT_FX_HEDGED
,CLOU,Cloud_AI,28.190000534057617,-0.0056437335188428,0.0352552702151991,0.011119131370967,0.2960919785773617,0.0464438532722463,0.0308946740990135,0.2818299535708801,0.0324754873724573,0.0375759066606433,0.0969158626731705,-0.061894913928255,-0.0525410795399939,0.0043110738636447,0.7370454545454546,PERSISTENT,2026-09-16,2026-09-15,CORE,SPY,SPY,AVAILABLE,0.0464438532722463,0.0308946740990135,0.2818299535708801,0.0464438532722463,0.0308946740990135,0.2818299535708801,LOCAL_CURRENCY_ASSET_VS_USD_BENCHMARK_NOT_FX_HEDGED
,4568.T,Biotech,2839.0,0.0008813678829544,0.0474082272643423,0.0403078050567973,0.120142039850069,0.0661329612501206,0.0617910247819707,0.2366658739050247,0.037331276000143,0.1333333333333333,0.0864485696841535,-0.0757420675537359,0.2552546391309096,0.0621684549230677,0.7365909090909091,PERSISTENT,2026-09-16,2026-09-16,CORE,^N225,SPY,AVAILABLE,0.0661329612501206,0.0617910247819707,0.2366658739050247,0.0422681904725324,0.0861289261866932,0.11380897642953,LOCAL_CURRENCY_ASSET_VS_USD_BENCHMARK_NOT_FX_HEDGED
,QCOM,Semiconductor,187.8000030517578,0.0424646650816384,0.0787524096861802,0.1642749402971026,-0.1649103834868625,0.0899409927432274,0.1840504830251491,-0.179172408493344,0.0376836746119045,0.5231430408201752,0.0809024663634282,-0.0227005716921708,1.0308990920909331,1.062257996085366,0.7352272727272727,EMERGING,2026-09-16,2026-09-15,CORE,SPY,SPY,AVAILABLE,0.0899409927432274,0.1840504830251491,-0.179172408493344,0.0899409927432274,0.1840504830251491,-0.179172408493344,LOCAL_CURRENCY_ASSET_VS_USD_BENCHMARK_NOT_FX_HEDGED
,PANW,Cybersecurity,375.0899963378906,0.0030753433411141,0.1130927179924292,-0.0017830887010895,0.3033914724058122,0.1242813010494764,0.0179924540269569,0.2891294473993306,0.1135384901677016,0.0028138817482696,0.2334556368405372,-0.1420138285239751,-0.2469360666591821,-2.149188093911367e-05,0.7347727272727272,PERSISTENT,2026-09-16,2026-09-15,CORE,SPY,SPY,AVAILABLE,0.1242813010494764,0.0179924540269569,0.2891294473993306,0.1242813010494764,0.0179924540269569,0.2891294473993306,LOCAL_CURRENCY_ASSET_VS_USD_BENCHMARK_NOT_FX_HEDGED
,1548.HK,Biotech,32.560001373291016,0.0055589962704796,-0.033254124754644,0.1089918493329737,1.995400341866364,-0.011051058169786,0.139636636974212,1.9363720802280808,-0.0605020870878875,0.1055409366014087,0.2798344114903518,-0.1474147557859388,0.2935115300394053,0.0411068167037,0.7240909090909091,PULLBACK_LEADER,2026-09-16,2026-09-16,CORE,^HSI,SPY,AVAILABLE,-0.011051058169786,0.139636636974212,1.9363720802280808,-0.0551320402653605,0.2613400044933488,1.8483071416371624,LOCAL_CURRENCY_ASSET_VS_USD_BENCHMARK_NOT_FX_HEDGED
,6501.T,Power_Grid,5372.0,0.0289216625167592,0.0384689735163348,0.028133971291866,0.1044407894736842,0.0571937075021131,0.0496171910170394,0.22096462352864,0.0314354806933683,0.0958904109589041,0.0824414217488482,-0.0679279279279279,0.129970412989761,0.032723575259311,0.7236363636363637,PERSISTENT,2026-09-16,2026-09-16,CORE,^N225,SPY,AVAILABLE,0.0571937075021131,0.0496171910170394,0.22096462352864,0.017743431717159,-0.0430498028113539,0.0878429000703393,LOCAL_CURRENCY_ASSET_VS_USD_BENCHMARK_NOT_FX_HEDGED
,SKYY,Cloud_AI,162.3699951171875,-0.0024575114872139,0.0172284180185637,0.0008012180696634,0.2311949431717732,0.0284170010756109,0.0205767607977099,0.2169329181652917,0.0170281135011479,0.0031360587115543,0.0761247236217529,-0.0599640163695843,-0.1292930620621722,3.300723848546055e-05,0.7159090909090908,PERSISTENT,2026-09-16,2026-09-15,CORE,SPY,SPY,AVAILABLE,0.0284170010756109,0.0205767607977099,0.2169329181652917,0.0284170010756109,0.0205767607977099,0.2169329181652917,LOCAL_CURRENCY_ASSET_VS_USD_BENCHMARK_NOT_FX_HEDGED
,IDNA,Genomics,38.5890007019043,-0.0038978051115168,-0.0163395066992522,0.076101507113889,0.2627291026267799,-0.005150923642205,0.0958770498419355,0.2484670776202984,-0.0353648834777244,0.1702325771761263,0.1595037546547457,-0.0867887780580964,0.4438058191579438,0.0812203807429256,0.7088636363636364,PULLBACK_LEADER,2026-09-16,2026-09-15,CORE,SPY,SPY,AVAILABLE,-0.005150923642205,0.0958770498419355,0.2484670776202984,-0.005150923642205,0.0958770498419355,0.2484670776202984,LOCAL_CURRENCY_ASSET_VS_USD_BENCHMARK_NOT_FX_HEDGED
,IBB,Biotech,202.0,-0.0126546610983263,-0.025655398514799,0.0004004391152312,0.1633889937647743,-0.0144668154577518,0.0201759818432777,0.1491269687582928,-0.0257555082936068,0.0014231222587976,0.0906897485153755,-0.0689028013718174,-0.1204167447532086,6.283773276559724e-06,0.6984090909090909,NEUTRAL,2026-09-16,2026-09-15,CORE,SPY,SPY,AVAILABLE,-0.0144668154577518,0.0201759818432777,0.1491269687582928,-0.0144668154577518,0.0201759818432777,0.1491269687582928,LOCAL_CURRENCY_ASSET_VS_USD_BENCHMARK_NOT_FX_HEDGED
,MRNA,Biotech,143.77000427246094,-0.0199059112437582,0.0245136634826508,1.2303755245800607,1.247811230931732,0.035702246539698,1.250151067308107,1.2335492059252504,-0.2830802176623643,0.3029990558788498,1.8099549706685605,-0.2354627618354927,9.201843130350568,0.2059734238507035,0.6965909090909091,NEUTRAL,2026-09-16,2026-09-15,CORE,SPY,SPY,AVAILABLE,0.035702246539698,1.250151067308107,1.2335492059252504,0.035702246539698,1.250151067308107,1.2335492059252504,LOCAL_CURRENCY_ASSET_VS_USD_BENCHMARK_NOT_FX_HEDGED
,7203.T,EV,3016.0,-0.0016550810989738,0.0151464153483675,0.0255015300918055,0.1001276673354003,0.0338711493341459,0.0469847498169789,0.216651501390356,0.0087710328254161,0.0928217821782178,0.0844825813576437,-0.0846438482886215,0.1422298577951761,0.0280187635528335,0.6936363636363637,EMERGING,2026-09-16,2026-09-16,CORE,^N225,SPY,AVAILABLE,0.0338711493341459,0.0469847498169789,0.216651501390356,0.0288742829054554,0.0224307036971801,0.048921002538087,LOCAL_CURRENCY_ASSET_VS_USD_BENCHMARK_NOT_FX_HEDGED
,GM,Auto,85.37000274658203,-0.0205369531931938,-0.004895654090957,0.0139450763669948,0.0789071636584632,0.0062929289660901,0.0337206190950413,0.0646451386519817,-0.0083819231827057,0.0521921560168812,0.0714314251962735,-0.0455788503034761,0.0113975452212178,0.0101891233363139,0.6915909090909089,NEUTRAL,2026-09-16,2026-09-15,CORE,SPY,SPY,AVAILABLE,0.0062929289660901,0.0337206190950413,0.0646451386519817,0.0062929289660901,0.0337206190950413,0.0646451386519817,LOCAL_CURRENCY_ASSET_VS_USD_BENCHMARK_NOT_FX_HEDGED
,JPM,Financials,352.489990234375,0.0067403116518174,-0.0028854049477304,-0.0234652078380194,0.0887335828318103,0.0083031781093166,-0.0036896651099729,0.0744715578253287,0.0029808970117743,0.14909357744545,0.0445449843743318,-0.0361183623322436,-0.2863918365707385,-0.078538848564223,0.6897727272727273,NEUTRAL,2026-09-16,2026-09-15,CORE,SPY,SPY,AVAILABLE,0.0083031781093166,-0.0036896651099729,0.0744715578253287,0.0083031781093166,-0.0036896651099729,0.0744715578253287,LOCAL_CURRENCY_ASSET_VS_USD_BENCHMARK_NOT_FX_HEDGED
,4503.T,Biotech,2313.5,-0.0006479481641468,0.0341975860527492,-0.0100556268720581,0.062700964630225,0.0529223200385275,0.0114275928531152,0.1792247986851807,0.0367114927707638,0.0411198600174978,0.0690787594029667,-0.079942160710597,-0.1435779202356267,-0.0059857179390726,0.6886363636363636,EMERGING,2026-09-16,2026-09-16,CORE,^N225,SPY,AVAILABLE,0.0529223200385275,0.0114275928531152,0.1792247986851807,0.0263168444032432,0.0337921874937056,0.0677478243115725,LOCAL_CURRENCY_ASSET_VS_USD_BENCHMARK_NOT_FX_HEDGED
,ZIM,Shipping,29.56999969482422,-0.0050470936068586,-0.0169547948861497,0.026379737694208,0.2148726174794317,-0.0057662118291025,0.0461552804222545,0.2006105924729502,-0.0235497293097017,0.0766129257093481,0.1050132230653519,-0.0624782808201161,0.1195589560770112,0.0192454704769962,0.6813636363636364,NEUTRAL,2026-09-16,2026-09-15,CORE,SPY,SPY,AVAILABLE,-0.0057662118291025,0.0461552804222545,0.2006105924729502,-0.0057662118291025,0.0461552804222545,0.2006105924729502,LOCAL_CURRENCY_ASSET_VS_USD_BENCHMARK_NOT_FX_HEDGED
,NEM,Gold_Miners,124.19000244140624,0.0091005342435954,-0.0228184277287587,0.0342269235974288,0.1990415523969551,-0.0116298446717115,0.0540024663254753,0.1847795273904735,-0.0313751586281159,0.0703316083200665,0.1315070435630889,-0.0925706967429901,0.079375808975483,0.0183049859477706,0.6804545454545455,NEUTRAL,2026-09-16,2026-09-15,CORE,SPY,SPY,AVAILABLE,-0.0116298446717115,0.0540024663254753,0.1847795273904735,-0.0116298446717115,0.0540024663254753,0.1847795273904735,LOCAL_CURRENCY_ASSET_VS_USD_BENCHMARK_NOT_FX_HEDGED
,XLF,Financials,56.84999847412109,-0.0031562389799861,-0.0078534165607527,-0.0126780710962026,0.0649457522359708,0.0033351664962943,0.0070974716318438,0.0506837272294893,-0.0046838987867021,0.0925226125988485,0.0359826268051542,-0.0292008684950244,-0.170145138224378,-0.0325992948454389,0.6702272727272726,NEUTRAL,2026-09-16,2026-09-15,CORE,SPY,SPY,AVAILABLE,0.0033351664962943,0.0070974716318438,0.0506837272294893,0.0033351664962943,0.0070974716318438,0.0506837272294893,LOCAL_CURRENCY_ASSET_VS_USD_BENCHMARK_NOT_FX_HEDGED
,HPE,AI_Server,55.880001068115234,0.0084822454791086,-0.0026770964563551,-0.0300295005017839,0.1786543186661804,0.008511486600692,-0.0102539577737374,0.1643922936596988,0.0048302786690908,0.0392557160078863,0.2343442650583413,-0.1169936053994022,-0.4824155247482052,-0.0050303323755895,0.6643181818181818,NEUTRAL,2026-09-16,2026-09-15,CORE,SPY,SPY,AVAILABLE,0.008511486600692,-0.0102539577737374,0.1643922936596988,0.008511486600692,-0.0102539577737374,0.1643922936596988,LOCAL_CURRENCY_ASSET_VS_USD_BENCHMARK_NOT_FX_HEDGED
,006400.KS,EV,544000.0,-0.0054844606946983,-0.0522648083623693,0.1170431211498972,0.020637898686679,-0.0049467496688265,0.0789046862226252,0.2835778837873386,-0.0815255886498436,0.1838709677419354,0.1838208877315381,-0.0814558058925476,0.6969827594307709,0.1170750082808781,0.6577272727272728,NEUTRAL,2026-09-16,2026-09-16,CORE,^KS11,SPY,AVAILABLE,-0.0049467496688265,0.0789046862226252,0.2835778837873386,0.0432640547551604,0.0844869425082485,-0.0156526256245391,LOCAL_CURRENCY_ASSET_VS_USD_BENCHMARK_NOT_FX_HEDGED
,2359.HK,Biotech,195.1000061035156,0.0056701345542042,0.0098344160729073,-0.0341583856261602,0.495922097376875,0.0320374826577654,-0.003513597984922,0.4368938357385914,0.0183740124794474,0.1031389786778263,0.0983456682259387,-0.0861568370082198,-0.5345637585924679,-0.0358232453987872,0.6552272727272728,NEUTRAL,2026-09-16,2026-09-16,CORE,^HSI,SPY,AVAILABLE,0.0320374826577654,-0.003513597984922,0.4368938357385914,0.0040238238952529,-0.0236687962933418,0.5634654016797209,LOCAL_CURRENCY_ASSET_VS_USD_BENCHMARK_NOT_FX_HEDGED
,1177.HK,Biotech,5.489999771118164,0.0129150726639994,-0.0213904384207324,0.1610503275655774,0.2726387235150733,0.0008126281641256,0.1916951152068157,0.2136104618767897,-0.0616530203121267,0.2430017304999978,0.1854802050771624,-0.1017963749442908,1.0601686755044124,0.2109956061335271,0.6524999999999999,NEUTRAL,2026-09-16,2026-09-16,CORE,^HSI,SPY,AVAILABLE,0.0008126281641256,0.1916951152068157,0.2136104618767897,-0.0615230900230591,0.1612559530902783,0.1824407574773086,LOCAL_CURRENCY_ASSET_VS_USD_BENCHMARK_NOT_FX_HEDGED
,1919.HK,Shipping,16.68000030517578,0.0226855212353631,-0.0124333387839765,-0.0188235114602481,0.2494381894047144,0.0097697278008814,0.01182127618099,0.1904099277664308,-0.0077274609189145,0.061775999222332,0.0977461098044661,-0.0963789067439382,-0.2720672322526484,-0.011896547408956,0.6493181818181819,NEUTRAL,2026-09-16,2026-09-16,CORE,^HSI,SPY,AVAILABLE,0.0097697278008814,0.01182127618099,0.1904099277664308,-0.0033129143557582,0.0118679354353387,0.1570767033212943,LOCAL_CURRENCY_ASSET_VS_USD_BENCHMARK_NOT_FX_HEDGED
,SPY,Market_US,757.3900146484375,-0.0045867813741702,-0.0111885830570471,-0.0197755427280464,0.0142620250064815,0.0,0.0,0.0,-0.0062446973750355,0.2018496047215716,0.0248479767970145,-0.020409442438937,-0.1847651311305599,-0.160644285666362,0.643409090909091,NEUTRAL,2026-09-16,2026-09-15,CORE,SPY,SPY,AVAILABLE,0.0,0.0,0.0,0.0,0.0,0.0,LOCAL_CURRENCY_ASSET_VS_USD_BENCHMARK_NOT_FX_HEDGED
,VRTX,Biotech,514.6300048828125,-0.0093934761430566,-0.0269805613018432,-0.001784468881659,0.1394947176203385,-0.015791978244796,0.0179910738463874,0.1252326926138569,-0.0265344440814284,0.0064334496700899,0.079014106176134,-0.0777833943382226,-0.1332558285933519,-0.0001452941923104,0.6402272727272728,NEUTRAL,2026-09-16,2026-09-15,CORE,SPY,SPY,AVAILABLE,-0.015791978244796,0.0179910738463874,0.1252326926138569,-0.015791978244796,0.0179910738463874,0.1252326926138569,LOCAL_CURRENCY_ASSET_VS_USD_BENCHMARK_NOT_FX_HEDGED
,SAN.PA,Biotech,74.20999908447266,-0.0161739522175159,-0.0065595432903302,-0.0319593589955393,0.023727428216173,0.0171781160226145,0.0019066414892754,0.0316896768747305,0.0014302964585545,0.1688493602298808,0.0538084305852076,-0.0719533839562749,-0.2880519070663765,-0.1002875806089277,0.6370454545454546,EMERGING,2026-09-16,2026-09-15,CORE,^STOXX,SPY,AVAILABLE,0.0171781160226145,0.0019066414892754,0.0316896768747305,0.0046290397667169,-0.0121838162674928,-0.0023994290148787,LOCAL_CURRENCY_ASSET_VS_USD_BENCHMARK_NOT_FX_HEDGED
,AEM,Gold_Miners,196.8999938964844,-0.0032903525448345,-0.0244748440895551,0.0453290237130377,0.184070590366278,-0.0132862610325079,0.0651045664410842,0.1698085653597965,-0.0358071000178145,0.0816347937775468,0.1622269903623002,-0.1348463417822993,0.1541512543741891,0.0228101716902177,0.6245454545454545,NEUTRAL,2026-09-16,2026-09-15,CORE,SPY,SPY,AVAILABLE,-0.0132862610325079,0.0651045664410842,0.1698085653597965,-0.0132862610325079,0.0651045664410842,0.1698085653597965,LOCAL_CURRENCY_ASSET_VS_USD_BENCHMARK_NOT_FX_HEDGED
,VT,Market_Global,158.02999877929688,-0.0044099853026124,-0.0179592308136513,-0.0234814497235493,0.0023467912507502,-0.0067706477566041,-0.0037059069955028,-0.0119152337557313,-0.012088868382764,0.2151751083707961,0.027759499277734,-0.0234814497235493,-0.2139275424296093,-0.1820142156894328,0.6240909090909091,WEAKENING,2026-09-16,2026-09-15,CORE,SPY,SPY,AVAILABLE,-0.0067706477566041,-0.0037059069955028,-0.0119152337557313,-0.0067706477566041,-0.0037059069955028,-0.0119152337557313,LOCAL_CURRENCY_ASSET_VS_USD_BENCHMARK_NOT_FX_HEDGED
,EWH,Market_HK,22.46999931335449,-0.0110035214593098,-0.020061098373272,-0.0008893044894271,0.0559209862928145,-0.0088725153162249,0.0188862382386193,0.0416589612863329,-0.0198387722509152,0.0054055280106976,0.0460628919752983,-0.0376874112950161,-0.068507114780528,-0.0001043608015366,0.6238636363636364,NEUTRAL,2026-09-16,2026-09-15,CORE,SPY,SPY,AVAILABLE,-0.0088725153162249,0.0188862382386193,0.0416589612863329,-0.0088725153162249,0.0188862382386193,0.0416589612863329,LOCAL_CURRENCY_ASSET_VS_USD_BENCHMARK_NOT_FX_HEDGED
,AMD,AI_Semiconductor,504.2000122070313,0.0218682403373218,-0.0030449995196742,-0.0035572881283967,-0.0617265258789201,0.0081435835373728,0.0162182545996497,-0.0759885508854016,-0.0021556774875751,0.0071821413550431,0.1415980079946374,-0.0984980164780446,-0.1465260166755078,-0.0001804329491678,0.6184090909090909,NEUTRAL,2026-09-16,2026-09-15,CORE,SPY,SPY,AVAILABLE,0.0081435835373728,0.0162182545996497,-0.0759885508854016,0.0081435835373728,0.0162182545996497,-0.0759885508854016,LOCAL_CURRENCY_ASSET_VS_USD_BENCHMARK_NOT_FX_HEDGED
,GOOGL,Cloud_AI,344.9800109863281,-0.012622008292214,0.0195650370060374,0.0034934905620096,-0.0620281848610919,0.0307536200630845,0.0232690332900561,-0.0762902098675735,0.0186916643655349,0.0151503252272895,0.0647865163796852,-0.0494095230140558,-0.0636475016304598,0.0008169526801337,0.6156818181818182,EMERGING,2026-09-16,2026-09-15,CORE,SPY,SPY,AVAILABLE,0.0307536200630845,0.0232690332900561,-0.0762902098675735,0.0307536200630845,0.0232690332900561,-0.0762902098675735,LOCAL_CURRENCY_ASSET_VS_USD_BENCHMARK_NOT_FX_HEDGED
,1093.HK,Biotech,8.805000305175781,0.0120690227830606,-0.0324175894425952,0.0138169118896114,0.3161434383078254,-0.0102145228577371,0.0444616995308496,0.2571151766695418,-0.035871817414998,0.0294117165822112,0.1412429161569206,-0.1017037240758886,-0.0366004407407345,0.0028771644454519,0.6152272727272728,NEUTRAL,2026-09-16,2026-09-16,CORE,^HSI,SPY,AVAILABLE,-0.0102145228577371,0.0444616995308496,0.2571151766695418,-0.0652445656900252,0.0134933834525644,0.2587522021944564,LOCAL_CURRENCY_ASSET_VS_USD_BENCHMARK_NOT_FX_HEDGED
,XBI,Biotech,154.02999877929688,-0.0226523298601516,-0.0487864772050096,-0.0344762743188447,0.0956594583717114,-0.0375978941479624,-0.0147007315907982,0.0813974333652298,-0.0401674086252984,0.1125204470250359,0.0954911263606317,-0.0915364434863691,-0.4021724143449052,-0.0406245684385757,0.6140909090909091,WEAKENING,2026-09-16,2026-09-15,CORE,SPY,SPY,AVAILABLE,-0.0375978941479624,-0.0147007315907982,0.0813974333652298,-0.0375978941479624,-0.0147007315907982,0.0813974333652298,LOCAL_CURRENCY_ASSET_VS_USD_BENCHMARK_NOT_FX_HEDGED
,RSP,Factor_Breadth,213.9600067138672,-0.0048834371415016,-0.0127808289958818,-0.0309343121516123,0.0229978357544455,-0.0015922459388346,-0.0111587694235658,0.008735810747964,-0.0050472509579787,0.2849389330179299,0.0278182179167726,-0.0402503372961118,-0.2878154710115748,-0.3168567420276584,0.6127272727272728,WEAKENING,2026-09-16,2026-09-15,CORE,SPY,SPY,AVAILABLE,-0.0015922459388346,-0.0111587694235658,0.008735810747964,-0.0015922459388346,-0.0111587694235658,0.008735810747964,LOCAL_CURRENCY_ASSET_VS_USD_BENCHMARK_NOT_FX_HEDGED
,ACWI,Market_Global,158.1999969482422,-0.0047811382330464,-0.0181841236627607,-0.0224309759731826,0.002916136928232,-0.0069955406057136,-0.0026554332451361,-0.0113458880782495,-0.0125763796694651,0.2070735206049886,0.0279155439276878,-0.0230950070197589,-0.204977646781186,-0.166389778304333,0.6122727272727274,WEAKENING,2026-09-16,2026-09-15,CORE,SPY,SPY,AVAILABLE,-0.0069955406057136,-0.0026554332451361,-0.0113458880782495,-0.0069955406057136,-0.0026554332451361,-0.0113458880782495,LOCAL_CURRENCY_ASSET_VS_USD_BENCHMARK_NOT_FX_HEDGED
,373220.KS,EV,367000.0,0.0041039671682625,-0.0107816711590296,0.0265734265734265,-0.0479896238651103,0.0365363875345131,-0.0115650083538454,0.2149503612355492,-0.0174250278023862,0.0460048426150121,0.1600997642137413,-0.0806878306878307,0.0516401197140596,0.007635903233561,0.6120454545454546,WEAKENING,2026-09-16,2026-09-16,CORE,^KS11,SPY,AVAILABLE,0.0365363875345131,-0.0115650083538454,0.2149503612355492,0.0599690708619252,0.0135839833449122,-0.1216320500680517,LOCAL_CURRENCY_ASSET_VS_USD_BENCHMARK_NOT_FX_HEDGED
,EWJ,Market_JP,96.91999816894533,-0.006763718484573,-0.010616587640334,-0.0127330143966063,0.0068563891343031,0.0005719954167131,0.0070425283314401,-0.0074056358721783,-0.0074333340411824,0.0785669962989497,0.0497544810193689,-0.0397270204606422,-0.139217739347479,-0.0201066250612321,0.609090909090909,NEUTRAL,2026-09-16,2026-09-15,CORE,SPY,SPY,AVAILABLE,0.0005719954167131,0.0070425283314401,-0.0074056358721783,0.0005719954167131,0.0070425283314401,-0.0074056358721783,LOCAL_CURRENCY_ASSET_VS_USD_BENCHMARK_NOT_FX_HEDGED
,ANET,AI_Networking,192.83999633789065,0.0267823803028781,-0.0108740782876971,-0.044400429030564,0.1365591938409422,0.00031450476935,-0.0246248863025175,0.1222971688344607,0.0002260289699438,0.0927921329360611,0.140344405463873,-0.0894450088146348,-0.5110602856574311,-0.029356428561613,0.6086363636363636,NEUTRAL,2026-09-16,2026-09-15,CORE,SPY,SPY,AVAILABLE,0.00031450476935,-0.0246248863025175,0.1222971688344607,0.00031450476935,-0.0246248863025175,0.1222971688344607,LOCAL_CURRENCY_ASSET_VS_USD_BENCHMARK_NOT_FX_HEDGED
,REGN,Biotech,774.1099853515625,-0.0247310266892514,-0.0446742756674597,-0.0383607315089988,0.270639649891836,-0.0334856926104125,-0.0185851887809523,0.2563776248853544,-0.03508409279021,0.1153616209153903,0.0869487499054895,-0.0914522273465112,-0.4797513743700176,-0.0508961448116093,0.605,WEAKENING,2026-09-16,2026-09-15,CORE,SPY,SPY,AVAILABLE,-0.0334856926104125,-0.0185851887809523,0.2563776248853544,-0.0334856926104125,-0.0185851887809523,0.2563776248853544,LOCAL_CURRENCY_ASSET_VS_USD_BENCHMARK_NOT_FX_HEDGED
,EWU,Market_EU,47.79999923706055,-0.0022959843602985,-0.0113753723767939,-0.0074750957535749,0.0514738275343948,-0.0001867893197468,0.0123004469744715,0.0372118025279133,-0.0095065984384002,0.0769232023240308,0.0272547702532582,-0.0376594580550125,-0.0915153672736752,-0.0210975288986341,0.6040909090909091,NEUTRAL,2026-09-16,2026-09-15,CORE,SPY,SPY,AVAILABLE,-0.0001867893197468,0.0123004469744715,0.0372118025279133,-0.0001867893197468,0.0123004469744715,0.0372118025279133,LOCAL_CURRENCY_ASSET_VS_USD_BENCHMARK_NOT_FX_HEDGED
,BNTX,Biotech,96.69000244140624,-0.0219502139950229,-0.0199675770076999,0.0555677298261438,0.0638134348190828,-0.0087789939506527,0.0753432725541903,0.0495514098126013,-0.0338595094642358,0.0809865211631589,0.2590433173276268,-0.1730290659839546,0.343266353728849,0.0173725273980412,0.6027272727272728,NEUTRAL,2026-09-16,2026-09-15,CORE,SPY,SPY,AVAILABLE,-0.0087789939506527,0.0753432725541903,0.0495514098126013,-0.0087789939506527,0.0753432725541903,0.0495514098126013,LOCAL_CURRENCY_ASSET_VS_USD_BENCHMARK_NOT_FX_HEDGED
,FXI,Market_CN,34.400001525878906,-0.0126291224105032,-0.0171428135463169,-0.0199429338653187,0.0330331025231416,-0.0059542304892697,-0.0001673911372722,0.01877107751666,-0.0121570800799872,0.1310854734435832,0.0450334463292775,-0.0426422114951879,-0.2197223762551399,-0.058050829787144,0.5979545454545455,WEAKENING,2026-09-16,2026-09-15,CORE,SPY,SPY,AVAILABLE,-0.0059542304892697,-0.0001673911372722,0.01877107751666,-0.0059542304892697,-0.0001673911372722,0.01877107751666,LOCAL_CURRENCY_ASSET_VS_USD_BENCHMARK_NOT_FX_HEDGED
,GDX,Gold_Miners,94.12999725341795,-0.0001062474643649,-0.043491578593847,0.0243769493813041,0.1408313515493791,-0.0323029955367998,0.0441524921093506,0.1265693265428975,-0.049585815939173,0.0436306523310146,0.1503027779414195,-0.1079416200909901,0.031478432218241,0.007076264443768,0.5922727272727273,NEUTRAL,2026-09-16,2026-09-15,CORE,SPY,SPY,AVAILABLE,-0.0323029955367998,0.0441524921093506,0.1265693265428975,-0.0323029955367998,0.0441524921093506,0.1265693265428975,LOCAL_CURRENCY_ASSET_VS_USD_BENCHMARK_NOT_FX_HEDGED
,EWG,Market_EU,42.52999877929688,-0.0042144769148735,-0.0238696562499836,-0.0325295799580869,0.024325585510545,-0.0126810731929364,-0.0127540372300404,0.0100635605040635,-0.0157372612604618,0.267289471732769,0.0330355484858445,-0.0461987299000145,-0.2998602579633913,-0.2631956980042745,0.5847727272727272,WEAKENING,2026-09-16,2026-09-15,CORE,SPY,SPY,AVAILABLE,-0.0126810731929364,-0.0127540372300404,0.0100635605040635,-0.0126810731929364,-0.0127540372300404,0.0100635605040635,LOCAL_CURRENCY_ASSET_VS_USD_BENCHMARK_NOT_FX_HEDGED
,6645.T,Industrials,6112.0,0.0343543746826873,0.0124233891005465,-0.0503418272218769,0.0018029831175216,0.0311481230863248,-0.0288586074967035,0.1183268171724774,0.0250088459060157,0.1784140969162995,0.0924282732863186,-0.1128959615673322,-0.5193323763665493,-0.0971747206948747,0.5818181818181819,NEUTRAL,2026-09-16,2026-09-16,CORE,^N225,SPY,AVAILABLE,0.0311481230863248,-0.0288586074967035,0.1183268171724774,-0.0006843266419495,-0.1412353901130724,0.0253850245463538,LOCAL_CURRENCY_ASSET_VS_USD_BENCHMARK_NOT_FX_HEDGED
,6981.T,MLCC,7633.0,0.0316258953912691,0.0708473625140291,0.041194925658164,-0.3768979591836734,0.0895720964998074,0.0626781453833374,-0.2603741251287177,0.0605486310994881,0.0768447837150127,0.1540748693987932,-0.0783464566929134,0.0009789152090414,0.0205459538256304,0.5706818181818183,EMERGING,2026-09-16,2026-09-16,CORE,^N225,SPY,AVAILABLE,0.0895720964998074,0.0626781453833374,-0.2603741251287177,0.0647269569713288,-0.0877033475011452,-0.3093505690492586,LOCAL_CURRENCY_ASSET_VS_USD_BENCHMARK_NOT_FX_HEDGED
,7013.T,Defense,2779.5,0.0025247971145174,-0.0074986609534011,0.0023440317345835,-0.0131368720042606,0.0112260730323772,0.0238272514597569,0.103386962050695,-0.008084668887047,0.0051485148514851,0.1322272673568164,-0.0623873061666065,-0.0523713910780527,9.126923999184998e-05,0.5702272727272727,NEUTRAL,2026-09-16,2026-09-16,CORE,^N225,SPY,AVAILABLE,0.0112260730323772,0.0238272514597569,0.103386962050695,0.0605829812402417,-0.0594340222005486,-0.0127304889787069,LOCAL_CURRENCY_ASSET_VS_USD_BENCHMARK_NOT_FX_HEDGED
,LLY,Pharma,1136.1099853515625,-0.0019064236299155,0.0108549179212369,-0.0397664284364929,0.0356537233685638,0.0220435009782841,-0.0199908857084464,0.0213916983620823,0.0207965250303601,0.1489538979272733,0.0853096152297752,-0.1285908579312001,-0.4128024104534058,-0.0694337268584254,0.5661363636363637,WEAKENING,2026-09-16,2026-09-15,CORE,SPY,SPY,AVAILABLE,0.0220435009782841,-0.0199908857084464,0.0213916983620823,0.0220435009782841,-0.0199908857084464,0.0213916983620823,LOCAL_CURRENCY_ASSET_VS_USD_BENCHMARK_NOT_FX_HEDGED
,NOVN.SW,Biotech,113.83999633789062,-0.0007022632754614,0.0182468088591052,-0.0774716780370816,-0.053541756790529,0.0359411557754253,-0.0429655889581901,-0.0506793803248754,0.0376147283683756,0.2215015307402228,0.1598992416044976,-0.1497106500578421,-0.6829489291888351,-0.107318178010324,0.5611363636363637,WEAKENING,2026-09-16,2026-09-15,CORE,^SSMI,SPY,AVAILABLE,0.0359411557754253,-0.0429655889581901,-0.0506793803248754,0.0294353919161524,-0.0576961353090351,-0.0498432224400732,LOCAL_CURRENCY_ASSET_VS_USD_BENCHMARK_NOT_FX_HEDGED
,TSLA,EV,356.5799865722656,-0.0066579787734631,-0.0314537618824876,0.0509283801974098,-0.1096407019721324,-0.0202651788254404,0.0707039229254563,-0.123902726978614,-0.04418585693184,0.0970023594849049,0.1444736540847059,-0.0592236597871772,0.2478290131528833,0.0341942832081799,0.5547727272727273,NEUTRAL,2026-09-16,2026-09-15,CORE,SPY,SPY,AVAILABLE,-0.0202651788254404,0.0707039229254563,-0.123902726978614,-0.0202651788254404,0.0707039229254563,-0.123902726978614,LOCAL_CURRENCY_ASSET_VS_USD_BENCHMARK_NOT_FX_HEDGED
,000660.KS,Memory,1759000.0,0.0408284023668639,-0.0522629310344827,0.1729208972711502,-0.3972657142448401,-0.0049448723409399,0.1347824623438782,-0.1343257291441806,-0.0954931553522703,0.24544528611233,0.1970902631564723,-0.0894396551724138,1.054135633176036,0.2153460979034899,0.5495454545454546,NEUTRAL,2026-09-16,2026-09-16,CORE,^KS11,SPY,AVAILABLE,-0.0049448723409399,0.1347824623438782,-0.1343257291441806,-0.0462570388057526,0.0519878183534473,-0.3023680126448169,LOCAL_CURRENCY_ASSET_VS_USD_BENCHMARK_NOT_FX_HEDGED
,1801.HK,Biotech,94.0999984741211,-0.0094737002724095,-0.0417515132539368,-0.0422392012812102,0.2300653395309946,-0.0195484466690788,-0.011594413639972,0.171037077892711,-0.0311917129336343,0.0996398889277431,0.1347732541944798,-0.1479963528993713,-0.4923156042764818,-0.0312280752528476,0.5459090909090909,WEAKENING,2026-09-16,2026-09-16,CORE,^HSI,SPY,AVAILABLE,-0.0195484466690788,-0.011594413639972,0.171037077892711,-0.0407075956517029,0.0161048717293879,0.2443978030794582,LOCAL_CURRENCY_ASSET_VS_USD_BENCHMARK_NOT_FX_HEDGED
,FCX,Copper,69.37999725341797,0.0005768808428028,-0.0944923679670193,0.0146241596982517,0.0126441110403878,-0.0833037849099721,0.0343997024262981,-0.0016179139660936,-0.0981484078915822,0.026809638313696,0.1511403362789756,-0.1322738936280476,-0.0044023336258081,0.0025940688091905,0.5365909090909091,NEUTRAL,2026-09-16,2026-09-15,CORE,SPY,SPY,AVAILABLE,-0.0833037849099721,0.0343997024262981,-0.0016179139660936,-0.0833037849099721,0.0343997024262981,-0.0016179139660936,LOCAL_CURRENCY_ASSET_VS_USD_BENCHMARK_NOT_FX_HEDGED
,BAC,Financials,59.52000045776367,0.0008407472008449,-0.046000945022624,-0.063645679665364,0.0644782253814852,-0.0348123619655769,-0.0438701369373175,0.0502162003750037,-0.030089525106283,0.3490097714745866,0.0662764418067931,-0.0693847435894374,-0.6636452695786186,-0.3351562562774256,0.5354545454545455,WEAKENING,2026-09-16,2026-09-15,CORE,SPY,SPY,AVAILABLE,-0.0348123619655769,-0.0438701369373175,0.0502162003750037,-0.0348123619655769,-0.0438701369373175,0.0502162003750037,LOCAL_CURRENCY_ASSET_VS_USD_BENCHMARK_NOT_FX_HEDGED
,6861.T,Industrials,75900.0,0.0031720856463124,-0.0049816465652857,-0.0470809792843691,-0.0267983074753173,0.0137430874204925,-0.0255977595591957,0.0897255265796383,0.0067885982558065,0.2070679182771949,0.0721707664566676,-0.095625149414296,-0.4538787148820418,-0.1350818461477678,0.5320454545454546,WEAKENING,2026-09-16,2026-09-16,CORE,^N225,SPY,AVAILABLE,0.0137430874204925,-0.0255977595591957,0.0897255265796383,-0.0031417973494145,-0.1080630739866509,-0.0098904330769813,LOCAL_CURRENCY_ASSET_VS_USD_BENCHMARK_NOT_FX_HEDGED
,FEZ,Market_EU,68.62000274658203,-0.003774601004692,-0.0261140556599313,-0.0457516443885387,-0.0047571403026086,-0.0149254726028841,-0.0259761016604922,-0.0190191653090902,-0.0146761445627966,0.4180423619465672,0.0284826338266913,-0.0457516443885387,-0.405842016621628,-0.6715012944203514,0.5295454545454545,WEAKENING,2026-09-16,2026-09-15,CORE,SPY,SPY,AVAILABLE,-0.0149254726028841,-0.0259761016604922,-0.0190191653090902,-0.0149254726028841,-0.0259761016604922,-0.0190191653090902,LOCAL_CURRENCY_ASSET_VS_USD_BENCHMARK_NOT_FX_HEDGED
,QQQ,Factor_Growth,704.5399780273438,-0.0065427884265747,-0.0192382755248474,-0.0347048340927849,-0.0476705796007886,-0.0080496924678002,-0.0149292913647384,-0.0619326046072702,-0.0105620670016512,0.2649304968160998,0.0367085595855911,-0.0347048340927849,-0.3104141886985084,-0.2504693467114627,0.525,WEAKENING,2026-09-16,2026-09-15,CORE,SPY,SPY,AVAILABLE,-0.0080496924678002,-0.0149292913647384,-0.0619326046072702,-0.0080496924678002,-0.0149292913647384,-0.0619326046072702,LOCAL_CURRENCY_ASSET_VS_USD_BENCHMARK_NOT_FX_HEDGED
,1810.HK,Consumer_Tech,26.18000030517578,-0.0120754601820459,-0.0075814579967184,-0.045918374794416,0.1573828175889242,0.0146216085881395,-0.0152735871531778,0.0983545559506406,0.0038981357018855,0.1051753320228136,0.1132903914476593,-0.1068228922319119,-0.494186013790831,-0.0426292137686005,0.5245454545454545,WEAKENING,2026-09-16,2026-09-16,CORE,^HSI,SPY,AVAILABLE,0.0146216085881395,-0.0152735871531778,0.0983545559506406,-0.0044132027937561,0.0437322992712733,0.0176789285704348,LOCAL_CURRENCY_ASSET_VS_USD_BENCHMARK_NOT_FX_HEDGED
,EEM,Market_EM,65.76000213623047,-0.0034853119409682,-0.044602638575539,-0.0231728693652042,-0.0710552156271208,-0.0334140555184918,-0.0033973266371577,-0.0853172406336023,-0.0388094212342379,0.1107951466705969,0.0609298541912874,-0.044602638575539,-0.2285325267517011,-0.0421376596772409,0.5236363636363636,WEAKENING,2026-09-16,2026-09-15,CORE,SPY,SPY,AVAILABLE,-0.0334140555184918,-0.0033973266371577,-0.0853172406336023,-0.0334140555184918,-0.0033973266371577,-0.0853172406336023,LOCAL_CURRENCY_ASSET_VS_USD_BENCHMARK_NOT_FX_HEDGED
,F,Auto,13.5,-0.0259740018466603,-0.0357142857142857,-0.0391459205173218,-0.0294303373502864,-0.0245257026572385,-0.0193703777892753,-0.0436923623567679,-0.0259278055849552,0.1020408813227165,0.1088176081483029,-0.0800273656260157,-0.4074417845144885,-0.0367080686457711,0.5195454545454545,WEAKENING,2026-09-16,2026-09-15,CORE,SPY,SPY,AVAILABLE,-0.0245257026572385,-0.0193703777892753,-0.0436923623567679,-0.0245257026572385,-0.0193703777892753,-0.0436923623567679,LOCAL_CURRENCY_ASSET_VS_USD_BENCHMARK_NOT_FX_HEDGED
,VGK,Market_EU,88.95999908447266,-0.0030259359218096,-0.0244544719512039,-0.0340933707021802,0.0078169532983713,-0.0132658888941568,-0.0143178279741337,-0.0064450717081101,-0.0159311292756589,0.3042637406831862,0.0281688348412333,-0.0453911712213253,-0.3037353007455134,-0.3682572091039918,0.515,WEAKENING,2026-09-16,2026-09-15,CORE,SPY,SPY,AVAILABLE,-0.0132658888941568,-0.0143178279741337,-0.0064450717081101,-0.0132658888941568,-0.0143178279741337,-0.0064450717081101,LOCAL_CURRENCY_ASSET_VS_USD_BENCHMARK_NOT_FX_HEDGED
,GD,Defense,358.6000061035156,0.0050166995240314,0.0056649829135617,-0.0831927374502179,0.0290512933326514,0.0168535659706089,-0.0634171947221714,0.0147892683261698,0.0264631672761162,0.5119576057036596,0.0437149806418382,-0.1037155545876299,-0.7411795526826136,-0.9742919715760808,0.5147727272727273,WEAKENING,2026-09-16,2026-09-15,CORE,SPY,SPY,AVAILABLE,0.0168535659706089,-0.0634171947221714,0.0147892683261698,0.0168535659706089,-0.0634171947221714,0.0147892683261698,LOCAL_CURRENCY_ASSET_VS_USD_BENCHMARK_NOT_FX_HEDGED
,AMZN,Cloud_AI,248.4199981689453,-0.0201940334967561,-0.0332723781419703,-0.0493283820369639,0.016490031463487,-0.0220837950849231,-0.0295528393089175,0.0022280064570054,-0.0209402826327293,0.182500529834603,0.0765454997032683,-0.0675974740154435,-0.4756126094931395,-0.117609211417105,0.5145454545454546,WEAKENING,2026-09-16,2026-09-15,CORE,SPY,SPY,AVAILABLE,-0.0220837950849231,-0.0295528393089175,0.0022280064570054,-0.0220837950849231,-0.0295528393089175,0.0022280064570054,LOCAL_CURRENCY_ASSET_VS_USD_BENCHMARK_NOT_FX_HEDGED
,0700.HK,Internet_AI,433.3999938964844,-0.0123062763142831,-0.0013825025426627,-0.0308587163100482,0.0448409032085099,0.0208205640421953,-0.0002139286688099,-0.0141873584297735,0.0063321765348493,0.1256832757770103,0.0685529518471199,-0.0687089581979965,-0.3057273799158791,-0.0565756024739765,0.5129545454545456,WEAKENING,2026-09-16,2026-09-16,CORE,^HSI,SPY,AVAILABLE,0.0208205640421953,-0.0002139286688099,-0.0141873584297735,0.0189974804942224,0.0027504392167816,-0.0396254545180048,LOCAL_CURRENCY_ASSET_VS_USD_BENCHMARK_NOT_FX_HEDGED
,051910.KS,EV,271000.0,-0.001841620626151,-0.0491228070175439,0.018796992481203,-0.1609907120743033,-0.0018047483240011,-0.0193414424460689,0.1019492730263561,-0.0538220551378446,0.0340136054421768,0.1607153827245283,-0.0662020905923345,-0.085898601765211,0.0039781723125475,0.5127272727272727,WEAKENING,2026-09-16,2026-09-16,CORE,^KS11,SPY,AVAILABLE,-0.0018047483240011,-0.0193414424460689,0.1019492730263561,0.0167441386126027,-0.0076761383689227,-0.2732341281709129,LOCAL_CURRENCY_ASSET_VS_USD_BENCHMARK_NOT_FX_HEDGED
,NOC,Defense,531.25,0.0073190338162463,0.0244320692904007,-0.0640720329045778,0.0233290573133637,0.0356206523474479,-0.0442964901765313,0.0090670323068822,0.0404500775165452,0.2651812754367499,0.0699711578061997,-0.1219030115196846,-0.6004111373914364,-0.2428243856207266,0.51,WEAKENING,2026-09-16,2026-09-15,CORE,SPY,SPY,AVAILABLE,0.0356206523474479,-0.0442964901765313,0.0090670323068822,0.0356206523474479,-0.0442964901765313,0.0090670323068822,LOCAL_CURRENCY_ASSET_VS_USD_BENCHMARK_NOT_FX_HEDGED
,6273.T,Industrials,67850.0,0.0145035885167463,-0.0005891883929886,-0.0431532929065011,-0.0860721982758621,0.0181355455927897,-0.0216700731813277,0.0304516357790936,0.0101991348336366,0.1677631578947368,0.0843542497939678,-0.0893327784713552,-0.4433622462344236,-0.0858229752411227,0.5077272727272728,WEAKENING,2026-09-16,2026-09-16,CORE,^N225,SPY,AVAILABLE,0.0181355455927897,-0.0216700731813277,0.0304516357790936,0.0299243027828658,-0.1184798367333631,-0.0431555169785002,LOCAL_CURRENCY_ASSET_VS_USD_BENCHMARK_NOT_FX_HEDGED
,SCCO,Copper,189.38999938964844,0.005521599428891,-0.0919159876934675,-0.0137991771981369,-0.0010774832637183,-0.0807274046364203,0.0059763655299095,-0.0153395082701999,-0.0884661933939333,0.0256310579884423,0.1544428900116947,-0.1426945438333898,-0.2177636718569182,-0.0022900860695591,0.5070454545454546,NEUTRAL,2026-09-16,2026-09-15,CORE,SPY,SPY,AVAILABLE,-0.0807274046364203,0.0059763655299095,-0.0153395082701999,-0.0807274046364203,0.0059763655299095,-0.0153395082701999,LOCAL_CURRENCY_ASSET_VS_USD_BENCHMARK_NOT_FX_HEDGED
,COST,Consumer,901.3499755859376,-0.0191095951418429,-0.0097013966038573,-0.0546932610530283,-0.0511503222989329,0.0014871864531897,-0.0349177183249818,-0.0654123473054144,0.0039719186593996,0.2629723216511598,0.05804376718092,-0.0721124635243636,-0.4996414857699953,-0.2477925630319131,0.5065909090909091,WEAKENING,2026-09-16,2026-09-15,CORE,SPY,SPY,AVAILABLE,0.0014871864531897,-0.0349177183249818,-0.0654123473054144,0.0014871864531897,-0.0349177183249818,-0.0654123473054144,LOCAL_CURRENCY_ASSET_VS_USD_BENCHMARK_NOT_FX_HEDGED
,AIR.PA,Defense,194.8000030517578,-0.0010256253756009,-0.0293970801504591,-0.0907817827222505,0.0278598494104409,-0.0056594208375143,-0.0569157822374357,0.0358220980689985,-0.0067016344698965,0.4627644647136537,0.0559735043586293,-0.0907817827222505,-0.8352133899631684,-0.750544093470481,0.4986363636363636,WEAKENING,2026-09-16,2026-09-15,CORE,^STOXX,SPY,AVAILABLE,-0.0056594208375143,-0.0569157822374357,0.0358220980689985,-0.0182084970934119,-0.071006239994204,0.0006384677202737,LOCAL_CURRENCY_ASSET_VS_USD_BENCHMARK_NOT_FX_HEDGED
,IWM,Factor_SmallCap,285.1400146484375,-0.0070343675578466,-0.0298139450173062,-0.0597752912105317,-0.0328335677203073,-0.0186253619602591,-0.0399997484824852,-0.0470955927267888,-0.0148701222146733,0.4199922225757415,0.0357246449928151,-0.0597752912105317,-0.5326651808689896,-0.7027405707088904,0.4984090909090909,WEAKENING,2026-09-16,2026-09-15,CORE,SPY,SPY,AVAILABLE,-0.0186253619602591,-0.0399997484824852,-0.0470955927267888,-0.0186253619602591,-0.0399997484824852,-0.0470955927267888,LOCAL_CURRENCY_ASSET_VS_USD_BENCHMARK_NOT_FX_HEDGED
,2015.HK,EV,46.47999954223633,0.0078057376125106,-0.0239395089294118,-0.0296451344135217,-0.0380794735970368,-0.0017364423445538,0.0009996532277164,-0.0971077352353204,-0.0165282253260314,0.0644869188974936,0.1244893164176459,-0.1042968764260876,-0.4436858050291778,-0.0153565256332237,0.4847727272727273,NEUTRAL,2026-09-16,2026-09-16,CORE,^HSI,SPY,AVAILABLE,-0.0017364423445538,0.0009996532277164,-0.0971077352353204,-0.0536938334624174,-0.0289043383081631,-0.1691487165672678,LOCAL_CURRENCY_ASSET_VS_USD_BENCHMARK_NOT_FX_HEDGED
,COPX,Copper,84.58999633789062,-0.0120299740206738,-0.1037296164487099,-0.0314861474159116,-0.007049020740474,-0.0925410333916627,-0.0117106046878651,-0.0213110457469556,-0.095858079594732,0.0697438898053971,0.1272264338041566,-0.1229652771965973,-0.3659737005744206,-0.017260299845802,0.4838636363636364,WEAKENING,2026-09-16,2026-09-15,CORE,SPY,SPY,AVAILABLE,-0.0925410333916627,-0.0117106046878651,-0.0213110457469556,-0.0925410333916627,-0.0117106046878651,-0.0213110457469556,LOCAL_CURRENCY_ASSET_VS_USD_BENCHMARK_NOT_FX_HEDGED
,WMT,Consumer,108.08999633789062,-0.0090759577974467,0.0192361454731613,-0.0523155290631125,-0.075364688214949,0.0304247285302085,-0.032539986335066,-0.0896267132214305,0.0323150277389394,0.1877651363283885,0.1091493478100798,-0.1069817953836814,-0.5360056637725115,-0.0899962541573697,0.4779545454545454,WEAKENING,2026-09-16,2026-09-15,CORE,SPY,SPY,AVAILABLE,0.0304247285302085,-0.032539986335066,-0.0896267132214305,0.0304247285302085,-0.032539986335066,-0.0896267132214305,LOCAL_CURRENCY_ASSET_VS_USD_BENCHMARK_NOT_FX_HEDGED
,4063.T,Semiconductor_Materials,5820.0,0.0223080976637977,0.0176604301451301,-0.044334975369458,-0.2035034898042972,0.0363851641309085,-0.0228517556442846,-0.0869796557493415,0.0287441739874947,0.2738336713995943,0.0471486141408737,-0.0759616945301087,-0.5105869768131399,-0.2574923844114563,0.4777272727272728,WEAKENING,2026-09-16,2026-09-16,CORE,^N225,SPY,AVAILABLE,0.0363851641309085,-0.0228517556442846,-0.0869796557493415,0.0096101895109229,-0.0886034705844045,-0.2482586322038112,LOCAL_CURRENCY_ASSET_VS_USD_BENCHMARK_NOT_FX_HEDGED
,VST,Power,141.52999877929688,0.0056846662122171,-0.0671632109110197,-0.0313462583801413,-0.1344843233988518,-0.0559746278539725,-0.0115707156520948,-0.1487463484053334,-0.0593266463159843,0.089453166094611,0.1046467422457757,-0.0724361020613042,-0.3397500619158442,-0.0267951203940758,0.4775,WEAKENING,2026-09-16,2026-09-15,CORE,SPY,SPY,AVAILABLE,-0.0559746278539725,-0.0115707156520948,-0.1487463484053334,-0.0559746278539725,-0.0115707156520948,-0.1487463484053334,LOCAL_CURRENCY_ASSET_VS_USD_BENCHMARK_NOT_FX_HEDGED
,TSM,Foundry,413.75,-0.0101911668766342,-0.0575170842824601,-0.0399563801933504,-0.1046697732802527,-0.0463285012254129,-0.0201808374653039,-0.1189317982867342,-0.0475279892341225,0.136971055150351,0.0847716568385311,-0.0575170842824601,-0.3813777935390401,-0.0645601107631557,0.4731818181818182,WEAKENING,2026-09-16,2026-09-15,CORE,SPY,SPY,AVAILABLE,-0.0463285012254129,-0.0201808374653039,-0.1189317982867342,-0.0463285012254129,-0.0201808374653039,-0.1189317982867342,LOCAL_CURRENCY_ASSET_VS_USD_BENCHMARK_NOT_FX_HEDGED
,AMGN,Biotech,375.6499938964844,-0.0153342230760566,-0.0445609251288189,-0.0990383095210212,0.1192100200369097,-0.0333723420717717,-0.0792627667929747,0.1049479950304281,-0.0198013477485636,0.2770878175853876,0.1229915492317116,-0.154170048575805,-0.9766335292125716,-0.2231235333967991,0.4731818181818182,WEAKENING,2026-09-16,2026-09-15,CORE,SPY,SPY,AVAILABLE,-0.0333723420717717,-0.0792627667929747,0.1049479950304281,-0.0333723420717717,-0.0792627667929747,0.1049479950304281,LOCAL_CURRENCY_ASSET_VS_USD_BENCHMARK_NOT_FX_HEDGED
,NVDA,AI_Semiconductor,212.1699981689453,0.0057356438024733,-0.0590200005332645,-0.0560090097790373,0.0081513320394273,-0.0478314174762173,-0.0362334670509908,-0.0061106929670542,-0.0450177480885051,0.1353584932778511,0.1296487218645743,-0.0831912522010114,-0.5286300594219306,-0.0584756645853711,0.4693181818181818,WEAKENING,2026-09-16,2026-09-15,CORE,SPY,SPY,AVAILABLE,-0.0478314174762173,-0.0362334670509908,-0.0061106929670542,-0.0478314174762173,-0.0362334670509908,-0.0061106929670542,LOCAL_CURRENCY_ASSET_VS_USD_BENCHMARK_NOT_FX_HEDGED
,EQIX,AI_Infrastructure,1006.97998046875,0.0082705963712828,-0.0328751949682939,-0.0781867012811238,-0.0736122483105219,-0.0216866119112467,-0.0584111585530773,-0.0878742733170034,-0.0133285196480129,0.339481880167625,0.067525587500609,-0.0857481096479083,-0.7009022590407012,-0.3930801543160357,0.4645454545454545,WEAKENING,2026-09-16,2026-09-15,CORE,SPY,SPY,AVAILABLE,-0.0216866119112467,-0.0584111585530773,-0.0878742733170034,-0.0216866119112467,-0.0584111585530773,-0.0878742733170034,LOCAL_CURRENCY_ASSET_VS_USD_BENCHMARK_NOT_FX_HEDGED
,NXPI,Analog_Semiconductor,226.3500061035156,0.0094546243427331,0.0110779070014717,-0.0273719279983435,-0.2750093641305707,0.0222664900585188,-0.007596385270297,-0.2892713891370523,0.0179208890010575,0.0879226601393994,0.0914804679866036,-0.0523624361648398,-0.4310187916391439,-0.0263073940888769,0.4624999999999999,WEAKENING,2026-09-16,2026-09-15,CORE,SPY,SPY,AVAILABLE,0.0222664900585188,-0.007596385270297,-0.2892713891370523,0.0222664900585188,-0.007596385270297,-0.2892713891370523,LOCAL_CURRENCY_ASSET_VS_USD_BENCHMARK_NOT_FX_HEDGED
,005930.KS,Memory,253500.0,0.0201207243460763,-0.0593692022263451,0.0242424242424241,-0.2820946058064847,-0.0120511435328023,-0.0138960106848478,-0.0191546207058251,-0.0654298082869511,0.0434782608695652,0.1733397775067213,-0.1172291296625221,-0.0219536360086081,0.0060806495801687,0.4618181818181818,WEAKENING,2026-09-16,2026-09-16,CORE,^KS11,SPY,AVAILABLE,-0.0120511435328023,-0.0138960106848478,-0.0191546207058251,-0.0667334948650307,-0.0703082453597568,-0.2867208750333798,LOCAL_CURRENCY_ASSET_VS_USD_BENCHMARK_NOT_FX_HEDGED
,4519.T,Biotech,6446.0,-0.0083076923076923,-0.0046324891908585,-0.0637618010167029,-0.1353707763437525,0.0140922447949197,-0.0422785812915295,-0.0188469422887967,0.0113079610633171,0.281590763309814,0.0636966886402207,-0.0967469370511195,-0.5993248904096662,-0.281878612555763,0.4618181818181818,WEAKENING,2026-09-16,2026-09-16,CORE,^N225,SPY,AVAILABLE,0.0140922447949197,-0.0422785812915295,-0.0188469422887967,0.0062896240858285,-0.0332547603022564,-0.1402530711574684,LOCAL_CURRENCY_ASSET_VS_USD_BENCHMARK_NOT_FX_HEDGED
,MCHI,Market_CN,52.90999984741211,-0.0076894195378607,-0.0192771251310485,-0.0390483376726148,0.0026530109614171,-0.0080885420740013,-0.0192727949445683,-0.0116090140450644,-0.0095150407128948,0.3032443774884321,0.0346188978106318,-0.0513834103160626,-0.3634528199389077,-0.3420440741430428,0.4611363636363637,WEAKENING,2026-09-16,2026-09-15,CORE,SPY,SPY,AVAILABLE,-0.0080885420740013,-0.0192727949445683,-0.0116090140450644,-0.0080885420740013,-0.0192727949445683,-0.0116090140450644,LOCAL_CURRENCY_ASSET_VS_USD_BENCHMARK_NOT_FX_HEDGED
,012450.KS,Defense,1055000.0,-0.0075258701787394,0.0076408787010506,-0.1036533559898046,-0.0622222222222221,0.0549589373945934,-0.1417917909170766,0.2007177628784373,0.0335542176985018,0.2096219931271477,0.1523834543149689,-0.1291418861512319,-0.9878343190893862,-0.1425878103011754,0.4609090909090908,NEUTRAL,2026-09-16,2026-09-16,CORE,^KS11,SPY,AVAILABLE,0.0549589373945934,-0.1417917909170766,0.2007177628784373,0.046242137097943,-0.059211266526769,-0.1134466628889421,LOCAL_CURRENCY_ASSET_VS_USD_BENCHMARK_NOT_FX_HEDGED
,7011.T,Defense,3737.0,0.0097271007835719,-0.0199318122213479,-0.0878691725652917,-0.0440010232796111,-0.0012070782355696,-0.0663859528401182,0.0725228107753445,0.0020354809199749,0.2764976958525346,0.0877185414726085,-0.0966560898218208,-0.7765949866055945,-0.2769725002593501,0.4497727272727272,WEAKENING,2026-09-16,2026-09-16,CORE,^N225,SPY,AVAILABLE,-0.0012070782355696,-0.0663859528401182,0.0725228107753445,0.0093007729168098,-0.129419859570804,-0.0406185622595089,LOCAL_CURRENCY_ASSET_VS_USD_BENCHMARK_NOT_FX_HEDGED
,RTX,Defense,195.5,0.0008191034355944,-0.0166490498427687,-0.1179389977514558,0.0568396535933679,-0.0054604667857215,-0.0981634550234094,0.0425776285868864,0.0128356995950952,0.5978954605817672,0.0559120005137299,-0.1337088492651061,-1.0650510382791885,-1.2611816914660887,0.4475,WEAKENING,2026-09-16,2026-09-15,CORE,SPY,SPY,AVAILABLE,-0.0054604667857215,-0.0981634550234094,0.0425776285868864,-0.0054604667857215,-0.0981634550234094,0.0425776285868864,LOCAL_CURRENCY_ASSET_VS_USD_BENCHMARK_NOT_FX_HEDGED
,NEX.PA,Power_Grid,133.39999389648438,0.0152207008592069,-0.0559094761829529,-0.0532292429019554,-0.1610063276950668,-0.0321718168700081,-0.0193632424171406,-0.1530440790365093,-0.042602165457464,0.1533742522724365,0.1109026261768092,-0.0791871288957095,-0.5403014485674613,-0.0736140848107569,0.4472727272727272,WEAKENING,2026-09-16,2026-09-15,CORE,^STOXX,SPY,AVAILABLE,-0.0321718168700081,-0.0193632424171406,-0.1530440790365093,-0.0447208931259057,-0.0334537001739089,-0.1502723930773456,LOCAL_CURRENCY_ASSET_VS_USD_BENCHMARK_NOT_FX_HEDGED
,GS,Financials,976.6699829101562,-0.0119176783361784,-0.0577504217869351,-0.06644734093955,-0.1049707363233044,-0.0465618387298879,-0.0466717982115035,-0.119232761329786,-0.0411385865520476,0.2478052917549376,0.0810456122951221,-0.0731212381552137,-0.6329204501836176,-0.2031695762616387,0.4461363636363636,WEAKENING,2026-09-16,2026-09-15,CORE,SPY,SPY,AVAILABLE,-0.0465618387298879,-0.0466717982115035,-0.119232761329786,-0.0465618387298879,-0.0466717982115035,-0.119232761329786,LOCAL_CURRENCY_ASSET_VS_USD_BENCHMARK_NOT_FX_HEDGED
,6976.T,MLCC,9364.0,0.0181580950309883,0.0436914846188141,-0.0332438571133595,-0.4664387464387464,0.0624162186045924,-0.0117606373881861,-0.3499149123837907,0.052002448897154,0.0580598629642985,0.1699350370243644,-0.1129885993485342,-0.8531674223407644,-0.0113580684843093,0.4431818181818182,WEAKENING,2026-09-16,2026-09-16,CORE,^N225,SPY,AVAILABLE,0.0624162186045924,-0.0117606373881861,-0.3499149123837907,0.0278810438131825,-0.1659703625397711,-0.5564871024661289,LOCAL_CURRENCY_ASSET_VS_USD_BENCHMARK_NOT_FX_HEDGED
,6762.T,Electronic_Components,2872.0,0.0135874360331744,0.0211555555555555,-0.0445775116433798,-0.293133152842727,0.0398802895413339,-0.0230942919182064,-0.1766093187877713,0.0322999334664005,0.1398747390396659,0.1113086587106072,-0.1082904884318766,-0.5497032130566314,-0.0560178146101515,0.4409090909090909,WEAKENING,2026-09-16,2026-09-16,CORE,^N225,SPY,AVAILABLE,0.0398802895413339,-0.0230942919182064,-0.1766093187877713,0.0322696641381282,-0.1067657643003135,-0.2667439887169198,LOCAL_CURRENCY_ASSET_VS_USD_BENCHMARK_NOT_FX_HEDGED
,SMCI,AI_Server,35.63999938964844,-0.0299401806903854,-0.1147540766143982,-0.068965503496208,0.1624266003594474,-0.1035654935573511,-0.0491899607681615,0.1481645753529659,-0.0975127007403462,0.1024049765687541,0.1922618541118465,-0.1147540766143982,-0.8069633387071862,-0.0367332916984823,0.4406818181818182,WEAKENING,2026-09-16,2026-09-15,CORE,SPY,SPY,AVAILABLE,-0.1035654935573511,-0.0491899607681615,0.1481645753529659,-0.1035654935573511,-0.0491899607681615,0.1481645753529659,LOCAL_CURRENCY_ASSET_VS_USD_BENCHMARK_NOT_FX_HEDGED
,7735.T,Semiconductor_Equipment,12670.0,0.043657331136738,-0.0268817204301075,-0.0386949924127465,-0.2551440329218106,-0.0081569864443291,-0.0172117726875731,-0.1386201988668549,-0.0172079723269208,0.1138392857142857,0.1026054575212546,-0.1173897192854538,-0.5793457211625518,-0.0429315399336753,0.4404545454545454,WEAKENING,2026-09-16,2026-09-16,CORE,^N225,SPY,AVAILABLE,-0.0081569864443291,-0.0172117726875731,-0.1386201988668549,-0.0739659007409935,-0.1495710190235785,-0.2010543945540193,LOCAL_CURRENCY_ASSET_VS_USD_BENCHMARK_NOT_FX_HEDGED
,XLU,Utilities,41.31999969482422,-0.0119560020002076,-0.0490218879335904,-0.0647351876549559,-0.0709595821844468,-0.0378333048765432,-0.0449596449269094,-0.0852216071909284,-0.0328380910198514,0.4218290745250194,0.0406444520654115,-0.0647351876549559,-0.5545309657109141,-0.671855146521509,0.4372727272727273,WEAKENING,2026-09-16,2026-09-15,CORE,SPY,SPY,AVAILABLE,-0.0378333048765432,-0.0449596449269094,-0.0852216071909284,-0.0378333048765432,-0.0449596449269094,-0.0852216071909284,LOCAL_CURRENCY_ASSET_VS_USD_BENCHMARK_NOT_FX_HEDGED
,SIE.DE,Industrials,258.79998779296875,-0.0114591296404963,-0.0502752741542431,-0.0832447786616068,-0.0724014774445565,-0.0265376148412983,-0.049378778176792,-0.0644392287859989,-0.0294640794888414,0.3245857995398756,0.0699473721945702,-0.1095394146331705,-0.7089324258394171,-0.3862914673082613,0.4320454545454545,WEAKENING,2026-09-16,2026-09-15,CORE,^STOXX,SPY,AVAILABLE,-0.0265376148412983,-0.049378778176792,-0.0644392287859989,-0.0390866910971959,-0.0634692359335603,-0.0792909296083957,LOCAL_CURRENCY_ASSET_VS_USD_BENCHMARK_NOT_FX_HEDGED
,NVO,Pharma,42.52999877929688,-0.0211738082275775,-0.0582374020593789,-0.0523619035848889,-0.0026982378263531,-0.0470488190023318,-0.0325863608568424,-0.0169602628328346,-0.0451469261631567,0.1456913907751497,0.0911494540567036,-0.1259761834635774,-0.4982229086012725,-0.0836941771716043,0.4313636363636363,WEAKENING,2026-09-16,2026-09-15,CORE,SPY,SPY,AVAILABLE,-0.0470488190023318,-0.0325863608568424,-0.0169602628328346,-0.0470488190023318,-0.0325863608568424,-0.0169602628328346,LOCAL_CURRENCY_ASSET_VS_USD_BENCHMARK_NOT_FX_HEDGED
,DLR,AI_Infrastructure,179.27000427246094,0.0075877142390352,-0.0474972868769485,-0.0879730542833785,-0.0406629648026235,-0.0363087038199013,-0.068197511555332,-0.054924989809105,-0.0255040233061039,0.3290683317827405,0.0807951290872984,-0.0948411410460523,-0.8092892689665527,-0.3583031123520397,0.4304545454545455,WEAKENING,2026-09-16,2026-09-15,CORE,SPY,SPY,AVAILABLE,-0.0363087038199013,-0.068197511555332,-0.054924989809105,-0.0363087038199013,-0.068197511555332,-0.054924989809105,LOCAL_CURRENCY_ASSET_VS_USD_BENCHMARK_NOT_FX_HEDGED
,LMT,Defense,533.4600219726562,0.007707161306077,-0.0050172569596468,-0.0959686025198289,0.0505128970511763,0.0061713260974003,-0.0761930597917824,0.0362508720446947,0.0189748936703104,0.359595937672952,0.0735396295219415,-0.1313268575091782,-0.895307735547604,-0.4692696962796667,0.4295454545454545,WEAKENING,2026-09-16,2026-09-15,CORE,SPY,SPY,AVAILABLE,0.0061713260974003,-0.0761930597917824,0.0362508720446947,0.0061713260974003,-0.0761930597917824,0.0362508720446947,LOCAL_CURRENCY_ASSET_VS_USD_BENCHMARK_NOT_FX_HEDGED
,EMR,Power_Grid,147.0,-0.0087660352326769,-0.0338481373846665,-0.0928725872775881,-0.0209842542130139,-0.0226595543276193,-0.0730970445495416,-0.0352462792194955,-0.0106299905652694,0.3312788999164008,0.0750398531149631,-0.0928725872775881,-0.8300421506106859,-0.4100051808280306,0.4259090909090909,WEAKENING,2026-09-16,2026-09-15,CORE,SPY,SPY,AVAILABLE,-0.0226595543276193,-0.0730970445495416,-0.0352462792194955,-0.0226595543276193,-0.0730970445495416,-0.0352462792194955,LOCAL_CURRENCY_ASSET_VS_USD_BENCHMARK_NOT_FX_HEDGED
,207940.KS,Biotech,1409000.0,-0.0021246458923512,-0.0296143250688705,-0.0874352331606217,0.0880308880308879,0.0177037336246722,-0.1255736680878937,0.3509708731315475,-0.007755516778715,0.3132250580046403,0.0886862637662317,-0.1188242651657285,-0.7861583472554114,-0.3088066270394951,0.4236363636363636,WEAKENING,2026-09-16,2026-09-16,CORE,^KS11,SPY,AVAILABLE,0.0177037336246722,-0.1255736680878937,0.3509708731315475,-0.0082558613873973,-0.0634458740292193,0.0472551778290564,LOCAL_CURRENCY_ASSET_VS_USD_BENCHMARK_NOT_FX_HEDGED
,TXN,Analog_Semiconductor,263.42999267578125,3.788340876997864e-05,0.0174184265956931,-0.0688558578140413,-0.1798959563668866,0.0286070096527403,-0.0490803150859948,-0.1941579813733681,0.0346323910492034,0.2515498198461273,0.0835136695365073,-0.1045208968981364,-0.6546526569903856,-0.2073993242615337,0.4211363636363636,WEAKENING,2026-09-16,2026-09-15,CORE,SPY,SPY,AVAILABLE,0.0286070096527403,-0.0490803150859948,-0.1941579813733681,0.0286070096527403,-0.0490803150859948,-0.1941579813733681,LOCAL_CURRENCY_ASSET_VS_USD_BENCHMARK_NOT_FX_HEDGED
,CEG,Nuclear_Power,259.8900146484375,-0.0176890522214263,-0.1309479175489603,-0.0643798891372574,-0.0502461687321434,-0.1197593344919131,-0.0446043464092109,-0.064508193738625,-0.1148529452646459,0.1623320139707642,0.1202290995947979,-0.1309479175489603,-0.6119394866566433,-0.0869250214639194,0.4193181818181818,WEAKENING,2026-09-16,2026-09-15,CORE,SPY,SPY,AVAILABLE,-0.1197593344919131,-0.0446043464092109,-0.064508193738625,-0.1197593344919131,-0.0446043464092109,-0.064508193738625,LOCAL_CURRENCY_ASSET_VS_USD_BENCHMARK_NOT_FX_HEDGED
,XLI,Industrials,168.85000610351562,-0.0063554794257314,-0.0319343660354504,-0.093763420641688,-0.0643666790112809,-0.0207457829784032,-0.0739878779136415,-0.0786287040177624,-0.0084935108750283,0.5630036064441956,0.0384522386457122,-0.093763420641688,-0.792057759506055,-1.372849691800738,0.4193181818181817,WEAKENING,2026-09-16,2026-09-15,CORE,SPY,SPY,AVAILABLE,-0.0207457829784032,-0.0739878779136415,-0.0786287040177624,-0.0207457829784032,-0.0739878779136415,-0.0786287040177624,LOCAL_CURRENCY_ASSET_VS_USD_BENCHMARK_NOT_FX_HEDGED
,009150.KS,MLCC,1381000.0,0.0485952923310555,-0.0163817663817663,-0.0043258832011535,-0.38016157989228,0.0309362923117764,-0.0424643181284255,-0.1172215947916205,-0.0153002955814779,0.0076923076923076,0.1514624365658754,-0.0967078189300411,-0.4380900222446697,-0.0002196981996244,0.419090909090909,WEAKENING,2026-09-16,2026-09-16,CORE,^KS11,SPY,AVAILABLE,0.0309362923117764,-0.0424643181284255,-0.1172215947916205,-0.0274975483298141,-0.1302760710949598,-0.3689432321249946,LOCAL_CURRENCY_ASSET_VS_USD_BENCHMARK_NOT_FX_HEDGED
,GRID,Power_Grid,172.77000427246094,-0.0012717568282395,-0.0505577671403316,-0.086839286156415,-0.1089633401569792,-0.0393691840832844,-0.0670637434283685,-0.1232253651634608,-0.0288479456012279,0.3774406877216696,0.0686507503458571,-0.086839286156415,-0.7528651602976104,-0.4774409561878022,0.4161363636363636,WEAKENING,2026-09-16,2026-09-15,CORE,SPY,SPY,AVAILABLE,-0.0393691840832844,-0.0670637434283685,-0.1232253651634608,-0.0393691840832844,-0.0670637434283685,-0.1232253651634608,LOCAL_CURRENCY_ASSET_VS_USD_BENCHMARK_NOT_FX_HEDGED
,EWQ,Market_EU,44.290000915527344,-0.0049426514109623,-0.0291538370779719,-0.0604581780021603,-0.0331805372669098,-0.0179652540209247,-0.0406826352741138,-0.0474425622733913,-0.0140392925774318,0.5428560633253358,0.0299158442090242,-0.0608566357330524,-0.5134873496297345,-1.097080472700645,0.4138636363636364,WEAKENING,2026-09-16,2026-09-15,CORE,SPY,SPY,AVAILABLE,-0.0179652540209247,-0.0406826352741138,-0.0474425622733913,-0.0179652540209247,-0.0406826352741138,-0.0474425622733913,LOCAL_CURRENCY_ASSET_VS_USD_BENCHMARK_NOT_FX_HEDGED
,1347.HK,Foundry,111.9000015258789,0.0586566202142149,0.0026881994252658,-0.0158310947289002,-0.3271196664316831,0.0248912660101239,0.014813692912338,-0.3861479280699667,0.0066459731074909,0.0249306776707443,0.1747358722676135,-0.1406504313151041,-0.4243247053494393,-0.0022587229212829,0.4136363636363636,NEUTRAL,2026-09-16,2026-09-16,CORE,^HSI,SPY,AVAILABLE,0.0248912660101239,0.014813692912338,-0.3861479280699667,-0.0365591921840141,-0.2246847749296343,-0.3608625824385056,LOCAL_CURRENCY_ASSET_VS_USD_BENCHMARK_NOT_FX_HEDGED
,ABBN.SW,Power_Grid,76.68000030517578,0.0164368746505891,-0.0530995662324783,-0.0761445746364364,-0.1341463141477373,-0.0354052193161582,-0.0416384855575449,-0.1312839376820836,-0.0340634225733692,0.2655462567394334,0.0870689767928951,-0.0910843079348644,-0.6655054472842135,-0.2322286020865706,0.4052272727272727,WEAKENING,2026-09-16,2026-09-15,CORE,^SSMI,SPY,AVAILABLE,-0.0354052193161582,-0.0416384855575449,-0.1312839376820836,-0.0419109831754311,-0.0563690319083899,-0.1314621197985898,LOCAL_CURRENCY_ASSET_VS_USD_BENCHMARK_NOT_FX_HEDGED
,MRVL,AI_Networking,221.6999969482422,0.013161454746486,-0.0164589266385377,-0.0538983688990809,-0.2859981375143433,-0.0052703435814905,-0.0341228261710344,-0.3002601625208249,-0.0029843344137675,0.064639981107495,0.2362676427336126,-0.177403289724721,-0.7103597877733361,-0.0147459445019711,0.4043181818181818,WEAKENING,2026-09-16,2026-09-15,CORE,SPY,SPY,AVAILABLE,-0.0052703435814905,-0.0341228261710344,-0.3002601625208249,-0.0052703435814905,-0.0341228261710344,-0.3002601625208249,LOCAL_CURRENCY_ASSET_VS_USD_BENCHMARK_NOT_FX_HEDGED
,SAF.PA,Defense,322.29998779296875,0.0021765599383347,-0.0338729559466509,-0.107449508874902,-0.0268720533998626,-0.0101352966337061,-0.0735835083900872,-0.0189098047413051,-0.0070105787279254,0.434004708719255,0.0693061385577194,-0.1093879793197141,-0.9716334776594268,-0.6728638151213916,0.3993181818181818,WEAKENING,2026-09-16,2026-09-15,CORE,^STOXX,SPY,AVAILABLE,-0.0101352966337061,-0.0735835083900872,-0.0189098047413051,-0.0226843728896037,-0.0876739661468555,-0.0478452700050759,LOCAL_CURRENCY_ASSET_VS_USD_BENCHMARK_NOT_FX_HEDGED
,6954.T,Industrials,5838.0,0.0213435969209236,-0.0017099863201094,-0.037110341415141,-0.2665829145728643,0.0170147476656689,-0.0156271216899676,-0.1500590805179086,0.0075675990336758,0.1574527641707487,0.0763715946237017,-0.065402223675605,-0.4708502247780299,-0.0765091506066415,0.399090909090909,WEAKENING,2026-09-16,2026-09-16,CORE,^N225,SPY,AVAILABLE,0.0170147476656689,-0.0156271216899676,-0.1500590805179086,-0.0027841614659819,-0.103940538829519,-0.2395772059425621,LOCAL_CURRENCY_ASSET_VS_USD_BENCHMARK_NOT_FX_HEDGED
,5801.T,AI_Networking,3812.0,0.0250067222371606,-0.0767740372971663,0.0111405835543767,-0.3427586206896551,-0.058049303311388,0.0326238032795501,-0.2262347866346994,-0.0795591831857605,0.013671875,0.227533450535898,-0.1164098801662998,-0.2061532046095192,0.0006694077966284,0.3934090909090909,NEUTRAL,2026-09-16,2026-09-16,CORE,^N225,SPY,AVAILABLE,-0.058049303311388,0.0326238032795501,-0.2262347866346994,0.0256457570886893,-0.1149382776535263,-0.205809768442196,LOCAL_CURRENCY_ASSET_VS_USD_BENCHMARK_NOT_FX_HEDGED
,MTUM,Factor_Momentum,299.510009765625,0.0013808040987628,-0.0277824171291324,-0.0681720215306053,-0.1134530722914203,-0.0165938340720852,-0.0483964788025588,-0.1277150972979018,-0.0107394117464811,0.3388089225112588,0.0608442446375635,-0.0793305885216945,-0.6211632273078901,-0.3796133767094066,0.389090909090909,WEAKENING,2026-09-16,2026-09-15,CORE,SPY,SPY,AVAILABLE,-0.0165938340720852,-0.0483964788025588,-0.1277150972979018,-0.0165938340720852,-0.0483964788025588,-0.1277150972979018,LOCAL_CURRENCY_ASSET_VS_USD_BENCHMARK_NOT_FX_HEDGED
,DRIV,EV,33.2130012512207,-0.0053009326643655,-0.0431011667968675,-0.0799722256212831,-0.1704397543806459,-0.0319125837398204,-0.0601966828932366,-0.1847017793871275,-0.0231081103915468,0.3770405557894317,0.0614167893590143,-0.0799722256212831,-0.7567940648107478,-0.4909532509051747,0.3863636363636363,WEAKENING,2026-09-16,2026-09-15,CORE,SPY,SPY,AVAILABLE,-0.0319125837398204,-0.0601966828932366,-0.1847017793871275,-0.0319125837398204,-0.0601966828932366,-0.1847017793871275,LOCAL_CURRENCY_ASSET_VS_USD_BENCHMARK_NOT_FX_HEDGED
,6503.T,Power_Grid,5160.0,0.0117647058823529,-0.001547987616099,-0.0852685694025882,-0.1654536632702571,0.0171767463696792,-0.0637853496774147,-0.0489298292153014,0.0197691547345479,0.2938301771533292,0.0921297977747857,-0.11105216622458,-0.783045167136387,-0.2719476158454176,0.3845454545454546,WEAKENING,2026-09-16,2026-09-16,CORE,^N225,SPY,AVAILABLE,0.0171767463696792,-0.0637853496774147,-0.0489298292153014,0.0178999924530204,-0.1477073172131876,-0.1434810280207711,LOCAL_CURRENCY_ASSET_VS_USD_BENCHMARK_NOT_FX_HEDGED
,EWY,Market_KR,176.49000549316406,0.0015321999239052,-0.0706650408623148,-0.0465153988462674,-0.1948448542413203,-0.0594764578052676,-0.0267398561182209,-0.2091068792478019,-0.0590361911507479,0.0980302906848769,0.147764862664829,-0.0813074152106793,-0.5069294179855817,-0.0308592854078287,0.3831818181818182,WEAKENING,2026-09-16,2026-09-15,CORE,SPY,SPY,AVAILABLE,-0.0594764578052676,-0.0267398561182209,-0.2091068792478019,-0.0594764578052676,-0.0267398561182209,-0.2091068792478019,LOCAL_CURRENCY_ASSET_VS_USD_BENCHMARK_NOT_FX_HEDGED
,BOTZ,Industrials,34.630001068115234,-0.0037398521201146,-0.0275203461229778,-0.0843468707681016,-0.0970205512801244,-0.0163317630659306,-0.0645713280400551,-0.1112825762866059,-0.0064336284309524,0.3629126789145068,0.0632083447027471,-0.0843468707681016,-0.7598432552414961,-0.4842801844038335,0.3795454545454546,WEAKENING,2026-09-16,2026-09-15,CORE,SPY,SPY,AVAILABLE,-0.0163317630659306,-0.0645713280400551,-0.1112825762866059,-0.0163317630659306,-0.0645713280400551,-0.1112825762866059,LOCAL_CURRENCY_ASSET_VS_USD_BENCHMARK_NOT_FX_HEDGED
,ORCL,Cloud_AI,140.35000610351562,-0.0306650140789973,-0.1364139649650626,-0.0429593457563708,-0.2357790207961161,-0.1252253819080154,-0.0231838030283243,-0.2500410458025977,-0.1256741285259699,0.080234190963422,0.1383098979275304,-0.1364139649650626,-0.6449471675543277,-0.024920908790536,0.3713636363636364,WEAKENING,2026-09-16,2026-09-15,CORE,SPY,SPY,AVAILABLE,-0.1252253819080154,-0.0231838030283243,-0.2500410458025977,-0.1252253819080154,-0.0231838030283243,-0.2500410458025977,LOCAL_CURRENCY_ASSET_VS_USD_BENCHMARK_NOT_FX_HEDGED
,068270.KS,Biotech,177200.0,-0.0016901408450704,-0.0322228290551611,-0.0870685213807316,0.0516320474777447,0.0150952296383816,-0.1252069563080036,0.3145720325784042,-0.0104556987099782,0.5168195718654435,0.0442743580043759,-0.0870685213807316,-0.7758637030872421,-1.016360664981284,0.3709090909090909,WEAKENING,2026-09-16,2026-09-16,CORE,^KS11,SPY,AVAILABLE,0.0150952296383816,-0.1252069563080036,0.3145720325784042,-0.0193957970631057,-0.0925059997571686,0.0051823387023692,LOCAL_CURRENCY_ASSET_VS_USD_BENCHMARK_NOT_FX_HEDGED
,PAVE,Power_Grid,52.84000015258789,-0.0033949510302092,-0.0359423676581608,-0.1002894506309773,-0.0960952814748882,-0.0247537846011136,-0.0805139079029308,-0.1103573064813697,-0.0108700050004164,0.5047129660501697,0.0482026251991531,-0.1002894506309773,-0.8434192561303688,-1.0500960452334855,0.3709090909090909,WEAKENING,2026-09-16,2026-09-15,CORE,SPY,SPY,AVAILABLE,-0.0247537846011136,-0.0805139079029308,-0.1103573064813697,-0.0247537846011136,-0.0805139079029308,-0.1103573064813697,LOCAL_CURRENCY_ASSET_VS_USD_BENCHMARK_NOT_FX_HEDGED
,IFRA,Power_Grid,56.7400016784668,-0.0071914628103233,-0.0420648898664994,-0.0823194398428953,-0.0805430180327063,-0.0308763068094523,-0.0625438971148488,-0.0948050430391879,-0.0214850299057756,0.5561773936517213,0.035250699693818,-0.0823194398428953,-0.7250131974945636,-1.2988170985644432,0.3709090909090909,WEAKENING,2026-09-16,2026-09-15,CORE,SPY,SPY,AVAILABLE,-0.0308763068094523,-0.0625438971148488,-0.0948050430391879,-0.0308763068094523,-0.0625438971148488,-0.0948050430391879,LOCAL_CURRENCY_ASSET_VS_USD_BENCHMARK_NOT_FX_HEDGED
,LDO.MI,Defense,49.88999938964844,0.0125837005505258,-0.0153937005621389,-0.164461561637804,-0.0037939783238671,0.0083439587508058,-0.1305955611529892,0.0041682703346903,0.025721689847312,0.5848721632863755,0.0777491614965599,-0.1853123228331515,-1.4051075427974529,-1.2371707614726355,0.3688636363636363,WEAKENING,2026-09-16,2026-09-15,CORE,^STOXX,SPY,AVAILABLE,0.0083439587508058,-0.1305955611529892,0.0041682703346903,-0.0042051175050917,-0.1446860189097575,-0.039472650198175,LOCAL_CURRENCY_ASSET_VS_USD_BENCHMARK_NOT_FX_HEDGED
,6857.T,Semiconductor_Equipment,30700.0,0.0179045092838197,-0.0651644336175395,-0.1233580810965162,-0.0456947466583773,-0.0464396996317612,-0.1018748613713428,0.0708290873965783,-0.0343249133434104,0.2462941847206385,0.1336960225682842,-0.1598885793871866,-1.1493899645073713,-0.2272496775051876,0.3643181818181819,WEAKENING,2026-09-16,2026-09-16,CORE,^N225,SPY,AVAILABLE,-0.0464396996317612,-0.1018748613713428,0.0708290873965783,-0.0965037246352604,-0.1819184752708947,-0.0179424004053175,LOCAL_CURRENCY_ASSET_VS_USD_BENCHMARK_NOT_FX_HEDGED
,SU.PA,Power_Grid,275.29998779296875,0.0119463339306351,-0.0811082036565477,-0.1083401205086032,-0.0596072150539068,-0.0573705443436028,-0.0744741200237883,-0.0516449663953493,-0.0540231735293968,0.3284239581185968,0.10627950871284,-0.1188664362980769,-0.943196193484254,-0.3347916416947316,0.3588636363636364,WEAKENING,2026-09-16,2026-09-15,CORE,^STOXX,SPY,AVAILABLE,-0.0573705443436028,-0.0744741200237883,-0.0516449663953493,-0.0699196205995005,-0.0885645777805567,-0.0682139569894068,LOCAL_CURRENCY_ASSET_VS_USD_BENCHMARK_NOT_FX_HEDGED
,MU,Memory,927.5999755859376,0.003863452675644,-0.0726411467721405,-0.0831727446642575,-0.1818775336536603,-0.0614525637150933,-0.063397201936211,-0.1961395586601418,-0.0518479606060761,0.1700927919732118,0.1532961307998706,-0.1009369686437139,-0.8589847254676901,-0.0922859845333457,0.3561363636363637,WEAKENING,2026-09-16,2026-09-15,CORE,SPY,SPY,AVAILABLE,-0.0614525637150933,-0.063397201936211,-0.1961395586601418,-0.0614525637150933,-0.063397201936211,-0.1961395586601418,LOCAL_CURRENCY_ASSET_VS_USD_BENCHMARK_NOT_FX_HEDGED
,INTC,Semiconductor,97.13999938964844,-0.0005144876067675,-0.0701637000613155,-0.0613585718929089,-0.2750205581967503,-0.0589751170042683,-0.0415830291648624,-0.2892825832032318,-0.0548240570880883,0.1136567012031013,0.1718543913252909,-0.1568267084989569,-0.7109174378647428,-0.0405797769734095,0.355,WEAKENING,2026-09-16,2026-09-15,CORE,SPY,SPY,AVAILABLE,-0.0589751170042683,-0.0415830291648624,-0.2892825832032318,-0.0589751170042683,-0.0415830291648624,-0.2892825832032318,LOCAL_CURRENCY_ASSET_VS_USD_BENCHMARK_NOT_FX_HEDGED
,ITA,Defense,214.0,-0.0116341397582345,-0.0415242989823883,-0.1471015954493124,-0.1035270706021369,-0.0303357159253411,-0.1273260527212659,-0.1177890956086185,-0.0047489001200601,0.7184624537497836,0.0513142877599787,-0.1503486854783741,-1.2487132829553382,-2.059601289047781,0.3468181818181818,WEAKENING,2026-09-16,2026-09-15,CORE,SPY,SPY,AVAILABLE,-0.0303357159253411,-0.1273260527212659,-0.1177890956086185,-0.0303357159253411,-0.1273260527212659,-0.1177890956086185,LOCAL_CURRENCY_ASSET_VS_USD_BENCHMARK_NOT_FX_HEDGED
,URA,Uranium,41.77000045776367,-0.0099549225554945,-0.1206315693102384,-0.076906067231742,-0.1257848153009443,-0.1094429862531912,-0.0571305245036956,-0.1400468403074258,-0.1014050525023029,0.1488451404299643,0.1407369377920722,-0.1364481831685647,-0.7530296008013408,-0.0813368157401372,0.3454545454545455,WEAKENING,2026-09-16,2026-09-15,CORE,SPY,SPY,AVAILABLE,-0.1094429862531912,-0.0571305245036956,-0.1400468403074258,-0.1094429862531912,-0.0571305245036956,-0.1400468403074258,LOCAL_CURRENCY_ASSET_VS_USD_BENCHMARK_NOT_FX_HEDGED
,ETN,Power_Grid,392.3999938964844,-0.0019330800654844,-0.0704285661820733,-0.1383399228027226,-0.0673460732525164,-0.0592399831250262,-0.1185643800746761,-0.0816080982589979,-0.0358435854813927,0.3357492809731275,0.128714804026759,-0.1420509514897155,-1.179053660623997,-0.3608561576276489,0.3454545454545454,WEAKENING,2026-09-16,2026-09-15,CORE,SPY,SPY,AVAILABLE,-0.0592399831250262,-0.1185643800746761,-0.0816080982589979,-0.0592399831250262,-0.1185643800746761,-0.0816080982589979,LOCAL_CURRENCY_ASSET_VS_USD_BENCHMARK_NOT_FX_HEDGED
,ON,Analog_Semiconductor,73.19999694824219,0.0216328735429747,0.029825479214623,-0.1220916363697586,-0.3981253470223311,0.0410140622716702,-0.1023160936417121,-0.4123873720288127,0.0603483883070627,0.267894798659234,0.1465718529337142,-0.1584312727226809,-1.3124570527015604,-0.2231514010950292,0.345,WEAKENING,2026-09-16,2026-09-15,CORE,SPY,SPY,AVAILABLE,0.0410140622716702,-0.1023160936417121,-0.4123873720288127,0.0410140622716702,-0.1023160936417121,-0.4123873720288127,LOCAL_CURRENCY_ASSET_VS_USD_BENCHMARK_NOT_FX_HEDGED
,SMH,Semiconductor,542.1099853515625,0.0011264734100877,-0.0551130256281069,-0.0874644761257886,-0.178471871643034,-0.0439244425710597,-0.0676889333977421,-0.1927338966495155,-0.0332469065966597,0.2722984317090888,0.0976345519237798,-0.0884912664771648,-0.785521206966902,-0.2439345417173833,0.3445454545454546,WEAKENING,2026-09-16,2026-09-15,CORE,SPY,SPY,AVAILABLE,-0.0439244425710597,-0.0676889333977421,-0.1927338966495155,-0.0439244425710597,-0.0676889333977421,-0.1927338966495155,LOCAL_CURRENCY_ASSET_VS_USD_BENCHMARK_NOT_FX_HEDGED
,ROBO,Industrials,77.25,-0.0012928051207984,-0.0301318453220509,-0.0892478156338185,-0.1017441860465115,-0.0189432622650037,-0.069472272905772,-0.1160062110529931,-0.0078198914135962,0.4098539426882328,0.0618808918147701,-0.0892478156338185,-0.7776041042405758,-0.5911125072877869,0.3438636363636363,WEAKENING,2026-09-16,2026-09-15,CORE,SPY,SPY,AVAILABLE,-0.0189432622650037,-0.069472272905772,-0.1160062110529931,-0.0189432622650037,-0.069472272905772,-0.1160062110529931,LOCAL_CURRENCY_ASSET_VS_USD_BENCHMARK_NOT_FX_HEDGED
,CCJ,Uranium,91.20999908447266,-0.0219815891571957,-0.1055212514212057,-0.0747616414048425,-0.1434876428380087,-0.0943326683641585,-0.054986098676796,-0.1577496678444903,-0.086830841069995,0.1577820183239287,0.1385151087630623,-0.1504284783351774,-0.7274224326234028,-0.085160693150403,0.3431818181818182,WEAKENING,2026-09-16,2026-09-15,CORE,SPY,SPY,AVAILABLE,-0.0943326683641585,-0.054986098676796,-0.1577496678444903,-0.0943326683641585,-0.054986098676796,-0.1577496678444903,LOCAL_CURRENCY_ASSET_VS_USD_BENCHMARK_NOT_FX_HEDGED
,LITE,AI_Networking,838.9600219726562,0.0047064087971668,-0.1426366507099379,-0.1341108464931527,-0.0129882094439338,-0.1314480676528907,-0.1143353037651062,-0.0272502344504154,-0.1091089390866497,0.1586375012416043,0.2527767595340148,-0.1556653867744692,-1.229324170692478,-0.0841652120878907,0.3388636363636363,WEAKENING,2026-09-16,2026-09-15,CORE,SPY,SPY,AVAILABLE,-0.1314480676528907,-0.1143353037651062,-0.0272502344504154,-0.1314480676528907,-0.1143353037651062,-0.0272502344504154,LOCAL_CURRENCY_ASSET_VS_USD_BENCHMARK_NOT_FX_HEDGED
,HII,Defense,279.4599914550781,-0.0019642808876985,-0.0285397211715939,-0.1180395577631505,-0.0163497628350401,-0.0173511381145468,-0.098264015035104,-0.0306117878415217,0.0009701682691936,0.6047706693641903,0.0534117175905857,-0.1180395577631505,-1.0678502678514374,-1.3365393509168126,0.3386363636363636,WEAKENING,2026-09-16,2026-09-15,CORE,SPY,SPY,AVAILABLE,-0.0173511381145468,-0.098264015035104,-0.0306117878415217,-0.0173511381145468,-0.098264015035104,-0.0306117878415217,LOCAL_CURRENCY_ASSET_VS_USD_BENCHMARK_NOT_FX_HEDGED
,0981.HK,Foundry,63.650001525878906,0.0477366506317515,-0.0207692072941706,-0.1280821708783711,-0.1824020196090633,0.0014338592906874,-0.0974373832371329,-0.2414302812473469,0.0112513354254221,0.3286464659033344,0.1233114924108735,-0.1678082191780822,-1.1668066007690925,-0.3413611495686662,0.3372727272727273,WEAKENING,2026-09-16,2026-09-16,CORE,^HSI,SPY,AVAILABLE,0.0014338592906874,-0.0974373832371329,-0.2414302812473469,-0.0592016018171378,-0.1718412401527904,-0.2228271015948384,LOCAL_CURRENCY_ASSET_VS_USD_BENCHMARK_NOT_FX_HEDGED
,9888.HK,Cloud_AI,88.05000305175781,-0.0095612875087933,-0.0450107812781602,-0.0211227788876706,-0.1590257343055625,-0.0228077146933022,0.0095220087535675,-0.2180539959438461,-0.0397300865562426,0.0529246300699354,0.1176039748824187,-0.0847192739607805,-0.3754224637515512,-0.0095057608367124,0.3372727272727273,NEUTRAL,2026-09-16,2026-09-16,CORE,^HSI,SPY,AVAILABLE,-0.0228077146933022,0.0095220087535675,-0.2180539959438461,0.0039300514687989,-0.0938834919580856,-0.2324721485995433,LOCAL_CURRENCY_ASSET_VS_USD_BENCHMARK_NOT_FX_HEDGED
,7012.T,Defense,2388.5,0.006956155143339,-0.0122001654259719,-0.1072696692207064,-0.2634905951279679,0.0065245685598064,-0.085786449495533,-0.1469667610730122,0.0146172518792047,0.3637515842839037,0.0841364197893434,-0.1332461222201457,-0.9911299993677868,-0.4637648264846229,0.334090909090909,WEAKENING,2026-09-16,2026-09-16,CORE,^N225,SPY,AVAILABLE,0.0065245685598064,-0.085786449495533,-0.1469667610730122,0.0055293921117527,-0.1495468176291589,-0.2294296317765122,LOCAL_CURRENCY_ASSET_VS_USD_BENCHMARK_NOT_FX_HEDGED
,1211.HK,EV,79.19999694824219,0.0018974559227551,-0.0317849145050826,-0.1140940089881775,0.0441660981082823,-0.0095818479202246,-0.0834492213469393,-0.0148621635300012,-0.0032614122580383,0.3893135372674452,0.0844175965481009,-0.1554486715764864,-1.0154611097963182,-0.5261739736324006,0.3281818181818181,WEAKENING,2026-09-16,2026-09-16,CORE,^HSI,SPY,AVAILABLE,-0.0095818479202246,-0.0834492213469393,-0.0148621635300012,-0.0460564438924132,-0.102378811821809,-0.059605815133844,LOCAL_CURRENCY_ASSET_VS_USD_BENCHMARK_NOT_FX_HEDGED
,LIT,EV,70.0199966430664,0.000714526532672,-0.0510909909972318,-0.0815844883917418,-0.1439928472541609,-0.0399024079401846,-0.0618089456636953,-0.1582548722606425,-0.0306948688992963,0.3946702657799267,0.0618363613597431,-0.092830238398557,-0.7800784307728923,-0.520712587368544,0.3209090909090909,WEAKENING,2026-09-16,2026-09-15,CORE,SPY,SPY,AVAILABLE,-0.0399024079401846,-0.0618089456636953,-0.1582548722606425,-0.0399024079401846,-0.0618089456636953,-0.1582548722606425,LOCAL_CURRENCY_ASSET_VS_USD_BENCHMARK_NOT_FX_HEDGED
,8035.T,Semiconductor_Equipment,51690.0,0.020533070088845,-0.0374301675977654,-0.0543358946212952,-0.3356041131105398,-0.018705433611987,-0.0328526748961218,-0.2190802790555841,-0.0238461939424415,0.1934853420195439,0.0863815011747812,-0.1025868178596739,-0.6722208432353393,-0.1217066039807201,0.3190909090909091,WEAKENING,2026-09-16,2026-09-16,CORE,^N225,SPY,AVAILABLE,-0.018705433611987,-0.0328526748961218,-0.2190802790555841,-0.0508484539799898,-0.1373221440750821,-0.2972199121542777,LOCAL_CURRENCY_ASSET_VS_USD_BENCHMARK_NOT_FX_HEDGED
,KWEB,Internet_AI,24.479999542236328,-0.0101091793217797,-0.0347003567403713,-0.0916512486374312,-0.0301109443650429,-0.0235117736833241,-0.0718757059093847,-0.0443729693715244,-0.0117875445810134,0.4310653938563981,0.0569534101131495,-0.1021307439171378,-0.8132152928875515,-0.6936842150950208,0.3186363636363636,WEAKENING,2026-09-16,2026-09-15,CORE,SPY,SPY,AVAILABLE,-0.0235117736833241,-0.0718757059093847,-0.0443729693715244,-0.0235117736833241,-0.0718757059093847,-0.0443729693715244,LOCAL_CURRENCY_ASSET_VS_USD_BENCHMARK_NOT_FX_HEDGED
,079550.KS,Defense,666000.0,-0.0074515648286139,-0.0059701492537312,-0.1633165829145728,-0.214622641509434,0.0413479094398114,-0.2014550178418448,0.0483173435912255,0.0348589964749119,0.3457446808510638,0.1665812889908997,-0.1809045226130653,-1.4681384715361792,-0.3389686811738501,0.3172727272727272,WEAKENING,2026-09-16,2026-09-16,CORE,^KS11,SPY,AVAILABLE,0.0413479094398114,-0.2014550178418448,0.0483173435912255,0.0186960905645546,-0.1522776934360137,-0.3423489597322799,LOCAL_CURRENCY_ASSET_VS_USD_BENCHMARK_NOT_FX_HEDGED
,XAR,Defense,241.52999877929688,-0.0053535520403374,-0.0463537145935942,-0.1808932655785889,-0.1502244624866713,-0.0351651315365471,-0.1611177228505425,-0.1644864874931528,-0.001130398198947,0.7663798625918652,0.0617387749596354,-0.1808932655785889,-1.5179635604736712,-2.245476300891142,0.3165909090909091,WEAKENING,2026-09-16,2026-09-15,CORE,SPY,SPY,AVAILABLE,-0.0351651315365471,-0.1611177228505425,-0.1644864874931528,-0.0351651315365471,-0.1611177228505425,-0.1644864874931528,LOCAL_CURRENCY_ASSET_VS_USD_BENCHMARK_NOT_FX_HEDGED
,PRY.MI,Power_Grid,118.1999969482422,-0.0004228587886495,-0.0801556657724343,-0.0980542220852948,-0.2359405347125621,-0.0564180064594895,-0.0641882216004799,-0.2279782860540046,-0.0556421102511106,0.2221262704885818,0.1343064343790988,-0.1064479530925855,-0.9303372579778006,-0.16216958448906,0.3138636363636364,WEAKENING,2026-09-16,2026-09-15,CORE,^STOXX,SPY,AVAILABLE,-0.0564180064594895,-0.0641882216004799,-0.2279782860540046,-0.0689670827153872,-0.0782786793572483,-0.2142620456613567,LOCAL_CURRENCY_ASSET_VS_USD_BENCHMARK_NOT_FX_HEDGED
,URI,Industrials,989.1300048828124,-0.0046991174959937,-0.0256508549954321,-0.1508301278373289,-0.0798406137974515,-0.014462271938385,-0.1310545851092824,-0.0941026388039331,0.0120566769639,0.5570561312858622,0.0842738376930349,-0.158822777335008,-1.302679192284314,-0.9969979983640722,0.3118181818181818,WEAKENING,2026-09-16,2026-09-15,CORE,SPY,SPY,AVAILABLE,-0.014462271938385,-0.1310545851092824,-0.0941026388039331,-0.014462271938385,-0.1310545851092824,-0.0941026388039331,LOCAL_CURRENCY_ASSET_VS_USD_BENCHMARK_NOT_FX_HEDGED
,000270.KS,EV,120700.0,-0.0090311986863711,-0.0481072555205047,-0.0924812030075188,-0.202774108322325,-0.0007891968269619,-0.1306196379347908,0.0601658767783345,-0.024986954768625,0.2827586206896552,0.0950778913109386,-0.1052631578947368,-0.9153294256081538,-0.2750361523753892,0.3063636363636363,WEAKENING,2026-09-16,2026-09-16,CORE,^KS11,SPY,AVAILABLE,-0.0007891968269619,-0.1306196379347908,0.0601658767783345,-0.0175195509142447,-0.1160281209788653,-0.2963809662245833,LOCAL_CURRENCY_ASSET_VS_USD_BENCHMARK_NOT_FX_HEDGED
,RHM.DE,Defense,1028.5999755859375,0.0320055814068558,-0.0220574939771452,-0.1527183067661141,-0.1351942538485656,0.0016801653357995,-0.1188523062812992,-0.1272320051900081,0.0161220827143832,0.4250343724979717,0.0985475886966327,-0.1840197894679263,-1.3369482328278912,-0.6586719223045379,0.3013636363636363,WEAKENING,2026-09-16,2026-09-15,CORE,^STOXX,SPY,AVAILABLE,0.0016801653357995,-0.1188523062812992,-0.1272320051900081,-0.0108689109200981,-0.1329427640380676,-0.1415316695908774,LOCAL_CURRENCY_ASSET_VS_USD_BENCHMARK_NOT_FX_HEDGED
,6723.T,Semiconductor,3240.0,0.0269413629160062,-0.0226244343891403,-0.0641247833622183,-0.3572703828605436,-0.0038997004033619,-0.0426415636370449,-0.2407465488055878,-0.0065932385485857,0.218503937007874,0.0913338951953231,-0.0905159988469299,-0.7486486262905642,-0.1534098331671636,0.2986363636363636,WEAKENING,2026-09-16,2026-09-16,CORE,^N225,SPY,AVAILABLE,-0.0038997004033619,-0.0426415636370449,-0.2407465488055878,-0.0186392152209355,-0.1656104629523046,-0.3083967927014888,LOCAL_CURRENCY_ASSET_VS_USD_BENCHMARK_NOT_FX_HEDGED
,CAT,Industrials,783.5399780273438,-0.0005867627202248,-0.0473446203750922,-0.1112800359211944,-0.2037151386693531,-0.036156037318045,-0.0915044931931479,-0.2179771636758346,-0.0195246113947936,0.3791985106037155,0.0874805128648111,-0.1162479991282768,-1.0062655340474798,-0.4823614139809032,0.2977272727272727,WEAKENING,2026-09-16,2026-09-15,CORE,SPY,SPY,AVAILABLE,-0.036156037318045,-0.0915044931931479,-0.2179771636758346,-0.036156037318045,-0.0915044931931479,-0.2179771636758346,LOCAL_CURRENCY_ASSET_VS_USD_BENCHMARK_NOT_FX_HEDGED
,9988.HK,Cloud_AI,106.1999969482422,-0.0093283584745138,-0.0327869399222023,-0.1449275397929448,0.0732693302031355,-0.0105838733373443,-0.1142827521517065,0.0142410685648519,0.0034449450260338,0.4455447900461276,0.1096815983132041,-0.1608557520860227,-1.2999766050286663,-0.588719632846341,0.2934090909090909,WEAKENING,2026-09-16,2026-09-16,CORE,^HSI,SPY,AVAILABLE,-0.0105838733373443,-0.1142827521517065,0.0142410685648519,-0.0098160110229328,-0.1029740511721337,-0.0220009813912431,LOCAL_CURRENCY_ASSET_VS_USD_BENCHMARK_NOT_FX_HEDGED
,UEC,Uranium,10.18000030517578,-0.0077972633451659,-0.1438183337906531,-0.0886302385278615,-0.1523730132248659,-0.1326297507336059,-0.068854695799815,-0.1666350382313475,-0.1216607741586877,0.1116121395095297,0.2298381649716036,-0.2525697216804413,-0.927306554330042,-0.043039895260897,0.2931818181818182,WEAKENING,2026-09-16,2026-09-15,CORE,SPY,SPY,AVAILABLE,-0.1326297507336059,-0.068854695799815,-0.1666350382313475,-0.1326297507336059,-0.068854695799815,-0.1666350382313475,LOCAL_CURRENCY_ASSET_VS_USD_BENCHMARK_NOT_FX_HEDGED
,MCHP,Analog_Semiconductor,71.48999786376953,0.0001398224169917,-0.0257563295228987,-0.1039108533340346,-0.2791408005865137,-0.0145677464658515,-0.0841353106059881,-0.2934028255929952,0.0002213838106099,0.336626314021976,0.0872751739532679,-0.1049135381577279,-1.0486072146885026,-0.4007912669809634,0.2918181818181818,WEAKENING,2026-09-16,2026-09-15,CORE,SPY,SPY,AVAILABLE,-0.0145677464658515,-0.0841353106059881,-0.2934028255929952,-0.0145677464658515,-0.0841353106059881,-0.2934028255929952,LOCAL_CURRENCY_ASSET_VS_USD_BENCHMARK_NOT_FX_HEDGED
,PWR,Power_Grid,613.3499755859375,-0.0139385287821542,-0.0402159654142066,-0.1508493892386107,-0.1264596563984441,-0.0290273823571595,-0.1310738465105642,-0.1407216814049257,-0.002503618104554,0.3854536040604314,0.1119693083249808,-0.1655937004275781,-1.3175471209585794,-0.5192980257016098,0.2902272727272728,WEAKENING,2026-09-16,2026-09-15,CORE,SPY,SPY,AVAILABLE,-0.0290273823571595,-0.1310738465105642,-0.1407216814049257,-0.0290273823571595,-0.1310738465105642,-0.1407216814049257,LOCAL_CURRENCY_ASSET_VS_USD_BENCHMARK_NOT_FX_HEDGED
,SOXX,Semiconductor,498.8500061035156,0.0035708773382177,-0.0553062774506917,-0.1072110778395691,-0.2193664335413199,-0.0441176943936445,-0.0874355351115226,-0.2336284585478014,-0.0285035079907994,0.3076312237330386,0.1079960007099265,-0.1103877739772751,-0.978302535982895,-0.3053953373895003,0.285,WEAKENING,2026-09-16,2026-09-15,CORE,SPY,SPY,AVAILABLE,-0.0441176943936445,-0.0874355351115226,-0.2336284585478014,-0.0441176943936445,-0.0874355351115226,-0.2336284585478014,LOCAL_CURRENCY_ASSET_VS_USD_BENCHMARK_NOT_FX_HEDGED
,CIEN,AI_Networking,334.3299865722656,0.0459578627537768,-0.0203932778528445,-0.2490004221376728,-0.2192564905440904,-0.0092046947957973,-0.2292248794096263,-0.233518515550572,0.0418568276815737,0.3727930942715719,0.2192218564960942,-0.2868951959252129,-2.289163257461312,-0.4234324046301675,0.2831818181818182,WEAKENING,2026-09-16,2026-09-15,CORE,SPY,SPY,AVAILABLE,-0.0092046947957973,-0.2292248794096263,-0.233518515550572,-0.0092046947957973,-0.2292248794096263,-0.233518515550572,LOCAL_CURRENCY_ASSET_VS_USD_BENCHMARK_NOT_FX_HEDGED
,HUBB,Power_Grid,438.5299987792969,-0.0087029387879669,-0.0564174313517011,-0.1277236799262249,-0.1600204053693689,-0.045228848294654,-0.1079481371981784,-0.1742824303758504,-0.0244865113701449,0.4583326163153787,0.0789343244314292,-0.1277236799262249,-1.1084356457799216,-0.7416282942519977,0.2811363636363637,WEAKENING,2026-09-16,2026-09-15,CORE,SPY,SPY,AVAILABLE,-0.045228848294654,-0.1079481371981784,-0.1742824303758504,-0.045228848294654,-0.1079481371981784,-0.1742824303758504,LOCAL_CURRENCY_ASSET_VS_USD_BENCHMARK_NOT_FX_HEDGED
,ASML,Semiconductor_Equipment,1591.47998046875,0.0103672385497133,-0.0982349760690723,-0.1548706483944952,-0.1741956194389227,-0.0870463930120252,-0.1350951056664487,-0.1884576444454042,-0.0595173139704485,0.4448444562368789,0.1123338071180526,-0.1635424038307021,-1.337365230402078,-0.6132913246650804,0.2752272727272727,WEAKENING,2026-09-16,2026-09-15,CORE,SPY,SPY,AVAILABLE,-0.0870463930120252,-0.1350951056664487,-0.1884576444454042,-0.0870463930120252,-0.1350951056664487,-0.1884576444454042,LOCAL_CURRENCY_ASSET_VS_USD_BENCHMARK_NOT_FX_HEDGED
,5802.T,Power_Grid,2046.5,0.0258145363408521,-0.0653117150034254,-0.0739819004524886,-0.3936296296296296,-0.0465869810176471,-0.0524986807273152,-0.2771057955746739,-0.0468162398903033,0.1624441132637853,0.1266145601848463,-0.1152993348115299,-0.8530161145489452,-0.0949173949585974,0.2602272727272727,WEAKENING,2026-09-16,2026-09-16,CORE,^N225,SPY,AVAILABLE,-0.0465869810176471,-0.0524986807273152,-0.2771057955746739,-0.0255086646493748,-0.1735119623265431,-0.3642823656477219,LOCAL_CURRENCY_ASSET_VS_USD_BENCHMARK_NOT_FX_HEDGED
,NRG,Power,105.98999786376952,-0.022863495243146,-0.1140922901664602,-0.1338563742352291,-0.2124520293914366,-0.1029037071094131,-0.1140808315071826,-0.2267140543979181,-0.080628196607653,0.2775331022884303,0.1370179837858934,-0.1338563742352291,-1.1984329704719354,-0.271129188856222,0.2565909090909091,WEAKENING,2026-09-16,2026-09-15,CORE,SPY,SPY,AVAILABLE,-0.1029037071094131,-0.1140808315071826,-0.2267140543979181,-0.1029037071094131,-0.1140808315071826,-0.2267140543979181,LOCAL_CURRENCY_ASSET_VS_USD_BENCHMARK_NOT_FX_HEDGED
,5803.T,AI_Networking,4839.0,0.020025295109612,-0.1190606226105953,-0.0917792792792793,-0.2145755559162473,-0.100335888624817,-0.0702960595541059,-0.0980517218612916,-0.0961158027907755,0.143781240811526,0.1704031454681555,-0.1380813953488372,-0.9488768783957472,-0.0774406987576906,0.2493181818181818,WEAKENING,2026-09-16,2026-09-16,CORE,^N225,SPY,AVAILABLE,-0.100335888624817,-0.0702960595541059,-0.0980517218612916,-0.0555043148378967,-0.1997045494075244,-0.0107432812622887,LOCAL_CURRENCY_ASSET_VS_USD_BENCHMARK_NOT_FX_HEDGED
,SNDK,Memory,1530.89501953125,-0.0135922079625908,-0.1191577465156732,-0.1432436743721339,-0.2992813733693786,-0.107969163458626,-0.1234681316440874,-0.3135433983758602,-0.0833468279226397,0.2615054018239925,0.1966942677971643,-0.1712958335824018,-1.4170500417413543,-0.1904427365624025,0.2372727272727272,WEAKENING,2026-09-16,2026-09-15,CORE,SPY,SPY,AVAILABLE,-0.107969163458626,-0.1234681316440874,-0.3135433983758602,-0.107969163458626,-0.1234681316440874,-0.3135433983758602,LOCAL_CURRENCY_ASSET_VS_USD_BENCHMARK_NOT_FX_HEDGED
,4004.T,Semiconductor_Materials,14130.0,0.0306345733041575,-0.1207218419415059,-0.1113207547169811,-0.2688227684346701,-0.1019971079557275,-0.0898375349918076,-0.1522989343797144,-0.0928916532622606,0.2079905992949471,0.1712873306570976,-0.189384800965018,-1.053144966263464,-0.1351744486806345,0.2275,WEAKENING,2026-09-16,2026-09-16,CORE,^N225,SPY,AVAILABLE,-0.1019971079557275,-0.0898375349918076,-0.1522989343797144,-0.1141702686175939,-0.1831314340161395,-0.2624196985171487,LOCAL_CURRENCY_ASSET_VS_USD_BENCHMARK_NOT_FX_HEDGED
,005380.KS,EV,362000.0,-0.0136239782016348,-0.0670103092783505,-0.1200767137539058,-0.3729978583200326,-0.0196922505848077,-0.1582151486811778,-0.1100578732193731,-0.036991130839874,0.3975252994923756,0.0879402623283805,-0.1347072693926525,-1.403904900079915,-0.5427949648232608,0.2243181818181818,WEAKENING,2026-09-16,2026-09-16,CORE,^KS11,SPY,AVAILABLE,-0.0196922505848077,-0.1582151486811778,-0.1100578732193731,-0.0355646636961995,-0.1603149326205671,-0.4349473531886905,LOCAL_CURRENCY_ASSET_VS_USD_BENCHMARK_NOT_FX_HEDGED
,NVT,Power_Grid,146.8000030517578,0.0010911324520959,-0.0970043892598854,-0.1716043254329932,-0.1696169634657478,-0.0858158062028382,-0.1518287827049467,-0.1838789884722294,-0.0541033079016371,0.333772121540984,0.1644468524270964,-0.1725072296485984,-1.460100642252578,-0.348299398377186,0.2234090909090909,WEAKENING,2026-09-16,2026-09-15,CORE,SPY,SPY,AVAILABLE,-0.0858158062028382,-0.1518287827049467,-0.1838789884722294,-0.0858158062028382,-0.1518287827049467,-0.1838789884722294,LOCAL_CURRENCY_ASSET_VS_USD_BENCHMARK_NOT_FX_HEDGED
,ASM.AS,Semiconductor_Equipment,750.0,-0.0121180348512988,-0.1084165607270409,-0.1694352159468438,-0.3049119555143651,-0.0846789014140961,-0.135569215462029,-0.2969497068558075,-0.06605775674033,0.423353453196829,0.1383691303403741,-0.1694352159468438,-1.4885373577167609,-0.5184030830272311,0.22,WEAKENING,2026-09-16,2026-09-15,CORE,^STOXX,SPY,AVAILABLE,-0.0846789014140961,-0.135569215462029,-0.2969497068558075,-0.0972279776699938,-0.1496596732187973,-0.3136548321059678,LOCAL_CURRENCY_ASSET_VS_USD_BENCHMARK_NOT_FX_HEDGED
,9868.HK,EV,40.41999816894531,0.0009905175773177,-0.0444444704970136,-0.1201567397208063,-0.1811183616462799,-0.0222414039121555,-0.089511952079568,-0.2401466232845635,-0.014405285566812,0.2738094449674303,0.1489307345946342,-0.160498911661284,-1.1826855041540187,-0.2209083994757607,0.2179545454545454,WEAKENING,2026-09-16,2026-09-16,CORE,^HSI,SPY,AVAILABLE,-0.0222414039121555,-0.089511952079568,-0.2401466232845635,-0.0360034874855066,-0.1140725483645043,-0.2679187855933573,LOCAL_CURRENCY_ASSET_VS_USD_BENCHMARK_NOT_FX_HEDGED
,6506.T,Industrials,4360.0,0.0148975791433891,-0.03175660670664,-0.1088694103992247,-0.4262073333402734,-0.0130318727208617,-0.0873861906740512,-0.3096834992853177,-0.0045392541068338,0.3960193680621555,0.0844903159463098,-0.1383819159669,-1.2194334676069636,-0.5102880090423365,0.2159090909090909,WEAKENING,2026-09-16,2026-09-16,CORE,^N225,SPY,AVAILABLE,-0.0130318727208617,-0.0873861906740512,-0.3096834992853177,-0.0247180596718576,-0.189305694430952,-0.379736804221168,LOCAL_CURRENCY_ASSET_VS_USD_BENCHMARK_NOT_FX_HEDGED
,ARM,AI_Semiconductor,241.8300018310547,0.0117987004268897,-0.0753259551110496,-0.1090520268336125,-0.4497109940990506,-0.0641373720540025,-0.0892764841055661,-0.4639730191055321,-0.0480629484026465,0.1889923212142179,0.175762185528456,-0.134878187154846,-1.204950311209242,-0.1172606930349238,0.2154545454545454,WEAKENING,2026-09-16,2026-09-15,CORE,SPY,SPY,AVAILABLE,-0.0641373720540025,-0.0892764841055661,-0.4639730191055321,-0.0641373720540025,-0.0892764841055661,-0.4639730191055321,LOCAL_CURRENCY_ASSET_VS_USD_BENCHMARK_NOT_FX_HEDGED
,AVGO,AI_Semiconductor,339.2699890136719,-0.0158099680544556,-0.0794714801903192,-0.1354636614282162,-0.1739226225232054,-0.068282897133272,-0.1156881187001697,-0.188184647529687,-0.0456055648332651,0.4245328473397285,0.1004267688812388,-0.1354636614282162,-1.194714797361983,-0.5726438731210545,0.2143181818181818,WEAKENING,2026-09-16,2026-09-15,CORE,SPY,SPY,AVAILABLE,-0.068282897133272,-0.1156881187001697,-0.188184647529687,-0.068282897133272,-0.1156881187001697,-0.188184647529687,LOCAL_CURRENCY_ASSET_VS_USD_BENCHMARK_NOT_FX_HEDGED
,GEV,Power_Grid,882.8099975585938,0.0092025100634465,-0.0911140626807573,-0.1818257668595053,-0.2044821595378592,-0.0799254796237102,-0.1620502241314588,-0.2187441845443407,-0.045657620965881,0.4097791620756768,0.1431117140222919,-0.1892863672237025,-1.5584826501982367,-0.5206311090359073,0.2125,WEAKENING,2026-09-16,2026-09-15,CORE,SPY,SPY,AVAILABLE,-0.0799254796237102,-0.1620502241314588,-0.2187441845443407,-0.0799254796237102,-0.1620502241314588,-0.2187441845443407,LOCAL_CURRENCY_ASSET_VS_USD_BENCHMARK_NOT_FX_HEDGED
,IFX.DE,Semiconductor,54.33000183105469,0.005366412113513,-0.0704875770420361,-0.1232854484291351,-0.367814751132957,-0.0467499177290913,-0.0894194479443203,-0.3598525024743995,-0.0396662149347523,0.2724677981965901,0.1473147288848382,-0.1279651468285997,-1.2290168112539108,-0.2280241421713193,0.2097727272727272,WEAKENING,2026-09-16,2026-09-15,CORE,^STOXX,SPY,AVAILABLE,-0.0467499177290913,-0.0894194479443203,-0.3598525024743995,-0.0592989939849889,-0.1035099057010886,-0.3517818345925769,LOCAL_CURRENCY_ASSET_VS_USD_BENCHMARK_NOT_FX_HEDGED
,TER,Semiconductor_Equipment,332.8500061035156,0.011087465860083,-0.1053862057527513,-0.2485944424189865,-0.2396377141423816,-0.0941976226957042,-0.22881889969094,-0.2538997391488632,-0.0432375951480047,0.4120874408476258,0.2048104955925007,-0.2568342671107793,-2.13830525524263,-0.5001826067996373,0.2047727272727273,WEAKENING,2026-09-16,2026-09-15,CORE,SPY,SPY,AVAILABLE,-0.0941976226957042,-0.22881889969094,-0.2538997391488632,-0.0941976226957042,-0.22881889969094,-0.2538997391488632,LOCAL_CURRENCY_ASSET_VS_USD_BENCHMARK_NOT_FX_HEDGED
,6146.T,Semiconductor_Equipment,51000.0,-0.0077821011673151,-0.0483299122970704,-0.1465863453815261,-0.4235985533453887,-0.029605178311292,-0.1251031256563527,-0.307074719290433,-0.0116833259516888,0.4786885245901639,0.0951848886911219,-0.1696515792901335,-1.397400933322229,-0.7371884588051398,0.2043181818181818,WEAKENING,2026-09-16,2026-09-16,CORE,^N225,SPY,AVAILABLE,-0.029605178311292,-0.1251031256563527,-0.307074719290433,-0.035016649824749,-0.2003731448762624,-0.3817214716061411,LOCAL_CURRENCY_ASSET_VS_USD_BENCHMARK_NOT_FX_HEDGED
,ALB,EV,113.4499969482422,-0.0137355633123683,-0.1214618144960367,-0.1504425719161509,-0.2901016125307003,-0.1102732314389896,-0.1306670291881044,-0.3043636375371819,-0.083851171516999,0.3255573817553491,0.1295854901996091,-0.2053597976168464,-1.4927321826776176,-0.3779565886745447,0.1972727272727272,WEAKENING,2026-09-16,2026-09-15,CORE,SPY,SPY,AVAILABLE,-0.1102732314389896,-0.1306670291881044,-0.3043636375371819,-0.1102732314389896,-0.1306670291881044,-0.3043636375371819,LOCAL_CURRENCY_ASSET_VS_USD_BENCHMARK_NOT_FX_HEDGED
,ENR.DE,Power_Grid,133.0,0.0025629151854738,-0.1065430642571734,-0.1830466983608331,-0.2136691469791991,-0.0828054049442286,-0.1491806978760183,-0.2057068983206416,-0.0607813896669651,0.475734871945651,0.1250787129927831,-0.1851351279156072,-1.570218570108908,-0.6962151714000255,0.1968181818181818,WEAKENING,2026-09-16,2026-09-15,CORE,^STOXX,SPY,AVAILABLE,-0.0828054049442286,-0.1491806978760183,-0.2057068983206416,-0.0953544812001262,-0.1632711556327866,-0.2288598584998756,LOCAL_CURRENCY_ASSET_VS_USD_BENCHMARK_NOT_FX_HEDGED
,WDC,Memory,411.9599914550781,-0.0350869229883981,-0.1368950303980149,-0.2311855790467664,-0.4477677620298883,-0.1257064473409678,-0.2114100363187199,-0.4620297870363699,-0.0790986356363233,0.4324211894356425,0.1603668853750836,-0.2311855790467664,-2.081824809937125,-0.6233802124294598,0.1909090909090909,WEAKENING,2026-09-16,2026-09-15,CORE,SPY,SPY,AVAILABLE,-0.1257064473409678,-0.2114100363187199,-0.4620297870363699,-0.1257064473409678,-0.2114100363187199,-0.4620297870363699,LOCAL_CURRENCY_ASSET_VS_USD_BENCHMARK_NOT_FX_HEDGED
,GFS,Foundry,42.75,-0.0181442558317818,-0.0518962107932835,-0.200037404592413,-0.5012046320181889,-0.0407076277362363,-0.1802618618643665,-0.5154666570246704,-0.0018868596451802,0.5412658577961708,0.1219219459667767,-0.200037404592413,-2.0045081880511217,-0.8880551940791381,0.1902272727272727,WEAKENING,2026-09-16,2026-09-15,CORE,SPY,SPY,AVAILABLE,-0.0407076277362363,-0.1802618618643665,-0.5154666570246704,-0.0407076277362363,-0.1802618618643665,-0.5154666570246704,LOCAL_CURRENCY_ASSET_VS_USD_BENCHMARK_NOT_FX_HEDGED
,064350.KS,Defense,119500.0,-0.015650741350906,-0.0523394131641554,-0.1232575201760821,-0.4127764127764127,-0.0050213544706126,-0.1613959551033541,-0.1498364276757532,-0.0215250331201349,0.3544303797468354,0.1086768848508807,-0.1409058231488138,-1.2977611377400282,-0.4019825351325202,0.1886363636363636,WEAKENING,2026-09-16,2026-09-16,CORE,^KS11,SPY,AVAILABLE,-0.0050213544706126,-0.1613959551033541,-0.1498364276757532,-0.0276079331741484,-0.1491780513440267,-0.4760272984191447,LOCAL_CURRENCY_ASSET_VS_USD_BENCHMARK_NOT_FX_HEDGED
,VRT,AI_Infrastructure,234.6100006103516,-0.011710681942982,-0.1931109795865287,-0.1975257925446114,-0.2953985016736312,-0.1819223965294816,-0.1777502498165649,-0.3096605266801128,-0.1437295314503759,0.3130715773481218,0.1896105527675584,-0.1975257925446114,-1.763462511524357,-0.3261406632503626,0.1827272727272727,WEAKENING,2026-09-16,2026-09-15,CORE,SPY,SPY,AVAILABLE,-0.1819223965294816,-0.1777502498165649,-0.3096605266801128,-0.1819223965294816,-0.1777502498165649,-0.3096605266801128,LOCAL_CURRENCY_ASSET_VS_USD_BENCHMARK_NOT_FX_HEDGED
,LRCX,Semiconductor_Equipment,270.8699951171875,-0.009579857438081,-0.1546408346360115,-0.2122208061827563,-0.3037477144566982,-0.1434522515789643,-0.1924452634547098,-0.3180097394631798,-0.1015856330903224,0.4251589935862022,0.1579574594197113,-0.2122208061827563,-1.868436178769002,-0.5712144567669193,0.1720454545454545,WEAKENING,2026-09-16,2026-09-15,CORE,SPY,SPY,AVAILABLE,-0.1434522515789643,-0.1924452634547098,-0.3180097394631798,-0.1434522515789643,-0.1924452634547098,-0.3180097394631798,LOCAL_CURRENCY_ASSET_VS_USD_BENCHMARK_NOT_FX_HEDGED
,STMPA.PA,Semiconductor,41.78499984741211,0.0011980169241483,-0.0715476312472394,-0.1482878377952823,-0.3978238908351169,-0.0478099719342945,-0.1144218373104675,-0.3898616421765594,-0.0344756717984188,0.3991770718779029,0.1247840896520981,-0.149306982427589,-1.4643988977702045,-0.4743642002057986,0.1586363636363636,WEAKENING,2026-09-16,2026-09-15,CORE,^STOXX,SPY,AVAILABLE,-0.0478099719342945,-0.1144218373104675,-0.3898616421765594,-0.0603590481901922,-0.1285122950672358,-0.3979644666475566,LOCAL_CURRENCY_ASSET_VS_USD_BENCHMARK_NOT_FX_HEDGED
,BESI.AS,Semiconductor_Equipment,176.35000610351562,0.0022734251901754,-0.0965675775585421,-0.2584104127823221,-0.4494223764457262,-0.0728299182455973,-0.2245444122975073,-0.4414601277871687,-0.0319649743629616,0.5877570076953624,0.1296347457273601,-0.2600925370469983,-2.3371386745254368,-1.171618998610844,0.1497727272727272,WEAKENING,2026-09-16,2026-09-15,CORE,^STOXX,SPY,AVAILABLE,-0.0728299182455973,-0.2245444122975073,-0.4414601277871687,-0.085378994501495,-0.2386348700542756,-0.4593532368463036,LOCAL_CURRENCY_ASSET_VS_USD_BENCHMARK_NOT_FX_HEDGED
,COHR,AI_Networking,271.1700134277344,0.0175235025430933,-0.1017291339550611,-0.2279197867853378,-0.3039248188270979,-0.0905405508980139,-0.2081442440572913,-0.3181868438335794,-0.0447491872587266,0.3379775191718908,0.2410391805055386,-0.2471670100133142,-2.063911306869591,-0.3195819200278303,0.124090909090909,WEAKENING,2026-09-16,2026-09-15,CORE,SPY,SPY,AVAILABLE,-0.0905405508980139,-0.2081442440572913,-0.3181868438335794,-0.0905405508980139,-0.2081442440572913,-0.3181868438335794,LOCAL_CURRENCY_ASSET_VS_USD_BENCHMARK_NOT_FX_HEDGED
,KLAC,Semiconductor_Equipment,168.02000427246094,-0.0063279442226229,-0.1109111648266575,-0.1834175313079198,-0.3519421092652013,-0.0997225817696103,-0.1636419885798733,-0.3662041342716828,-0.0650567819996775,0.4421274216360227,0.1372074574814302,-0.1834175313079198,-1.688147610679171,-0.5910314329014541,0.115,WEAKENING,2026-09-16,2026-09-15,CORE,SPY,SPY,AVAILABLE,-0.0997225817696103,-0.1636419885798733,-0.3662041342716828,-0.0997225817696103,-0.1636419885798733,-0.3662041342716828,LOCAL_CURRENCY_ASSET_VS_USD_BENCHMARK_NOT_FX_HEDGED
,AMAT,Semiconductor_Equipment,421.1700134277344,-0.0071662103405824,-0.109181653977958,-0.212380941727862,-0.3167824430466349,-0.0979930709209109,-0.1926053989998155,-0.3310444680531165,-0.0560864185459925,0.5717630935471207,0.1189570282136662,-0.212380941727862,-1.9207623871181108,-1.0208021003573005,0.1106818181818182,WEAKENING,2026-09-16,2026-09-15,CORE,SPY,SPY,AVAILABLE,-0.0979930709209109,-0.1926053989998155,-0.3310444680531165,-0.0979930709209109,-0.1926053989998155,-0.3310444680531165,LOCAL_CURRENCY_ASSET_VS_USD_BENCHMARK_NOT_FX_HEDGED
,MAERSK-B.CO,Shipping,23300.0,0.0012892135797164528,0.049076992345790105,0.07720758206195089,0.46540880503144644,0.08031096209038513,0.10220695152350712,0.4523529769353001,0.029775096830302383,0.18371837183718373,0.11219873687461249,-0.06553722692822117,0.4095672452984518,0.1264225575530247,0.9268181818181819,PERSISTENT,2026-09-17,2026-09-15,CORE,^OMXC25,SPY,AVAILABLE,0.08031096209038513,0.10220695152350712,0.4523529769353001,0.06026557540283728,0.09698312478999738,0.49872498798053133,LOCAL_CURRENCY_ASSET_VS_USD_BENCHMARK_NOT_FX_HEDGED
,BOAT,Shipping,52.540000915527344,0.0040129768225620754,0.03404840573662593,0.09916321661343774,0.2927856363388224,0.04500070945344592,0.1166236690219623,0.279808604199167,0.009257601583266495,0.4247322100918093,0.06432345964467112,-0.044630363121339056,0.6650543478227886,0.6547815118263385,0.9165909090909091,PERSISTENT,2026-09-17,2026-09-16,CORE,SPY,SPY,AVAILABLE,0.04500070945344592,0.1166236690219623,0.279808604199167,0.04500070945344592,0.1166236690219623,0.279808604199167,LOCAL_CURRENCY_ASSET_VS_USD_BENCHMARK_NOT_FX_HEDGED
,DELL,AI_Server,563.2899780273438,0.03639301559551478,0.05238669411927832,0.20194171634143565,0.34752169970127733,0.06333899783609831,0.2194021687499602,0.33454466756162193,0.0019012650339194082,0.2378128836889258,0.2547909169827239,-0.1000720128496152,1.329009144560331,0.1884852979413869,0.9079545454545455,PERSISTENT,2026-09-17,2026-09-16,CORE,SPY,SPY,AVAILABLE,0.06333899783609831,0.2194021687499602,0.33454466756162193,0.06333899783609831,0.2194021687499602,0.33454466756162193,LOCAL_CURRENCY_ASSET_VS_USD_BENCHMARK_NOT_FX_HEDGED
,DAC,Shipping,159.16000366210938,-0.0026943585791608937,0.02889651011801031,0.09538885285098342,0.2582546987728569,0.0398488138348303,0.11284930525950798,0.2452776666332015,0.005049296905264455,0.42307701264905384,0.05532249493533903,-0.03145892642649628,0.6477035482643387,0.7294832048226195,0.8977272727272727,PERSISTENT,2026-09-17,2026-09-16,CORE,SPY,SPY,AVAILABLE,0.0398488138348303,0.11284930525950798,0.2452776666332015,0.0398488138348303,0.11284930525950798,0.2452776666332015,LOCAL_CURRENCY_ASSET_VS_USD_BENCHMARK_NOT_FX_HEDGED
,CRWD,Cybersecurity,241.36000061035156,-0.004660006009378992,0.16150142957521907,0.1335713069978519,0.42934975564340694,0.17245373329203906,0.15103175940637648,0.41637272350375154,0.1281086028257561,0.15638403145125956,0.29835019289615405,-0.12934432426718645,0.8725828847245184,0.07001309190307275,0.8906818181818181,PERSISTENT,2026-09-17,2026-09-16,CORE,SPY,SPY,AVAILABLE,0.17245373329203906,0.15103175940637648,0.41637272350375154,0.17245373329203906,0.15103175940637648,0.41637272350375154,LOCAL_CURRENCY_ASSET_VS_USD_BENCHMARK_NOT_FX_HEDGED
,053800.KQ,Cybersecurity,64600.0,0.01572327044025168,0.13732394366197176,0.1333333333333333,0.2007434944237918,0.12104035495600352,0.13800899266447442,0.30339414567600365,0.10399061032863843,0.4523809523809524,0.08636331500750108,-0.04705882352941182,0.9734770008373752,0.6984152971921173,0.885,PERSISTENT,2026-09-17,2026-09-16,CORE,^KQ11,SPY,AVAILABLE,0.12104035495600352,0.13800899266447442,0.30339414567600365,0.14827624737879175,0.14683108177915394,0.08398551945862676,LOCAL_CURRENCY_ASSET_VS_USD_BENCHMARK_NOT_FX_HEDGED
,MATX,Shipping,235.6199951171875,-0.01248956793838163,0.0386140989300352,0.07943923600358405,0.1992911553085801,0.04956640264685519,0.09689968841210861,0.1863141231689247,0.01875428992913919,0.3713057917343836,0.059293668163601786,-0.02935808423291475,0.5208587217597688,0.49746034159499,0.8822727272727274,PERSISTENT,2026-09-17,2026-09-16,CORE,SPY,SPY,AVAILABLE,0.04956640264685519,0.09689968841210861,0.1863141231689247,0.04956640264685519,0.09689968841210861,0.1863141231689247,LOCAL_CURRENCY_ASSET_VS_USD_BENCHMARK_NOT_FX_HEDGED
,356680.KQ,Cybersecurity,17090.0,-0.026210826210826266,0.3552735923869945,0.4720068906115418,0.05493827160493825,0.5122782677456406,0.4801391077854761,0.24084012235122532,0.23727186973410908,0.48928571428571427,0.3376553369117014,-0.11221122112211224,3.2951081172490406,0.6839703193586448,0.8775,PERSISTENT,2026-09-17,2026-09-16,CORE,^KQ11,SPY,AVAILABLE,0.5122782677456406,0.4801391077854761,0.24084012235122532,0.3662258961038145,0.4333676603621285,-0.09550443503132777,LOCAL_CURRENCY_ASSET_VS_USD_BENCHMARK_NOT_FX_HEDGED
,4502.T,Biotech,5847.0,0.0,0.04131789848619771,0.013520540821632787,0.17527638190954775,0.04245585870616553,0.08437693396960233,0.2940384091880345,0.037937763280789516,0.07317073170731707,0.0538805192780479,-0.04959377115775221,0.02280032283058378,0.01836114199071178,0.8584090909090908,PERSISTENT,2026-09-17,2026-09-16,CORE,^N225,SPY,AVAILABLE,0.04245585870616553,0.08437693396960233,0.2940384091880345,0.0522702022030177,0.04289012620719179,0.16379463972947228,LOCAL_CURRENCY_ASSET_VS_USD_BENCHMARK_NOT_FX_HEDGED
,FTNT,Cybersecurity,171.77000427246094,-0.003480831129099027,0.09254549636679332,0.08708316083783996,0.1814430496839985,0.10349780008361331,0.10454361324636452,0.1684660175443431,0.07077470615733333,0.16192060400255115,0.17033580664713138,-0.10556780658658993,0.554634590601056,0.08278093889281395,0.8425000000000001,PERSISTENT,2026-09-17,2026-09-16,CORE,SPY,SPY,AVAILABLE,0.10349780008361331,0.10454361324636452,0.1684660175443431,0.10349780008361331,0.10454361324636452,0.1684660175443431,LOCAL_CURRENCY_ASSET_VS_USD_BENCHMARK_NOT_FX_HEDGED
,9107.T,Shipping,3460.0,0.02215657311669128,0.03345280764635605,0.09597719353816925,0.3713832738803011,0.01509607488163478,0.1366295269649498,0.47612024155623167,0.009458509261813741,0.2229580573951435,0.11371317757119016,-0.05108225108225106,0.5942847219143157,0.18818301521924455,0.8372727272727274,PERSISTENT,2026-09-17,2026-09-16,CORE,^N225,SPY,AVAILABLE,0.01509607488163478,0.1366295269649498,0.47612024155623167,0.04440511136317604,0.11902046514332232,0.34784171071695313,LOCAL_CURRENCY_ASSET_VS_USD_BENCHMARK_NOT_FX_HEDGED
,9101.T,Shipping,7374.0,0.0193530550179708,0.02402444104985424,0.09520273280855496,0.41725927349606007,0.019669936209594896,0.1252798073407464,0.5131107542043619,0.0002237578477155,0.286544479213232,0.0859677100203407,-0.03722222222222227,0.584269498528627,0.3173263250335413,0.8279545454545456,PERSISTENT,2026-09-17,2026-09-16,CORE,^N225,SPY,AVAILABLE,0.019669936209594896,0.1252798073407464,0.5131107542043619,0.03497674476667423,0.10442979203116598,0.358545223861263,LOCAL_CURRENCY_ASSET_VS_USD_BENCHMARK_NOT_FX_HEDGED
,AAPL,Consumer_Tech,332.4100036621094,0.0032293334219983816,0.05413207180331181,0.07218657862442623,0.12015306809784176,0.0650843755201318,0.0896470310329508,0.10717603595818637,0.03608542714720525,0.3045728202436091,0.06682452470105306,-0.0392126853302972,0.5095318004852035,0.32901198974082724,0.8243181818181818,PERSISTENT,2026-09-17,2026-09-16,CORE,SPY,SPY,AVAILABLE,0.0650843755201318,0.0896470310329508,0.10717603595818637,0.0650843755201318,0.0896470310329508,0.10717603595818637,LOCAL_CURRENCY_ASSET_VS_USD_BENCHMARK_NOT_FX_HEDGED
,NET,Cybersecurity,324.6499938964844,-0.007884414641759596,0.033324850292130614,0.07728301591783016,0.48662875097332603,0.0442771540089506,0.09474346832635472,0.47365171883367063,0.014004096312673076,0.10647834030592919,0.20995090570104996,-0.11514135381686541,0.41241768951448554,0.03919472145780845,0.8145454545454547,PERSISTENT,2026-09-17,2026-09-16,CORE,SPY,SPY,AVAILABLE,0.0442771540089506,0.09474346832635472,0.47365171883367063,0.0442771540089506,0.09474346832635472,0.47365171883367063,LOCAL_CURRENCY_ASSET_VS_USD_BENCHMARK_NOT_FX_HEDGED
,9104.T,Shipping,7149.0,0.017651245551601358,0.015627219775536272,0.02627045650301474,0.35065180426979037,0.014841149447426871,0.07987445098622348,0.44353232153619737,0.009059605649782587,0.09496626881162429,0.07983172342669279,-0.04245671887881286,0.04810185058386354,0.03125082519808422,0.8111363636363637,PERSISTENT,2026-09-17,2026-09-16,CORE,^N225,SPY,AVAILABLE,0.014841149447426871,0.07987445098622348,0.44353232153619737,0.02657952349235626,0.056408279759200375,0.29434974964632143,LOCAL_CURRENCY_ASSET_VS_USD_BENCHMARK_NOT_FX_HEDGED
,HLAG.DE,Shipping,137.5,0.0073260073260073,0.024590187233987315,0.023065522651014803,0.19773515979793,0.04832784654693212,0.05693152313582961,0.20569740845648754,0.018823806571233614,0.07398583663697697,0.08817317905151527,-0.06086952098901721,0.08339297782063759,0.019354207358310577,0.8068181818181818,PERSISTENT,2026-09-17,2026-09-15,CORE,^STOXX,SPY,AVAILABLE,0.04832784654693212,0.05693152313582961,0.20569740845648754,0.03577877029103449,0.042841065379061294,0.22336175436763206,LOCAL_CURRENCY_ASSET_VS_USD_BENCHMARK_NOT_FX_HEDGED
,CIBR,Cybersecurity,100.30000305175781,-0.006930662853882996,0.061600333277264996,0.029351401259163357,0.2010798874614741,0.07255263699408498,0.04681185366768792,0.1881028553218187,0.05426248296247416,0.07534246850664476,0.12411068986353442,-0.0719317386064543,0.12362356707975447,0.017818022181860044,0.8061363636363637,PERSISTENT,2026-09-17,2026-09-16,CORE,SPY,SPY,AVAILABLE,0.07255263699408498,0.04681185366768792,0.1881028553218187,0.07255263699408498,0.04681185366768792,0.1881028553218187,LOCAL_CURRENCY_ASSET_VS_USD_BENCHMARK_NOT_FX_HEDGED
,HACK,Cybersecurity,119.45999908447266,-0.009370572085032114,0.076604182319153,0.036259545015943084,0.2603924944401532,0.08755648603597299,0.05371999742446765,0.24741546230049782,0.06753929606516723,0.08260867926320575,0.14192952023072558,-0.07758479031518573,0.15389091020049084,0.021104511024785135,0.7999999999999998,PERSISTENT,2026-09-17,2026-09-16,CORE,SPY,SPY,AVAILABLE,0.08755648603597299,0.05371999742446765,0.24741546230049782,0.08755648603597299,0.05371999742446765,0.24741546230049782,LOCAL_CURRENCY_ASSET_VS_USD_BENCHMARK_NOT_FX_HEDGED
,S,Cybersecurity,23.170000076293945,-0.013202703236205315,0.1918723991648874,0.030235674170572713,0.571913191049954,0.2028247028817074,0.047696126579097275,0.5589361589102986,0.18431348062224423,0.0473538048436053,0.2270401041544691,-0.1444297186933612,0.04847093146123482,0.006306261263049877,0.7911363636363637,PERSISTENT,2026-09-17,2026-09-16,CORE,SPY,SPY,AVAILABLE,0.2028247028817074,0.047696126579097275,0.5589361589102986,0.2028247028817074,0.047696126579097275,0.5589361589102986,LOCAL_CURRENCY_ASSET_VS_USD_BENCHMARK_NOT_FX_HEDGED
,SBLK,Shipping,30.8700008392334,-0.010893888343893265,-0.009306771809974745,0.0561825271069476,0.1999539288278238,0.0016455319068452434,0.07364297951547216,0.18697689668816841,-0.023352403586711645,0.16560907016916157,0.09822675522783998,-0.051819817788774536,0.09141452931731626,0.09472303195146387,0.7895454545454544,PULLBACK_LEADER,2026-09-17,2026-09-16,CORE,SPY,SPY,AVAILABLE,0.0016455319068452434,0.07364297951547216,0.18697689668816841,0.0016455319068452434,0.07364297951547216,0.18697689668816841,LOCAL_CURRENCY_ASSET_VS_USD_BENCHMARK_NOT_FX_HEDGED
,GNOM,Genomics,63.58000183105469,-0.0011311285695364548,0.013178708599138611,0.0866704790385937,0.2296292022766906,0.0241310123159586,0.10413093144711827,0.2166521701370352,-0.008488911160509816,0.19555764320420593,0.16101639994016784,-0.0867020747888263,0.5205747205123658,0.10526303297344267,0.7870454545454546,PULLBACK_LEADER,2026-09-17,2026-09-16,CORE,SPY,SPY,AVAILABLE,0.0241310123159586,0.10413093144711827,0.2166521701370352,0.0241310123159586,0.10413093144711827,0.2166521701370352,LOCAL_CURRENCY_ASSET_VS_USD_BENCHMARK_NOT_FX_HEDGED
,ROP.SW,Biotech,360.6000061035156,-0.0022135799847242676,0.02881599458920303,0.012636899530666934,0.13182673947078927,0.046510341505523134,0.047142988609558456,0.13468911593644295,0.025656769706536298,0.04751850390960347,0.07604488924532737,-0.08359955640637162,0.024414473006182574,0.00789647490728853,0.7813636363636364,PERSISTENT,2026-09-17,2026-09-15,CORE,^SSMI,SPY,AVAILABLE,0.046510341505523134,0.047142988609558456,0.13468911593644295,0.040004577646250206,0.032412442258713425,0.11614551763776815,LOCAL_CURRENCY_ASSET_VS_USD_BENCHMARK_NOT_FX_HEDGED
,SAP.DE,Software,187.0800018310547,0.004402487643092146,0.029609273380147627,0.04176411584545958,0.4149145371643026,0.05334693269309243,0.07563011633027439,0.42287678582286015,0.01916824441878273,0.11878368522323415,0.10538300613152604,-0.0734895059540539,0.1581145220090907,0.047074910579246336,0.7806818181818183,PERSISTENT,2026-09-17,2026-09-15,CORE,^STOXX,SPY,AVAILABLE,0.05334693269309243,0.07563011633027439,0.42287678582286015,0.0407978564371948,0.06153965857350607,0.3729543548271608,LOCAL_CURRENCY_ASSET_VS_USD_BENCHMARK_NOT_FX_HEDGED
,2269.HK,Biotech,49.939998626708984,0.014628146853905566,0.022522491209755024,0.042588664631418194,0.6037250997284875,0.024049196401310424,0.04473572859872854,0.5633597766545801,0.011875325051900476,0.08725393531363647,0.1354480230956815,-0.09961687139727604,0.09019752557751715,0.027435089150167145,0.7804545454545455,PERSISTENT,2026-09-17,2026-09-16,CORE,^HSI,SPY,AVAILABLE,0.024049196401310424,0.04473572859872854,0.5633597766545801,0.03347479492657501,0.04545544508851507,0.6105871364719577,LOCAL_CURRENCY_ASSET_VS_USD_BENCHMARK_NOT_FX_HEDGED
,CVX,Energy,211.5399932861328,-0.028608214465264514,-0.010616922961419806,0.0371640827748132,0.2189314364283068,0.0003353807554001831,0.054624535183337763,0.20595440428865142,-0.019907943655123106,0.1687440851828778,0.06274547556494836,-0.029158768894495313,0.12822842636625714,0.09994695383263467,0.7731818181818182,PULLBACK_LEADER,2026-09-17,2026-09-16,CORE,SPY,SPY,AVAILABLE,0.0003353807554001831,0.054624535183337763,0.20595440428865142,0.0003353807554001831,0.054624535183337763,0.20595440428865142,LOCAL_CURRENCY_ASSET_VS_USD_BENCHMARK_NOT_FX_HEDGED
,4568.T,Biotech,2839.0,0.0008813678829544536,0.04740822726434235,0.04030780505679732,0.120142039850069,0.058431299454984154,0.10950281572649057,0.22506903249895716,0.03733127600014302,0.13333333333333333,0.0864485696841535,-0.07574206755373591,0.2552546391309096,0.06216845492306772,0.7656818181818182,PERSISTENT,2026-09-17,2026-09-16,CORE,^N225,SPY,AVAILABLE,0.058431299454984154,0.10950281572649057,0.22506903249895716,0.05836053098116234,0.06894193389000602,0.07352823556655186,LOCAL_CURRENCY_ASSET_VS_USD_BENCHMARK_NOT_FX_HEDGED
,META,Internet_AI,673.3099975585938,0.004580459788955826,0.030014219345424475,0.23845350805372867,0.1941296917835429,0.040966523062244464,0.25591396046225323,0.1811526596438875,-0.029599157668007692,0.7337552958343582,0.07878369392514271,-0.014242221119831533,1.823552404899071,2.2208469243768993,0.7631818181818182,PULLBACK_LEADER,2026-09-17,2026-09-16,CORE,SPY,SPY,AVAILABLE,0.040966523062244464,0.25591396046225323,0.1811526596438875,0.040966523062244464,0.25591396046225323,0.1811526596438875,LOCAL_CURRENCY_ASSET_VS_USD_BENCHMARK_NOT_FX_HEDGED
,CHKP,Cybersecurity,137.69000244140625,-0.0007256756629555605,0.01947286339666565,0.05663421856403672,0.14455526972984845,0.03042516711348564,0.07409467097256128,0.13157823759019305,0.005314308755656472,0.1668927993198077,0.10142008181340204,-0.060470872750863824,0.3851763497455156,0.09319498766360593,0.7552272727272726,PERSISTENT,2026-09-17,2026-09-16,CORE,SPY,SPY,AVAILABLE,0.03042516711348564,0.07409467097256128,0.13157823759019305,0.03042516711348564,0.07409467097256128,0.13157823759019305,LOCAL_CURRENCY_ASSET_VS_USD_BENCHMARK_NOT_FX_HEDGED
,WCLD,Software,40.86000061035156,-0.007529695710008166,0.05038557860129478,0.016165171367285902,0.4119355117229544,0.06133788231811477,0.033625623775810465,0.398958479583299,0.0463442857594733,0.043362349467036584,0.12335625671368104,-0.10127468347738422,-0.059144487127525236,0.005682401758102666,0.7479545454545454,PERSISTENT,2026-09-17,2026-09-16,CORE,SPY,SPY,AVAILABLE,0.06133788231811477,0.033625623775810465,0.398958479583299,0.06133788231811477,0.033625623775810465,0.398958479583299,LOCAL_CURRENCY_ASSET_VS_USD_BENCHMARK_NOT_FX_HEDGED
,7267.T,EV,1684.5,0.005671641791044735,0.03981481481481475,0.013537906137184086,0.19172267421294653,0.06740136605378011,0.036763956026159894,0.29483655533666553,0.036430338280518726,0.04424778761061947,0.09273484796170893,-0.08128921848260129,-0.012276307583500401,0.006459517739199455,0.7440909090909091,PERSISTENT,2026-09-17,2026-09-16,CORE,^N225,SPY,AVAILABLE,0.06740136605378011,0.036763956026159894,0.29483655533666553,0.050767118531634736,0.0008229742999431577,0.16975087071320427,LOCAL_CURRENCY_ASSET_VS_USD_BENCHMARK_NOT_FX_HEDGED
,ZS,Cybersecurity,191.5800018310547,-0.01191395928549932,0.15340153396297662,0.03166400096630784,0.5442528260616089,0.1643538376797966,0.0491244533748324,0.5312757939219535,0.14548553372139966,0.04419061808288826,0.24107174865526548,-0.14037738055867333,0.06563290515838832,0.005804295947092729,0.7397727272727274,PERSISTENT,2026-09-17,2026-09-16,CORE,SPY,SPY,AVAILABLE,0.1643538376797966,0.0491244533748324,0.5312757939219535,0.1643538376797966,0.0491244533748324,0.5312757939219535,LOCAL_CURRENCY_ASSET_VS_USD_BENCHMARK_NOT_FX_HEDGED
,IDNA,Genomics,38.70000076293945,0.0028764689164308965,0.002590732973354992,0.07559758908585201,0.2605863127422938,0.013543036690174981,0.09305804149437658,0.24760928060263843,-0.01630866429810801,0.1697665326849003,0.15950723352992827,-0.08678877805809648,0.439437745811844,0.08045992833318705,0.7304545454545454,PULLBACK_LEADER,2026-09-17,2026-09-16,CORE,SPY,SPY,AVAILABLE,0.013543036690174981,0.09305804149437658,0.24760928060263843,0.013543036690174981,0.09305804149437658,0.24760928060263843,LOCAL_CURRENCY_ASSET_VS_USD_BENCHMARK_NOT_FX_HEDGED
,4503.T,Biotech,2313.5,-0.0006479481641468166,0.03419758605274925,-0.010055626872058188,0.06270096463022501,0.04247995338569488,0.06089489055396902,0.18799841087707414,0.0367114927707638,0.04111986001749781,0.0690787594029667,-0.07994216071059701,-0.1435779202356267,-0.0059857179390726606,0.7300000000000001,PERSISTENT,2026-09-17,2026-09-16,CORE,^N225,SPY,AVAILABLE,0.04247995338569488,0.06089489055396902,0.18799841087707414,0.04514988976956924,0.018758872663880655,0.06458892022615403,LOCAL_CURRENCY_ASSET_VS_USD_BENCHMARK_NOT_FX_HEDGED
,XLE,Energy,64.02999877929688,-0.028818466814564014,-0.01959881836082611,0.005496207167773104,0.18442466061296958,-0.00864651464400612,0.022956659576297667,0.17144762847331418,-0.020972870152769385,0.02899740714192706,0.054236738584545405,-0.028818466814564014,-0.04467855559757768,0.0029385202934327647,0.73,PULLBACK_LEADER,2026-09-17,2026-09-16,CORE,SPY,SPY,AVAILABLE,-0.00864651464400612,0.022956659576297667,0.17144762847331418,-0.00864651464400612,0.022956659576297667,0.17144762847331418,LOCAL_CURRENCY_ASSET_VS_USD_BENCHMARK_NOT_FX_HEDGED
,IGV,Software,104.95999908447266,-0.005589805307687601,0.030737476157674193,0.02942330352037903,0.20215327018001572,0.04168977987449418,0.04688375592890359,0.18917623804036032,0.023381650277579435,0.080085410099231,0.11769396825537151,-0.08266862556028365,0.13566594685943723,0.020021224229527644,0.7263636363636365,PERSISTENT,2026-09-17,2026-09-16,CORE,SPY,SPY,AVAILABLE,0.04168977987449418,0.04688375592890359,0.18917623804036032,0.04168977987449418,0.04688375592890359,0.18917623804036032,LOCAL_CURRENCY_ASSET_VS_USD_BENCHMARK_NOT_FX_HEDGED
,1548.HK,Biotech,32.560001373291016,0.005558996270479621,-0.033254124754644065,0.10899184933297379,1.9954003418663642,-0.04064874907940508,0.1773507256393504,1.8951597338419208,-0.06050208708788751,0.10554093660140874,0.2798344114903518,-0.14741475578593888,0.29351153003940533,0.041106816703700096,0.7263636363636363,PULLBACK_LEADER,2026-09-17,2026-09-16,CORE,^HSI,SPY,AVAILABLE,-0.04064874907940508,0.1773507256393504,1.8951597338419208,-0.022301821037824077,0.1696190196266013,1.751873337210267,LOCAL_CURRENCY_ASSET_VS_USD_BENCHMARK_NOT_FX_HEDGED
,CLOU,Cloud_AI,28.020000457763672,-0.006030509864253464,0.024122800902365515,0.009729746225717983,0.3087342670462716,0.035075104619185504,0.027190198634242546,0.2957572349066162,0.02169036434593602,0.032569397310386876,0.09700621482113225,-0.06189491392825508,-0.06382392197931433,0.003266718231805629,0.7252272727272727,PERSISTENT,2026-09-17,2026-09-16,CORE,SPY,SPY,AVAILABLE,0.035075104619185504,0.027190198634242546,0.2957572349066162,0.035075104619185504,0.027190198634242546,0.2957572349066162,LOCAL_CURRENCY_ASSET_VS_USD_BENCHMARK_NOT_FX_HEDGED
,MSFT,Cloud_AI,490.29998779296875,-0.013719036432262244,-0.002745868240160876,0.019917729351429436,0.33724337002824956,0.008206435476659113,0.037378181759954,0.32426633788859416,-0.007725300578018235,0.08351095656765901,0.06007336940463721,-0.04523599435015091,-0.019893458500045702,0.027688618888508904,0.7213636363636364,PULLBACK_LEADER,2026-09-17,2026-09-16,CORE,SPY,SPY,AVAILABLE,0.008206435476659113,0.037378181759954,0.32426633788859416,0.008206435476659113,0.037378181759954,0.32426633788859416,LOCAL_CURRENCY_ASSET_VS_USD_BENCHMARK_NOT_FX_HEDGED
,ANET,AI_Networking,197.5399932861328,0.02437252145559543,0.023894680896498377,0.022569628199898828,0.13164525692563367,0.034846984613318366,0.04003008060842339,0.11866822478597827,0.01825227384652367,0.047063925683874484,0.13571574123647961,-0.07985163854874844,0.02627938380721767,0.007826765669443205,0.7156818181818182,PERSISTENT,2026-09-17,2026-09-16,CORE,SPY,SPY,AVAILABLE,0.034846984613318366,0.04003008060842339,0.11866822478597827,0.034846984613318366,0.04003008060842339,0.11866822478597827,LOCAL_CURRENCY_ASSET_VS_USD_BENCHMARK_NOT_FX_HEDGED
,PLTR,Software_AI,174.33999633789062,0.010315245737601897,0.028372545232278723,0.016322741992226497,0.45891210324594667,0.03932484894909871,0.03378319440075106,0.44593507110629127,0.0242918597342221,0.03168858117266453,0.1472094766719087,-0.11009767000147364,-0.08375344267891488,0.0035136632931175456,0.7120454545454544,PERSISTENT,2026-09-17,2026-09-16,CORE,SPY,SPY,AVAILABLE,0.03932484894909871,0.03378319440075106,0.44593507110629127,0.03932484894909871,0.03378319440075106,0.44593507110629127,LOCAL_CURRENCY_ASSET_VS_USD_BENCHMARK_NOT_FX_HEDGED
,PANW,Cybersecurity,375.6499938964844,0.001492968525050431,0.12100861550101683,0.004035866758239415,0.3116271016132015,0.13196091921783681,0.021496319166763977,0.2986500694735461,0.11999964881145697,0.006369876108040328,0.23338463219412284,-0.14201382852397515,-0.19320472010597262,0.00011015280225117926,0.7075000000000001,PERSISTENT,2026-09-17,2026-09-16,CORE,SPY,SPY,AVAILABLE,0.13196091921783681,0.021496319166763977,0.2986500694735461,0.13196091921783681,0.021496319166763977,0.2986500694735461,LOCAL_CURRENCY_ASSET_VS_USD_BENCHMARK_NOT_FX_HEDGED
,7203.T,EV,3016.0,-0.0016550810989738318,0.015146415348367581,0.025501530091805558,0.10012766733540035,0.04503739188790712,0.05861635348662009,0.1970563552056671,0.008771032825416192,0.09282178217821782,0.08448258135764379,-0.08464384828862159,0.1422298577951761,0.028018763552833524,0.7070454545454545,PERSISTENT,2026-09-17,2026-09-16,CORE,^N225,SPY,AVAILABLE,0.04503739188790712,0.05861635348662009,0.1970563552056671,0.02609871906518757,0.015475012302634372,0.053021623726047684,LOCAL_CURRENCY_ASSET_VS_USD_BENCHMARK_NOT_FX_HEDGED
,MRNA,Biotech,145.6199951171875,0.012867710855879233,0.07381457460204333,1.312897033588119,1.4537870439269018,0.08476687831886331,1.3303574859966436,1.4408100117872464,-0.2544096837949864,0.31537579745875666,1.8081314633605183,-0.23546276183549275,9.8613192567284,0.22899659529155128,0.7002272727272728,PULLBACK_LEADER,2026-09-17,2026-09-16,CORE,SPY,SPY,AVAILABLE,0.08476687831886331,1.3303574859966436,1.4408100117872464,0.08476687831886331,1.3303574859966436,1.4408100117872464,LOCAL_CURRENCY_ASSET_VS_USD_BENCHMARK_NOT_FX_HEDGED
,XOM,Energy,163.32000732421875,-0.03543585955858741,-0.005540939091480013,-0.013529779339252812,0.1870984256666861,0.005411364625339976,0.003930673069271751,0.1741213935270307,-0.0021584942566668097,0.052409703935154775,0.07379666481442011,-0.05844111833749266,-0.1966761689699218,-0.009608723256821968,0.6956818181818183,NEUTRAL,2026-09-17,2026-09-16,CORE,SPY,SPY,AVAILABLE,0.005411364625339976,0.003930673069271751,0.1741213935270307,0.005411364625339976,0.003930673069271751,0.1741213935270307,LOCAL_CURRENCY_ASSET_VS_USD_BENCHMARK_NOT_FX_HEDGED
,ZIM,Shipping,29.329999923706055,-0.008116326465846146,-0.0017018120656489,0.02948403507673758,0.16066479590011373,0.009250491651171089,0.04694448748526214,0.14768776376045833,-0.009072820834833295,0.08536586784167612,0.10467545901265725,-0.05194803629786904,0.14243916902659856,0.02404508435445006,0.693409090909091,NEUTRAL,2026-09-17,2026-09-16,CORE,SPY,SPY,AVAILABLE,0.009250491651171089,0.04694448748526214,0.14768776376045833,0.009250491651171089,0.04694448748526214,0.14768776376045833,LOCAL_CURRENCY_ASSET_VS_USD_BENCHMARK_NOT_FX_HEDGED
,GM,Auto,84.29000091552734,-0.01265083514475962,0.006327587939108037,0.009011093126349623,0.05015928629852673,0.017279891655928026,0.026471545534874186,0.03718225415887133,0.004074814657520631,0.03284671046849491,0.07220485495030365,-0.04557885030347619,-0.027756012492934856,0.004099236362008729,0.6915909090909093,EMERGING,2026-09-17,2026-09-16,CORE,SPY,SPY,AVAILABLE,0.017279891655928026,0.026471545534874186,0.03718225415887133,0.017279891655928026,0.026471545534874186,0.03718225415887133,LOCAL_CURRENCY_ASSET_VS_USD_BENCHMARK_NOT_FX_HEDGED
,SKYY,Cloud_AI,161.88999938964844,-0.002956184898525338,0.02371316564103565,0.0032224347040681334,0.249729873245089,0.03466546935785564,0.020682887112592696,0.2367528411054336,0.022907556965018616,0.012664503083904424,0.07597831917808373,-0.05996401636958437,-0.11007058625071531,0.0005371339441149875,0.6895454545454545,EMERGING,2026-09-17,2026-09-16,CORE,SPY,SPY,AVAILABLE,0.03466546935785564,0.020682887112592696,0.2367528411054336,0.03466546935785564,0.020682887112592696,0.2367528411054336,LOCAL_CURRENCY_ASSET_VS_USD_BENCHMARK_NOT_FX_HEDGED
,6501.T,Power_Grid,5372.0,0.028921662516759206,0.038468973516334826,0.02813397129186601,0.10444078947368429,0.03390654069961074,0.0058097919083308636,0.20492363914368428,0.03143548069336832,0.0958904109589041,0.08244142174884825,-0.0679279279279279,0.129970412989761,0.03272357525931109,0.6852272727272728,EMERGING,2026-09-17,2026-09-16,CORE,^N225,SPY,AVAILABLE,0.03390654069961074,0.0058097919083308636,0.20492363914368428,0.049421277233154814,-0.00829217726140652,0.12244760335785165,LOCAL_CURRENCY_ASSET_VS_USD_BENCHMARK_NOT_FX_HEDGED
,006400.KS,EV,544000.0,-0.005484460694698323,-0.05226480836236935,0.11704312114989723,0.02063789868667909,0.07913267377491573,0.1562111462376563,0.25348744798037426,-0.08152558864984366,0.18387096774193548,0.18382088773153818,-0.08145580589254764,0.6969827594307709,0.11707500828087812,0.6759090909090909,NEUTRAL,2026-09-17,2026-09-16,CORE,^KS11,SPY,AVAILABLE,0.07913267377491573,0.1562111462376563,0.25348744798037426,-0.041312504645549364,0.1322145507691802,-0.03119707572396846,LOCAL_CURRENCY_ASSET_VS_USD_BENCHMARK_NOT_FX_HEDGED
,NEM,Gold_Miners,121.76000213623047,-0.019566794890130357,-0.05399739115146773,0.05202156181427853,0.19856051018173537,-0.043045087434647744,0.06948201422280309,0.18558347804207997,-0.06700278160503736,0.10651593976772797,0.12741304477292023,-0.09713285729786714,0.22089393978906663,0.04348946808945981,0.6754545454545454,NEUTRAL,2026-09-17,2026-09-16,CORE,SPY,SPY,AVAILABLE,-0.043045087434647744,0.06948201422280309,0.18558347804207997,-0.043045087434647744,0.06948201422280309,0.18558347804207997,LOCAL_CURRENCY_ASSET_VS_USD_BENCHMARK_NOT_FX_HEDGED
,373220.KS,EV,367000.0,0.004103967168262557,-0.010781671159029615,0.02657342657342654,-0.0479896238651103,0.09583768988168051,0.0766200482039352,0.17148653482989373,-0.01742502780238625,0.04600484261501211,0.16009976421374136,-0.0806878306878307,0.051640119714059685,0.007635903233561044,0.6731818181818182,NEUTRAL,2026-09-17,2026-09-16,CORE,^KS11,SPY,AVAILABLE,0.09583768988168051,0.0766200482039352,0.17148653482989373,0.00017063255779037334,0.06304449799257006,-0.13807644635333916,LOCAL_CURRENCY_ASSET_VS_USD_BENCHMARK_NOT_FX_HEDGED
,EWJ,Market_JP,97.01000213623047,0.0009286418591163415,0.00010311480649960458,0.017196176391084395,0.00041250814709492545,0.011055418523319593,0.03465662879960896,-0.012564523992560472,-0.004195929291271494,0.12424240672774037,0.04013122910663804,-0.01872198169255801,0.10017171994224763,0.05323770013786295,0.6695454545454546,NEUTRAL,2026-09-17,2026-09-16,CORE,SPY,SPY,AVAILABLE,0.011055418523319593,0.03465662879960896,-0.012564523992560472,0.011055418523319593,0.03465662879960896,-0.012564523992560472,LOCAL_CURRENCY_ASSET_VS_USD_BENCHMARK_NOT_FX_HEDGED
,QCOM,Semiconductor,184.83999633789062,-0.01576148384327447,0.04784582048431951,0.16015969145855657,-0.1624786128657505,0.0587981242011395,0.17762014386708114,-0.1754556450054059,0.007805897619680369,0.4942098486211948,0.08188297799812919,-0.02270057169217088,0.9988103141549955,0.9666538614748348,0.669090909090909,EMERGING,2026-09-17,2026-09-16,CORE,SPY,SPY,AVAILABLE,0.0587981242011395,0.17762014386708114,-0.1754556450054059,0.0587981242011395,0.17762014386708114,-0.1754556450054059,LOCAL_CURRENCY_ASSET_VS_USD_BENCHMARK_NOT_FX_HEDGED
,AMD,AI_Semiconductor,512.5,0.016461696929830127,-0.0165035041045003,0.05803171927886308,-0.0709352365470497,-0.005551200387680311,0.07549217168738764,-0.0839122686867051,-0.03101143392421607,0.1184526268194685,0.13488591890135876,-0.05827950645683111,0.35020520771690467,0.05096165443672623,0.668409090909091,NEUTRAL,2026-09-17,2026-09-16,CORE,SPY,SPY,AVAILABLE,-0.005551200387680311,0.07549217168738764,-0.0839122686867051,-0.005551200387680311,0.07549217168738764,-0.0839122686867051,LOCAL_CURRENCY_ASSET_VS_USD_BENCHMARK_NOT_FX_HEDGED
,GDX,Gold_Miners,92.80000305175781,-0.014129334329836762,-0.06705537435498754,0.04328281321646199,0.13948919781190772,-0.05610307063816755,0.06074326562498655,0.12651216567225232,-0.07787607765910304,0.07741818689486837,0.1471108823933783,-0.12054581118245711,0.18274301292068612,0.022777899693153917,0.6611363636363636,NEUTRAL,2026-09-17,2026-09-16,CORE,SPY,SPY,AVAILABLE,-0.05610307063816755,0.06074326562498655,0.12651216567225232,-0.05610307063816755,0.06074326562498655,0.12651216567225232,LOCAL_CURRENCY_ASSET_VS_USD_BENCHMARK_NOT_FX_HEDGED
,LITE,AI_Networking,919.4000244140625,0.09588061449253171,-0.07035527253211782,0.05277625011086218,0.028492199553616482,-0.05940296881529783,0.07023670251938674,0.015515167413961084,-0.08354933505983336,0.05732945973931361,0.25228999445692596,-0.15566538677446928,0.26584372729357986,0.011992682914102612,0.6552272727272728,NEUTRAL,2026-09-17,2026-09-16,CORE,SPY,SPY,AVAILABLE,-0.05940296881529783,0.07023670251938674,0.015515167413961084,-0.05940296881529783,0.07023670251938674,0.015515167413961084,LOCAL_CURRENCY_ASSET_VS_USD_BENCHMARK_NOT_FX_HEDGED
,1177.HK,Biotech,5.489999771118164,0.012915072663999494,-0.021390438420732405,0.16105032756557747,0.27263872351507334,-0.04703979883710363,0.17661282449732985,0.21013061491636642,-0.06165302031212677,0.2430017304999978,0.18548020507716248,-0.10179637494429083,1.0601686755044124,0.21099560613352716,0.6543181818181817,NEUTRAL,2026-09-17,2026-09-16,CORE,^HSI,SPY,AVAILABLE,-0.04703979883710363,0.17661282449732985,0.21013061491636642,-0.010438134703912416,0.1773001008067917,0.2183904579064937,LOCAL_CURRENCY_ASSET_VS_USD_BENCHMARK_NOT_FX_HEDGED
,EWH,Market_HK,22.280000686645508,-0.008455657877838196,-0.018069627049884907,-0.006687455037424184,0.04453824502285286,-0.007117323333064918,0.010772997371100379,0.031561212883197465,-0.01639776329052886,0.03916439204132622,0.04677463533615184,-0.04582439731664234,-0.11358755312241607,-0.005599404655154924,0.6395454545454546,NEUTRAL,2026-09-17,2026-09-16,CORE,SPY,SPY,AVAILABLE,-0.007117323333064918,0.010772997371100379,0.031561212883197465,-0.007117323333064918,0.010772997371100379,0.031561212883197465,LOCAL_CURRENCY_ASSET_VS_USD_BENCHMARK_NOT_FX_HEDGED
,SPY,Market_US,754.0499877929688,-0.004409916675517711,-0.010952303716819989,-0.017460452408524563,0.012977032139655398,0.0,0.0,0.0,-0.006587190614688848,0.18152338556583744,0.02438069287655264,-0.024729355173905287,-0.1658767591038498,-0.129999604636122,0.6350000000000001,NEUTRAL,2026-09-17,2026-09-16,CORE,SPY,SPY,AVAILABLE,0.0,0.0,0.0,0.0,0.0,0.0,LOCAL_CURRENCY_ASSET_VS_USD_BENCHMARK_NOT_FX_HEDGED
,HPE,AI_Server,56.68000030517578,0.014316378342323022,-0.03769102144636993,0.01777701028694212,0.17107434955078782,-0.026738717729549943,0.03523746269546668,0.15809731741113242,-0.04213527401810546,0.023050096877321735,0.2320934488093302,-0.1075857672533338,-0.09313548079527179,0.0017655035564566458,0.635,NEUTRAL,2026-09-17,2026-09-16,CORE,SPY,SPY,AVAILABLE,-0.026738717729549943,0.03523746269546668,0.15809731741113242,-0.026738717729549943,0.03523746269546668,0.15809731741113242,LOCAL_CURRENCY_ASSET_VS_USD_BENCHMARK_NOT_FX_HEDGED
,1919.HK,Shipping,16.68000030517578,0.02268552123536316,-0.012433338783976566,-0.018823511460248188,0.2494381894047144,0.011170376830197282,0.008208225909368871,0.16587859300811414,-0.007727460918914519,0.06177599922233203,0.0977461098044661,-0.09637890674393823,-0.2720672322526484,-0.011896547408956003,0.624090909090909,NEUTRAL,2026-09-17,2026-09-16,CORE,^HSI,SPY,AVAILABLE,0.011170376830197282,0.008208225909368871,0.16587859300811414,-0.0014810350671565775,0.01626282026182091,0.2368475694570915,LOCAL_CURRENCY_ASSET_VS_USD_BENCHMARK_NOT_FX_HEDGED
,2359.HK,Biotech,195.10000610351562,0.005670134554204287,0.00983441607290736,-0.03415838562616025,0.495922097376875,0.018507115081208392,-0.023019286705639797,0.42727443486691796,0.01837401247944742,0.10313897867782634,0.09834566822593871,-0.08615683700821986,-0.5345637585924679,-0.0358232453987872,0.6234090909090909,NEUTRAL,2026-09-17,2026-09-16,CORE,^HSI,SPY,AVAILABLE,0.018507115081208392,-0.023019286705639797,0.42727443486691796,0.020786719789727348,-0.031759776611625434,0.5105418562210289,LOCAL_CURRENCY_ASSET_VS_USD_BENCHMARK_NOT_FX_HEDGED
,AEM,Gold_Miners,195.57000732421875,-0.0067546298298253316,-0.03455595471641715,0.04848760110718486,0.17473330170617984,-0.02360365099959716,0.06594805351570943,0.16175626956652445,-0.046677854993213364,0.08689240043334785,0.16201033177476426,-0.13484634178229937,0.17910456543224648,0.02600577386209774,0.6215909090909091,NEUTRAL,2026-09-17,2026-09-16,CORE,SPY,SPY,AVAILABLE,-0.02360365099959716,0.06594805351570943,0.16175626956652445,-0.02360365099959716,0.06594805351570943,0.16175626956652445,LOCAL_CURRENCY_ASSET_VS_USD_BENCHMARK_NOT_FX_HEDGED
,SAN.PA,Biotech,74.20999908447266,-0.01617395221751594,-0.006559543290330261,-0.031959358995539366,0.02372742821617302,0.017178116022614542,0.0019066414892754402,0.031689676874730566,0.0014302964585545808,0.16884936022988084,0.05380843058520768,-0.07195338395627493,-0.2880519070663765,-0.10028758060892777,0.6215909090909091,EMERGING,2026-09-17,2026-09-15,CORE,^STOXX,SPY,AVAILABLE,0.017178116022614542,0.0019066414892754402,0.031689676874730566,0.004629039766716914,-0.012183816267492875,-0.0023994290148787734,LOCAL_CURRENCY_ASSET_VS_USD_BENCHMARK_NOT_FX_HEDGED
,IBB,Biotech,202.39999389648438,0.0019801678043780413,-0.01498432862138721,-0.005645140917125313,0.14356430692748368,-0.004032024904567222,0.01181531149139925,0.13058727478782828,-0.013573043392105882,0.020671723262160165,0.09033786935152359,-0.06890280137181748,-0.1682792896192352,-0.0012917593878667606,0.6190909090909091,NEUTRAL,2026-09-17,2026-09-16,CORE,SPY,SPY,AVAILABLE,-0.004032024904567222,0.01181531149139925,0.13058727478782828,-0.004032024904567222,0.01181531149139925,0.13058727478782828,LOCAL_CURRENCY_ASSET_VS_USD_BENCHMARK_NOT_FX_HEDGED
,JPM,Financials,348.9200134277344,-0.010127881374069392,-0.01632313204258029,-0.03944937803789572,0.05735449482966404,-0.005370828325760302,-0.02198892562937116,0.04437746269000864,-0.00646078753310636,0.24668622021328182,0.044677409100217426,-0.03944937803789572,-0.4134702573172735,-0.21781965771793127,0.6159090909090909,WEAKENING,2026-09-17,2026-09-16,CORE,SPY,SPY,AVAILABLE,-0.005370828325760302,-0.02198892562937116,0.04437746269000864,-0.005370828325760302,-0.02198892562937116,0.04437746269000864,LOCAL_CURRENCY_ASSET_VS_USD_BENCHMARK_NOT_FX_HEDGED
,EWU,Market_EU,47.459999084472656,-0.007112974017043028,-0.007735787840631003,-0.014534899608747986,0.038739341452485476,0.0032165158761889856,0.0029255527997765762,0.02576230931283008,-0.004102062938444007,0.13944237034019955,0.028072481301792403,-0.03907674284321383,-0.1478229854829421,-0.07219813711199266,0.6150000000000001,NEUTRAL,2026-09-17,2026-09-16,CORE,SPY,SPY,AVAILABLE,0.0032165158761889856,0.0029255527997765762,0.02576230931283008,0.0032165158761889856,0.0029255527997765762,0.02576230931283008,LOCAL_CURRENCY_ASSET_VS_USD_BENCHMARK_NOT_FX_HEDGED
,XLF,Financials,55.93000030517578,-0.016182905780799728,-0.019803733629844777,-0.0330221272886122,0.041526992747741964,-0.008851429913024789,-0.01556167488008764,0.028549960608086566,-0.011548201807691727,0.22339181495281152,0.038729265575766766,-0.04491121937225173,-0.33216431815686054,-0.19047283337129992,0.6138636363636364,WEAKENING,2026-09-17,2026-09-16,CORE,SPY,SPY,AVAILABLE,-0.008851429913024789,-0.01556167488008764,0.028549960608086566,-0.008851429913024789,-0.01556167488008764,0.028549960608086566,LOCAL_CURRENCY_ASSET_VS_USD_BENCHMARK_NOT_FX_HEDGED
,GOOGL,Cloud_AI,342.8699951171875,-0.006116342402297192,0.036957512312940866,-0.0032237942400040742,-0.01884471809073729,0.047909816029760854,0.014236658168520488,-0.03182175023039269,0.037763460872941884,0.013659709814338165,0.0650985006706165,-0.04940952301405588,-0.11565112556713439,-0.0006764532725938351,0.6074999999999999,EMERGING,2026-09-17,2026-09-16,CORE,SPY,SPY,AVAILABLE,0.047909816029760854,0.014236658168520488,-0.03182175023039269,0.047909816029760854,0.014236658168520488,-0.03182175023039269,LOCAL_CURRENCY_ASSET_VS_USD_BENCHMARK_NOT_FX_HEDGED
,ACWI,Market_Global,157.61000061035156,-0.0037294333076608455,-0.015860089809148437,-0.015429792556536315,0.0001269387202602612,-0.004907786092328448,0.002030659851988248,-0.012850093419395137,-0.012002641670014358,0.15088560493500344,0.026168984809915682,-0.026738309038999653,-0.148691937416369,-0.08896537641125622,0.590909090909091,NEUTRAL,2026-09-17,2026-09-16,CORE,SPY,SPY,AVAILABLE,-0.004907786092328448,0.002030659851988248,-0.012850093419395137,-0.004907786092328448,0.002030659851988248,-0.012850093419395137,LOCAL_CURRENCY_ASSET_VS_USD_BENCHMARK_NOT_FX_HEDGED
,VT,Market_Global,157.41000366210938,-0.00392327483374455,-0.01551063691916943,-0.016556253510589203,-0.0009519795557790811,-0.0045583332023494405,0.0009041988979353599,-0.013929011695434479,-0.011371573541522129,0.16050802124210492,0.02599119711501818,-0.02689163570998221,-0.15825256573971574,-0.10224275082088566,0.5902272727272728,NEUTRAL,2026-09-17,2026-09-16,CORE,SPY,SPY,AVAILABLE,-0.0045583332023494405,0.0009041988979353599,-0.013929011695434479,-0.0045583332023494405,0.0009041988979353599,-0.013929011695434479,LOCAL_CURRENCY_ASSET_VS_USD_BENCHMARK_NOT_FX_HEDGED
,RSP,Factor_Breadth,212.27999877929688,-0.00785197177908592,-0.01099515755247149,-0.034168955531378886,0.012737933119463252,-4.2853835651501804e-05,-0.016708503122854323,-0.00023909902019214613,-0.002452918669626769,0.3046649783993815,0.02838527475969514,-0.04425735808402209,-0.3130377394732196,-0.36674241088123893,0.5902272727272728,WEAKENING,2026-09-17,2026-09-16,CORE,SPY,SPY,AVAILABLE,-4.2853835651501804e-05,-0.016708503122854323,-0.00023909902019214613,-4.2853835651501804e-05,-0.016708503122854323,-0.00023909902019214613,LOCAL_CURRENCY_ASSET_VS_USD_BENCHMARK_NOT_FX_HEDGED
,1093.HK,Biotech,8.805000305175781,0.012069022783060657,-0.03241758944259521,0.013816911889611427,0.31614343830782543,-0.05076127450406975,0.020197916453971287,0.26073850325522585,-0.035871817414998064,0.029411716582211228,0.14124291615692064,-0.10170372407588868,-0.03660044074073451,0.002877164445451901,0.5902272727272726,NEUTRAL,2026-09-17,2026-09-16,CORE,^HSI,SPY,AVAILABLE,-0.05076127450406975,0.020197916453971287,0.26073850325522585,-0.02146528572577522,0.01802864721904085,0.2968032124774429,LOCAL_CURRENCY_ASSET_VS_USD_BENCHMARK_NOT_FX_HEDGED
,VRTX,Biotech,513.260009765625,-0.0026620972430464462,-0.015082870404531268,-0.028266329553326752,0.0995522619808411,-0.004130566687711279,-0.01080587714480219,0.08657522984118571,-0.00801628801619958,0.11333790182197442,0.07471536233254181,-0.08011328849152177,-0.343753274730459,-0.042878015762324605,0.5893181818181819,WEAKENING,2026-09-17,2026-09-16,CORE,SPY,SPY,AVAILABLE,-0.004130566687711279,-0.01080587714480219,0.08657522984118571,-0.004130566687711279,-0.01080587714480219,0.08657522984118571,LOCAL_CURRENCY_ASSET_VS_USD_BENCHMARK_NOT_FX_HEDGED
,EEM,Market_EM,65.72000122070312,-0.0006082864085751316,-0.04030376753699472,0.005815808143719403,-0.07709588448747262,-0.029351463820174728,0.023276260552243966,-0.09007291662712802,-0.04175771957292457,0.03130184714080301,0.05314363030207116,-0.045183793805282035,0.0033329737786101377,0.0034255382344071292,0.5859090909090909,NEUTRAL,2026-09-17,2026-09-16,CORE,SPY,SPY,AVAILABLE,-0.029351463820174728,0.023276260552243966,-0.09007291662712802,-0.029351463820174728,0.023276260552243966,-0.09007291662712802,LOCAL_CURRENCY_ASSET_VS_USD_BENCHMARK_NOT_FX_HEDGED
,XBI,Biotech,154.17999267578125,0.0009737966478808868,-0.03262650299737835,-0.03703708645284287,0.05704094358024592,-0.02167419928055836,-0.01957663404431831,0.04406391144059052,-0.02336723138416763,0.12239439232380507,0.09537633642974917,-0.09153644348636913,-0.4216068343209982,-0.04752889300983877,0.5811363636363637,WEAKENING,2026-09-17,2026-09-16,CORE,SPY,SPY,AVAILABLE,-0.02167419928055836,-0.01957663404431831,0.04406391144059052,-0.02167419928055836,-0.01957663404431831,0.04406391144059052,LOCAL_CURRENCY_ASSET_VS_USD_BENCHMARK_NOT_FX_HEDGED
,BNTX,Biotech,95.83000183105469,-0.008894410886717274,-0.02343825014509693,0.03320756691164073,0.06253464061399239,-0.01248594642827694,0.05066801932016529,0.04955760847433699,-0.03174014187300711,0.049232755754789165,0.2592000891507462,-0.17791882918474777,0.16435223002339097,0.006307482517958538,0.5811363636363636,NEUTRAL,2026-09-17,2026-09-16,CORE,SPY,SPY,AVAILABLE,-0.01248594642827694,0.05066801932016529,0.04955760847433699,-0.01248594642827694,0.05066801932016529,0.04955760847433699,LOCAL_CURRENCY_ASSET_VS_USD_BENCHMARK_NOT_FX_HEDGED
,FCX,Copper,69.23999786376953,-0.002017863868415515,-0.09169625062765108,0.04402892313603557,0.00286169621222232,-0.08074394691083109,0.06148937554456013,-0.010115335927433078,-0.10270348141165997,0.082532405500579,0.1475666506930249,-0.13352528230954397,0.2315179273191657,0.024624892690533043,0.5777272727272728,NEUTRAL,2026-09-17,2026-09-16,CORE,SPY,SPY,AVAILABLE,-0.08074394691083109,0.06148937554456013,-0.010115335927433078,-0.08074394691083109,0.06148937554456013,-0.010115335927433078,LOCAL_CURRENCY_ASSET_VS_USD_BENCHMARK_NOT_FX_HEDGED
,QQQ,Factor_Growth,704.719970703125,0.000255475461144572,-0.016180183014297134,-0.017825589731741642,-0.04503020659153212,-0.005227879297477145,-0.0003651373232170796,-0.058007238731187516,-0.011723785581361723,0.153302538996487,0.033058446526323976,-0.022978474380909275,-0.1751445010623743,-0.08266293344454902,0.5768181818181819,WEAKENING,2026-09-17,2026-09-16,CORE,SPY,SPY,AVAILABLE,-0.005227879297477145,-0.0003651373232170796,-0.058007238731187516,-0.005227879297477145,-0.0003651373232170796,-0.058007238731187516,LOCAL_CURRENCY_ASSET_VS_USD_BENCHMARK_NOT_FX_HEDGED
,1801.HK,Biotech,94.0999984741211,-0.009473700272409569,-0.04175151325393689,-0.04223920128121028,0.23006533953099462,-0.026224304465747417,0.01448967145216995,0.2229716506045607,-0.03119171293363432,0.09963988892774313,0.13477325419447983,-0.1479963528993713,-0.4923156042764818,-0.031228075252847622,0.5738636363636365,NEUTRAL,2026-09-17,2026-09-16,CORE,^HSI,SPY,AVAILABLE,-0.026224304465747417,0.01448967145216995,0.2229716506045607,-0.0307992095371169,-0.008923438036371412,0.22592971691788089,LOCAL_CURRENCY_ASSET_VS_USD_BENCHMARK_NOT_FX_HEDGED
,1810.HK,Consumer_Tech,26.18000030517578,-0.012075460182045972,-0.007581457996718499,-0.04591837479441607,0.15738281758892425,0.010070088392199361,0.043784655167428466,0.07938931934211402,0.003898135701885519,0.10517533202281368,0.11329039144765932,-0.10682289223191199,-0.494186013790831,-0.04262921376860059,0.5713636363636364,EMERGING,2026-09-17,2026-09-16,CORE,^HSI,SPY,AVAILABLE,0.010070088392199361,0.043784655167428466,0.07938931934211402,0.0033708457201014896,0.017460452408524563,0.055304373742264046,LOCAL_CURRENCY_ASSET_VS_USD_BENCHMARK_NOT_FX_HEDGED
,TSLA,EV,358.0799865722656,0.004206629806734918,-0.026453905687482293,0.06296194900854779,-0.1159609989785031,-0.015501601970662304,0.08042240141707235,-0.1289380311181585,-0.04219439293961924,0.11968846271546012,0.14408040455480697,-0.05922365978717725,0.34435694271010653,0.052302871509051815,0.5706818181818182,NEUTRAL,2026-09-17,2026-09-16,CORE,SPY,SPY,AVAILABLE,-0.015501601970662304,0.08042240141707235,-0.1289380311181585,-0.015501601970662304,0.08042240141707235,-0.1289380311181585,LOCAL_CURRENCY_ASSET_VS_USD_BENCHMARK_NOT_FX_HEDGED
,TSM,Foundry,417.7200012207031,0.009595169113481905,-0.04051815675392101,0.010425479597529153,-0.10680610424630033,-0.02956585303710102,0.027885932006053715,-0.11978313638595572,-0.0431245266533033,0.03843750442264,0.07483223135361636,-0.05751708428246016,0.021746086459181538,0.00535503767413457,0.5661363636363637,NEUTRAL,2026-09-17,2026-09-16,CORE,SPY,SPY,AVAILABLE,-0.02956585303710102,0.027885932006053715,-0.11978313638595572,-0.02956585303710102,0.027885932006053715,-0.11978313638595572,LOCAL_CURRENCY_ASSET_VS_USD_BENCHMARK_NOT_FX_HEDGED
,FXI,Market_CN,33.91999816894531,-0.013953585338433494,-0.018234474154183333,-0.03251577751546142,0.014657429234114172,-0.0072821704373633445,-0.015055325106936857,0.0016803970944587743,-0.010105529775317978,0.19723203944046805,0.04687319905764813,-0.05462661206305475,-0.3196746281079173,-0.13681918969259171,0.5613636363636364,WEAKENING,2026-09-17,2026-09-16,CORE,SPY,SPY,AVAILABLE,-0.0072821704373633445,-0.015055325106936857,0.0016803970944587743,-0.0072821704373633445,-0.015055325106936857,0.0016803970944587743,LOCAL_CURRENCY_ASSET_VS_USD_BENCHMARK_NOT_FX_HEDGED
,051910.KS,EV,271000.0,-0.0018416206261510082,-0.0491228070175439,0.018796992481203034,-0.16099071207430338,0.052612757632357954,0.039006364564373674,0.07115630026461117,-0.05382205513784466,0.034013605442176874,0.16071538272452834,-0.0662020905923345,-0.08589860176521102,0.003978172312547574,0.5611363636363637,NEUTRAL,2026-09-17,2026-09-16,CORE,^KS11,SPY,AVAILABLE,0.052612757632357954,0.039006364564373674,0.07115630026461117,-0.03817050330072391,0.01930888124401442,-0.2695954640392543,LOCAL_CURRENCY_ASSET_VS_USD_BENCHMARK_NOT_FX_HEDGED
,6981.T,MLCC,7633.0,0.03162589539126914,0.07084736251402912,0.04119492565816407,-0.3768979591836734,0.08089006595378045,0.04600702537904611,-0.26130202496836186,0.060548631099488104,0.07684478371501273,0.15407486939879322,-0.0783464566929134,0.0009789152090414754,0.020545953825630445,0.5602272727272728,EMERGING,2026-09-17,2026-09-16,CORE,^N225,SPY,AVAILABLE,0.08089006595378045,0.04600702537904611,-0.26130202496836186,0.08179966623084911,0.03573686649603791,-0.3177569217683981,LOCAL_CURRENCY_ASSET_VS_USD_BENCHMARK_NOT_FX_HEDGED
,F,Auto,13.350000381469727,-0.011111082854094345,-0.007434901800260629,-0.04163674881547219,-0.04361549605670878,0.0035174019165593595,-0.02417629640694763,-0.05659252819636418,0.0029742854036074184,0.10701109218620233,0.10901755075590232,-0.08686727182151344,-0.4251014493611285,-0.0408704280634833,0.5597727272727273,WEAKENING,2026-09-17,2026-09-16,CORE,SPY,SPY,AVAILABLE,0.0035174019165593595,-0.02417629640694763,-0.05659252819636418,0.0035174019165593595,-0.02417629640694763,-0.05659252819636418,LOCAL_CURRENCY_ASSET_VS_USD_BENCHMARK_NOT_FX_HEDGED
,012450.KS,Defense,1055000.0,-0.007525870178739402,0.00764087870105068,-0.10365335598980463,-0.06222222222222218,0.08211075611769825,-0.0371163220769376,0.21531719216305956,0.03355421769850184,0.20962199312714777,0.15238345431496897,-0.1291418861512319,-0.9878343190893862,-0.14258781030117543,0.5545454545454545,NEUTRAL,2026-09-17,2026-09-16,CORE,^KS11,SPY,AVAILABLE,0.08211075611769825,-0.0371163220769376,0.21531719216305956,0.01859318241787067,-0.06194617935412816,-0.15835988023971415,LOCAL_CURRENCY_ASSET_VS_USD_BENCHMARK_NOT_FX_HEDGED
,VGK,Market_EU,88.62999725341797,-0.0037095529951762796,-0.017514708425782954,-0.03189520154017933,0.004305917885756072,-0.006562404708962966,-0.014434749131654767,-0.008671114253899326,-0.009540908040738122,0.28910952866197775,0.027898453132980443,-0.04893234326134299,-0.285942954819027,-0.3305275256626716,0.553409090909091,WEAKENING,2026-09-17,2026-09-16,CORE,SPY,SPY,AVAILABLE,-0.006562404708962966,-0.014434749131654767,-0.008671114253899326,-0.006562404708962966,-0.014434749131654767,-0.008671114253899326,LOCAL_CURRENCY_ASSET_VS_USD_BENCHMARK_NOT_FX_HEDGED
,REGN,Biotech,774.6099853515625,0.0006459030492584894,-0.04090885663808408,-0.0439746313589211,0.266146063209882,-0.02995655292126409,-0.02651417895039654,0.2531690310702266,-0.029915198798353804,0.13551134372027226,0.08655615677715349,-0.09145222734651126,-0.5162107242806802,-0.06884618734162555,0.5531818181818182,WEAKENING,2026-09-17,2026-09-16,CORE,SPY,SPY,AVAILABLE,-0.02995655292126409,-0.02651417895039654,0.2531690310702266,-0.02995655292126409,-0.02651417895039654,0.2531690310702266,LOCAL_CURRENCY_ASSET_VS_USD_BENCHMARK_NOT_FX_HEDGED
,EWG,Market_EU,42.43000030517578,-0.002351245638167576,-0.014172876333083284,-0.028617215917278394,0.021425117237196867,-0.0032205726162632953,-0.01115676350875383,0.008448085097541469,-0.007018572353763686,0.24177922593459977,0.032670608078862254,-0.04844135097601587,-0.2685713184528486,-0.211782048751014,0.5479545454545455,WEAKENING,2026-09-17,2026-09-16,CORE,SPY,SPY,AVAILABLE,-0.0032205726162632953,-0.01115676350875383,0.008448085097541469,-0.0032205726162632953,-0.01115676350875383,0.008448085097541469,LOCAL_CURRENCY_ASSET_VS_USD_BENCHMARK_NOT_FX_HEDGED
,SCCO,Copper,189.8800048828125,0.002587282827726911,-0.09261201439719213,0.011075621923613221,0.017433266992370244,-0.08165971068037214,0.028536074332137784,0.0044562348527148465,-0.09538091987809544,0.02087517544014132,0.15271347407131844,-0.14269454383338986,-0.01843002162521057,0.0015139826539217265,0.5461363636363636,NEUTRAL,2026-09-17,2026-09-16,CORE,SPY,SPY,AVAILABLE,-0.08165971068037214,0.028536074332137784,0.0044562348527148465,-0.08165971068037214,0.028536074332137784,0.0044562348527148465,LOCAL_CURRENCY_ASSET_VS_USD_BENCHMARK_NOT_FX_HEDGED
,FEZ,Market_EU,68.27999877929688,-0.00495488128353494,-0.020513560808442244,-0.042893155532284566,-0.003793436427742547,-0.009561257091622255,-0.025432703123760003,-0.016770468567397945,-0.009790271925371102,0.4005224727179766,0.028018053711766393,-0.04915748362777139,-0.3826279092942146,-0.6131643865488287,0.5443181818181818,WEAKENING,2026-09-17,2026-09-16,CORE,SPY,SPY,AVAILABLE,-0.009561257091622255,-0.025432703123760003,-0.016770468567397945,-0.009561257091622255,-0.025432703123760003,-0.016770468567397945,LOCAL_CURRENCY_ASSET_VS_USD_BENCHMARK_NOT_FX_HEDGED
,NOVN.SW,Biotech,114.27999877929688,0.0038650953580521286,0.023464042909364213,-0.08983751989986266,-0.0740560648618469,0.03594115577542534,-0.04296558895819014,-0.0506793803248754,0.04592342288432988,0.27220072670715056,0.15860101729954507,-0.14971065005784212,-0.7817543376853333,-0.1541846238988838,0.5422727272727272,WEAKENING,2026-09-17,2026-09-16,CORE,^SSMI,SPY,AVAILABLE,0.03594115577542534,-0.04296558895819014,-0.0506793803248754,0.0344163466261842,-0.0723770674913381,-0.06286063756776539,LOCAL_CURRENCY_ASSET_VS_USD_BENCHMARK_NOT_FX_HEDGED
,NVDA,AI_Semiconductor,213.89999389648438,0.008153818836165172,-0.0426103497917949,-0.025487694115692405,0.02630889590463359,-0.03165804607497491,-0.008027241707167843,0.013331863764978191,-0.0362384262628718,0.06253032627447101,0.12811805027295958,-0.08319125220101142,-0.2847142943379423,-0.012439729028365775,0.5293181818181818,WEAKENING,2026-09-17,2026-09-16,CORE,SPY,SPY,AVAILABLE,-0.03165804607497491,-0.008027241707167843,0.013331863764978191,-0.03165804607497491,-0.008027241707167843,0.013331863764978191,LOCAL_CURRENCY_ASSET_VS_USD_BENCHMARK_NOT_FX_HEDGED
,INTC,Semiconductor,101.05000305175781,0.04025122181054952,-0.048851608776073197,0.045092569037773034,-0.2830282297336565,-0.03789930505925321,0.0625530214462976,-0.2960052618733119,-0.060124751035516455,0.08229522389495454,0.16325848333198967,-0.09752818354607373,0.14072050514376555,0.02273023115996995,0.5281818181818182,NEUTRAL,2026-09-17,2026-09-16,CORE,SPY,SPY,AVAILABLE,-0.03789930505925321,0.0625530214462976,-0.2960052618733119,-0.03789930505925321,0.0625530214462976,-0.2960052618733119,LOCAL_CURRENCY_ASSET_VS_USD_BENCHMARK_NOT_FX_HEDGED
,7013.T,Defense,2779.5,0.002524797114517474,-0.007498660953401126,0.0023440317345835293,-0.013136872004260614,0.07674609022269341,-0.013019267025717651,0.09319890026521238,-0.008084668887047008,0.005148514851485149,0.13222726735681647,-0.06238730616660659,-0.052371391078052706,9.126923999184998e-05,0.5245454545454545,WEAKENING,2026-09-17,2026-09-16,CORE,^N225,SPY,AVAILABLE,0.07674609022269341,-0.013019267025717651,0.09319890026521238,0.0034536427634188627,-0.05216297855381857,-0.06726209762132362,LOCAL_CURRENCY_ASSET_VS_USD_BENCHMARK_NOT_FX_HEDGED
,000660.KS,Memory,1759000.0,0.040828402366863914,-0.05226293103448276,0.17292089727115023,-0.39726571424484014,-0.01038841978599736,0.052377135421177945,-0.12053284075132575,-0.09549315535227032,0.24544528611233002,0.19709026315647235,-0.08943965517241381,1.054135633176036,0.21534609790348996,0.5227272727272727,NEUTRAL,2026-09-17,2026-09-16,CORE,^KS11,SPY,AVAILABLE,-0.01038841978599736,0.052377135421177945,-0.12053284075132575,-0.041310627317662774,0.07605332730815306,-0.3223977043554286,LOCAL_CURRENCY_ASSET_VS_USD_BENCHMARK_NOT_FX_HEDGED
,SMCI,AI_Server,36.849998474121094,0.03395059217717322,-0.05342927857049484,-0.014969296326520998,0.0391990813744012,-0.042476974853674854,0.002491156082003565,0.026222049234745803,-0.04968695448886459,0.021439569669291048,0.19438816543020365,-0.11475407661439829,-0.37488658346835774,-0.0016510021110721549,0.5215909090909091,NEUTRAL,2026-09-17,2026-09-16,CORE,SPY,SPY,AVAILABLE,-0.042476974853674854,0.002491156082003565,0.026222049234745803,-0.042476974853674854,0.002491156082003565,0.026222049234745803,LOCAL_CURRENCY_ASSET_VS_USD_BENCHMARK_NOT_FX_HEDGED
,AMZN,Cloud_AI,245.9600067138672,-0.00990255000889717,-0.025515005302489735,-0.051994622695949455,0.05657465444206844,-0.014562701585669746,-0.03453417028742489,0.04359762230241304,-0.012516349628502371,0.18938674521354934,0.07677692853180602,-0.07683063665742762,-0.49642828341790124,-0.12825587776558553,0.5197727272727273,WEAKENING,2026-09-17,2026-09-16,CORE,SPY,SPY,AVAILABLE,-0.014562701585669746,-0.03453417028742489,0.04359762230241304,-0.014562701585669746,-0.03453417028742489,0.04359762230241304,LOCAL_CURRENCY_ASSET_VS_USD_BENCHMARK_NOT_FX_HEDGED
,0700.HK,Internet_AI,433.3999938964844,-0.01230627631428316,-0.0013825025426627002,-0.030858716310048218,0.044840903208509975,0.033480771680177934,0.023424149823433216,-0.024416496557985612,0.006332176534849354,0.12568327577701036,0.06855295184711999,-0.0687089581979965,-0.30572737991587917,-0.05657560247397656,0.5170454545454546,NEUTRAL,2026-09-17,2026-09-16,CORE,^HSI,SPY,AVAILABLE,0.033480771680177934,0.023424149823433216,-0.024416496557985612,0.009569801174157289,-0.002883128342305863,-0.025236779009456423,LOCAL_CURRENCY_ASSET_VS_USD_BENCHMARK_NOT_FX_HEDGED
,4519.T,Biotech,6446.0,-0.00830769230769235,-0.004632489190858569,-0.06376180101670292,-0.1353707763437525,0.022452733068280217,0.00826813062514864,-0.022365121150015987,0.011307961063317162,0.281590763309814,0.06369668864022072,-0.09674693705111959,-0.5993248904096662,-0.281878612555763,0.5165909090909091,NEUTRAL,2026-09-17,2026-09-16,CORE,^N225,SPY,AVAILABLE,0.022452733068280217,0.00826813062514864,-0.022365121150015987,0.00631981452596142,-0.04110534283026612,-0.17012577893077263,LOCAL_CURRENCY_ASSET_VS_USD_BENCHMARK_NOT_FX_HEDGED
,IWM,Factor_SmallCap,283.9200134277344,-0.004278604047233903,-0.020569997546027285,-0.051855169679718593,-0.04533657728692053,-0.009617693829207297,-0.03439471727119403,-0.05831360942657593,-0.007606205126097637,0.3828144690641333,0.03432513527756469,-0.05653733503457958,-0.4693437538414659,-0.578319913050621,0.5136363636363637,WEAKENING,2026-09-17,2026-09-16,CORE,SPY,SPY,AVAILABLE,-0.009617693829207297,-0.03439471727119403,-0.05831360942657593,-0.009617693829207297,-0.03439471727119403,-0.05831360942657593,LOCAL_CURRENCY_ASSET_VS_USD_BENCHMARK_NOT_FX_HEDGED
,6645.T,Industrials,6112.0,0.034354374682687316,0.012423389100546522,-0.05034182722187697,0.0018029831175216948,0.01547878234050215,-0.07842500260278751,0.07231505180636433,0.025008845906015764,0.17841409691629956,0.09242827328631863,-0.11289596156733228,-0.5193323763665493,-0.09717472069487475,0.5131818181818182,NEUTRAL,2026-09-17,2026-09-16,CORE,^N225,SPY,AVAILABLE,0.01547878234050215,-0.07842500260278751,0.07231505180636433,0.02337569281736651,-0.09027677386884769,0.0672564991708875,LOCAL_CURRENCY_ASSET_VS_USD_BENCHMARK_NOT_FX_HEDGED
,6861.T,Industrials,75625.0,0.003172117286987408,-0.004981670282174,-0.0470809915201037,-0.0267983344176288,0.013021296595561505,-0.04173027528394524,0.08274101176626258,0.006788577597851925,0.20706798904264268,0.07217072826847275,-0.0956251644261904,-0.4538787148820418,-0.13508199889483935,0.510909090909091,WEAKENING,2026-09-17,2026-09-16,CORE,^N225,SPY,AVAILABLE,0.013021296595561505,-0.04173027528394524,0.08274101176626258,0.005970633434645989,-0.08036432670999616,-0.016319717264801747,LOCAL_CURRENCY_ASSET_VS_USD_BENCHMARK_NOT_FX_HEDGED
,EWY,Market_KR,175.5399932861328,-0.005382810229829449,-0.07988261657761309,0.03228456416260128,-0.19852072933136733,-0.0689303128607931,0.049745016571125844,-0.21149776147102273,-0.0879537576182634,0.0744607271982235,0.12205800228670582,-0.07988261657761309,0.12345865327844491,0.01969499811391576,0.5063636363636363,NEUTRAL,2026-09-17,2026-09-16,CORE,SPY,SPY,AVAILABLE,-0.0689303128607931,0.049745016571125844,-0.21149776147102273,-0.0689303128607931,0.049745016571125844,-0.21149776147102273,LOCAL_CURRENCY_ASSET_VS_USD_BENCHMARK_NOT_FX_HEDGED
,MRVL,AI_Networking,229.7100067138672,0.03612994982356721,-0.02255218040445761,0.06347225330494077,-0.25366502575785277,-0.011599876687637622,0.08093270571346534,-0.26664205789750817,-0.038420243730692805,0.07408011726190677,0.22452613300715282,-0.17740328972472108,0.23387558480299142,0.020942025343471567,0.504090909090909,NEUTRAL,2026-09-17,2026-09-16,CORE,SPY,SPY,AVAILABLE,-0.011599876687637622,0.08093270571346534,-0.26664205789750817,-0.011599876687637622,0.08093270571346534,-0.26664205789750817,LOCAL_CURRENCY_ASSET_VS_USD_BENCHMARK_NOT_FX_HEDGED
,GD,Defense,360.0,0.003904054301884896,0.020784263739983766,-0.08508694228813418,0.053076709445944115,0.031736567456803755,-0.06762648987960962,0.04009967730628872,0.04205599931201731,0.5346539430419444,0.04324788582193635,-0.10371555458762993,-0.7560412538695187,-1.0518911695021782,0.495,WEAKENING,2026-09-17,2026-09-16,CORE,SPY,SPY,AVAILABLE,0.031736567456803755,-0.06762648987960962,0.04009967730628872,0.031736567456803755,-0.06762648987960962,0.04009967730628872,LOCAL_CURRENCY_ASSET_VS_USD_BENCHMARK_NOT_FX_HEDGED
,ROBO,Industrials,77.55999755859375,0.0040129133798543215,-0.018848898616594445,-0.052065535958440545,-0.1049048333204049,-0.007896594899774456,-0.03460508354991598,-0.1178818654600603,-0.005832514626984309,0.2699622639684961,0.053167592280289444,-0.060104663519483514,-0.48097979232913823,-0.26436649393439926,0.49227272727272725,WEAKENING,2026-09-17,2026-09-16,CORE,SPY,SPY,AVAILABLE,-0.007896594899774456,-0.03460508354991598,-0.1178818654600603,-0.007896594899774456,-0.03460508354991598,-0.1178818654600603,LOCAL_CURRENCY_ASSET_VS_USD_BENCHMARK_NOT_FX_HEDGED
,AIR.PA,Defense,194.8000030517578,-0.0010256253756009137,-0.029397080150459165,-0.09078178272225057,0.02785984941044095,-0.005659420837514362,-0.056915782237435764,0.0358220980689985,-0.0067016344698965225,0.4627644647136537,0.05597350435862937,-0.09078178272225057,-0.8352133899631684,-0.750544093470481,0.49090909090909096,WEAKENING,2026-09-17,2026-09-15,CORE,^STOXX,SPY,AVAILABLE,-0.005659420837514362,-0.056915782237435764,0.0358220980689985,-0.01820849709341199,-0.07100623999420408,0.000638467720273761,LOCAL_CURRENCY_ASSET_VS_USD_BENCHMARK_NOT_FX_HEDGED
,MCHI,Market_CN,52.310001373291016,-0.01133998253357471,-0.019310063298657587,-0.0471766863497628,-0.010404828428110968,-0.008357759581837598,-0.029716233941238235,-0.023381860567766366,-0.007515891711216888,0.34395775359268227,0.03586612821197367,-0.06018682147511456,-0.42776396988852894,-0.4524265056687597,0.48750000000000004,WEAKENING,2026-09-17,2026-09-16,CORE,SPY,SPY,AVAILABLE,-0.008357759581837598,-0.029716233941238235,-0.023381860567766366,-0.008357759581837598,-0.029716233941238235,-0.023381860567766366,LOCAL_CURRENCY_ASSET_VS_USD_BENCHMARK_NOT_FX_HEDGED
,EWQ,Market_EU,44.150001525878906,-0.0031609705747229766,-0.016484693112742033,-0.05561494062291106,-0.023446086707792135,-0.005532389395922044,-0.038154488214386495,-0.03642311884744753,-0.0025809579570142682,0.5199989013688638,0.029416470937215607,-0.06382524027294656,-0.4752876545722968,-0.9831127630956304,0.48363636363636364,WEAKENING,2026-09-17,2026-09-16,CORE,SPY,SPY,AVAILABLE,-0.005532389395922044,-0.038154488214386495,-0.03642311884744753,-0.005532389395922044,-0.038154488214386495,-0.03642311884744753,LOCAL_CURRENCY_ASSET_VS_USD_BENCHMARK_NOT_FX_HEDGED
,ABBN.SW,Power_Grid,78.26000213623047,0.02060513595157154,-0.0007660566755303133,-0.02855009299982192,-0.09105686964962112,-0.035405219316158254,-0.0416384855575449,-0.13128393768208368,0.006371466574425166,0.10026137500078988,0.08592820725216228,-0.06841196203844069,-0.28524651031481363,-0.03331236240228369,0.4811363636363637,WEAKENING,2026-09-17,2026-09-16,CORE,^SSMI,SPY,AVAILABLE,-0.035405219316158254,-0.0416384855575449,-0.13128393768208368,0.010186247041289676,-0.011089640591297356,-0.12928231337623763,LOCAL_CURRENCY_ASSET_VS_USD_BENCHMARK_NOT_FX_HEDGED
,207940.KS,Biotech,1409000.0,-0.0021246458923512845,-0.029614325068870517,-0.08743523316062174,0.08803088803088799,0.02761275763235793,-0.04241746893939502,0.29555833983292557,-0.0077555167787150825,0.31322505800464034,0.0886862637662317,-0.11882426516572853,-0.7861583472554114,-0.3088066270394951,0.47659090909090907,WEAKENING,2026-09-17,2026-09-16,CORE,^KS11,SPY,AVAILABLE,0.02761275763235793,-0.04241746893939502,0.29555833983292557,-0.01866202135205053,-0.06222602701668767,0.008179168469794051,LOCAL_CURRENCY_ASSET_VS_USD_BENCHMARK_NOT_FX_HEDGED
,LLY,Pharma,1137.8199462890625,0.0015051015830751524,0.012106266466642035,-0.07172055475551675,0.03390905702737124,0.023058570183462024,-0.05426010234699219,0.02093202488771584,0.030036405155521223,0.3196613580566395,0.07563218330555238,-0.12859085793120018,-0.6654253699186762,-0.303128759897124,0.47340909090909095,WEAKENING,2026-09-17,2026-09-16,CORE,SPY,SPY,AVAILABLE,0.023058570183462024,-0.05426010234699219,0.02093202488771584,0.023058570183462024,-0.05426010234699219,0.02093202488771584,LOCAL_CURRENCY_ASSET_VS_USD_BENCHMARK_NOT_FX_HEDGED
,COPX,Copper,84.19000244140625,-0.004728619385283128,-0.11630098238768583,-0.016127115324758412,-0.004875724353975763,-0.10534867867086584,0.0013333370837661507,-0.01785275649363116,-0.11226920355649622,0.0362584911148365,0.12571668498198832,-0.12711244058841187,-0.24307556288356097,-0.004651290859240155,0.4720454545454545,NEUTRAL,2026-09-17,2026-09-16,CORE,SPY,SPY,AVAILABLE,-0.10534867867086584,0.0013333370837661507,-0.01785275649363116,-0.10534867867086584,0.0013333370837661507,-0.01785275649363116,LOCAL_CURRENCY_ASSET_VS_USD_BENCHMARK_NOT_FX_HEDGED
,DLR,AI_Infrastructure,181.07000732421875,0.010040737484571682,-0.035796488173507446,-0.0662657883223855,-0.06765058334477825,-0.024844184456687457,-0.04880533591386094,-0.08062761548443365,-0.01923004109291107,0.24852110119899548,0.08145010160037788,-0.08250962328346745,-0.6368051306238225,-0.20219062176863356,0.4681818181818181,WEAKENING,2026-09-17,2026-09-16,CORE,SPY,SPY,AVAILABLE,-0.024844184456687457,-0.04880533591386094,-0.08062761548443365,-0.024844184456687457,-0.04880533591386094,-0.08062761548443365,LOCAL_CURRENCY_ASSET_VS_USD_BENCHMARK_NOT_FX_HEDGED
,CEG,Nuclear_Power,259.5299987792969,-0.001385262414285604,-0.11695956224893389,-0.027358198704521164,-0.056621905377089776,-0.1060072585321139,-0.009897746295996601,-0.06959893751674517,-0.1101200125728036,0.07330771305285869,0.11395330395358261,-0.1321517827348364,-0.30120597572481345,-0.017599901983456918,0.4665909090909091,WEAKENING,2026-09-17,2026-09-16,CORE,SPY,SPY,AVAILABLE,-0.1060072585321139,-0.009897746295996601,-0.06959893751674517,-0.1060072585321139,-0.009897746295996601,-0.06959893751674517,LOCAL_CURRENCY_ASSET_VS_USD_BENCHMARK_NOT_FX_HEDGED
,6273.T,Industrials,67850.0,0.01450358851674638,-0.0005891883929886044,-0.04315329290650116,-0.0860721982758621,0.0460874117653175,-0.05169103770140537,0.027172673291887994,0.010199134833636686,0.16776315789473684,0.0843542497939678,-0.08933277847135523,-0.44336224623442366,-0.08582297524112273,0.4645454545454545,WEAKENING,2026-09-17,2026-09-16,CORE,^N225,SPY,AVAILABLE,0.0460874117653175,-0.05169103770140537,0.027172673291887994,0.010363115323831384,-0.08027890929360315,-0.08571498206005668,LOCAL_CURRENCY_ASSET_VS_USD_BENCHMARK_NOT_FX_HEDGED
,4063.T,Semiconductor_Materials,5820.0,0.02230809766379771,0.01766043014513019,-0.044334975369458074,-0.20350348980429722,0.02577329849337462,-0.029005319130570806,-0.1122079829972934,0.02874417398749471,0.2738336713995943,0.04714861414087376,-0.0759616945301087,-0.5105869768131399,-0.2574923844114563,0.46318181818181825,WEAKENING,2026-09-17,2026-09-16,CORE,^N225,SPY,AVAILABLE,0.02577329849337462,-0.029005319130570806,-0.1122079829972934,0.02861273386195018,-0.05014608395802467,-0.24932494335243227,LOCAL_CURRENCY_ASSET_VS_USD_BENCHMARK_NOT_FX_HEDGED
,COST,Consumer,893.739990234375,-0.008442875195747934,-0.009816070896535245,-0.0703281708727923,-0.05906237399335246,0.0011362328202847438,-0.05286771846426774,-0.07203940613300786,0.0077659718216628315,0.34134398791067855,0.057116975098905114,-0.07994650219051735,-0.6251769647047072,-0.42029708797801396,0.46136363636363636,WEAKENING,2026-09-17,2026-09-16,CORE,SPY,SPY,AVAILABLE,0.0011362328202847438,-0.05286771846426774,-0.07203940613300786,0.0011362328202847438,-0.05286771846426774,-0.07203940613300786,LOCAL_CURRENCY_ASSET_VS_USD_BENCHMARK_NOT_FX_HEDGED
,2015.HK,EV,46.47999954223633,0.007805737612510688,-0.02393950892941188,-0.02964513441352179,-0.038079473597036895,-0.039210542276461924,-0.005197010950538483,-0.1245440819529422,-0.01652822532603143,0.06448691889749361,0.12448931641764595,-0.10429687642608765,-0.44368580502917787,-0.015356525633223705,0.45749999999999996,WEAKENING,2026-09-17,2026-09-16,CORE,^HSI,SPY,AVAILABLE,-0.039210542276461924,-0.005197010950538483,-0.1245440819529422,-0.01298720521259189,-0.011779344889876309,-0.11594306894605488,LOCAL_CURRENCY_ASSET_VS_USD_BENCHMARK_NOT_FX_HEDGED
,EMR,Power_Grid,145.8300018310547,-0.007959171217315042,-0.029998633874512515,-0.07573835112622784,-0.025866763783228275,-0.019046330157692526,-0.05827789871770328,-0.03884379592288367,-0.011064046092955554,0.2823056090556385,0.07163830569831725,-0.0787162296011652,-0.6928258677148386,-0.29846268885253374,0.45159090909090915,WEAKENING,2026-09-17,2026-09-16,CORE,SPY,SPY,AVAILABLE,-0.019046330157692526,-0.05827789871770328,-0.03884379592288367,-0.019046330157692526,-0.05827789871770328,-0.03884379592288367,LOCAL_CURRENCY_ASSET_VS_USD_BENCHMARK_NOT_FX_HEDGED
,EQIX,AI_Infrastructure,1016.1599731445312,0.009116360656453049,-0.025789584432449053,-0.05905008892494967,-0.08506247371076836,-0.014837280715629064,-0.04158963651642511,-0.09803950585042376,-0.011027062201211635,0.256815912057854,0.06825584835619895,-0.0774886762393896,-0.5489479832023584,-0.22217879946665486,0.44886363636363635,WEAKENING,2026-09-17,2026-09-16,CORE,SPY,SPY,AVAILABLE,-0.014837280715629064,-0.04158963651642511,-0.09803950585042376,-0.014837280715629064,-0.04158963651642511,-0.09803950585042376,LOCAL_CURRENCY_ASSET_VS_USD_BENCHMARK_NOT_FX_HEDGED
,NEX.PA,Power_Grid,133.39999389648438,0.015220700859206904,-0.055909476182952944,-0.05322924290195541,-0.16100632769506684,-0.03217181687000814,-0.019363242417140603,-0.1530440790365093,-0.04260216545746409,0.1533742522724365,0.11090262617680921,-0.07918712889570956,-0.5403014485674613,-0.07361408481075697,0.44681818181818184,WEAKENING,2026-09-17,2026-09-15,CORE,^STOXX,SPY,AVAILABLE,-0.03217181687000814,-0.019363242417140603,-0.1530440790365093,-0.04472089312590577,-0.03345370017390892,-0.15027239307734563,LOCAL_CURRENCY_ASSET_VS_USD_BENCHMARK_NOT_FX_HEDGED
,VST,Power,140.38999938964844,-0.008054825121747933,-0.07088025335041992,-0.0009251699321075613,-0.1606480688727353,-0.05992794963359993,0.016535282476417,-0.1736251010123907,-0.07064896086739303,0.00278085310828877,0.0975447080278834,-0.07467704811426434,-0.09706171584950508,-2.6375205107602473e-05,0.4429545454545455,NEUTRAL,2026-09-17,2026-09-16,CORE,SPY,SPY,AVAILABLE,-0.05992794963359993,0.016535282476417,-0.1736251010123907,-0.05992794963359993,0.016535282476417,-0.1736251010123907,LOCAL_CURRENCY_ASSET_VS_USD_BENCHMARK_NOT_FX_HEDGED
,XLI,Industrials,168.7100067138672,-0.0008291346436943847,-0.017928789176536064,-0.08095004639895254,-0.07200217886775251,-0.006976485459716075,-0.06348959399042797,-0.0849792110074079,0.0023087224232020698,0.5228712726163778,0.03718547352771075,-0.08095004639895254,-0.690280671444852,-1.138252380931315,0.4420454545454546,WEAKENING,2026-09-17,2026-09-16,CORE,SPY,SPY,AVAILABLE,-0.006976485459716075,-0.06348959399042797,-0.0849792110074079,-0.006976485459716075,-0.06348959399042797,-0.0849792110074079,LOCAL_CURRENCY_ASSET_VS_USD_BENCHMARK_NOT_FX_HEDGED
,AMGN,Biotech,376.3500061035156,0.0018634692357379912,-0.03813219344465213,-0.1098819252049571,0.09813585848673867,-0.02717988972783214,-0.09242147279643254,0.08515882634708327,-0.010661712143412855,0.32294517867222966,0.12161576703220317,-0.15417004857580507,-1.0617093977629914,-0.2917864914568766,0.44181818181818183,WEAKENING,2026-09-17,2026-09-16,CORE,SPY,SPY,AVAILABLE,-0.02717988972783214,-0.09242147279643254,0.08515882634708327,-0.02717988972783214,-0.09242147279643254,0.08515882634708327,LOCAL_CURRENCY_ASSET_VS_USD_BENCHMARK_NOT_FX_HEDGED
,ORCL,Cloud_AI,143.16000366210938,0.02002135686778117,-0.11427334444551018,0.0025912906602292285,-0.17942511775151349,-0.1033210407286902,0.02005174306875379,-0.19240214989116888,-0.11492116711056749,0.004776177139859916,0.13740013471467405,-0.13641396496506264,-0.2797290593209137,9.007606316995532e-05,0.44022727272727274,NEUTRAL,2026-09-17,2026-09-16,CORE,SPY,SPY,AVAILABLE,-0.1033210407286902,0.02005174306875379,-0.19240214989116888,-0.1033210407286902,0.02005174306875379,-0.19240214989116888,LOCAL_CURRENCY_ASSET_VS_USD_BENCHMARK_NOT_FX_HEDGED
,BOTZ,Industrials,34.720001220703125,0.0025989070116072543,-0.013075585005182022,-0.050068346225897065,-0.0937291582818528,-0.0021232812883620333,-0.0326078938173725,-0.1067061904215082,-0.000558498448707756,0.24047314344034051,0.055444740859421277,-0.05253073075302539,-0.485573925249985,-0.21715481788125088,0.4388636363636364,WEAKENING,2026-09-17,2026-09-16,CORE,SPY,SPY,AVAILABLE,-0.0021232812883620333,-0.0326078938173725,-0.1067061904215082,-0.0021232812883620333,-0.0326078938173725,-0.1067061904215082,LOCAL_CURRENCY_ASSET_VS_USD_BENCHMARK_NOT_FX_HEDGED
,LMT,Defense,537.25,0.00710452118479088,0.02438694560404575,-0.10968419155349884,0.09516413768631726,0.03533924932086574,-0.09222373914497428,0.08218710554666186,0.05180799349242046,0.44743929193140636,0.06891907854492799,-0.13132685750917827,-1.0040131959719016,-0.7120962444785621,0.4384090909090909,WEAKENING,2026-09-17,2026-09-16,CORE,SPY,SPY,AVAILABLE,0.03533924932086574,-0.09222373914497428,0.08218710554666186,0.03533924932086574,-0.09222373914497428,0.08218710554666186,LOCAL_CURRENCY_ASSET_VS_USD_BENCHMARK_NOT_FX_HEDGED
,XLU,Utilities,41.31999969482422,0.0,-0.037727037347344394,-0.06133577316815453,-0.076028654585655,-0.026774733630524405,-0.043875320759629965,-0.0890056867253104,-0.022393094055305762,0.4078551659480014,0.04077554677001929,-0.06133577316815453,-0.5288583976502673,-0.6135077007094859,0.4338636363636364,WEAKENING,2026-09-17,2026-09-16,CORE,SPY,SPY,AVAILABLE,-0.026774733630524405,-0.043875320759629965,-0.0890056867253104,-0.026774733630524405,-0.043875320759629965,-0.0890056867253104,LOCAL_CURRENCY_ASSET_VS_USD_BENCHMARK_NOT_FX_HEDGED
,WMT,Consumer,107.5,-0.005458380589136946,0.015780006992830442,-0.06460625971558143,-0.08041169965282702,0.02673231070965043,-0.047145807307056864,-0.09338873179248242,0.0319315719217258,0.23570351489822183,0.10867065795803817,-0.10698179538368147,-0.6323579920519485,-0.14012910923268737,0.43340909090909085,WEAKENING,2026-09-17,2026-09-16,CORE,SPY,SPY,AVAILABLE,0.02673231070965043,-0.047145807307056864,-0.09338873179248242,0.02673231070965043,-0.047145807307056864,-0.09338873179248242,LOCAL_CURRENCY_ASSET_VS_USD_BENCHMARK_NOT_FX_HEDGED
,MTUM,Factor_Momentum,299.8299865722656,0.0010683342666610862,-0.02863188254714255,-0.03648221329918944,-0.1297304402737114,-0.017679578830322562,-0.019021760890664874,-0.1427074724133668,-0.019511329222345192,0.20733815074811127,0.05306651206022591,-0.049036210462229834,-0.36777166135521366,-0.1425410178092622,0.4325,WEAKENING,2026-09-17,2026-09-16,CORE,SPY,SPY,AVAILABLE,-0.017679578830322562,-0.019021760890664874,-0.1427074724133668,-0.017679578830322562,-0.019021760890664874,-0.1427074724133668,LOCAL_CURRENCY_ASSET_VS_USD_BENCHMARK_NOT_FX_HEDGED
,RTX,Defense,196.8300018310547,0.006803078419717057,-0.003644653047737423,-0.1271009932321734,0.08609066161396917,0.007307650669082566,-0.10964054082364882,0.07311362947431377,0.028130595260305924,0.6956309507407917,0.052094977408070585,-0.13370884926510618,-1.1373975721689866,-1.697195951725249,0.43000000000000005,WEAKENING,2026-09-17,2026-09-16,CORE,SPY,SPY,AVAILABLE,0.007307650669082566,-0.10964054082364882,0.07311362947431377,0.007307650669082566,-0.10964054082364882,0.07311362947431377,LOCAL_CURRENCY_ASSET_VS_USD_BENCHMARK_NOT_FX_HEDGED
,SIE.DE,Industrials,258.79998779296875,-0.011459129640496335,-0.050275274154243155,-0.08324477866160684,-0.0724014774445565,-0.02653761484129835,-0.04937877817679204,-0.06443922878599895,-0.029464079488841444,0.3245857995398756,0.06994737219457028,-0.10953941463317052,-0.7089324258394171,-0.3862914673082613,0.42750000000000005,WEAKENING,2026-09-17,2026-09-15,CORE,^STOXX,SPY,AVAILABLE,-0.02653761484129835,-0.04937877817679204,-0.06443922878599895,-0.03908669109719598,-0.06346923593356035,-0.07929092960839579,LOCAL_CURRENCY_ASSET_VS_USD_BENCHMARK_NOT_FX_HEDGED
,BAC,Financials,57.900001525878906,-0.02721772378067,-0.07611292137279924,-0.09395285589098401,0.014387557885829239,-0.06516061765597925,-0.07649240348245945,0.0014105257461738407,-0.05262470740005323,0.46637753804887966,0.06977994311861327,-0.09395285589098401,-0.9039209139152995,-0.6279383396546553,0.42500000000000004,WEAKENING,2026-09-17,2026-09-16,CORE,SPY,SPY,AVAILABLE,-0.06516061765597925,-0.07649240348245945,0.0014105257461738407,-0.06516061765597925,-0.07649240348245945,0.0014105257461738407,LOCAL_CURRENCY_ASSET_VS_USD_BENCHMARK_NOT_FX_HEDGED
,6762.T,Electronic_Components,2872.0,0.013587436033174471,0.021155555555555594,-0.044577511643379863,-0.293133152842727,0.04843277312057992,-0.03837672836044437,-0.1661384580769002,0.03229993346640056,0.13987473903966596,0.11130865871060727,-0.10829048843187661,-0.5497032130566314,-0.05601781461015156,0.42272727272727273,WEAKENING,2026-09-17,2026-09-16,CORE,^N225,SPY,AVAILABLE,0.04843277312057992,-0.03837672836044437,-0.1661384580769002,0.03210785927237558,-0.06759848355834386,-0.27041853311774966,LOCAL_CURRENCY_ASSET_VS_USD_BENCHMARK_NOT_FX_HEDGED
,NXPI,Analog_Semiconductor,218.97999572753906,-0.032560239351644094,-0.019434047350620043,-0.04191460418877002,-0.3202486803863541,-0.008481743633800054,-0.02445415178024546,-0.3332257125260095,-0.008955396303427537,0.1266191289904331,0.09539515314438343,-0.07454991020903423,-0.5499471200702319,-0.05563375600779451,0.4215909090909091,WEAKENING,2026-09-17,2026-09-16,CORE,SPY,SPY,AVAILABLE,-0.008481743633800054,-0.02445415178024546,-0.3332257125260095,-0.008481743633800054,-0.02445415178024546,-0.3332257125260095,LOCAL_CURRENCY_ASSET_VS_USD_BENCHMARK_NOT_FX_HEDGED
,6976.T,MLCC,9364.0,0.018158095030988308,0.043691484618814114,-0.03324385711335953,-0.4664387464387464,0.04404415279563423,-0.02052426420099962,-0.4148457265342268,0.052002448897154,0.058059862964298596,0.1699350370243644,-0.11298859934853422,-0.8531674223407644,-0.011358068484309359,0.42,WEAKENING,2026-09-17,2026-09-16,CORE,^N225,SPY,AVAILABLE,0.04404415279563423,-0.02052426420099962,-0.4148457265342268,0.0546437883356341,-0.045296028424224866,-0.5710675482593487,LOCAL_CURRENCY_ASSET_VS_USD_BENCHMARK_NOT_FX_HEDGED
,MU,Memory,926.5499877929688,-0.0011319402981931903,-0.09848509862590282,-0.015104832077414088,-0.23501090847813555,-0.08753279490908283,0.002355620331110475,-0.24798794061779095,-0.0947088906065493,0.03345186709716037,0.1364386923337335,-0.10093696864371393,-0.30688970537331495,-0.003703383743539828,0.4172727272727273,NEUTRAL,2026-09-17,2026-09-16,CORE,SPY,SPY,AVAILABLE,-0.08753279490908283,0.002355620331110475,-0.24798794061779095,-0.08753279490908283,0.002355620331110475,-0.24798794061779095,LOCAL_CURRENCY_ASSET_VS_USD_BENCHMARK_NOT_FX_HEDGED
,005930.KS,Memory,253500.0,0.02012072434607637,-0.05936920222634512,0.024242424242424176,-0.2820946058064847,-0.03086487584527553,-0.03917838882355207,-0.029346580695016944,-0.06542980828695116,0.043478260869565216,0.17333977750672136,-0.11722912966252219,-0.02195363600860814,0.006080649580168753,0.4163636363636364,WEAKENING,2026-09-17,2026-09-16,CORE,^KS11,SPY,AVAILABLE,-0.03086487584527553,-0.03917838882355207,-0.029346580695016944,-0.04841689850952513,-0.03840546937918499,-0.2878794015857882,LOCAL_CURRENCY_ASSET_VS_USD_BENCHMARK_NOT_FX_HEDGED
,DRIV,EV,33.03499984741211,-0.005359389308488116,-0.0434341973831629,-0.05003599143401671,-0.1778163682000995,-0.03248189366634291,-0.03257553902549215,-0.1907934003397549,-0.03092519952465872,0.2672814327326893,0.05099968822242765,-0.0541159464834825,-0.5183088266266265,-0.26223084777218963,0.4129545454545455,WEAKENING,2026-09-17,2026-09-16,CORE,SPY,SPY,AVAILABLE,-0.03248189366634291,-0.03257553902549215,-0.1907934003397549,-0.03248189366634291,-0.03257553902549215,-0.1907934003397549,LOCAL_CURRENCY_ASSET_VS_USD_BENCHMARK_NOT_FX_HEDGED
,068270.KS,Biotech,177200.0,-0.0016901408450704647,-0.03222282905516116,-0.08706852138073162,0.05163204747774475,0.016472821956649453,-0.056762104359803,0.3101801947494569,-0.010455698709978256,0.5168195718654435,0.04427435800437591,-0.08706852138073162,-0.7758637030872421,-1.016360664981284,0.4118181818181819,WEAKENING,2026-09-17,2026-09-16,CORE,^KS11,SPY,AVAILABLE,0.016472821956649453,-0.056762104359803,0.3101801947494569,-0.021270525338341173,-0.07614568569889235,-0.005396804975244196,LOCAL_CURRENCY_ASSET_VS_USD_BENCHMARK_NOT_FX_HEDGED
,TXN,Analog_Semiconductor,260.6700134277344,-0.010477088125055434,-0.0035168887305916385,-0.04249918168407174,-0.21149434115469223,0.00743541498622835,-0.025038729275547178,-0.22447137329434763,0.007107906690426297,0.16640280693499745,0.07581812042143252,-0.06942401768459194,-0.4450723315652423,-0.09327563233380867,0.41181818181818186,WEAKENING,2026-09-17,2026-09-16,CORE,SPY,SPY,AVAILABLE,0.00743541498622835,-0.025038729275547178,-0.22447137329434763,0.00743541498622835,-0.025038729275547178,-0.22447137329434763,LOCAL_CURRENCY_ASSET_VS_USD_BENCHMARK_NOT_FX_HEDGED
,GRID,Power_Grid,174.24000549316406,0.008508428456046824,-0.03269860228716648,-0.05180664615941599,-0.1143026519434549,-0.02174629857034649,-0.03434619375089143,-0.1272796840831103,-0.01974694074731248,0.24064685543955036,0.06474912466440978,-0.05980621769101202,-0.4731267473868421,-0.19254478811488285,0.4115909090909091,WEAKENING,2026-09-17,2026-09-16,CORE,SPY,SPY,AVAILABLE,-0.02174629857034649,-0.03434619375089143,-0.1272796840831103,-0.02174629857034649,-0.03434619375089143,-0.1272796840831103,LOCAL_CURRENCY_ASSET_VS_USD_BENCHMARK_NOT_FX_HEDGED
,7011.T,Defense,3737.0,0.009727100783571974,-0.01993181222134799,-0.0878691725652917,-0.044001023279611196,0.02546388189926152,-0.09414198468032353,0.053851604328918445,0.0020354809199749357,0.2764976958525346,0.08771854147260859,-0.09665608982182083,-0.7765949866055945,-0.27697250025935016,0.4097727272727273,WEAKENING,2026-09-17,2026-09-16,CORE,^N225,SPY,AVAILABLE,0.02546388189926152,-0.09414198468032353,0.053851604328918445,-0.008979508504528,-0.12739080617271115,-0.052153269788970835,LOCAL_CURRENCY_ASSET_VS_USD_BENCHMARK_NOT_FX_HEDGED
,NOC,Defense,530.780029296875,-0.0008846507352940902,0.02950137082565263,-0.09496220640102737,0.05098065282185993,0.04045367454247262,-0.07750175399250281,0.03800362068220453,0.05324192242590947,0.46894673926115205,0.05869610500811945,-0.12190301151968463,-0.8464791578952354,-0.758691177866847,0.4088636363636364,WEAKENING,2026-09-17,2026-09-16,CORE,SPY,SPY,AVAILABLE,0.04045367454247262,-0.07750175399250281,0.03800362068220453,0.04045367454247262,-0.07750175399250281,0.03800362068220453,LOCAL_CURRENCY_ASSET_VS_USD_BENCHMARK_NOT_FX_HEDGED
,SMH,Semiconductor,545.5599975585938,0.0063640447515349585,-0.05002695775300836,-0.04249086674053826,-0.18440444983361803,-0.03907465403618837,-0.025030414332013695,-0.19738148197327343,-0.039404241067873796,0.1424369010098065,0.09015498308592948,-0.05709655275541392,-0.4255523120151994,-0.06713181204830714,0.4038636363636363,WEAKENING,2026-09-17,2026-09-16,CORE,SPY,SPY,AVAILABLE,-0.03907465403618837,-0.025030414332013695,-0.19738148197327343,-0.03907465403618837,-0.025030414332013695,-0.19738148197327343,LOCAL_CURRENCY_ASSET_VS_USD_BENCHMARK_NOT_FX_HEDGED
,GEV,Power_Grid,925.0900268554688,0.047892558323761936,-0.02728586786193854,-0.07908175975287723,-0.1795865031643189,-0.01633356414511855,-0.06162130734435267,-0.1925635353039743,-0.007515427923719231,0.17788521135490268,0.13962950329085047,-0.12918480856374503,-0.7373280002707666,-0.10074858977801726,0.4004545454545454,WEAKENING,2026-09-17,2026-09-16,CORE,SPY,SPY,AVAILABLE,-0.01633356414511855,-0.06162130734435267,-0.1925635353039743,-0.01633356414511855,-0.06162130734435267,-0.1925635353039743,LOCAL_CURRENCY_ASSET_VS_USD_BENCHMARK_NOT_FX_HEDGED
,SAF.PA,Defense,322.29998779296875,0.0021765599383347656,-0.03387295594665096,-0.10744950887490201,-0.02687205339986265,-0.010135296633706159,-0.0735835083900872,-0.018909804741305103,-0.0070105787279254594,0.434004708719255,0.0693061385577194,-0.10938797931971411,-0.9716334776594268,-0.6728638151213916,0.39818181818181825,WEAKENING,2026-09-17,2026-09-15,CORE,^STOXX,SPY,AVAILABLE,-0.010135296633706159,-0.0735835083900872,-0.018909804741305103,-0.022684372889603788,-0.08767396614685552,-0.04784527000507599,LOCAL_CURRENCY_ASSET_VS_USD_BENCHMARK_NOT_FX_HEDGED
,URI,Industrials,1006.25,0.017308134454192103,-0.021890236985629752,-0.098649209409992,-0.07750999768907485,-0.010937933268809763,-0.08118875700146744,-0.09048702982873025,0.0027720653668682482,0.38768605759438135,0.08001649229260309,-0.12284253647116006,-0.884051585561311,-0.4779630046904443,0.39659090909090905,WEAKENING,2026-09-17,2026-09-16,CORE,SPY,SPY,AVAILABLE,-0.010937933268809763,-0.08118875700146744,-0.09048702982873025,-0.010937933268809763,-0.08118875700146744,-0.09048702982873025,LOCAL_CURRENCY_ASSET_VS_USD_BENCHMARK_NOT_FX_HEDGED
,6954.T,Industrials,5838.0,0.02134359692092369,-0.0017099863201094356,-0.037110341415141024,-0.2665829145728643,0.01337894751646973,-0.03158575494441895,-0.12611722636003853,0.00756759903367582,0.15745276417074877,0.07637159462370177,-0.065402223675605,-0.47085022477802996,-0.0765091506066415,0.3877272727272727,WEAKENING,2026-09-17,2026-09-16,CORE,^N225,SPY,AVAILABLE,0.01337894751646973,-0.03158575494441895,-0.12611722636003853,0.009242317396710553,-0.0536612659685638,-0.24344167742964806,LOCAL_CURRENCY_ASSET_VS_USD_BENCHMARK_NOT_FX_HEDGED
,009150.KS,MLCC,1381000.0,0.04859529233105553,-0.01638176638176636,-0.004325883201153569,-0.38016157989228005,0.00837107068994114,-0.050107159773272736,-0.15192192615146682,-0.015300295581477968,0.007692307692307693,0.1514624365658754,-0.0967078189300411,-0.43809002224466975,-0.00021969819962446935,0.3831818181818182,WEAKENING,2026-09-17,2026-09-16,CORE,^KS11,SPY,AVAILABLE,0.00837107068994114,-0.050107159773272736,-0.15192192615146682,-0.005429462664946372,-0.023511769813697625,-0.3406620005629091,LOCAL_CURRENCY_ASSET_VS_USD_BENCHMARK_NOT_FX_HEDGED
,HII,Defense,278.0899963378906,-0.004902294278527286,-0.009827344510036085,-0.12034597876096387,0.0043024594378191505,0.0011249592067839043,-0.1028855263524393,-0.008674572701836247,0.020259150180204882,0.6088398696640802,0.053274769910954575,-0.12034597876096387,-1.0867291506779384,-1.375349534984196,0.37954545454545463,WEAKENING,2026-09-17,2026-09-16,CORE,SPY,SPY,AVAILABLE,0.0011249592067839043,-0.1028855263524393,-0.008674572701836247,0.0011249592067839043,-0.1028855263524393,-0.008674572701836247,LOCAL_CURRENCY_ASSET_VS_USD_BENCHMARK_NOT_FX_HEDGED
,SOXX,Semiconductor,502.05999755859375,0.006434782832120511,-0.05566119321612206,-0.05457712423446415,-0.233006753027039,-0.044708889499302074,-0.037116671825939584,-0.2459837851666944,-0.042016912157506026,0.17025965229819015,0.09790856947897568,-0.06503759273335352,-0.5571653460626216,-0.09490775164057895,0.3775,WEAKENING,2026-09-17,2026-09-16,CORE,SPY,SPY,AVAILABLE,-0.044708889499302074,-0.037116671825939584,-0.2459837851666944,-0.044708889499302074,-0.037116671825939584,-0.2459837851666944,LOCAL_CURRENCY_ASSET_VS_USD_BENCHMARK_NOT_FX_HEDGED
,ETN,Power_Grid,397.79998779296875,0.013761452549637232,-0.041953695333850405,-0.07773630357990247,-0.0849081532135143,-0.031001391617030416,-0.0602758511713779,-0.0978851853531697,-0.02251961943887479,0.19843758381407053,0.12073423444983915,-0.09417382603048385,-0.6942981961555392,-0.12776661339946466,0.37636363636363634,WEAKENING,2026-09-17,2026-09-16,CORE,SPY,SPY,AVAILABLE,-0.031001391617030416,-0.0602758511713779,-0.0978851853531697,-0.031001391617030416,-0.0602758511713779,-0.0978851853531697,LOCAL_CURRENCY_ASSET_VS_USD_BENCHMARK_NOT_FX_HEDGED
,7735.T,Semiconductor_Equipment,12670.0,0.04365733113673809,-0.026881720430107503,-0.03869499241274654,-0.25514403292181065,-0.05780279175854186,-0.054597829277768795,-0.16601161754283633,-0.017207972326920867,0.11383928571428571,0.10260545752125469,-0.11738971928545383,-0.5793457211625518,-0.04293153993367531,0.37113636363636365,WEAKENING,2026-09-17,2026-09-16,CORE,^N225,SPY,AVAILABLE,-0.05780279175854186,-0.054597829277768795,-0.16601161754283633,-0.015929416713287514,-0.05738438147245395,-0.19326448612036062,LOCAL_CURRENCY_ASSET_VS_USD_BENCHMARK_NOT_FX_HEDGED
,URA,Uranium,41.369998931884766,-0.009576287323323718,-0.11715752468970375,-0.05158184445427216,-0.11602564943795568,-0.10620522097288376,-0.0341213920457476,-0.12900268157761108,-0.10426206357613571,0.10158012844248418,0.136736540540599,-0.14471780348512076,-0.5460157748378636,-0.03831960618756088,0.36772727272727274,WEAKENING,2026-09-17,2026-09-16,CORE,SPY,SPY,AVAILABLE,-0.10620522097288376,-0.0341213920457476,-0.12900268157761108,-0.10620522097288376,-0.0341213920457476,-0.12900268157761108,LOCAL_CURRENCY_ASSET_VS_USD_BENCHMARK_NOT_FX_HEDGED
,PAVE,Power_Grid,52.75,-0.0017032579925813085,-0.026573143812541833,-0.07956728780355915,-0.1079928779260475,-0.015620840095721844,-0.06210683539503459,-0.1209699100657029,-0.006681321861652045,0.44100592901342855,0.04394701781250695,-0.07956728780355915,-0.6791417746190918,-0.7984533973748096,0.3652272727272728,WEAKENING,2026-09-17,2026-09-16,CORE,SPY,SPY,AVAILABLE,-0.015620840095721844,-0.06210683539503459,-0.1209699100657029,-0.015620840095721844,-0.06210683539503459,-0.1209699100657029,LOCAL_CURRENCY_ASSET_VS_USD_BENCHMARK_NOT_FX_HEDGED
,GS,Financials,937.97998046875,-0.03961420246184155,-0.08825992558407536,-0.09408831986086286,-0.14804822151829267,-0.07730762186725537,-0.0766278674523383,-0.16102525365794806,-0.06473784561885965,0.3158537565160055,0.0886624284722127,-0.10983880108451416,-0.8526144762570463,-0.33518311853647065,0.3645454545454545,WEAKENING,2026-09-17,2026-09-16,CORE,SPY,SPY,AVAILABLE,-0.07730762186725537,-0.0766278674523383,-0.16102525365794806,-0.07730762186725537,-0.0766278674523383,-0.16102525365794806,LOCAL_CURRENCY_ASSET_VS_USD_BENCHMARK_NOT_FX_HEDGED
,NVO,Pharma,41.709999084472656,-0.019280501254643423,-0.06395875675458651,-0.08750820564682027,-0.07927240293584592,-0.05300645303776652,-0.0700477532382957,-0.09224943507550132,-0.04208170534288144,0.2481389155376001,0.08981355554732535,-0.1428278007548961,-0.781148495409472,-0.24176964287313443,0.36272727272727273,WEAKENING,2026-09-17,2026-09-16,CORE,SPY,SPY,AVAILABLE,-0.05300645303776652,-0.0700477532382957,-0.09224943507550132,-0.05300645303776652,-0.0700477532382957,-0.09224943507550132,LOCAL_CURRENCY_ASSET_VS_USD_BENCHMARK_NOT_FX_HEDGED
,LDO.MI,Defense,49.88999938964844,0.012583700550525823,-0.015393700562138957,-0.164461561637804,-0.0037939783238671865,0.008343958750805847,-0.1305955611529892,0.0041682703346903605,0.025721689847312046,0.5848721632863755,0.07774916149655996,-0.18531232283315158,-1.4051075427974529,-1.2371707614726357,0.36227272727272725,WEAKENING,2026-09-17,2026-09-15,CORE,^STOXX,SPY,AVAILABLE,0.008343958750805847,-0.1305955611529892,0.0041682703346903605,-0.004205117505091782,-0.14468601890975752,-0.03947265019817503,LOCAL_CURRENCY_ASSET_VS_USD_BENCHMARK_NOT_FX_HEDGED
,IFRA,Power_Grid,56.65999984741211,-0.0014099723068046188,-0.031533513176466466,-0.06892238290411923,-0.09382622140478092,-0.020581209459646477,-0.051461930495594665,-0.10680325354443632,-0.014302917450436659,0.5080322574832121,0.033174267180218174,-0.06892238290411923,-0.6202312327231113,-1.0554805502616005,0.3606818181818182,WEAKENING,2026-09-17,2026-09-16,CORE,SPY,SPY,AVAILABLE,-0.020581209459646477,-0.051461930495594665,-0.10680325354443632,-0.020581209459646477,-0.051461930495594665,-0.10680325354443632,LOCAL_CURRENCY_ASSET_VS_USD_BENCHMARK_NOT_FX_HEDGED
,6857.T,Semiconductor_Equipment,30700.0,0.017904509283819703,-0.06516443361753954,-0.12335808109651625,-0.04569474665837736,-0.08034061565280881,-0.10000421779894775,0.05921638927502526,-0.03432491334341048,0.24629418472063855,0.13369602256828425,-0.1598885793871866,-1.1493899645073713,-0.22724967750518762,0.3575,WEAKENING,2026-09-17,2026-09-16,CORE,^N225,SPY,AVAILABLE,-0.08034061565280881,-0.10000421779894775,0.05921638927502526,-0.05421212990071955,-0.12643246449052725,0.0010027670147962908,LOCAL_CURRENCY_ASSET_VS_USD_BENCHMARK_NOT_FX_HEDGED
,ITA,Defense,215.27000427246094,0.005934599404022967,-0.01791047726860906,-0.14530634529358666,-0.08488152183840292,-0.006958173551789071,-0.1278458928850621,-0.09785855397805832,0.018416109054787605,0.7081180822702405,0.051861238550491996,-0.1503486854783741,-1.23529603732836,-1.9840260943790329,0.35727272727272724,WEAKENING,2026-09-17,2026-09-16,CORE,SPY,SPY,AVAILABLE,-0.006958173551789071,-0.1278458928850621,-0.09785855397805832,-0.006958173551789071,-0.1278458928850621,-0.09785855397805832,LOCAL_CURRENCY_ASSET_VS_USD_BENCHMARK_NOT_FX_HEDGED
,CCJ,Uranium,90.9000015258789,-0.0033987234042909265,-0.0947116999241695,-0.053420778075902065,-0.15102267876187336,-0.08375939620734951,-0.0359603256673775,-0.16399971090152876,-0.08135650540519399,0.11535854446260149,0.13649095733642516,-0.15331593694947876,-0.5544905443527997,-0.04514982767470945,0.35681818181818187,WEAKENING,2026-09-17,2026-09-16,CORE,SPY,SPY,AVAILABLE,-0.08375939620734951,-0.0359603256673775,-0.16399971090152876,-0.08375939620734951,-0.0359603256673775,-0.16399971090152876,LOCAL_CURRENCY_ASSET_VS_USD_BENCHMARK_NOT_FX_HEDGED
,SU.PA,Power_Grid,275.29998779296875,0.011946333930635156,-0.0811082036565477,-0.1083401205086032,-0.05960721505390687,-0.05737054434360289,-0.07447412002378839,-0.05164496639534932,-0.054023173529396895,0.32842395811859687,0.10627950871284,-0.11886643629807692,-0.9431961934842541,-0.3347916416947316,0.3556818181818182,WEAKENING,2026-09-17,2026-09-15,CORE,^STOXX,SPY,AVAILABLE,-0.05737054434360289,-0.07447412002378839,-0.05164496639534932,-0.06991962059950052,-0.08856457778055671,-0.0682139569894068,LOCAL_CURRENCY_ASSET_VS_USD_BENCHMARK_NOT_FX_HEDGED
,CAT,Industrials,782.719970703125,-0.0010465417811650335,-0.040266843584502054,-0.0691545955400138,-0.23291858331087256,-0.029314539867682066,-0.051694143131489234,-0.24589561545052796,-0.022978194699498605,0.265804357190525,0.076397548367013,-0.07338830298500076,-0.6710025307069329,-0.2406044854473489,0.35068181818181815,WEAKENING,2026-09-17,2026-09-16,CORE,SPY,SPY,AVAILABLE,-0.029314539867682066,-0.051694143131489234,-0.24589561545052796,-0.029314539867682066,-0.051694143131489234,-0.24589561545052796,LOCAL_CURRENCY_ASSET_VS_USD_BENCHMARK_NOT_FX_HEDGED
,COHR,AI_Networking,289.92999267578125,0.06918161418702118,-0.04464879998688709,-0.053845904103316244,-0.3185814017357034,-0.0336964962700671,-0.03638545169479168,-0.33155843387535877,-0.031187323961058028,0.07826581646316308,0.2207026081471823,-0.13712753326379246,-0.6725708235487886,-0.019094897351792046,0.3443181818181818,WEAKENING,2026-09-17,2026-09-16,CORE,SPY,SPY,AVAILABLE,-0.0336964962700671,-0.03638545169479168,-0.33155843387535877,-0.0336964962700671,-0.03638545169479168,-0.33155843387535877,LOCAL_CURRENCY_ASSET_VS_USD_BENCHMARK_NOT_FX_HEDGED
,6503.T,Power_Grid,5160.0,0.0117647058823529,-0.001547987616099089,-0.0852685694025882,-0.16545366327025712,0.03406310143547209,-0.09542183284846462,-0.04816825773453026,0.01976915473454796,0.29383017715332926,0.09212979777478573,-0.11105216622458003,-0.783045167136387,-0.2719476158454176,0.33931818181818185,WEAKENING,2026-09-17,2026-09-16,CORE,^N225,SPY,AVAILABLE,0.03406310143547209,-0.09542183284846462,-0.04816825773453026,0.0094043161007209,-0.12696004170522113,-0.14019247057302187,LOCAL_CURRENCY_ASSET_VS_USD_BENCHMARK_NOT_FX_HEDGED
,PWR,Power_Grid,619.280029296875,0.009668303492263997,-0.012281016000093459,-0.11042159365272974,-0.1631655342720144,-0.00132871228327347,-0.09296114124420518,-0.1761425664116698,0.015324382413088977,0.29289378420653855,0.10909546755134959,-0.13423832353620402,-0.9935834091468531,-0.2964540979472123,0.3368181818181818,WEAKENING,2026-09-17,2026-09-16,CORE,SPY,SPY,AVAILABLE,-0.00132871228327347,-0.09296114124420518,-0.1761425664116698,-0.00132871228327347,-0.09296114124420518,-0.1761425664116698,LOCAL_CURRENCY_ASSET_VS_USD_BENCHMARK_NOT_FX_HEDGED
,079550.KS,Defense,666000.0,-0.007451564828613977,-0.005970149253731294,-0.16331658291457285,-0.214622641509434,0.05456470958430992,-0.1206653358739016,0.055460547840798013,0.03485899647491192,0.34574468085106386,0.16658128899089977,-0.18090452261306533,-1.4681384715361792,-0.33896868117385015,0.3361363636363637,WEAKENING,2026-09-17,2026-09-16,CORE,^KS11,SPY,AVAILABLE,0.05456470958430992,-0.1206653358739016,0.055460547840798013,0.004982154463088695,-0.14480369853487163,-0.3192353532359302,LOCAL_CURRENCY_ASSET_VS_USD_BENCHMARK_NOT_FX_HEDGED
,KWEB,Internet_AI,24.239999771118164,-0.00980391240220746,-0.02179180389685631,-0.09484693242722642,-0.03233530900647763,-0.010839500180036321,-0.07738648001870185,-0.04531234114613303,0.001919929209950294,0.4379318259995672,0.05716308415509012,-0.10947831070569869,-0.8385409260312322,-0.7266313727163405,0.33522727272727276,WEAKENING,2026-09-17,2026-09-16,CORE,SPY,SPY,AVAILABLE,-0.010839500180036321,-0.07738648001870185,-0.04531234114613303,-0.010839500180036321,-0.07738648001870185,-0.04531234114613303,LOCAL_CURRENCY_ASSET_VS_USD_BENCHMARK_NOT_FX_HEDGED
,000270.KS,EV,120700.0,-0.009031198686371145,-0.048107255520504766,-0.09248120300751883,-0.202774108322325,0.018349068105510513,-0.07693539106578973,0.054215613201760826,-0.024986954768625058,0.2827586206896552,0.09507789131093865,-0.10526315789473684,-0.9153294256081538,-0.2750361523753892,0.33272727272727276,WEAKENING,2026-09-17,2026-09-16,CORE,^KS11,SPY,AVAILABLE,0.018349068105510513,-0.07693539106578973,0.054215613201760826,-0.03715495180368478,-0.10280193826202932,-0.2944912319585937,LOCAL_CURRENCY_ASSET_VS_USD_BENCHMARK_NOT_FX_HEDGED
,UEC,Uranium,10.079999923706055,-0.00982321988918644,-0.13103451791189402,-0.080291980965148,-0.12118572894181978,-0.12008221419507403,-0.06283152855662344,-0.13416276108147518,-0.11096152267060702,0.100456620507457,0.22938033826706822,-0.25991189365621026,-0.8554107964683442,-0.035163698521608805,0.32136363636363635,WEAKENING,2026-09-17,2026-09-16,CORE,SPY,SPY,AVAILABLE,-0.12008221419507403,-0.06283152855662344,-0.13416276108147518,-0.12008221419507403,-0.06283152855662344,-0.13416276108147518,LOCAL_CURRENCY_ASSET_VS_USD_BENCHMARK_NOT_FX_HEDGED
,CIEN,AI_Networking,340.5,0.018454860992257238,0.007396449704142105,-0.16037877194480887,-0.2603132319589915,0.018348753420962094,-0.1429183195362843,-0.2732902640986469,0.04749114269034432,0.24647572708530155,0.2059494757952956,-0.21719192985637836,-1.5816720722716209,-0.1919377277922039,0.31386363636363634,WEAKENING,2026-09-17,2026-09-16,CORE,SPY,SPY,AVAILABLE,0.018348753420962094,-0.1429183195362843,-0.2732902640986469,0.018348753420962094,-0.1429183195362843,-0.2732902640986469,LOCAL_CURRENCY_ASSET_VS_USD_BENCHMARK_NOT_FX_HEDGED
,LIT,EV,69.8499984741211,-0.002427851715159246,-0.053138109628933394,-0.05633610318916338,-0.15041464637508395,-0.042185805912113405,-0.038875650780638815,-0.16339167851473935,-0.03905408383164255,0.3041576052478692,0.05597683595221785,-0.09438608892176859,-0.57643416250894,-0.3061097317047245,0.30954545454545457,WEAKENING,2026-09-17,2026-09-16,CORE,SPY,SPY,AVAILABLE,-0.042185805912113405,-0.038875650780638815,-0.16339167851473935,-0.042185805912113405,-0.038875650780638815,-0.16339167851473935,LOCAL_CURRENCY_ASSET_VS_USD_BENCHMARK_NOT_FX_HEDGED
,7012.T,Defense,2388.5,0.006956155143339027,-0.01220016542597191,-0.10726966922070647,-0.2634905951279679,0.021692501094204397,-0.11168211045843557,-0.14766350706228293,0.014617251879204707,0.3637515842839037,0.08413641978934348,-0.13324612222014576,-0.9911299993677867,-0.46376482648462297,0.3086363636363636,WEAKENING,2026-09-17,2026-09-16,CORE,^N225,SPY,AVAILABLE,0.021692501094204397,-0.11168211045843557,-0.14766350706228293,-0.0012478617091519206,-0.14739968745161525,-0.2889652658926486,LOCAL_CURRENCY_ASSET_VS_USD_BENCHMARK_NOT_FX_HEDGED
,1211.HK,EV,79.19999694824219,0.0018974559227551424,-0.031784914505082695,-0.11409400898817756,0.044166098108282315,-0.031573152706457774,-0.09010503683810744,-0.028877059630933344,-0.0032614122580383043,0.3893135372674452,0.08441759654810094,-0.15544867157648645,-1.0154611097963182,-0.5261739736324006,0.3084090909090909,WEAKENING,2026-09-17,2026-09-16,CORE,^HSI,SPY,AVAILABLE,-0.031573152706457774,-0.09010503683810744,-0.028877059630933344,-0.020832610788262707,-0.10253958149989562,-0.030197396512491204,LOCAL_CURRENCY_ASSET_VS_USD_BENCHMARK_NOT_FX_HEDGED
,PRY.MI,Power_Grid,118.19999694824219,-0.0004228587886495605,-0.08015566577243438,-0.0980542220852948,-0.23594053471256216,-0.05641800645948958,-0.06418822160047999,-0.2279782860540046,-0.05564211025111068,0.22212627048858188,0.13430643437909884,-0.10644795309258559,-0.9303372579778006,-0.16216958448906008,0.30522727272727274,WEAKENING,2026-09-17,2026-09-15,CORE,^STOXX,SPY,AVAILABLE,-0.05641800645948958,-0.06418822160047999,-0.2279782860540046,-0.0689670827153872,-0.0782786793572483,-0.21426204566135676,LOCAL_CURRENCY_ASSET_VS_USD_BENCHMARK_NOT_FX_HEDGED
,ASML,Semiconductor_Equipment,1602.219970703125,0.006748429365232456,-0.07360426441471724,-0.11134899551875788,-0.16843743630814056,-0.06265196069789725,-0.09388854311023331,-0.18141446844779596,-0.045767015535027766,0.3424770155034724,0.10710026383796387,-0.1263629982155735,-0.988002637629446,-0.35606328404819654,0.2997727272727273,WEAKENING,2026-09-17,2026-09-16,CORE,SPY,SPY,AVAILABLE,-0.06265196069789725,-0.09388854311023331,-0.18141446844779596,-0.06265196069789725,-0.09388854311023331,-0.18141446844779596,LOCAL_CURRENCY_ASSET_VS_USD_BENCHMARK_NOT_FX_HEDGED
,RHM.DE,Defense,1028.5999755859375,0.03200558140685583,-0.022057493977145293,-0.1527183067661141,-0.13519425384856565,0.0016801653357995106,-0.11885230628129928,-0.1272320051900081,0.01612208271438323,0.42503437249797177,0.09854758869663277,-0.1840197894679263,-1.3369482328278912,-0.6586719223045379,0.2981818181818182,WEAKENING,2026-09-17,2026-09-15,CORE,^STOXX,SPY,AVAILABLE,0.0016801653357995106,-0.11885230628129928,-0.1272320051900081,-0.010868910920098118,-0.1329427640380676,-0.14153166959087748,LOCAL_CURRENCY_ASSET_VS_USD_BENCHMARK_NOT_FX_HEDGED
,SNDK,Memory,1519.969970703125,-0.0071363801493522505,-0.13842207222613823,-0.06508264137031583,-0.3315081457518674,-0.12746976850931824,-0.04762218896179127,-0.3444851778915228,-0.12215141188355927,0.12769274873315775,0.17610696668462647,-0.13842207222613823,-0.7900815557825822,-0.04719053157205644,0.29727272727272724,WEAKENING,2026-09-17,2026-09-16,CORE,SPY,SPY,AVAILABLE,-0.12746976850931824,-0.04762218896179127,-0.3444851778915228,-0.12746976850931824,-0.04762218896179127,-0.3444851778915228,LOCAL_CURRENCY_ASSET_VS_USD_BENCHMARK_NOT_FX_HEDGED
,8035.T,Semiconductor_Equipment,51690.0,0.020533070088845085,-0.03743016759776541,-0.05433589462129529,-0.33560411311053984,-0.03468534499753817,-0.042684524149745995,-0.21889693394428456,-0.023846193942441585,0.19348534201954398,0.08638150117478129,-0.10258681785967394,-0.6722208432353393,-0.12170660398072015,0.29500000000000004,WEAKENING,2026-09-17,2026-09-16,CORE,^N225,SPY,AVAILABLE,-0.03468534499753817,-0.042684524149745995,-0.21889693394428456,-0.026477863880945418,-0.06572507437402242,-0.30869657512324766,LOCAL_CURRENCY_ASSET_VS_USD_BENCHMARK_NOT_FX_HEDGED
,0981.HK,Foundry,63.650001525878906,0.04773665063175159,-0.020769207294170644,-0.12808217087837115,-0.18240201960906333,-0.04471831063118237,-0.1675155138740423,-0.2678494252391117,0.011251335425422143,0.3286464659033344,0.12331149241087355,-0.1678082191780822,-1.1668066007690925,-0.3413611495686662,0.2906818181818182,WEAKENING,2026-09-17,2026-09-16,CORE,^HSI,SPY,AVAILABLE,-0.04471831063118237,-0.1675155138740423,-0.2678494252391117,-0.009816903577350655,-0.14338328119292898,-0.17776305025208206,LOCAL_CURRENCY_ASSET_VS_USD_BENCHMARK_NOT_FX_HEDGED
,XAR,Defense,242.2899932861328,0.003146584319450918,-0.017875977773257112,-0.16575422857028776,-0.12804549773734786,-0.0069236740564371235,-0.1482937761617632,-0.14102252987700326,0.02356257936931483,0.7302798134037202,0.06279283195895007,-0.16837101928062026,-1.3989069929921087,-1.9277195077030462,0.2904545454545454,WEAKENING,2026-09-17,2026-09-16,CORE,SPY,SPY,AVAILABLE,-0.0069236740564371235,-0.1482937761617632,-0.14102252987700326,-0.0069236740564371235,-0.1482937761617632,-0.14102252987700326,LOCAL_CURRENCY_ASSET_VS_USD_BENCHMARK_NOT_FX_HEDGED
,ARM,AI_Semiconductor,243.97999572753906,0.008890517637205164,-0.07663783225531051,-0.03687040631072469,-0.4015991489329215,-0.06568552853849052,-0.019409953902200128,-0.4145761810725769,-0.06742023067762934,0.06640129594407819,0.16366188227089656,-0.09736022208599437,-0.6257884882765672,-0.014959150701715966,0.2731818181818182,WEAKENING,2026-09-17,2026-09-16,CORE,SPY,SPY,AVAILABLE,-0.06568552853849052,-0.019409953902200128,-0.4145761810725769,-0.06568552853849052,-0.019409953902200128,-0.4145761810725769,LOCAL_CURRENCY_ASSET_VS_USD_BENCHMARK_NOT_FX_HEDGED
,9988.HK,Cloud_AI,106.19999694824219,-0.009328358474513854,-0.032786939922202385,-0.14492753979294482,0.07326933020313553,0.004667280163022647,-0.12234527440098564,0.003976711188210524,0.003444945026033819,0.4455447900461276,0.10968159831320415,-0.16085575208602276,-1.2999766050286665,-0.588719632846341,0.26886363636363636,WEAKENING,2026-09-17,2026-09-16,CORE,^HSI,SPY,AVAILABLE,0.004667280163022647,-0.12234527440098564,0.003976711188210524,-0.021834636205382396,-0.14433907792906797,0.002603497197340099,LOCAL_CURRENCY_ASSET_VS_USD_BENCHMARK_NOT_FX_HEDGED
,NRG,Power,107.37999725341797,0.013114439264684474,-0.06925548498698264,-0.07078574314635289,-0.22423753542036762,-0.05830318127016265,-0.053325290737828324,-0.23721456756002302,-0.05155904920039442,0.1526119503366257,0.12813329013734892,-0.12099853827940132,-0.6959530258430489,-0.08430869375173806,0.26272727272727275,WEAKENING,2026-09-17,2026-09-16,CORE,SPY,SPY,AVAILABLE,-0.05830318127016265,-0.053325290737828324,-0.23721456756002302,-0.05830318127016265,-0.053325290737828324,-0.23721456756002302,LOCAL_CURRENCY_ASSET_VS_USD_BENCHMARK_NOT_FX_HEDGED
,HUBB,Power_Grid,439.07000732421875,0.0012314061670239962,-0.03494734565756874,-0.08975611002911277,-0.18346538873436236,-0.02399504194074875,-0.0722956576205882,-0.19644242087401775,-0.012508318150290548,0.3600061916990631,0.07068747464427105,-0.09087561140781708,-0.8072991919470442,-0.45712137144401144,0.26136363636363635,WEAKENING,2026-09-17,2026-09-16,CORE,SPY,SPY,AVAILABLE,-0.02399504194074875,-0.0722956576205882,-0.19644242087401775,-0.02399504194074875,-0.0722956576205882,-0.19644242087401775,LOCAL_CURRENCY_ASSET_VS_USD_BENCHMARK_NOT_FX_HEDGED
,5801.T,AI_Networking,3812.0,0.025006722237160606,-0.07677403729716636,0.011140583554376748,-0.3427586206896551,0.04180886607114098,-0.08963332590965101,-0.19404013463693182,-0.07955918318576055,0.013671875,0.227533450535898,-0.11640988016629983,-0.20615320460951925,0.0006694077966284092,0.2590909090909091,WEAKENING,2026-09-17,2026-09-16,CORE,^N225,SPY,AVAILABLE,0.04180886607114098,-0.08963332590965101,-0.19404013463693182,-0.06582173358034638,-0.10982892488085272,-0.21674666946917776,LOCAL_CURRENCY_ASSET_VS_USD_BENCHMARK_NOT_FX_HEDGED
,MCHP,Analog_Semiconductor,69.58999633789062,-0.0265771657945707,-0.04684297628095402,-0.10463376298243254,-0.3183848741269172,-0.03589067256413403,-0.08717331057390798,-0.3313619062665726,-0.020684535535345883,0.332353043886037,0.08747282929501231,-0.10463376298243254,-1.054391300561317,-0.39755601711678584,0.2554545454545455,WEAKENING,2026-09-17,2026-09-16,CORE,SPY,SPY,AVAILABLE,-0.03589067256413403,-0.08717331057390798,-0.3313619062665726,-0.03589067256413403,-0.08717331057390798,-0.3313619062665726,LOCAL_CURRENCY_ASSET_VS_USD_BENCHMARK_NOT_FX_HEDGED
,NVT,Power_Grid,147.64999389648438,0.005790128249703708,-0.06868928882817715,-0.10314043906160908,-0.19797366382957282,-0.057736985111357164,-0.08567998665308452,-0.21095069596922822,-0.04290417906277488,0.21390774610687832,0.15123145017066159,-0.1092753748380787,-0.9134066383672268,-0.1458859174281904,0.2520454545454546,WEAKENING,2026-09-17,2026-09-16,CORE,SPY,SPY,AVAILABLE,-0.057736985111357164,-0.08567998665308452,-0.21095069596922822,-0.057736985111357164,-0.08567998665308452,-0.21095069596922822,LOCAL_CURRENCY_ASSET_VS_USD_BENCHMARK_NOT_FX_HEDGED
,AVGO,AI_Semiconductor,339.510009765625,0.000707462374290424,-0.06825290845798715,-0.1065526058799342,-0.1341901779051896,-0.05730060474116716,-0.08909215347140964,-0.147167210044845,-0.0416147569880036,0.3582233012434904,0.09722529958939163,-0.10718423943770561,-0.9655616893838237,-0.3925894432375841,0.2486363636363636,WEAKENING,2026-09-17,2026-09-16,CORE,SPY,SPY,AVAILABLE,-0.05730060474116716,-0.08909215347140964,-0.147167210044845,-0.05730060474116716,-0.08909215347140964,-0.147167210044845,LOCAL_CURRENCY_ASSET_VS_USD_BENCHMARK_NOT_FX_HEDGED
,1347.HK,Foundry,111.9000015258789,0.058656620214214916,0.0026881994252658803,-0.015831094728900208,-0.3271196664316831,-0.022075900998058673,-0.14842287302307433,-0.3956486109321963,0.006645973107490932,0.024930677670744375,0.17473587226761358,-0.14065043131510413,-0.4243247053494393,-0.0022587229212829665,0.24636363636363637,WEAKENING,2026-09-17,2026-09-16,CORE,^HSI,SPY,AVAILABLE,-0.022075900998058673,-0.14842287302307433,-0.3956486109321963,0.013640503142085869,-0.11442467695973313,-0.34411403574444455,LOCAL_CURRENCY_ASSET_VS_USD_BENCHMARK_NOT_FX_HEDGED
,5803.T,AI_Networking,4839.0,0.02002529510961204,-0.11906062261059536,-0.09177927927927931,-0.21457555591624733,-0.039341205855445094,-0.1372574162099527,0.028197552467975284,-0.09611580279077553,0.14378124081152602,0.17040314546815552,-0.13808139534883723,-0.9488768783957473,-0.0774406987576906,0.2352272727272727,WEAKENING,2026-09-17,2026-09-16,CORE,^N225,SPY,AVAILABLE,-0.039341205855445094,-0.1372574162099527,0.028197552467975284,-0.10810831889377537,-0.16264798540916436,0.0029727468408635715,LOCAL_CURRENCY_ASSET_VS_USD_BENCHMARK_NOT_FX_HEDGED
,VRT,AI_Infrastructure,239.41000366210938,0.020459498909979557,-0.08909173645179913,-0.12134478263859538,-0.3310182575610412,-0.07813943273497914,-0.10388433023007082,-0.3439952897006966,-0.058755540792150285,0.19521043750568695,0.1816215321664212,-0.19311097958652879,-1.1560139320020146,-0.13042378745162994,0.22999999999999998,WEAKENING,2026-09-17,2026-09-16,CORE,SPY,SPY,AVAILABLE,-0.07813943273497914,-0.10388433023007082,-0.3439952897006966,-0.07813943273497914,-0.10388433023007082,-0.3439952897006966,LOCAL_CURRENCY_ASSET_VS_USD_BENCHMARK_NOT_FX_HEDGED
,005380.KS,EV,362000.0,-0.013623978201634857,-0.0670103092783505,-0.12007671375390583,-0.3729978583200326,0.00030395532355564914,-0.1156792976389841,-0.12961877908977304,-0.03699113083987404,0.3975252994923756,0.08794026232838058,-0.13470726939265254,-1.403904900079915,-0.5427949648232608,0.22954545454545452,WEAKENING,2026-09-17,2026-09-16,CORE,^KS11,SPY,AVAILABLE,0.00030395532355564914,-0.1156792976389841,-0.12961877908977304,-0.05605800556153051,-0.14509526214384827,-0.4308247820451333,LOCAL_CURRENCY_ASSET_VS_USD_BENCHMARK_NOT_FX_HEDGED
,6723.T,Semiconductor,3240.0,0.02694136291600624,-0.022624434389140302,-0.06412478336221838,-0.3572703828605436,-0.0024761062384839327,-0.11231620187266877,-0.22454872381509305,-0.006593238548585706,0.21850393700787402,0.09133389519532314,-0.09051599884692996,-0.7486486262905642,-0.15340983316716367,0.22568181818181818,WEAKENING,2026-09-17,2026-09-16,CORE,^N225,SPY,AVAILABLE,-0.0024761062384839327,-0.11231620187266877,-0.22454872381509305,-0.011672130672320313,-0.1314757178042414,-0.2965890792977902,LOCAL_CURRENCY_ASSET_VS_USD_BENCHMARK_NOT_FX_HEDGED
,ASM.AS,Semiconductor_Equipment,750.0,-0.012118034851298809,-0.10841656072704098,-0.16943521594684385,-0.3049119555143651,-0.08467890141409617,-0.13556921546202905,-0.29694970685580757,-0.06605775674033001,0.423353453196829,0.13836913034037418,-0.16943521594684385,-1.4885373577167609,-0.5184030830272311,0.21454545454545454,WEAKENING,2026-09-17,2026-09-15,CORE,^STOXX,SPY,AVAILABLE,-0.08467890141409617,-0.13556921546202905,-0.29694970685580757,-0.0972279776699938,-0.14965967321879736,-0.3136548321059678,LOCAL_CURRENCY_ASSET_VS_USD_BENCHMARK_NOT_FX_HEDGED
,9888.HK,Cloud_AI,88.05000305175781,-0.00956128750879337,-0.04501078127816027,-0.021122778887670668,-0.15902573430556255,0.018413342654754472,-0.08911097710037452,-0.21996406442763505,-0.039730086556242605,0.05292463006993542,0.1176039748824187,-0.0847192739607805,-0.3754224637515512,-0.009505760836712465,0.21136363636363636,WEAKENING,2026-09-17,2026-09-16,CORE,^HSI,SPY,AVAILABLE,0.018413342654754472,-0.08911097710037452,-0.21996406442763505,-0.034058477561340283,-0.11161962295570738,-0.22151700756673642,LOCAL_CURRENCY_ASSET_VS_USD_BENCHMARK_NOT_FX_HEDGED
,TER,Semiconductor_Equipment,341.1499938964844,0.024936120296742637,-0.11087077660153055,-0.15585091183904654,-0.2532143612502076,-0.09991847288471056,-0.13839045943052197,-0.266191393389863,-0.07190804864176892,0.2661073202028356,0.19225280831713484,-0.18542021076083648,-1.397296448197008,-0.21572152242501574,0.2106818181818182,WEAKENING,2026-09-17,2026-09-16,CORE,SPY,SPY,AVAILABLE,-0.09991847288471056,-0.13839045943052197,-0.266191393389863,-0.09991847288471056,-0.13839045943052197,-0.266191393389863,LOCAL_CURRENCY_ASSET_VS_USD_BENCHMARK_NOT_FX_HEDGED
,ON,Analog_Semiconductor,66.5999984741211,-0.09016391733988438,-0.06170758911896623,-0.16142029703341232,-0.49372864364041413,-0.050755285402146244,-0.14395984462488776,-0.5067056757800695,-0.021352514860613153,0.31545281235421496,0.1644171683824083,-0.16142029703341232,-1.6328515827123942,-0.3097029779263055,0.20772727272727276,WEAKENING,2026-09-17,2026-09-16,CORE,SPY,SPY,AVAILABLE,-0.050755285402146244,-0.14395984462488776,-0.5067056757800695,-0.050755285402146244,-0.14395984462488776,-0.5067056757800695,LOCAL_CURRENCY_ASSET_VS_USD_BENCHMARK_NOT_FX_HEDGED
,IFX.DE,Semiconductor,54.33000183105469,0.005366412113513075,-0.07048757704203612,-0.12328544842913514,-0.36781475113295703,-0.04674991772909132,-0.08941944794432033,-0.3598525024743995,-0.039666214934752336,0.27246779819659017,0.14731472888483824,-0.12796514682859972,-1.2290168112539108,-0.22802414217131933,0.20636363636363636,WEAKENING,2026-09-17,2026-09-15,CORE,^STOXX,SPY,AVAILABLE,-0.04674991772909132,-0.08941944794432033,-0.3598525024743995,-0.059298993984988946,-0.10350990570108864,-0.35178183459257695,LOCAL_CURRENCY_ASSET_VS_USD_BENCHMARK_NOT_FX_HEDGED
,6146.T,Semiconductor_Equipment,51000.0,-0.0077821011673151474,-0.0483299122970704,-0.14658634538152615,-0.42359855334538876,-0.0188535408422974,-0.11667423140885635,-0.28558601364089276,-0.011683325951688861,0.4786885245901639,0.0951848886911219,-0.16965157929013353,-1.397400933322229,-0.7371884588051398,0.2015909090909091,WEAKENING,2026-09-17,2026-09-16,CORE,^N225,SPY,AVAILABLE,-0.0188535408422974,-0.11667423140885635,-0.28558601364089276,-0.03737760858025041,-0.16457643612395334,-0.410968988399107,LOCAL_CURRENCY_ASSET_VS_USD_BENCHMARK_NOT_FX_HEDGED
,6506.T,Industrials,4360.0,0.014897579143389184,-0.031756606706640045,-0.10886941039922471,-0.4262073333402734,-0.008554950689406038,-0.10409521304001768,-0.28383418169728847,-0.004539254106833868,0.39601936806215554,0.08449031594630985,-0.13838191596690008,-1.2194334676069636,-0.5102880090423365,0.19954545454545458,WEAKENING,2026-09-17,2026-09-16,CORE,^N225,SPY,AVAILABLE,-0.008554950689406038,-0.10409521304001768,-0.28383418169728847,-0.020804302989820056,-0.1331133798074331,-0.39690125022778666,LOCAL_CURRENCY_ASSET_VS_USD_BENCHMARK_NOT_FX_HEDGED
,064350.KS,Defense,119500.0,-0.01565074135090605,-0.05233941316415547,-0.12325752017608216,-0.41277641277641275,0.008260685845606797,-0.11692512997811444,-0.14562470765352054,-0.02152503312013493,0.35443037974683544,0.10867688485088077,-0.14090582314881384,-1.2977611377400282,-0.4019825351325202,0.19659090909090912,WEAKENING,2026-09-17,2026-09-16,CORE,^KS11,SPY,AVAILABLE,0.008260685845606797,-0.11692512997811444,-0.14562470765352054,-0.04138710944733548,-0.14804234088756485,-0.4746258843582566,LOCAL_CURRENCY_ASSET_VS_USD_BENCHMARK_NOT_FX_HEDGED
,4004.T,Semiconductor_Materials,14130.0,0.03063457330415753,-0.12072184194150593,-0.11132075471698111,-0.2688227684346701,-0.09800715963514228,-0.13339441876868197,-0.1454902863962887,-0.09289165326226065,0.20799059929494712,0.1712873306570976,-0.18938480096501809,-1.053144966263464,-0.1351744486806345,0.19545454545454546,WEAKENING,2026-09-17,2026-09-16,CORE,^N225,SPY,AVAILABLE,-0.09800715963514228,-0.13339441876868197,-0.1454902863962887,-0.10976953822468594,-0.15013895848985537,-0.25732902153194026,LOCAL_CURRENCY_ASSET_VS_USD_BENCHMARK_NOT_FX_HEDGED
,5802.T,Power_Grid,2046.5,0.02581453634085218,-0.06531171500342547,-0.07398190045248865,-0.39362962962962966,-0.009345555666923189,-0.11650221286068296,-0.29923552081481064,-0.04681623989030331,0.16244411326378538,0.1266145601848463,-0.11529933481152999,-0.8530161145489452,-0.09491739495859743,0.19363636363636366,WEAKENING,2026-09-17,2026-09-16,CORE,^N225,SPY,AVAILABLE,-0.009345555666923189,-0.11650221286068296,-0.29923552081481064,-0.054359411286605486,-0.13670363107979944,-0.35475952953032475,LOCAL_CURRENCY_ASSET_VS_USD_BENCHMARK_NOT_FX_HEDGED
,ENR.DE,Power_Grid,133.0,0.002562915185473802,-0.10654306425717341,-0.1830466983608331,-0.21366914697919914,-0.08280540494422861,-0.1491806978760183,-0.2057068983206416,-0.06078138966696514,0.475734871945651,0.12507871299278317,-0.18513512791560727,-1.570218570108908,-0.6962151714000255,0.19136363636363637,WEAKENING,2026-09-17,2026-09-15,CORE,^STOXX,SPY,AVAILABLE,-0.08280540494422861,-0.1491806978760183,-0.2057068983206416,-0.09535448120012624,-0.1632711556327866,-0.22885985849987567,LOCAL_CURRENCY_ASSET_VS_USD_BENCHMARK_NOT_FX_HEDGED
,WDC,Memory,416.9700012207031,0.012161398848294036,-0.1354192538025638,-0.15933601977831235,-0.43066820707779074,-0.12446695008574382,-0.1418755673697878,-0.44364523921744614,-0.09558524885798572,0.3140527287934633,0.14807816727743595,-0.16943682976030083,-1.5096549809020174,-0.33792903252722306,0.1890909090909091,WEAKENING,2026-09-17,2026-09-16,CORE,SPY,SPY,AVAILABLE,-0.12446695008574382,-0.1418755673697878,-0.44364523921744614,-0.12446695008574382,-0.1418755673697878,-0.44364523921744614,LOCAL_CURRENCY_ASSET_VS_USD_BENCHMARK_NOT_FX_HEDGED
,9868.HK,EV,40.41999816894531,0.0009905175773177177,-0.04444447049701361,-0.12015673972080632,-0.18111836164627992,-0.021520196299551153,-0.1140160066563557,-0.25449418742349317,-0.014405285566812032,0.2738094449674303,0.14893073459463427,-0.16049891166128405,-1.1826855041540187,-0.22090839947576074,0.18545454545454543,WEAKENING,2026-09-17,2026-09-16,CORE,^HSI,SPY,AVAILABLE,-0.021520196299551153,-0.1140160066563557,-0.25449418742349317,-0.03349216678019362,-0.12727082976486825,-0.22493488061148226,LOCAL_CURRENCY_ASSET_VS_USD_BENCHMARK_NOT_FX_HEDGED
,ALB,EV,109.47000122070312,-0.0350814969995531,-0.12764040364146978,-0.17233976009222807,-0.29900569229703444,-0.11668809992464979,-0.1548793076837035,-0.31198272443668984,-0.08455546361841276,0.3538724845728363,0.13244842507453672,-0.2332369654924753,-1.6639254357033946,-0.46045318440141975,0.17136363636363636,WEAKENING,2026-09-17,2026-09-16,CORE,SPY,SPY,AVAILABLE,-0.11668809992464979,-0.1548793076837035,-0.31198272443668984,-0.11668809992464979,-0.1548793076837035,-0.31198272443668984,LOCAL_CURRENCY_ASSET_VS_USD_BENCHMARK_NOT_FX_HEDGED
,STMPA.PA,Semiconductor,41.78499984741211,0.0011980169241483374,-0.0715476312472394,-0.14828783779528232,-0.39782389083511693,-0.04780997193429459,-0.11442183731046751,-0.3898616421765594,-0.03447567179841882,0.3991770718779029,0.12478408965209814,-0.149306982427589,-1.4643988977702045,-0.47436420020579867,0.1481818181818182,WEAKENING,2026-09-17,2026-09-15,CORE,^STOXX,SPY,AVAILABLE,-0.04780997193429459,-0.11442183731046751,-0.3898616421765594,-0.06035904819019222,-0.12851229506723583,-0.3979644666475566,LOCAL_CURRENCY_ASSET_VS_USD_BENCHMARK_NOT_FX_HEDGED
,BESI.AS,Semiconductor_Equipment,176.35000610351562,0.002273425190175482,-0.09656757755854217,-0.25841041278232213,-0.44942237644572625,-0.07282991824559737,-0.22454441229750732,-0.4414601277871687,-0.03196497436296164,0.5877570076953624,0.12963474572736014,-0.2600925370469983,-2.3371386745254368,-1.171618998610844,0.1445454545454545,WEAKENING,2026-09-17,2026-09-15,CORE,^STOXX,SPY,AVAILABLE,-0.07282991824559737,-0.22454441229750732,-0.4414601277871687,-0.085378994501495,-0.23863487005427564,-0.4593532368463036,LOCAL_CURRENCY_ASSET_VS_USD_BENCHMARK_NOT_FX_HEDGED
,LRCX,Semiconductor_Equipment,269.2300109863281,-0.006054506443764152,-0.14757467670971725,-0.17897657976993253,-0.34260388394557384,-0.13662237299289726,-0.16151612736140797,-0.35558091608522924,-0.10283053176723411,0.3729903674174881,0.15362506764614853,-0.17897657976993253,-1.6041589285610556,-0.4345419746292696,0.14272727272727273,WEAKENING,2026-09-17,2026-09-16,CORE,SPY,SPY,AVAILABLE,-0.13662237299289726,-0.16151612736140797,-0.35558091608522924,-0.13662237299289726,-0.16151612736140797,-0.35558091608522924,LOCAL_CURRENCY_ASSET_VS_USD_BENCHMARK_NOT_FX_HEDGED
,GFS,Foundry,43.029998779296875,0.006549679047880064,-0.06354737617322692,-0.13767540153318714,-0.5194378336705914,-0.05259507245640693,-0.12021494912466257,-0.5324148658102468,-0.029128525789930138,0.4166163515203502,0.1079687971809416,-0.14328659934350518,-1.5114172174849898,-0.5312444426395844,0.12522727272727271,WEAKENING,2026-09-17,2026-09-16,CORE,SPY,SPY,AVAILABLE,-0.05259507245640693,-0.12021494912466257,-0.5324148658102468,-0.05259507245640693,-0.12021494912466257,-0.5324148658102468,LOCAL_CURRENCY_ASSET_VS_USD_BENCHMARK_NOT_FX_HEDGED
,KLAC,Semiconductor_Equipment,167.36000061035156,-0.0039281254929568465,-0.08501450298193325,-0.1408182844150958,-0.37751095985665184,-0.07406219926511326,-0.12335783200657124,-0.39048799199630724,-0.0498099318781593,0.36548963540739043,0.12931853355495607,-0.1408182844150958,-1.3489188451298293,-0.39799108460888594,0.12204545454545454,WEAKENING,2026-09-17,2026-09-16,CORE,SPY,SPY,AVAILABLE,-0.07406219926511326,-0.12335783200657124,-0.39048799199630724,-0.07406219926511326,-0.12335783200657124,-0.39048799199630724,LOCAL_CURRENCY_ASSET_VS_USD_BENCHMARK_NOT_FX_HEDGED
,AMAT,Semiconductor_Equipment,415.3800048828125,-0.013747437757496761,-0.11404500485150404,-0.1915226600071135,-0.3504573846540756,-0.10309270113468405,-0.17406220759858892,-0.363434416793731,-0.06616433984972567,0.5363586672109446,0.11539579033285069,-0.1915226600071135,-1.7545137639696233,-0.8901957200155051,0.10068181818181818,WEAKENING,2026-09-17,2026-09-16,CORE,SPY,SPY,AVAILABLE,-0.10309270113468405,-0.17406220759858892,-0.363434416793731,-0.10309270113468405,-0.17406220759858892,-0.363434416793731,LOCAL_CURRENCY_ASSET_VS_USD_BENCHMARK_NOT_FX_HEDGED
