candidate_rank,candidate_bucket,reaction_state,code,ticker,name,industry,economic_subindustry,primary_driver_id,secondary_driver_ids,classification_confidence,driver_label,global_theme,peer_tickers,peer_names,peer_signal,configured_peer_count,live_peer_count,above_ma20_pct,above_ma60_pct,positive_rs20_pct,median_ret20,median_rs20,price,ret_5d,ret_20d,ret_60d,rs_20d_vs_bench,rs_60d_vs_bench,acceleration,keynes_v2,bias20,avg_turnover20_twd,manual_deep_research_required,notes,exchange,market,listed_date,cfi_code,benchmark,theme,region,source,ret_1d,ma5,ma20,ma60,ma20_slope,ma60_slope,dist_20d_high,dist_52w_high,last_price_date,calendar_staleness_days,volume_ratio20,atr_pct14,er20,vol20,maxdd20,keynes_legacy,trend,rs_5d_vs_bench,median_turnover20_twd,liquidity_capacity_2pct_2d_twd,r_rs20,r_rs60,r_accel,r_slope,r_volume,r_high,r_quality,leader_score_v1,r_turnover,rs_acceleration,r_rs_accel,extension_quality,r_extension,taiwan_candidate_score_v1,taiwan_early_score_v2,taiwan_early_score_v3,trend_stage,extension_risk,candidate_eligible,research_priority_score
1,EARLY,PRE_CONFIRMATION,6683,6683.TWO,雍智科技,半導體業,IC_Test_Interface,TEST_INTERFACE_CAPEX,ADVANCED_PACKAGING_TEST_CAPEX,HIGH,IC test-interface / probe-board demand,Semiconductor_Test,COHU;FORM;TPRO.MI,COHU Cohu; FORM FormFactor; TPRO.MI Technoprobe,MIXED,3.0,3.0,1.0,0.3333333333333333,0.3333333333333333,-0.029752050976436406,-0.01619318888851351,1575.0,0.2209302325581394,0.381578947368421,-0.160209455571335,0.3150775643821348,-0.0651480972482182,0.1255354957160342,0.5941585901043247,0.1961268274159864,1426583006.0,True,Probe/load/burn-in boards and IC test interfaces; test capex and advanced packaging are key.,TPEX,上櫃,2019/04/23,ESVUFR,^TWII,半導體業,TW,TWSE_ISIN,-0.012539184952978,1449.0,1316.75,1339.8987609863282,0.0038969108330434,-0.003069682792731,-0.0707964601769911,-0.3828439574442438,2026-09-17,1,2.1756941103100265,0.0777777777777777,0.3799126637554585,0.2439864991302859,-0.1164383561643835,2.757660852917064,REBOUND,0.1925160252677945,1136257002.5,45450280.1,0.9812278031456112,0.3774733637747336,0.989345509893455,0.8792491121258245,0.924834941594718,0.2293252156265854,0.9547764227642276,0.7680220192365035,0.93505834601725,0.1137466341722608,0.9797057331303908,0.0193658629200679,0.015220700152207,0.8632206153434692,0.8548965242543847,0.9061176219391058,EARLY,NORMAL,True,0.9061176219391058
2,CONFIRMED,PERSISTENT,8103,8103.TW,瀚荃,電子零組件業,Connector_Power_HighSpeed,HIGH_SPEED_CONNECTOR_DEMAND,AI_SERVER_SHIPMENTS,HIGH,High-speed data-center / networking connector demand,Connector,APH;TEL;6806.T,APH Amphenol; TEL TE Connectivity; 6806.T Hirose Electric,MIXED,3.0,3.0,0.3333333333333333,0.3333333333333333,0.6666666666666666,0.004486107646439308,0.012886001013879822,132.0,0.1999999999999999,0.4363438281644531,0.2966047870234483,0.4101481546921912,0.2972825781356825,0.0909140429588866,0.9199467872920956,0.1479758244568179,711181914.9604492,True,Connector and cable-assembly exposure; server high-current and high-speed product mix should confirm transmission.,TWSE,上市,2009/09/29,ESVUFR,^TWII,電子零組件業,TW,TWSE_ISIN,0.1,118.4,114.98499984741213,94.15520985921223,0.015946045253559,0.0040031773686055,0.0,-0.0026117052794957,2026-09-17,1,1.6597272638289258,0.0595238095238095,0.4500561073047386,0.2134680043051104,-0.1304347826086956,3.266574075846564,STRONG_UP,0.0902293512803261,552753406.75,22110136.27,0.9903602232369356,0.960933536276002,0.9791983764586504,0.9898528665651952,0.8745556119857796,0.991374936580416,0.972560975609756,0.9694909586073466,0.9010654490106544,-0.0123076873927216,0.1456113647894469,0.2601208777159105,0.0228310502283105,0.8711610592124622,0.8652228979472879,0.7505623783398088,PERSISTENT,NORMAL,True,0.8711610592124622
3,CONFIRMED,EXTENDED,7717,7717.TWO,萊德光電-KY,通信網路業,Passive_Optics_FiberLaser_Satcom,OPTICAL_COMPONENT_DEMAND,LEO_SATCOM_DEPLOYMENT,MEDIUM,Optical-component / photonics demand,Photonics,COHR;LITE;IPGP,COHR Coherent; LITE Lumentum; IPGP IPG Photonics,BROADLY_POSITIVE,3.0,3.0,0.6666666666666666,0.3333333333333333,1.0,0.02960312286321476,0.03800301623065527,579.0,0.1901336073997943,0.4402985074626866,0.236169459460199,0.2988620329434288,0.0929233455939069,0.0800589805341226,0.6788537130834876,0.2655046172340309,385409325.575,True,Passive optical components plus fiber-laser and satellite optical exposure; validate segment mix before using peer price context.,TPEX,上櫃,2025/11/17,ESVUFR,^TWII,通信網路業,TW,TWSE_ISIN,0.0986717267552181,517.9,457.525,437.8672200520833,0.008964647915124,-0.0046139504204981,0.0,-0.3922274110592796,2026-09-17,1,4.235706763262322,0.0704416481618554,0.3915929203539823,0.253983700820693,-0.0725338491295938,3.221483412177921,STRONG_UP,0.0636459063857731,202091745.5,8083669.82,0.97818366311517,0.8290208016235413,0.974124809741248,0.9619482496194824,0.9867953275774504,0.2004058853373921,0.9634146341463414,0.8677252072327546,0.8650431253170979,-0.011069601850084,0.1511922881785895,0.0,0.0073566717402333,0.8707130430471858,0.8633028513653602,0.753044346953832,PERSISTENT,EXTENDED,True,0.8707130430471858
4,CONFIRMED,EXTENDED,1709,1709.TW,和益,化學工業,Petrochemical_Intermediates,SPECIALTY_CHEMICALS_CYCLE,,HIGH,Specialty / industrial chemicals demand cycle,Specialty_Chemicals,HUN;BAS.DE,HUN Huntsman; BAS.DE BASF,BROADLY_WEAK,2.0,2.0,0.0,0.5,0.5,-0.04088423128861601,-0.025880529099841454,42.95000076293945,0.2167139289297028,0.4602517582645975,1.0675525790499134,0.2106240438600262,0.9286080840056934,0.1016509893635534,0.6476745898269359,0.2188104231612024,583647649.5746372,True,Surfactant/petrochemical intermediates; specialty-chemical spreads and end demand are the relevant global context.,TWSE,上市,1986/07/03,ESVUFR,^TWII,化學工業,TW,TWSE_ISIN,0.0998720000531419,37.95,35.239279174804686,28.729936790466308,0.0097700964467573,0.0094520823478081,0.0,0.0,2026-09-17,1,2.1402615785316,0.0562115520805769,0.3812047809680797,0.2708924720148604,-0.0810439736064879,3.007775413286092,STRONG_UP,0.1251925865696327,498344930.3153038,19933797.212612152,0.9639776763064434,0.9949264332825976,0.9822425164890918,0.9680365296803652,0.9222955815134586,0.9967021816336884,0.9603658536585366,0.972056097855099,0.8873668188736682,0.0725365756046261,0.9472349061390156,0.0,0.0073566717402333,0.8645665543523582,0.8616716050261525,0.9092519932158792,PERSISTENT,EXTENDED,True,0.8645665543523582
5,CONFIRMED,CONFIRMING,6706,6706.TW,惠特,光電業,Optoelectronic_Semicap_Test,OPTO_TEST_EQUIPMENT_CYCLE,ADVANCED_PACKAGING_TEST_CAPEX,HIGH,Optoelectronic / semiconductor test-equipment cycle,Test_Equipment,KEYS;COHU,KEYS Keysight Technologies; COHU Cohu,BROADLY_POSITIVE,2.0,2.0,1.0,1.0,1.0,0.01704530021479983,0.025445193582240344,145.0,0.1599999999999999,0.2393162393162393,-0.0645161290322581,0.2474687026556261,-0.0743413639510172,0.10017094017094,0.4793760644559464,0.129283489096573,678703734.275,True,LED/MicroLED/VCSEL/silicon-photonics and semiconductor test equipment; use equipment capex context.,TWSE,上市,2019/12/19,ESVUFR,^TWII,光電業,TW,TWSE_ISIN,-0.0136054421768707,144.8,128.4,123.88166669209798,0.0065271461580349,-0.006112377724573,-0.09375,-0.3555555555555555,2026-09-17,1,2.533781137167564,0.0682266009852216,0.3733333333333333,0.1863771180276355,-0.0511811023622047,1.5651335433193174,STRONG_UP,0.2137663195932008,214981521.0,8599260.84,0.9690512430238456,0.3515981735159817,0.9812278031456112,0.9325215626585488,0.9476891823260538,0.280568239472349,0.9405487804878048,0.7698993924254751,0.8959918822932521,0.1518991439292942,0.9878234398782344,0.3535825545171347,0.0350076103500761,0.8635483851368635,0.8572526379613551,0.9121785221231647,CONFIRMED,NORMAL,True,0.8635483851368635
6,CONFIRMED,EXTENDED,3441,3441.TWO,聯一光,光電業,Precision_Optical_Lens,PRECISION_OPTICS_DEMAND,AUTOMOTIVE_VISION_CONTENT,HIGH,Precision optical-lens / coating demand,Optics,2382.HK;7741.T,2382.HK Sunny Optical; 7741.T HOYA,MIXED,2.0,2.0,0.5,0.5,0.5,0.023259685740297464,0.04932368942350329,192.5,0.2748344370860927,0.9784172041351472,1.0743533800600846,1.076436345182591,1.2921059510044235,0.0302301360523058,2.0110804873367893,0.3558725127663322,3147685033.675,True,Optical lens exposure; precision optics and automotive vision peers are relevant.,TPEX,上櫃,2010/10/04,ESVUFR,^TWII,光電業,TW,TWSE_ISIN,0.0349462365591397,174.9,141.975,99.0966667175293,0.0295205761996714,0.0137838639481588,-0.0422885572139303,-0.0422885572139303,2026-09-17,1,2.189774877055901,0.074025974025974,0.5593419427451136,0.2721272386770197,-0.0839160839160839,7.290748342623474,STRONG_UP,0.3244496960122184,3125917245.75,125036689.83,1.0,0.9984779299847792,0.8853373921867073,0.9989852866565196,0.9268664296597258,0.9426686960933536,0.994410569105691,0.9687892929764912,0.960933536276002,0.0553406097165706,0.8985286656519533,0.0,0.0073566717402333,0.861583977487263,0.853567316698509,0.890871141363468,PERSISTENT,EXTENDED,True,0.861583977487263
7,CONFIRMED,CONFIRMING,2489,2489.TW,瑞軒,光電業,TV_Display_ODM,CONSUMER_ELECTRONICS_CYCLE,,HIGH,Consumer electronics demand cycle,Consumer_Tech,6758.T;005930.KS,6758.T Sony Group; 005930.KS Samsung Electronics,BROADLY_WEAK,2.0,2.0,0.0,0.5,0.5,-0.03717758583463515,-0.04550519343568443,43.20000076293945,0.1191710484626671,0.33127888281215,-0.0629066769451108,0.2926328358539556,-0.0794760025071016,0.0363513277596296,0.5515189606635259,0.0796626142100804,2033099384.422526,True,TV and display ODM exposure; global TV shipments panel pricing and ODM utilization are primary.,TWSE,上市,2001/09/17,ESVUFR,^TWII,光電業,TW,TWSE_ISIN,0.0472727457682291,39.63000030517578,40.01250038146973,35.98083359400432,0.0091911436702985,-0.0019783181303149,-0.0399999830457898,-0.2317259866227842,2026-09-17,1,2.4661400890026166,0.0620039545441993,0.3601341138065757,0.2163204447964071,-0.1378504162699336,2.373351932575256,STRONG_UP,0.0739098048295053,1577690422.6926422,63107616.90770569,0.9766615930999492,0.3368848300355149,0.9107052257737188,0.965499746321664,0.9446419502285424,0.578386605783866,0.9491869918699188,0.7919196775685474,0.9497716894977168,0.0007515958660164,0.2364282090309487,0.6016869289495976,0.0948756976154236,0.8608363473288523,0.8542622113820132,0.7563208729503641,CONFIRMED,NORMAL,True,0.8608363473288523
8,CONFIRMED,PERSISTENT,2801,2801.TW,彰銀,金融保險業,Bank,FINANCIALS_RATE_CREDIT_CYCLE,,MEDIUM,Financials rate / credit / margin cycle,Financials,XLF;JPM;BAC;GS,XLF Financials ETF; JPM JPMorgan; BAC Bank of America; GS Goldman Sachs,BROADLY_WEAK,4.0,4.0,0.0,0.0,0.0,-0.04826429721554859,-0.039864403848108076,29.600000381469727,0.1024208551556626,0.2410901428943987,0.3344876476529705,0.1839464541879929,0.3463530767521519,0.0421483194320629,2.0618165888437066,0.1277264589352129,788000770.9107859,True,Taiwan bank NIM credit quality and loan growth dominate; global bank strength is context only.,TWSE,上市,1962/02/15,ESVUFR,^TWII,金融保險業,TW,TWSE_ISIN,0.0242214800062012,28.589999771118165,26.247500133514404,24.078279781341557,0.0082091670817923,0.0039058103478901,-0.0050420039842108,-0.0050420039842108,2026-09-17,1,1.843312673471692,0.0277509556879745,0.6725146798933312,0.0786377707655327,-0.0192644221281308,1.7858937774083254,STRONG_UP,0.1046325122357124,725491612.6777763,29019664.50711105,0.954337899543379,0.9700659563673262,0.9274479959411466,0.9558599695585996,0.8938547486033519,0.9883307965499746,0.9959349593495936,0.955112912956634,0.9061390157280568,0.0586458986887142,0.91324200913242,0.3613677053239352,0.0365296803652968,0.8558479614030089,0.8542494785232029,0.8935952977804821,PERSISTENT,NORMAL,True,0.8558479614030089
9,CONFIRMED,EXTENDED,6226,6226.TW,光鼎,光電業,LED_Packaging_PowerSemi,LED_COMPONENT_CYCLE,POWER_DISCRETE_CYCLE,HIGH,LED epitaxy / chip / package demand cycle,LED,AMS.SW;046890.KQ,AMS.SW ams OSRAM; 046890.KQ Seoul Semiconductor,MIXED,2.0,2.0,0.5,0.5,0.0,-0.05487566914895059,-0.055944780991150356,43.84999847412109,0.3450920406922904,0.993181748823686,1.6415661124363607,0.8479810052826859,1.9283943600328364,0.0967966034863688,1.443897527839684,0.3794730111699347,745943143.4833899,True,LED components/modules plus IGBT/SiC power semiconductor exposure; LED is primary current classification.,TWSE,上市,2008/11/10,ESVUFR,^TWII,光電業,TW,TWSE_ISIN,0.0989974134632611,36.60999984741211,31.78750009536743,25.21083319981893,0.0232909910547573,0.0147016894100835,0.0,0.0,2026-09-17,1,0.9321583263472184,0.0723244753893172,0.4796926601532344,0.3299555445750252,-0.1332357523018318,7.4500929312082524,STRONG_UP,0.3739823487678763,446672348.95467,17866893.958186798,0.9984779299847792,1.0,0.9807204464738712,0.995941146626078,0.6343321482986287,0.9967021816336884,0.9847560975609756,0.9579007068792126,0.9041095890410958,0.1619870974472048,0.9903602232369356,0.0,0.0073566717402333,0.8507953932461675,0.8443761712343126,0.8986010756408911,PERSISTENT,EXTENDED,True,0.8507953932461675
10,EARLY,PRE_CONFIRMATION,3016,3016.TW,嘉晶,半導體業,Power_Semiconductor_Materials,POWER_DISCRETE_CYCLE,,MEDIUM,Power discrete / MOSFET / SiC cycle,Power_Discrete,ON;IFX.DE;STMPA.PA;VSH;6966.T,ON onsemi; IFX.DE Infineon Technologies; STMPA.PA STMicroelectronics; VSH Vishay Intertechnology; 6966.T Mitsui High-tec,BROADLY_WEAK,5.0,5.0,0.2,0.0,0.2,-0.059699884110999135,-0.03809237310089053,115.5,0.05,0.122992919695424,-0.1313698691444643,0.1087440569153073,-0.2130165113649663,0.019251770076144,0.1822954245032431,0.1119550135389826,1038246146.2847896,True,Epitaxial wafer exposure; transmission is upstream and should be manually validated.,TWSE,上市,2002/12/24,ESVUFR,^TWII,半導體業,TW,TWSE_ISIN,0.0,112.6,103.87110862731932,106.63033548990886,0.0022674947466357,-0.00215823035525,-0.0532786885245901,-0.242077603404235,2026-09-17,1,2.412503962799572,0.0641929517945317,0.2336921224257841,0.1576697633815615,-0.0601941609296081,0.7687598452677004,REBOUND,0.1832824486254588,499452295.505146,19978091.82020584,0.9142567224759004,0.1070522577371892,0.8148148148148148,0.8244545915778793,0.941594718131031,0.5509893455098934,0.8663617886178862,0.6905368987723042,0.9203450025367832,0.156096434396632,0.989345509893455,0.4402249323050868,0.0446473871131405,0.7869143257315053,0.7753617911136933,0.8409224434382532,EARLY,NORMAL,True,0.8409224434382532
11,CONFIRMED,CONFIRMING,6147,6147.TWO,頎邦,半導體業,DisplayDriver_OSAT,DISPLAY_DRIVER_IC_CYCLE,,HIGH,Display-driver IC / panel electronics cycle,Display_IC,HIMX;108320.KS,HIMX Himax Technologies; 108320.KS LX Semicon,BROADLY_WEAK,2.0,2.0,0.0,0.0,0.0,-0.03472839151072449,-0.04959766229064022,209.5,0.0997375328083989,0.2813455657492354,-0.1288981288981289,0.2595711512905825,-0.1691603668668838,0.02940114137109,0.4570791521517014,0.1312095032397409,8127401666.525,True,Display-driver/bumper OSAT exposure; panel/display-driver cycle is primary.,TPEX,上櫃,2002/01/31,ESVUFR,^TWII,半導體業,TW,TWSE_ISIN,0.0096385542168675,197.4,185.2,178.68333333333334,0.0089327962883885,-0.00525761963335,-0.0433789954337899,-0.3234111689323246,2026-09-17,1,1.638734159014338,0.0710876235935901,0.323943661971831,0.1993967837283795,-0.0858585858585858,1.9031624023792268,STRONG_UP,0.0762622466052568,9132369319.5,365294772.78,0.9710806697108066,0.1725012683916793,0.8822932521562659,0.9614408929477424,0.8704926358557643,0.3515981735159817,0.9375,0.7217175791614261,0.9842719431760528,0.0113694587826111,0.3323186199898528,0.3439524838012955,0.0334855403348554,0.8380449510538667,0.8321041215257083,0.7566903087403202,CONFIRMED,NORMAL,True,0.8380449510538667
12,CONFIRMED,PERSISTENT,2890,2890.TW,永豐金,金融保險業,Bank_Financial_Holding,FINANCIALS_RATE_CREDIT_CYCLE,,MEDIUM,Financials rate / credit / margin cycle,Financials,XLF;JPM;BAC;GS,XLF Financials ETF; JPM JPMorgan; BAC Bank of America; GS Goldman Sachs,BROADLY_WEAK,4.0,4.0,0.0,0.0,0.0,-0.04826429721554859,-0.039864403848108076,45.95000076293945,0.0710955507826887,0.1677256046949764,0.2067045816441113,0.124487558930566,0.2206942289120037,0.0291641496089445,1.945688280692183,0.090412933377199,1096385209.380665,True,Taiwan rates NIM credit and fee-income mix require local validation.,TWSE,上市,2002/05/09,ESVUFR,^TWII,金融保險業,TW,TWSE_ISIN,0.0143488197974874,44.85999984741211,42.13999977111816,39.930552291870114,0.0052156770622451,0.0039927367773019,-0.0075593624165967,-0.0075593624165967,2026-09-17,1,1.2927271522061123,0.0274366448055796,0.6407774433433664,0.0552374114734518,-0.0164140842481703,1.1634898528109432,STRONG_UP,0.0768935235567965,1062629245.5524178,42505169.82209671,0.9244038559107052,0.9375951293759512,0.8817858954845256,0.91324200913242,0.7983748095479939,0.9863013698630136,0.9928861788617886,0.919968310916067,0.9233891425672248,0.045771633824155,0.8462709284627092,0.5479353331140049,0.0705225773718924,0.828287877559222,0.8289722676793788,0.8547972636576493,PERSISTENT,NORMAL,True,0.828287877559222
13,CONFIRMED,PERSISTENT,3491,3491.TWO,昇達科,通信網路業,Microwave_Satcom_LEO_Passives,LEO_SATCOM_DEPLOYMENT,,HIGH,LEO satellite / ground-infrastructure deployment,Satcom,MTSI;VSAT;IRDM,MTSI MACOM Technology Solutions; VSAT Viasat; IRDM Iridium Communications,MIXED,3.0,3.0,0.6666666666666666,0.0,0.0,-0.025335195420215784,-0.01693530205277527,1485.0,0.0959409594095941,0.1556420233463034,0.1140362605381388,0.1502516340099862,0.0948948838577263,0.0570304535730182,0.1360556335827937,0.0520722635494155,2291946464.25,True,Microwave passive components for satcom and LEO infrastructure; constellation and ground-equipment deployment are primary.,TPEX,上櫃,2008/01/03,ESVUFR,^TWII,通信網路業,TW,TWSE_ISIN,0.03125,1417.0,1411.5,1292.7686869303386,0.0041396833334156,-0.0034203486423821,-0.054140127388535,-0.3214506361422957,2026-09-17,1,1.2218976303081202,0.0711880711880711,0.1834862385321101,0.2099006756964724,-0.1026490066225165,0.9313354146757592,STRONG_UP,0.0179731702749433,2060826345.0,82433053.8,0.9375951293759512,0.8330796549974632,0.952308472856418,0.8873668188736682,0.7770441848654139,0.3581938102486047,0.8399390243902439,0.8301153681097363,0.9538305428716388,-0.0195897382275531,0.1177067478437341,0.7396386822529224,0.1851851851851851,0.8262350950033522,0.8203883120777603,0.697366500381333,PERSISTENT,NORMAL,True,0.8262350950033522
14,EARLY,PRE_CONFIRMATION,2481,2481.TW,強茂,半導體業,Diode_Discrete,DIODE_RECTIFIER_CYCLE,POWER_DISCRETE_CYCLE,HIGH,Discrete diode / rectifier cycle,Power_Discrete,DIOD;VSH;ON,DIOD Diodes Incorporated; VSH Vishay Intertechnology; ON onsemi,MIXED,3.0,3.0,0.6666666666666666,0.0,0.3333333333333333,-0.03742577174213646,-0.029025878374695946,163.0,0.0550161812297733,0.1768953068592058,-0.1510416666666666,0.2091736643605879,-0.1026228991666254,0.0107923545149719,0.1921438594054217,0.0744891232696112,6152847016.225,True,Discrete rectifier/diode cycle; do not validate with broad semiconductor breadth.,TWSE,上市,2001/09/17,ESVUFR,^TWII,半導體業,TW,TWSE_ISIN,-0.0326409495548961,158.8,151.7,156.01666666666668,0.005310300112104,1.4872402659979631e-05,-0.0632183908045976,-0.2989247311827957,2026-09-17,1,1.6787835003069704,0.0729623137598597,0.2217194570135746,0.2041237825993521,-0.0573248407643312,1.1536880729077477,REBOUND,0.1368350802044061,5825341404.25,233013656.17,0.9634703196347032,0.2770167427701674,0.710806697108067,0.9147640791476408,0.8755713560182834,0.4155251141552511,0.8704268292682927,0.7105206708878661,0.9791983764586504,0.0845416641142591,0.9639776763064434,0.6275543836519439,0.1080669710806697,0.7832812635052078,0.7643469986773996,0.8237175902429044,EARLY,NORMAL,True,0.8237175902429044
15,CONFIRMED,PERSISTENT,3605,3605.TW,宏致,電子零組件業,Connector,HIGH_SPEED_CONNECTOR_DEMAND,,MEDIUM,High-speed data-center / networking connector demand,Connector,APH;TEL;6806.T,APH Amphenol; TEL TE Connectivity; 6806.T Hirose Electric,MIXED,3.0,3.0,0.3333333333333333,0.3333333333333333,0.6666666666666666,0.004486107646439308,0.012886001013879822,140.0,0.09375,0.2727272727272727,0.8324030558158522,0.1512120181636476,0.8241865781722431,0.0255681818181818,0.3123016888195045,0.1265338966002815,1985267897.275,True,Connector exposure; exact high-speed/server contribution requires manual validation.,TWSE,上市,2009/03/26,ESVUFR,^TWII,電子零組件業,TW,TWSE_ISIN,0.0,131.3,124.275,104.05897954305011,0.0021158266565186,0.0088391274934467,-0.081967213114754,-0.081967213114754,2026-09-17,1,2.680085771493704,0.0816326530612245,0.2777777777777778,0.2425781815139656,-0.1762589928057554,1.8719062779936328,STRONG_UP,0.1093635297065399,1596711265.5,63868450.620000005,0.9386098427194316,0.9934043632673768,0.8604769152714358,0.817351598173516,0.9537836465210768,0.8792491121258245,0.9115853658536586,0.9186018428914564,0.9487569761542364,0.071560525165628,0.945712836123795,0.3673305169985921,0.0375443937087772,0.8134640831805259,0.8026506574092818,0.8538750420846355,PERSISTENT,NORMAL,True,0.8134640831805259
16,CONFIRMED,EXTENDED,2305,2305.TW,全友,電腦及週邊設備業,Document_Scanner_Imaging,DOCUMENT_SCANNER_IMAGING_CYCLE,,HIGH,Document scanner / digital-imaging demand,Document_Imaging,7751.T;6724.T,7751.T Canon; 6724.T Seiko Epson,MIXED,2.0,2.0,0.5,1.0,1.0,0.020410733608541176,0.041893953333714595,54.29999923706055,0.4103895905730013,1.0451977701477446,0.436507945318231,0.8180251214280831,0.3581125512751295,0.1490901480360651,3.837105603929125,0.5606811499494606,697475294.1914845,True,Document/flatbed/ADF scanner and digital-imaging products; benchmark scanner vendors directly rather than medical imaging.,TWSE,上市,1988/10/21,ESVUFR,^TWII,電腦及週邊設備業,TW,TWSE_ISIN,0.0991902340046428,46.97000045776368,34.79250020980835,33.31333335240682,0.0210197476617096,0.0037550984698983,0.0,0.0,2026-09-17,1,0.3971613659721376,0.0597869025373337,0.8008657655981478,0.2181496155679722,-0.0645161290322581,7.990797723124116,STRONG_UP,0.4397110636505704,351324909.6669502,14052996.38667801,0.9979705733130392,0.9715880263825468,0.9934043632673768,0.9944190766108574,0.1640426612493651,0.9967021816336884,1.0,0.9083372950442667,0.8990360223236935,0.2352047832935496,0.9964485032978184,0.0,0.0073566717402333,0.8094788475556823,0.8042277060031708,0.8585275537961694,PERSISTENT,EXTENDED,True,0.8094788475556823
17,CONFIRMED,PERSISTENT,1727,1727.TW,中華化,化學工業,Electronic_Chemicals,SEMICONDUCTOR_MATERIALS_CAPEX,,HIGH,Semiconductor materials / fab-chemicals demand,Semiconductor_Materials,ENTG;4186.T,ENTG Entegris; 4186.T Tokyo Ohka Kogyo,BROADLY_WEAK,2.0,2.0,0.0,0.0,0.0,-0.0853114242811735,-0.07036986773486653,105.0,0.1615044051735059,0.1462882287019327,0.1237103107452692,0.0060251583139983,0.0189411693950797,0.1249323479980227,0.2263224988903122,0.1255225714113459,487752037.4632133,True,Electronic-grade cleaning/etching chemicals; semiconductor materials/fab demand is primary.,TWSE,上市,2000/09/11,ESVUFR,^TWII,化學工業,TW,TWSE_ISIN,0.0983263773631073,93.69999847412107,93.28999938964844,85.98833332061767,0.0053853766595855,0.0003859015320397,-0.0094339622641509,-0.060899205158876,2026-09-17,1,2.707016941748229,0.0494557854269637,0.257692299227744,0.1665647480431241,-0.1171171611504515,1.0104125842580447,STRONG_UP,0.0776787172903624,390301008.0691986,15612040.322767943,0.7503805175038052,0.6286149162861492,0.9883307965499746,0.9162861491628614,0.9563230066023362,0.9157787924911212,0.8841463414634146,0.8288211610876506,0.878234398782344,0.0761724277118628,0.9533231861998984,0.3723871429432703,0.0390664637239979,0.8090673528189745,0.842341133616143,0.8935168708301363,PERSISTENT,NORMAL,True,0.8090673528189745
18,CONFIRMED,PERSISTENT,2412,2412.TW,中華電,通信網路業,Telecom_Operator,TELECOM_OPERATOR_ARPU_5G,,MEDIUM,Telecom operator ARPU / 5G service cycle,Telecom,VZ;9432.T,VZ Verizon; 9432.T Nippon Telegraph and Telephone,MIXED,2.0,2.0,0.5,1.0,0.5,0.047187301992483555,0.06212885853879052,145.0,0.039426523297491,0.0622710622710622,0.0459325749300747,0.0298884887518828,0.0616886500172688,0.0238587577297255,2.015861957211179,0.0459873760144273,1472534006.875,True,Telecom operator; ARPU subscriber mix enterprise/cloud and capex are primary local checks.,TWSE,上市,2000/10/27,ESVUFR,^TWII,通信網路業,TW,TWSE_ISIN,0.0104529616724737,143.0,138.625,137.41808319091797,0.0018671290875193,5.1420400962542654e-05,0.0,0.0,2026-09-17,1,1.4194596328312878,0.0108374384236453,0.7391304347826086,0.0228321374715855,-0.0073260073260073,0.4626290953827418,STRONG_UP,0.0569562837509068,1426006132.75,57040245.31,0.8229325215626585,0.7640791476407914,0.8472856418061897,0.7995941146626078,0.8334179786693753,0.9967021816336884,0.9954268292682928,0.8481559166131478,0.9396245560629122,0.0494841615629361,0.86960933536276,0.7700631199278631,0.2232369355657026,0.8080994113106519,0.8226094640881203,0.8462526330255175,PERSISTENT,NORMAL,True,0.8080994113106519
19,CONFIRMED,PERSISTENT,1560,1560.TW,中砂,電機機械,CMP_Consumables_Reclaim_Wafer,SEMICONDUCTOR_FAB_UTILIZATION_CONSUMABLES,WAFER_FAB_EQUIPMENT_CAPEX,HIGH,Semiconductor fab-utilization / consumables demand,Semiconductor_Consumables,ENTG;5384.T;6146.T,ENTG Entegris; 5384.T Fujimi Incorporated; 6146.T DISCO,BROADLY_WEAK,3.0,3.0,0.0,0.0,0.0,-0.12938005390835583,-0.10789683418318241,815.0,0.1118690313778989,0.167621776504298,0.1239241863603695,0.0228319532664016,0.0846873952626359,0.0699635872518244,0.2417253579284989,0.1332035595105671,880944598.75,True,CMP diamond-disk consumables and reclaim-wafer demand; wafer starts and fab utilization are primary.,TWSE,上市,2005/01/31,ESVUFR,^TWII,電機機械,TW,TWSE_ISIN,0.0998650472334683,766.8,719.2,703.0878295898438,0.0023849339909541,0.0010241393785738,0.0,0.0,2026-09-17,1,2.415119376987929,0.0467134092900964,0.2702078521939954,0.1873726471989158,-0.069620253164557,1.248908876891349,STRONG_UP,0.0433509417761438,559169550.0,22366782.0,0.8061897513952309,0.8117706747843734,0.9675291730086252,0.8310502283105022,0.9421025901472828,0.9967021816336884,0.8922764227642277,0.8752440910425462,0.9137493658041604,0.0376429534595434,0.7574835109081685,0.3339822024471641,0.0324708269913749,0.8078253609191721,0.8268176701345017,0.8380130828877158,PERSISTENT,NORMAL,True,0.8078253609191721
20,CONFIRMED,CONFIRMING,3714,3714.TW,富采,光電業,LED_VCSEL_Compound_Semiconductor,LED_COMPONENT_CYCLE,,HIGH,LED epitaxy / chip / package demand cycle,LED,AMS.SW;046890.KQ,AMS.SW ams OSRAM; 046890.KQ Seoul Semiconductor,MIXED,2.0,2.0,0.5,0.5,0.0,-0.05487566914895059,-0.055944780991150356,65.5,0.0564516129032257,0.1491228070175438,-0.0154291049953931,0.1395965415776991,-0.0427395162420385,0.0191709111488397,0.3057781405658454,0.0495112956251293,882417915.9569242,True,LED and compound-semiconductor exposure including advanced optoelectronics; verify VCSEL and MiniLED mix separately.,TWSE,上市,2021/01/06,ESVUFR,^TWII,光電業,TW,TWSE_ISIN,0.0186624710931391,62.62000045776367,62.410000038146975,58.80352567036947,0.0043796904292989,-0.0008269702919413,-0.0437956204379561,-0.2369857729372287,2026-09-17,1,1.190965245648458,0.0489640105901653,0.2961672788791222,0.1444357529661019,-0.1056547439963361,1.0147488732304144,STRONG_UP,0.037701636720154,616783825.8405685,24671353.03362274,0.9330289193302892,0.4424150177574835,0.8138001014713343,0.8949771689497716,0.7638395124428644,0.563165905631659,0.910060975609756,0.7570146048681743,0.9142567224759004,0.0028025013257292,0.2541856925418569,0.7524435218743533,0.2039573820395738,0.8040582468228586,0.7941072113821388,0.7028405908106822,CONFIRMED,NORMAL,True,0.8040582468228586
21,CONFIRMED,PERSISTENT,2891,2891.TW,中信金,金融保險業,Bank_Financial_Holding,FINANCIALS_RATE_CREDIT_CYCLE,,MEDIUM,Financials rate / credit / margin cycle,Financials,XLF;JPM;BAC;GS,XLF Financials ETF; JPM JPMorgan; BAC Bank of America; GS Goldman Sachs,BROADLY_WEAK,4.0,4.0,0.0,0.0,0.0,-0.04826429721554859,-0.039864403848108076,71.19999694824219,0.0579493866216476,0.1230283160037377,0.0459094734883762,0.0656505422112905,0.0407525081229767,0.0271923076207131,0.8224404464270605,0.0658682269182167,2146105855.709086,True,Taiwan NIM credit loan growth and fee income dominate; global banks are contextual peers only.,TWSE,上市,2002/05/17,ESVUFR,^TWII,金融保險業,TW,TWSE_ISIN,0.0056496310627551,69.37999877929687,66.79999942779541,65.88108126322429,0.001718238167317,0.0001800031252857,-0.0069735009941622,-0.0069735009941622,2026-09-17,1,1.1071282323886444,0.0224719202602101,0.4382019148919755,0.0655503312038948,-0.0263158335029684,0.882599394208307,STRONG_UP,0.0913455818666514,1939515445.4279096,77580617.8171164,0.8772196854388635,0.7082699137493658,0.8716387620497209,0.7929984779299848,0.7303199593702387,0.987316083206494,0.9710365853658536,0.8398718290043043,0.952308472856418,0.0749329463138288,0.9507864028411972,0.6706588654089165,0.1319127346524606,0.8006994855114631,0.8046546633337892,0.848467116155806,PERSISTENT,NORMAL,True,0.8006994855114631
22,CONFIRMED,PERSISTENT,2892,2892.TW,第一金,金融保險業,Bank_Financial_Holding,FINANCIALS_RATE_CREDIT_CYCLE,,MEDIUM,Financials rate / credit / margin cycle,Financials,XLF;JPM;BAC;GS,XLF Financials ETF; JPM JPMorgan; BAC Bank of America; GS Goldman Sachs,BROADLY_WEAK,4.0,4.0,0.0,0.0,0.0,-0.04826429721554859,-0.039864403848108076,40.75,0.0723684210526316,0.2237237517605745,0.2884108111094043,0.1652176744677163,0.3068632410309302,0.0164374831124879,3.4074866603661413,0.1107325441050881,1318406157.069813,True,Taiwan NIM credit and loan-growth conditions require local validation.,TWSE,上市,2003/01/02,ESVUFR,^TWII,金融保險業,TW,TWSE_ISIN,0.01875,39.80999984741211,36.687499809265134,34.20982030232747,0.0078509782063441,0.0037012535599314,-0.0048840234240107,-0.0048840234240107,2026-09-17,1,0.7804678961251257,0.0251533782450803,0.8054051557364982,0.0528801081525929,-0.0133136323401463,1.649130143024767,STRONG_UP,0.0864835281848067,1180546427.011898,47221857.08047592,0.9452054794520548,0.9644850329781836,0.7833587011669203,0.9518011161846778,0.5144743524631793,0.9888381532217148,0.9994918699186992,0.8921627308125155,0.9294774226281076,0.0451791095678776,0.8396752917300863,0.4463372794745592,0.0466768138001014,0.782548244542082,0.7767136041465914,0.8066984221169172,PERSISTENT,NORMAL,True,0.782548244542082
23,CONFIRMED,PERSISTENT,6588,6588.TWO,東典光電,通信網路業,Optical_Filter_DataCenter,AI_NETWORKING_UPGRADE,,HIGH,800G/1.6T AI networking upgrade,AI_Networking,ANET;MRVL;COHR;LITE;CIEN,ANET Arista Networks; MRVL Marvell Technology; COHR Coherent; LITE Lumentum; CIEN Ciena,MIXED,5.0,5.0,0.6,0.6,0.8,0.02960312286321476,0.03800301623065527,118.5,0.0533333333333332,0.1732673267326732,0.2042682740084598,0.1326361667704587,0.1103199096061753,0.0100165016501649,0.1339453364889246,0.0782529572338488,333364068.775,True,Optical filter exposure for datacom and telecom; 800G/1.6T and PON shipment evidence should confirm demand.,TPEX,上櫃,2020/07/01,ESVUFR,^TWII,通信網路業,TW,TWSE_ISIN,0.0772727272727273,108.6,109.9,93.80333315531412,0.0077924763806167,0.0007626648341577,-0.0669291338582677,-0.2882882882882883,2026-09-17,1,2.2594112134572093,0.0696202531645569,0.1851851851851851,0.2395495269085772,-0.1525423728813559,1.145725005269273,STRONG_UP,-0.0151958122441063,230125282.5,9205011.3,0.9294774226281076,0.854388635210553,0.7031963470319634,0.9492643328259768,0.9329608938547486,0.4419076610857432,0.8389227642276422,0.8250320999533429,0.8569254185692542,-0.048354853936721,0.0471841704718417,0.6087352138307558,0.097919837645865,0.7703399014902624,0.7518598600973828,0.636448475818015,PERSISTENT,NORMAL,True,0.7703399014902624
24,CONFIRMED,PERSISTENT,3045,3045.TW,台灣大,通信網路業,Telecom_Operator,TELECOM_OPERATOR_ARPU_5G,,MEDIUM,Telecom operator ARPU / 5G service cycle,Telecom,VZ;9432.T,VZ Verizon; 9432.T Nippon Telegraph and Telephone,MIXED,2.0,2.0,0.5,1.0,0.5,0.047187301992483555,0.06212885853879052,124.0,0.0333333333333334,0.0782608695652173,0.0786189475159599,0.0716577294878249,0.1186448603994023,0.013768115942029,1.7133760912903957,0.0486257928118394,931692440.375,True,Telecom operator; ARPU subscriber mix and service monetization dominate.,TWSE,上市,2002/08/26,ESVUFR,^TWII,通信網路業,TW,TWSE_ISIN,-0.0040160642570281,123.0,118.25,113.68816680908203,0.0046771001978773,0.0007711164639403,-0.0040160642570281,-0.0040160642570281,2026-09-17,1,0.7548260527895884,0.015552995391705,0.6923076923076923,0.0316221302970814,-0.0084745762711864,0.5754153439351322,STRONG_UP,0.0701234528095592,968251044.0,38730041.76,0.8853373921867073,0.8716387620497209,0.7513952308472857,0.900050735667174,0.489588623666836,0.9898528665651952,0.9898373983739838,0.8453043475110327,0.9167935058346016,0.052209020437603,0.8812785388127854,0.7568710359408028,0.2105530187721968,0.7687426789263103,0.7695790440251211,0.8024057940962749,PERSISTENT,NORMAL,True,0.7687426789263103
25,CONFIRMED,PERSISTENT,2880,2880.TW,華南金,金融保險業,Bank_Financial_Holding,FINANCIALS_RATE_CREDIT_CYCLE,,MEDIUM,Financials rate / credit / margin cycle,Financials,XLF;JPM;BAC;GS,XLF Financials ETF; JPM JPMorgan; BAC Bank of America; GS Goldman Sachs,BROADLY_WEAK,4.0,4.0,0.0,0.0,0.0,-0.04826429721554859,-0.039864403848108076,47.900001525878906,0.0691964808395331,0.2345361460761659,0.3146245315025933,0.1888439549058174,0.3416791928968763,0.0105624443204916,3.245369302241581,0.1080909604037332,745199097.2529309,True,Taiwan bank earnings cycle requires local rate/NIM/credit validation.,TWSE,上市,2001/12/19,ESVUFR,^TWII,金融保險業,TW,TWSE_ISIN,0.0116156931252788,46.85999984741211,43.2274995803833,40.35361938476562,0.0071315048431496,0.003783244180406,-0.0082815262422348,-0.0082815262422348,2026-09-17,1,0.8037171339258954,0.0248285189534473,0.7398371714438745,0.0534665065065132,-0.0177187823858493,1.7093581129431,STRONG_UP,0.0959261939065448,678862509.9221458,27154500.396885835,0.9578893962455606,0.9680365296803652,0.7082699137493658,0.9416539827498732,0.5312341289994922,0.9852866565195332,0.9989837398373984,0.8850359928704978,0.9036022323693556,0.0487152051800905,0.8660578386605784,0.4595451979813338,0.0487062404870624,0.7657816524960438,0.7518292666822314,0.7920627280921879,PERSISTENT,NORMAL,True,0.7657816524960438
26,CONFIRMED,PERSISTENT,2615,2615.TW,萬海,航運業,Container_Shipping,CONTAINER_FREIGHT,,HIGH,Container freight / liner shipping cycle,Shipping,ZIM;MATX;MAERSK-B.CO;HLAG.DE;1919.HK,ZIM ZIM; MATX Matson; MAERSK-B.CO Maersk; HLAG.DE Hapag-Lloyd; 1919.HK COSCO Shipping Holdings,MIXED,5.0,5.0,0.6,1.0,1.0,0.07555212090252117,0.07878408314522622,120.5,0.0904977375565609,0.0616740088105727,0.6050073557783229,0.0545536365011234,0.5427553703955252,0.0750792353539178,0.0409377823223981,0.0423875432525953,4167664311.325,True,Container freight-rate and capacity cycle; route mix and freight rates are key.,TWSE,上市,1996/05/16,ESVUFR,^TWII,航運業,TW,TWSE_ISIN,0.0478260869565216,114.5,115.6,95.03679936726888,0.0080896625584855,0.0063751552575289,-0.104089219330855,-0.104089219330855,2026-09-17,1,0.5199330210213167,0.0489033787788974,0.1129032258064516,0.1700921287892879,-0.1264822134387352,0.2613174746148235,STRONG_UP,0.0196617589702864,2674043864.25,106961754.57,0.8640284119736175,0.989345509893455,0.9700659563673262,0.9553526128868596,0.2686642965972575,0.8381532217148655,0.7566056910569106,0.8412636806527837,0.9680365296803652,0.0060233498450055,0.2785388127853881,0.7880622837370235,0.2602739726027397,0.763474224390641,0.7731715814954906,0.6811302365672013,PERSISTENT,NORMAL,True,0.763474224390641
27,CONFIRMED,PERSISTENT,2834,2834.TW,臺企銀,金融保險業,Bank_SME,FINANCIALS_RATE_CREDIT_CYCLE,,MEDIUM,Financials rate / credit / margin cycle,Financials,XLF;JPM;BAC;GS,XLF Financials ETF; JPM JPMorgan; BAC Bank of America; GS Goldman Sachs,BROADLY_WEAK,4.0,4.0,0.0,0.0,0.0,-0.04826429721554859,-0.039864403848108076,18.75,0.0474860558426937,0.132930565822201,0.134594609567602,0.0844975998233434,0.1497283092576398,0.0142534143871434,1.152204582607708,0.0839716518874396,1396526277.6307454,True,Taiwan SME-focused bank; local NIM loan growth deposit beta and credit quality dominate.,TWSE,上市,1998/01/03,ESVUFR,^TWII,金融保險業,TW,TWSE_ISIN,0.0302197370332262,18.26000022888184,17.297500324249267,16.764540195465088,0.0047356483148581,0.0016151773132695,-0.0026595339941282,-0.0026595339941282,2026-09-17,1,0.7674124087386263,0.0222857084728422,0.5365852523886039,0.0619061773304463,-0.0190735898743177,0.9872487745785512,STRONG_UP,0.0422100246351581,771715255.875,30868610.235,0.8954845256215119,0.9010654490106544,0.756468797564688,0.9010654490106544,0.500253936008126,0.9908675799086758,0.9796747967479674,0.8547407170097545,0.9340436326737696,0.0210856246793222,0.4738711314053779,0.580141740562802,0.0852359208523592,0.7595067760858702,0.758972504761422,0.7159755736505582,PERSISTENT,NORMAL,True,0.7595067760858702
28,CONFIRMED,PERSISTENT,6214,6214.TW,精誠,資訊服務業,Enterprise_IT_Integration,CLOUD_MSP_ENTERPRISE_SPEND,ENTERPRISE_CYBER_SPEND,MEDIUM,Cloud adoption / MSP enterprise spend,Cloud_AI,SKYY;CLOU;MSFT;AMZN;ORCL,SKYY Cloud Computing ETF; CLOU Cloud Computing ETF; MSFT Microsoft Azure; AMZN Amazon AWS; ORCL Oracle Cloud,BROADLY_POSITIVE,5.0,5.0,0.8,0.8,0.8,0.019978912063570275,0.02837880543101079,193.0,0.0293333333333334,0.0722222222222221,0.4903474903474902,0.0447694411328352,0.4958068364724126,0.0112777777777778,1.255440748333777,0.04394861392833,335954969.125,True,Enterprise IT/cloud integration with security exposure; segment mix must be checked manually.,TWSE,上市,2010/12/30,ESVUFR,^TWII,資訊服務業,TW,TWSE_ISIN,0.0104712041884815,190.0,184.875,158.65,0.0067733421922004,0.0052757995028491,-0.0102564102564102,-0.0102564102564102,2026-09-17,1,0.7624061639547093,0.0186898593634344,0.5652173913043478,0.032515478004697,-0.0082191780821917,0.3717017856544058,STRONG_UP,0.0469491152921254,309468475.5,12378739.02,0.84779299847793,0.987316083206494,0.7143581938102486,0.9375951293759512,0.4961909598781107,0.982749873160832,0.9827235772357724,0.8564911492973852,0.8574327752409944,0.0357567550089166,0.730593607305936,0.7802569303583498,0.2425164890918315,0.7551947601919416,0.760241644279504,0.7665088139717489,PERSISTENT,NORMAL,True,0.7551947601919416
29,CONFIRMED,PERSISTENT,3532,3532.TW,台勝科,半導體業,Silicon_Wafer_200mm_300mm,SILICON_WAFER_DEMAND_PRICING,,HIGH,Silicon-wafer demand / pricing cycle,Silicon_Wafer,3436.T;4063.T,3436.T SUMCO; 4063.T Shin-Etsu Chemical,BROADLY_WEAK,2.0,2.0,0.0,0.0,0.0,-0.11752288937056271,-0.09603966964538929,441.5,0.076829268292683,0.2985294117647059,0.189382998821886,0.2089630288063337,0.2087402284301045,0.0021969153515065,0.6570798057195667,0.1063083380316982,3248612232.8,True,Semiconductor silicon-wafer exposure; 200mm/300mm shipment ASP inventory and foundry utilization are primary.,TWSE,上市,2007/12/10,ESVUFR,^TWII,半導體業,TW,TWSE_ISIN,0.0034090909090909,425.5,399.075,382.5285369873047,0.0100367002419649,0.0032518385630867,-0.0685654008438818,-0.2001811594202898,2026-09-17,1,1.1459623526799514,0.065280698916033,0.4003944773175542,0.1819102135646214,-0.0522388059701492,2.086306084501772,STRONG_UP,0.0660182976820625,3254858780.5,130194351.22,0.9629629629629628,0.9345509893455098,0.5687468290208016,0.9700659563673262,0.7475876079228034,0.6402841197361745,0.9613821138211384,0.8448949427477073,0.9624556062912228,0.0137775404804791,0.3576864535768645,0.4684583098415087,0.0507356671740233,0.7520174260729972,0.7325573587554289,0.6769286386554427,PERSISTENT,NORMAL,True,0.7520174260729972
30,CONFIRMED,PERSISTENT,2889,2889.TW,國票金,金融保險業,Brokerage_Financial_Holding,CAPITAL_MARKETS_ACTIVITY,FINANCIALS_RATE_CREDIT_CYCLE,MEDIUM,Capital-markets / brokerage activity,Capital_Markets,IBKR;SCHW,IBKR Interactive Brokers; SCHW Charles Schwab,BROADLY_WEAK,2.0,2.0,0.0,0.0,0.0,-0.04011207215830204,-0.03171217879086152,17.299999237060547,0.0453172226328879,0.1516941913304055,0.2016009454700718,0.1338420497919363,0.2281770127117151,0.0073936748002865,1.3209568091558606,0.0725381865449519,304263428.87651646,True,Brokerage-heavy financial holding; trading/capital-markets activity is more relevant than bank breadth.,TWSE,上市,2002/03/26,ESVUFR,^TWII,金融保險業,TW,TWSE_ISIN,0.0,17.049999618530272,16.12996110916138,15.274906126658122,0.0061554105602928,0.0020067386546605,-0.0057471484863269,-0.0057471484863269,2026-09-17,1,0.8401936809178648,0.0251059551253796,0.5500670737982141,0.0631678336179856,-0.0185184833091325,0.8560444272082246,STRONG_UP,0.0642104993266664,290760429.28876686,11630417.171550674,0.9299847792998478,0.9426686960933536,0.6666666666666666,0.926433282597666,0.5551041137633317,0.9878234398782344,0.9832317073170732,0.8662891883992632,0.8498224251648909,0.0307499868786823,0.6443429731100964,0.6373090672752404,0.1121258244545915,0.7511674073298543,0.7364781555571996,0.7347544189990577,PERSISTENT,NORMAL,True,0.7511674073298543
31,CONFIRMED,PERSISTENT,3443,3443.TW,創意,半導體業,ASIC_Design_Service,ASIC_DESIGN_SERVICES,,HIGH,ASIC design-service / custom silicon demand,ASIC_Design,SNPS;CDNS,SNPS Synopsys; CDNS Cadence Design Systems,BROADLY_WEAK,2.0,2.0,0.0,0.0,0.0,-0.07933085010955165,-0.07093095674211114,6500.0,0.0441767068273093,0.1545293072824156,0.3402061855670102,0.1399916660001192,0.332396173061749,0.0055443800067054,0.2356893582579851,0.0881848240070313,11056693550.5,True,ASIC design-service/custom-silicon exposure; EDA/custom-silicon ecosystem demand is relevant.,TWSE,上市,2006/11/03,ESVUFR,^TWII,半導體業,TW,TWSE_ISIN,0.0534846029173419,6245.0,5973.25,4996.416666666667,0.0064595907621041,0.0050809539873454,-0.0166414523449319,-0.0166414523449319,2026-09-17,1,1.207380584284356,0.0578571428571428,0.2543859649122807,0.1667877040813819,-0.0570312499999999,1.0072687565001188,STRONG_UP,0.069632659595923,10733894640.0,429355785.6,0.9335362760020294,0.9660071029934044,0.6316590563165906,0.9309994926433284,0.7689182326053834,0.9776763064434296,0.8907520325203252,0.8781689544679235,0.9923896499238964,0.0346347430958932,0.7168949771689498,0.5590758799648434,0.076103500761035,0.7499940308807882,0.7355767872505892,0.7494105707082869,PERSISTENT,NORMAL,True,0.7499940308807882
32,CONFIRMED,PERSISTENT,2886,2886.TW,兆豐金,金融保險業,Bank_Financial_Holding,FINANCIALS_RATE_CREDIT_CYCLE,,MEDIUM,Financials rate / credit / margin cycle,Financials,XLF;JPM;BAC;GS,XLF Financials ETF; JPM JPMorgan; BAC Bank of America; GS Goldman Sachs,BROADLY_WEAK,4.0,4.0,0.0,0.0,0.0,-0.04826429721554859,-0.039864403848108076,51.900001525878906,0.0400801590950405,0.1185344788605762,0.1540086637544333,0.0565693226222554,0.1946564011116949,0.0104465393798965,0.613528349849571,0.0510860486151769,1359867760.5521276,True,Taiwan NIM credit loan growth and fee income dominate; global banks are contextual peers only.,TWSE,上市,2002/02/04,ESVUFR,^TWII,金融保險業,TW,TWSE_ISIN,0.0196463648334386,51.76000061035156,49.37750015258789,47.51722215016683,0.0043167532390678,0.0027923963616457,-0.0189035911371533,-0.0189035911371533,2026-09-17,1,0.7974176797725123,0.0256674990259554,0.3985508568421041,0.0770005463102039,-0.0304761614118304,0.8291604573906551,STRONG_UP,0.0402109237331936,1196562916.5742302,47862516.66296921,0.8680872653475393,0.9279553526128868,0.7072552004058853,0.8924403855910705,0.526663280853225,0.9756468797564688,0.9578252032520326,0.8439587418656247,0.9325215626585488,0.0260685930776298,0.556570268899036,0.7445697569241152,0.1912734652460679,0.7496600851233496,0.7505447496492185,0.722415031850899,PERSISTENT,NORMAL,True,0.7496600851233496
33,CONFIRMED,PERSISTENT,4904,4904.TW,遠傳,通信網路業,Telecom_Operator,TELECOM_OPERATOR_ARPU_5G,,MEDIUM,Telecom operator ARPU / 5G service cycle,Telecom,VZ;9432.T,VZ Verizon; 9432.T Nippon Telegraph and Telephone,MIXED,2.0,2.0,0.5,1.0,0.5,0.047187301992483555,0.06212885853879052,106.5,0.0191387559808613,0.0441176470588235,0.0192625079397323,0.0092241885490431,0.0455702582781762,0.0081093442161554,0.2264257612297729,0.0312273057371095,506809779.875,True,Telecom operator; ARPU enterprise ICT and service mix dominate.,TWSE,上市,2005/08/24,ESVUFR,^TWII,通信網路業,TW,TWSE_ISIN,0.0142857142857142,105.9,103.275,101.8466739654541,0.0021678361572251,0.0001833661630838,-0.0093023255813953,-0.0256388870935369,2026-09-17,1,1.3902948571135858,0.018578133432758,0.2432432432432432,0.047394428516281,-0.0195121951219512,0.288861138587925,STRONG_UP,0.0378978332408433,445867610.5,17834704.42,0.7661085743277524,0.7224759005580923,0.6732623033992897,0.8193810248604769,0.8273235144743525,0.9685438863521056,0.8846544715447154,0.7870019589266152,0.8802638254693049,0.0355917861035826,0.7280568239472349,0.8438634713144524,0.3678335870116692,0.7439351889324312,0.75359155533057,0.7589022107487681,PERSISTENT,NORMAL,True,0.7439351889324312
34,CONFIRMED,EXTENDED,6426,6426.TW,統新,通信網路業,Optical_Filter_PON_Datacom,AI_NETWORKING_UPGRADE,,HIGH,800G/1.6T AI networking upgrade,AI_Networking,ANET;MRVL;COHR;LITE;CIEN,ANET Arista Networks; MRVL Marvell Technology; COHR Coherent; LITE Lumentum; CIEN Ciena,MIXED,5.0,5.0,0.6,0.6,0.8,0.02960312286321476,0.03800301623065527,363.0,0.1273291925465838,0.4546939006127009,0.6994087750233378,0.405963284046946,0.550134824931688,0.0136557173934085,0.9445006063004192,0.2742002348245314,1008275549.525,True,Thin-film optical-filter exposure; PON and datacom optical demand are primary transmission checks.,TWSE,上市,2021/03/24,ESVUFR,^TWII,通信網路業,TW,TWSE_ISIN,0.1,321.4,284.8845809936523,219.45555369059244,0.0165059541354994,0.005581271827831,0.0,0.0,2026-09-17,1,0.3458384851494268,0.0722041846551014,0.4586593647070623,0.2208041098121473,-0.0683229813664596,3.2960500474739045,STRONG_UP,0.0563198318030288,920758324.5,36830332.98,0.989345509893455,0.9898528665651952,0.7483510908168443,0.991374936580416,0.121889283900457,0.9967021816336884,0.9745934959349594,0.8660156042138816,0.9188229325215628,-0.0451709892087077,0.052257737189244,0.0,0.0073566717402333,0.7378788097180827,0.7216668305320807,0.5996621684192497,PERSISTENT,EXTENDED,True,0.7378788097180827
35,CONFIRMED,CONFIRMING,2353,2353.TW,宏碁,電腦及週邊設備業,PC_Devices,PC_DEVICE_CYCLE,,HIGH,PC / gaming hardware demand cycle,PC_Devices,HPQ;DELL,HPQ HP Inc.; DELL Dell Technologies,BROADLY_POSITIVE,2.0,2.0,1.0,1.0,1.0,0.25120464847561996,0.2596045418430605,32.400001525878906,0.0285714770120286,0.0451613395444807,-0.0414200515616163,0.0103401482147469,-0.0153401441930826,0.0172811421259084,0.0632324244247156,0.0284082338735731,466081096.2107521,True,PC/device brand exposure; global PC shipment cycle is primary.,TWSE,上市,1996/09/18,ESVUFR,^TWII,電腦及週邊設備業,TW,TWSE_ISIN,0.0125000476837158,31.56000022888184,31.50500011444092,31.082499917348223,0.0001726863143004,-0.0023968346506182,-0.0196671021539016,-0.2416241158499048,2026-09-17,1,1.2440776231117454,0.0303130455138775,0.1308412081248025,0.0934483262391667,-0.0550459052725531,0.2123104532980296,STRONG_UP,0.0345717809442586,376858762.2734585,15074350.49093834,0.7686453576864536,0.512937595129376,0.7945205479452054,0.6423135464231354,0.7821229050279329,0.5525114155251142,0.7860772357723578,0.6902294509141235,0.8751902587519026,0.0319867438905718,0.6666666666666666,0.8579588306321342,0.4013191273465246,0.7359097264954181,0.7370857344027574,0.7275637092452912,CONFIRMED,NORMAL,True,0.7359097264954181
36,CONFIRMED,CONFIRMING,2382,2382.TW,廣達,電腦及週邊設備業,AI_Server_ODM,AI_SERVER_SHIPMENTS,,HIGH,AI server shipment / ODM cycle,AI_Server,DELL;HPE;SMCI,DELL Dell; HPE HPE; SMCI Super Micro Computer,BROADLY_POSITIVE,3.0,3.0,1.0,1.0,1.0,0.14888009953681558,0.1572799929042561,344.0,0.0238095238095237,0.0519877675840978,-0.0213196227803599,0.0034423362727642,-0.0203046561702893,0.0108125819134992,0.0923824347773491,0.0251825361347042,4501996572.3,True,AI server ODM exposure; shipment backlog and customer mix are primary validation.,TWSE,上市,1999/01/08,ESVUFR,^TWII,電腦及週邊設備業,TW,TWSE_ISIN,0.0102790014684288,337.3,335.55,332.9733200073242,0.0015900025802872,-0.0012907876505603,-0.0213371266002845,-0.1810813662686949,2026-09-17,1,1.1896215825032643,0.0290697674418604,0.1650485436893204,0.0928802683117638,-0.056115107913669,0.2799816600722127,STRONG_UP,0.023896483713178,3774150237.5,150966009.5,0.7397260273972602,0.5017757483510908,0.7118214104515475,0.7843734145104008,0.7618080243778568,0.686960933536276,0.8130081300813008,0.6966749183378488,0.9690512430238456,0.023035899644987,0.5053272450532724,0.8740873193264789,0.4419076610857432,0.7357636562571915,0.7517311606810941,0.7060071874596268,CONFIRMED,NORMAL,True,0.7357636562571915
37,CONFIRMED,PERSISTENT,5876,5876.TW,上海商銀,金融保險業,Bank,FINANCIALS_RATE_CREDIT_CYCLE,,MEDIUM,Financials rate / credit / margin cycle,Financials,XLF;JPM;BAC;GS,XLF Financials ETF; JPM JPMorgan; BAC Bank of America; GS Goldman Sachs,BROADLY_WEAK,4.0,4.0,0.0,0.0,0.0,-0.04826429721554859,-0.039864403848108076,49.95000076293945,0.042797477489703,0.1443298743832906,0.2495106340768158,0.1184195908478937,0.2770383628473469,0.0067150088938804,1.000217714716373,0.0800583882313403,397851236.25807416,True,Taiwan bank; global banks are macro context only while local NIM/credit dominate.,TWSE,上市,2018/10/19,ESVUFR,^TWII,金融保險業,TW,TWSE_ISIN,0.0040201158379788,49.61000061035156,46.2475004196167,43.79131787618001,0.0067072003360758,0.0025661579796328,-0.0009999847412109,-0.0009999847412109,2026-09-17,1,0.6577478631154583,0.0257400308018934,0.5039997851563156,0.072726392074993,-0.0283125698029093,1.06258900807769,STRONG_UP,0.0756508696780903,324657642.4543076,12986305.698172305,0.9198376458650432,0.9558599695585996,0.656519533231862,0.9340436326737696,0.403758252920264,0.9928970065956368,0.9766260162601628,0.8503418262077433,0.867579908675799,0.0460459719661168,0.8483003551496702,0.5997080588432981,0.0933536276002029,0.7299171624862204,0.7176880878552914,0.7576442045968241,PERSISTENT,NORMAL,True,0.7299171624862204
38,CONFIRMED,EXTENDED,8227,8227.TWO,巨有科技,半導體業,ASIC_Design_Service,ASIC_DESIGN_SERVICES,,HIGH,ASIC design-service / custom silicon demand,ASIC_Design,SNPS;CDNS,SNPS Synopsys; CDNS Cadence Design Systems,BROADLY_WEAK,2.0,2.0,0.0,0.0,0.0,-0.07933085010955165,-0.07093095674211114,258.0,0.186206896551724,0.7551020408163265,0.4333333333333333,0.8125792677661914,0.4982584007464519,-0.0025686136523575,1.7825733589200363,0.3667063965037742,652476668.0,True,TSMC ASIC turnkey/IP/SoC and CoWoS design services; custom-silicon demand is primary.,TPEX,上櫃,2022/12/20,ESVUFR,^TWII,半導體業,TW,TWSE_ISIN,-0.0514705882352941,251.9,188.775,172.04166666666666,0.0218368207028352,-0.0003410386961737,-0.0818505338078291,-0.0818505338078291,2026-09-17,1,1.0682767494428194,0.0595238095238095,0.578125,0.244895036247718,-0.0712166172106825,5.770169905190612,STRONG_UP,0.4020198223628325,249044920.5,9961796.82,0.9974632166412988,0.9878234398782344,0.4581430745814307,0.9949264332825976,0.7110208227526663,0.8797564687975646,0.9913617886178862,0.8733585046682576,0.8944698122780315,0.1988750054212846,0.995941146626078,0.0,0.0073566717402333,0.728354653088646,0.6958070651983834,0.77742872716272,PERSISTENT,EXTENDED,True,0.728354653088646
39,CONFIRMED,PERSISTENT,5880,5880.TW,合庫金,金融保險業,Bank_Financial_Holding,FINANCIALS_RATE_CREDIT_CYCLE,,MEDIUM,Financials rate / credit / margin cycle,Financials,XLF;JPM;BAC;GS,XLF Financials ETF; JPM JPMorgan; BAC Bank of America; GS Goldman Sachs,BROADLY_WEAK,4.0,4.0,0.0,0.0,0.0,-0.04826429721554859,-0.039864403848108076,27.549999237060547,0.0260707205082171,0.1108871001854896,0.1615426790599858,0.0753450501143802,0.205519907220806,-0.0016510545381552,1.6987180476040251,0.0499237529387179,511409900.8882757,True,Taiwan NIM credit and loan-growth conditions require local validation.,TWSE,上市,2011/12/01,ESVUFR,^TWII,金融保險業,TW,TWSE_ISIN,0.0073125723144897,27.31000022888184,26.239999961853027,24.916740385691323,0.0050480822304448,0.0025473462662944,-0.0018116356419599,-0.0018116356419599,2026-09-17,1,1.042460121173605,0.0199637197257476,0.6470588235294118,0.0422380139492908,-0.0163934699611012,0.7979708290219403,STRONG_UP,0.0469044222901248,470343203.8385449,18813728.1535418,0.8899036022323693,0.9330289193302892,0.4814814814814814,0.9076610857432776,0.6988318943626206,0.9918822932521564,0.989329268292683,0.840074360811446,0.8807711821410451,0.0280681597615297,0.5981735159817352,0.7503812353064101,0.2009132420091324,0.7209961257939361,0.7059775562303866,0.6979875007305165,PERSISTENT,NORMAL,True,0.7209961257939361
40,CONFIRMED,PERSISTENT,2354,2354.TW,鴻準,其他電子業,Metal_Chassis_System_ODM,CONSUMER_ELECTRONICS_CYCLE,,MEDIUM,Consumer electronics demand cycle,Consumer_Tech,6758.T;005930.KS,6758.T Sony Group; 005930.KS Samsung Electronics,BROADLY_WEAK,2.0,2.0,0.0,0.5,0.5,-0.03717758583463515,-0.04550519343568443,66.30000305175781,0.0200000469501202,0.1013289403905401,0.1874368880618653,0.0471098142440498,0.2108169869035636,-0.0053321881475147,0.4539914188155062,0.033193133349904,826896225.5700667,True,Precision metal chassis and system manufacturing exposure; consumer build cycle is primary unless server or EV mix is independently verified.,TWSE,上市,1996/10/08,ESVUFR,^TWII,其他電子業,TW,TWSE_ISIN,0.0168712600460525,65.2999984741211,64.16999969482421,59.56333338419597,0.0024539277566647,0.0022093764756536,-0.0391303905542346,-0.096036136849104,2026-09-17,1,1.888322102821134,0.0324283610407526,0.3609469298793088,0.0805618089375211,-0.0392157189915759,0.7194612728210515,STRONG_UP,0.0391351144896788,782113409.1351471,31284536.365405884,0.852359208523592,0.9360730593607306,0.4094368340943683,0.8361237950279046,0.8984255967496191,0.8559107052257737,0.9364837398373984,0.814414322801269,0.9101978691019786,0.0273576609286664,0.5865043125317098,0.8340343332504798,0.343480466768138,0.7134406775054553,0.6975809477038193,0.6849018647200672,PERSISTENT,NORMAL,True,0.7134406775054553
41,CONFIRMED,PERSISTENT,2377,2377.TW,微星,電腦及週邊設備業,PC_Gaming_Hardware,PC_DEVICE_CYCLE,AI_SERVER_RACK_BUILD,HIGH,PC / gaming hardware demand cycle,PC_Devices,HPQ;DELL,HPQ HP Inc.; DELL Dell Technologies,BROADLY_POSITIVE,2.0,2.0,1.0,1.0,1.0,0.25120464847561996,0.2596045418430605,153.0,0.0268456375838925,0.0928571428571427,0.1798936955107122,0.0534483639272831,0.2103256245023905,0.0036313518696068,0.1358808384814831,0.0159362549800796,1424238676.025,True,PC gaming motherboard and GPU exposure with server optionality; PC and gaming demand remain primary.,TWSE,上市,1998/10/31,ESVUFR,^TWII,電腦及週邊設備業,TW,TWSE_ISIN,-0.003257328990228,150.8,150.6,145.33592160542807,-1.3967461965528325e-05,0.002172166785951,-0.0670731707317072,-0.0921279229289927,2026-09-17,1,0.6498361224975967,0.0450513538748832,0.2,0.1366743742456323,-0.0835913312693498,0.6150633062647315,STRONG_UP,0.0091131195519763,1228315502.5,49132620.1,0.8614916286149162,0.93505834601725,0.5971588026382547,0.6154236428209031,0.3956323006602336,0.8640284119736175,0.8394308943089431,0.763409921729287,0.9345509893455098,-0.0042489714298444,0.1983764586504312,0.9203187250996016,0.5991882293252156,0.6972261719922463,0.6742560627249435,0.5654149086741337,PERSISTENT,NORMAL,True,0.6972261719922463
42,CONFIRMED,PULLBACK,2426,2426.TW,鼎元,光電業,LED_Chip_Optosensor,LED_COMPONENT_CYCLE,,MEDIUM,LED epitaxy / chip / package demand cycle,LED,AMS.SW;046890.KQ,AMS.SW ams OSRAM; 046890.KQ Seoul Semiconductor,MIXED,2.0,2.0,0.5,0.5,0.0,-0.05487566914895059,-0.055944780991150356,96.0,-0.0010405668648165,0.283422407530824,0.1280846265725093,0.4423885336306743,0.0804304100913375,-0.0718961687475225,0.2279285663567155,-0.0034257272306689,5537181643.006446,True,LED chip and optosensor exposure; verify IR photodiode and sensing mix before extending LED peer conclusions.,TWSE,上市,2000/09/11,ESVUFR,^TWII,光電業,TW,TWSE_ISIN,-0.0380761817190232,95.4000015258789,96.3300003051758,75.83083311716716,0.0152600230966523,0.0058316709706663,-0.1351351351351351,-0.1351351351351351,2026-09-17,1,1.0836299204811533,0.0889880997794015,0.2241014331969935,0.2786634810328972,-0.1553488088208575,1.9748730484521808,PULLBACK,0.0312975546732759,5530288788.470909,221211551.5388364,0.9918822932521564,0.802130898021309,0.04363267376966,0.9878234398782344,0.7176231589639411,0.7798072044647387,0.8871951219512195,0.7521865465085633,0.9756468797564688,-0.0792995787343925,0.0228310502283105,0.9828713638466554,0.8914256722475901,0.6951932225798901,0.6415316696972381,0.5062028623566532,PULLBACK,NORMAL,True,0.6951932225798901
43,CONFIRMED,PERSISTENT,2887,2887.TW,台新新光金,金融保險業,Financial_Holding,FINANCIALS_RATE_CREDIT_CYCLE,,MEDIUM,Financials rate / credit / margin cycle,Financials,XLF;JPM;BAC;GS,XLF Financials ETF; JPM JPMorgan; BAC Bank of America; GS Goldman Sachs,BROADLY_WEAK,4.0,4.0,0.0,0.0,0.0,-0.04826429721554859,-0.039864403848108076,44.04999923706055,0.0450770496417443,0.2253128874053129,0.4382012550119334,0.1945216404954417,0.462677733746984,-0.0112511722095839,1.6812779130866575,0.0840408266012868,2404372258.999099,True,Financial holding; Taiwan rate/credit/insurance mix dominates.,TWSE,上市,2002/02/18,ESVUFR,^TWII,金融保險業,TW,TWSE_ISIN,-0.0078829341619359,43.61000061035156,40.63500022888184,36.56353123982748,0.0082238868821024,0.0059084858170011,-0.0167410717136702,-0.0167410717136702,2026-09-17,1,1.038359392368932,0.0302415991884214,0.6183205662292675,0.082862916972147,-0.0201342281879194,1.5536808121751096,STRONG_UP,0.0754522582486801,2016986701.125,80679468.045,0.9599188229325216,0.984779299847793,0.3084728564180619,0.95636732623034,0.696800406297613,0.9771689497716894,0.988821138211382,0.8451222762165007,0.9558599695585996,0.0268218481248197,0.5748351090816844,0.5797958669935657,0.0847285641806189,0.6884488344820834,0.6569411344164984,0.6550140298144019,PERSISTENT,NORMAL,True,0.6884488344820834
44,EARLY,PRE_CONFIRMATION,3624,3624.TWO,光頡,電子零組件業,Precision_Passives,PASSIVE_COMPONENT_CYCLE,,HIGH,Precision passive-component demand cycle,Passive_Components,VSH;6762.T,VSH Vishay Intertechnology; 6762.T TDK,MIXED,2.0,2.0,0.5,0.0,0.5,-0.035762727447365306,-0.02082117090105834,118.0,0.0396475770925111,0.3673232424943291,-0.2274002848326844,0.3459789347743374,-0.1934120016914745,-0.0521832335310711,0.8618861820963769,0.1774684410550573,1887831424.7482083,True,Precision thin/thick-film resistors plus inductors/capacitors; passive-component cycle is relevant.,TPEX,上櫃,2011/03/16,ESVUFR,^TWII,電子零組件業,TW,TWSE_ISIN,-0.040650406504065,122.6,100.21500015258788,101.49530709584556,0.0145963312867654,-0.0040657501432378,-0.0923076923076923,-0.3315710308451245,2026-09-17,1,1.2459488528013525,0.0769975768451829,0.472429229112682,0.201342404474657,-0.0762527207766358,2.5131067050409017,REBOUND,0.216688245726908,1077440365.4143906,43097614.61657562,0.9852866565195332,0.1364789446981227,0.076103500761035,0.9863013698630136,0.7831386490604367,0.3338406900050735,0.9715447154471544,0.5925155206212309,0.9472349061390156,0.1301935120333237,0.984779299847793,0.1126577947247133,0.0167427701674277,0.6363721737996348,0.5883740671062391,0.6847486324500661,EARLY,NORMAL,True,0.6847486324500661
45,CONFIRMED,PERSISTENT,2883,2883.TW,凱基金,金融保險業,Financial_Holding,FINANCIALS_RATE_CREDIT_CYCLE,CAPITAL_MARKETS_ACTIVITY,MEDIUM,Financials rate / credit / margin cycle,Financials,XLF;JPM;BAC;GS,XLF Financials ETF; JPM JPMorgan; BAC Bank of America; GS Goldman Sachs,BROADLY_WEAK,4.0,4.0,0.0,0.0,0.0,-0.04826429721554859,-0.039864403848108076,39.650001525878906,0.0658602342121528,0.3042763823493704,0.3453752543609778,0.262570443650284,0.372638950517101,-0.0102088613751897,3.030032466935348,0.1167441539241129,1687200884.1727998,True,Financial holding with banking/securities/insurance mix; local segment mix remains mandatory.,TWSE,上市,2001/12/28,ESVUFR,^TWII,金融保險業,TW,TWSE_ISIN,0.0127713915839693,38.72000045776368,35.505000305175784,31.915692869822184,0.0099769149981124,0.0047442610982173,-0.012453299651252,-0.012453299651252,2026-09-17,1,0.9086587684033898,0.028463337468957,0.7142863455101793,0.0717287578747344,-0.0174326228323481,2.215172363009126,STRONG_UP,0.0935886125949528,1669975803.42601,66799032.13704041,0.9715880263825468,0.9746321664129884,0.3242009132420091,0.9685438863521056,0.6155408836973083,0.9817351598173516,0.997459349593496,0.842781504810562,0.9441907661085744,0.0279460016823818,0.5971588026382547,0.4162792303794351,0.0421106037544393,0.6846887791915249,0.6520909196798248,0.6561245985725498,PERSISTENT,NORMAL,True,0.6846887791915249
46,CONFIRMED,PERSISTENT,2884,2884.TW,玉山金,金融保險業,Bank_Financial_Holding,FINANCIALS_RATE_CREDIT_CYCLE,,MEDIUM,Financials rate / credit / margin cycle,Financials,XLF;JPM;BAC;GS,XLF Financials ETF; JPM JPMorgan; BAC Bank of America; GS Goldman Sachs,BROADLY_WEAK,4.0,4.0,0.0,0.0,0.0,-0.04826429721554859,-0.039864403848108076,47.29999923706055,0.0522802766236798,0.2663989603596253,0.3907935190429989,0.2035774537502301,0.3790238337504321,-0.0143194634662264,1.9028790644776632,0.1150400554453028,1980746227.5429168,True,Taiwan NIM loan growth and fee-income cycle dominate; global peers are context only.,TWSE,上市,2002/01/28,ESVUFR,^TWII,金融保險業,TW,TWSE_ISIN,0.0182992133511281,46.40999984741211,42.420000076293945,38.145731862386064,0.010027447575733,0.0045576402649705,-0.0010559501303442,-0.0010559501303442,2026-09-17,1,1.0004731190659757,0.0320145045599343,0.6700339623775668,0.0938033080058196,-0.0285400495902278,1.970671921111878,STRONG_UP,0.0779999799913221,1927762461.9831316,77110498.47932526,0.9614408929477424,0.976154236428209,0.2694063926940639,0.969558599695586,0.675469781615033,0.9923896499238964,0.992378048780488,0.8389816374281874,0.9482496194824962,0.0271056165537645,0.5819381024860477,0.4247997227734859,0.0426179604261796,0.6742925016669669,0.64098395611005,0.644738975538098,PERSISTENT,NORMAL,True,0.6742925016669669
47,CONFIRMED,PERSISTENT,2882,2882.TW,國泰金,金融保險業,Financial_Holding,FINANCIALS_RATE_CREDIT_CYCLE,,MEDIUM,Financials rate / credit / margin cycle,Financials,XLF;JPM;BAC;GS,XLF Financials ETF; JPM JPMorgan; BAC Bank of America; GS Goldman Sachs,BROADLY_WEAK,4.0,4.0,0.0,0.0,0.0,-0.04826429721554859,-0.039864403848108076,112.0,0.0135746606334841,0.1463664636482375,0.0403588003269603,0.1191971421094149,0.0531651391391503,-0.0230169552785752,0.5753495510435995,0.028749884463237,2509384099.8870564,True,Global financials are macro context only; Taiwan rates credit investment income and insurance mix remain mandatory.,TWSE,上市,2001/12/31,ESVUFR,^TWII,金融保險業,TW,TWSE_ISIN,-0.0044444444444444,111.5,108.87000007629396,101.29074719746907,0.0056813721332935,0.001860416227311,-0.0427350427350426,-0.0427350427350426,2026-09-17,1,0.8477006919448594,0.0338010204081632,0.3813334147135416,0.0970095888339336,-0.0434782608695651,1.0211063374640028,STRONG_UP,0.0463819961367709,2208617425.25,88344697.01,0.9208523592085236,0.7427701674277016,0.1983764586504312,0.9208523592085236,0.5601828339258507,0.9411466260781328,0.951219512195122,0.7458637252259989,0.95687468290208,0.0165827106094172,0.3982749873160832,0.856250577683815,0.3977676306443429,0.6597325054663127,0.6269281842724158,0.5813712675160336,PERSISTENT,NORMAL,True,0.6597325054663127
48,CONFIRMED,PERSISTENT,3406,3406.TW,玉晶光,光電業,Mobile_Optics,MOBILE_OPTICS_UPGRADE,XR_AI_GLASSES_OPTICS;AUTOMOTIVE_VISION_CONTENT,HIGH,Mobile camera optics upgrade,Optics,2382.HK;011070.KS;2018.HK,2382.HK Sunny Optical; 011070.KS LG Innotek; 2018.HK AAC Technologies,MIXED,3.0,3.0,0.3333333333333333,0.3333333333333333,0.6666666666666666,0.03271990360283139,0.06336469124406963,965.0,-0.0981308411214952,0.4846153846153846,0.2714097496706191,0.5044217952251571,0.382851370885368,-0.2192846872753414,0.5063005075267297,0.03258252634958,6117985860.55,True,Mobile lens exposure with XR and automotive optionality.,TWSE,上市,2005/12/20,ESVUFR,^TWII,光電業,TW,TWSE_ISIN,-0.0398009950248756,979.8,934.55,695.725,0.0227860475985216,0.0074722284167001,-0.1535087719298246,-0.1535087719298246,2026-09-17,1,1.6383260232547854,0.1010362694300518,0.3031761308950914,0.2901909342292575,-0.1756756756756756,3.5219515902906067,STRONG_UP,-0.0663121459691358,5237930007.0,209517200.28,0.9944190766108574,0.9776763064434296,0.0025367833587011,0.9954337899543378,0.8699847638395124,0.7488584474885844,0.9441056910569106,0.8003588171791398,0.9786910197869102,-0.192417594775425,0.0015220700152207,0.8370873682520998,0.3521055301877219,0.6590261087607316,0.6061806576464032,0.4926131204299351,PERSISTENT,NORMAL,True,0.6590261087607316
49,CONFIRMED,CONFIRMING,6291,6291.TWO,沛亨,半導體業,Power_Management_IC,ANALOG_PMIC_DEMAND,CONSUMER_ELECTRONICS_CYCLE,HIGH,Analog / PMIC demand cycle,Analog_IC,MPWR;POWI;MCHP,MPWR Monolithic Power Systems; POWI Power Integrations; MCHP Microchip Technology,BROADLY_WEAK,3.0,3.0,0.0,0.0,0.0,-0.10041999870994966,-0.09202010534250915,517.0,0.0444444444444445,0.3659180977542933,-0.1296296296296296,0.279262706524098,-0.0701090156312849,-0.0470350799941288,0.7808711500386823,0.1726014969380813,815795844.1,True,Analog power-management IC exposure; PMIC units design wins channel inventory and end-market shipments are primary.,TPEX,上櫃,2004/01/28,ESVUFR,^TWII,半導體業,TW,TWSE_ISIN,0.054026503567788,479.6,440.9,424.3416666666666,0.0108383510716969,-0.0043047981748735,-0.0408163265306122,-0.2799442896935933,2026-09-17,1,2.7373346861096857,0.0679745786128765,0.4008683068017366,0.1878478520657467,-0.0989898989898989,2.6067370098382283,STRONG_UP,0.0501574486254589,617062496.5,24682499.86,0.9746321664129884,0.3642820903094875,0.0887874175545408,0.9756468797564688,0.95733875063484,0.4627092846270928,0.970020325203252,0.6664040963204911,0.9076610857432776,-0.0196582280055656,0.1166920345002536,0.1369925153095932,0.0177574835109081,0.6515847183892688,0.6037640705195482,0.5278911618189999,CONFIRMED,NORMAL,True,0.6515847183892688
50,CONFIRMED,CONFIRMING,4977,4977.TW,眾達-KY,通信網路業,Optical_Transceiver,AI_NETWORKING_UPGRADE,,HIGH,800G/1.6T AI networking upgrade,AI_Networking,ANET;MRVL;COHR;LITE;CIEN,ANET Arista Networks; MRVL Marvell Technology; COHR Coherent; LITE Lumentum; CIEN Ciena,MIXED,5.0,5.0,0.6,0.6,0.8,0.02960312286321476,0.03800301623065527,173.0,0.0,0.1054313099041532,-0.006908797651981,0.1919828092386983,-0.0066674530742685,-0.0263578274760383,0.063685125861484,0.0265251294364439,818231218.3532768,True,Optical transceiver exposure; AI-networking/optical demand is the main global context.,TWSE,上市,2013/11/20,ESVUFR,^TWII,通信網路業,TW,TWSE_ISIN,-0.0198300283286119,170.4,168.52972717285155,151.28244768778484,0.0063633098006282,-0.0014928613747807,-0.0870712401055409,-0.3561276943854641,2026-09-17,1,1.2385792901897263,0.06253729016204,0.1318708335487798,0.2183133742946555,-0.1324324324324324,0.5735716912954727,STRONG_UP,0.0634730644612359,829614007.5,33184560.3,0.958904109589041,0.541349568746829,0.1709791983764586,0.9289700659563672,0.7805992889791773,0.2785388127853881,0.7865853658536586,0.6511121742605541,0.9091831557584982,0.0154773621515613,0.3825469304921359,0.8673743528177804,0.4246575342465753,0.6507245413887914,0.5987296087682323,0.5606687321549001,CONFIRMED,NORMAL,True,0.6507245413887914
51,CONFIRMED,CONFIRMING,3105,3105.TWO,穩懋,半導體業,GaAs_RF_Foundry,MOBILE_RF_FRONTEND_DEMAND,,HIGH,Mobile RF front-end demand,RF_Semiconductor,QRVO;SWKS;MTSI,QRVO Qorvo; SWKS Skyworks Solutions; MTSI MACOM Technology Solutions,BROADLY_POSITIVE,3.0,3.0,0.6666666666666666,0.6666666666666666,0.6666666666666666,0.23447996229829116,0.24287985566573167,471.0,0.0205850487540628,0.2427440633245383,0.0172786177105832,0.2746038783465103,-0.0682515189652532,-0.0401009670770717,0.333430380880874,0.0706978858831552,13533741950.225,True,GaAs RF foundry exposure; handset units RF content per device and GaAs utilization are primary.,TPEX,上櫃,2011/12/13,ESVUFR,^TWII,半導體業,TW,TWSE_ISIN,-0.0031746031746031,455.8,439.9,394.7916666666667,0.0083803914054701,-0.002046138859106,-0.0710059171597633,-0.2574897921365019,2026-09-17,1,1.552346723846873,0.0644525326053988,0.2893081761006289,0.2106222055535135,-0.1107723577235771,1.6964222471744366,STRONG_UP,0.0466014141427001,13300691433.75,532027657.35,0.973617453069508,0.371892440385591,0.113140537798072,0.9583967529173008,0.8608430675469781,0.5144596651445966,0.9166666666666666,0.6597905472417602,0.9944190766108574,-0.0220495554439274,0.1070522577371892,0.6465105705842236,0.1161846778285134,0.649605362056575,0.6040130231423183,0.5184029267445506,CONFIRMED,NORMAL,True,0.649605362056575
52,CONFIRMED,PERSISTENT,3044,3044.TW,健鼎,電子零組件業,PCB,HIGH_LAYER_PCB_DEMAND,,HIGH,High-layer / high-speed PCB demand,PCB_Interconnect,TTMI;4062.T;6787.T,TTMI TTM Technologies; 4062.T IBIDEN; 6787.T Meiko Electronics,BROADLY_WEAK,3.0,3.0,0.3333333333333333,0.0,0.3333333333333333,-0.013833997665816944,-0.00543410429837643,502.0,-0.0019880715705765,0.0339855818743564,-0.0302994861562356,0.0236488180657103,0.0019733649392786,-0.0104844670391656,0.0252815156567483,0.023967363590005,1460641407.05,True,PCB demand; end-market mix must be checked manually.,TWSE,上市,2002/08/26,ESVUFR,^TWII,電子零組件業,TW,TWSE_ISIN,-0.0039682539682539,502.9,490.25,453.53539123535154,0.002434946582911,-0.0003000827703937,-0.0528301886792452,-0.1373232473567198,2026-09-17,1,1.4698721001849078,0.0399117814456459,0.0861618798955613,0.1158261895131838,-0.0731204943357363,0.1051911184056386,STRONG_UP,0.0184592659142603,1329522667.0,53180906.68,0.8117706747843734,0.5728056823947235,0.3186199898528665,0.8335870116692035,0.845606907059421,0.7767630644342973,0.7230691056910569,0.6831994125383659,0.9381024860476916,0.0125470613978327,0.3404363267376966,0.8801631820499747,0.4601725012683916,0.6474647198603889,0.6257795145665552,0.5718685757710942,PERSISTENT,NORMAL,True,0.6474647198603889
53,CONFIRMED,PERSISTENT,2885,2885.TW,元大金,金融保險業,Brokerage_ETF_Financial_Holding,CAPITAL_MARKETS_ACTIVITY,FINANCIALS_RATE_CREDIT_CYCLE,HIGH,Capital-markets / brokerage activity,Capital_Markets,IBKR;SCHW,IBKR Interactive Brokers; SCHW Charles Schwab,BROADLY_WEAK,2.0,2.0,0.0,0.0,0.0,-0.04011207215830204,-0.03171217879086152,69.0,-0.0100429982624244,0.1111111384125773,0.1075569043968902,0.085141454342416,0.1144575296942689,-0.0378207828655688,0.5913890895165431,0.027091397415315,1340834457.5050864,True,Brokerage and ETF-heavy financial holding; Taiwan turnover ETF AUM flows and securities market share dominate.,TWSE,上市,2002/02/04,ESVUFR,^TWII,金融保險業,TW,TWSE_ISIN,-0.0057637106208094,69.5000015258789,67.17999992370605,64.53487517038981,0.0033137945768036,0.0020281124145591,-0.0267983284201396,-0.0267983284201396,2026-09-17,1,1.0887830786184214,0.0250517803689707,0.3898304938630804,0.0732419835416197,-0.0353107329412456,0.7772627448195556,STRONG_UP,0.0239783534246218,1154763532.815895,46190541.3126358,0.8959918822932521,0.8655504819888381,0.1227803145611364,0.8650431253170979,0.7196546470289487,0.9665144596651446,0.953760162601626,0.7660223536165328,0.9315068493150684,0.0026929898390178,0.2516489091831557,0.8645430129234246,0.417554540842212,0.6474460614038391,0.6119022075349351,0.5409518960055641,PERSISTENT,NORMAL,True,0.6474460614038391
54,CONFIRMED,PERSISTENT,3034,3034.TW,聯詠,半導體業,Display_Driver_IC,DISPLAY_DRIVER_IC_CYCLE,,HIGH,Display-driver IC / panel electronics cycle,Display_IC,HIMX;108320.KS,HIMX Himax Technologies; 108320.KS LX Semicon,BROADLY_WEAK,2.0,2.0,0.0,0.0,0.0,-0.03472839151072449,-0.04959766229064022,545.0,0.0,0.0341555977229601,0.0145315815175388,0.0009586583927729,0.0785707890084033,-0.00853889943074,0.0510342412732978,0.0034984349106979,1743451559.3,True,Display-driver IC and SoC exposure; global display IC peers are direct context.,TWSE,上市,2002/08/26,ESVUFR,^TWII,半導體業,TW,TWSE_ISIN,-0.0054744525547445,547.4,543.1,520.4239552815756,0.0018806505056888,0.0020397523115806,-0.0388007054673721,-0.0608049820848419,2026-09-17,1,0.6771451100188727,0.0334207077326343,0.1153846153846153,0.0772232604652717,-0.059245960502693,0.1871365865888779,STRONG_UP,0.0374905517562139,1650570485.0,66022819.4,0.730593607305936,0.7990867579908676,0.3510908168442415,0.8016235413495687,0.4235652615540883,0.9162861491628614,0.7713414634146342,0.686411017499409,0.9462201927955352,0.0372508871580207,0.7529173008625063,0.9825078254465104,0.8888888888888888,0.6468784971742058,0.6442735764332176,0.6469799685085538,PERSISTENT,NORMAL,True,0.6468784971742058
55,CONFIRMED,PERSISTENT,2455,2455.TW,全新,通信網路業,III_V_Epitaxy_RF_Optical,MOBILE_RF_FRONTEND_DEMAND,AI_NETWORKING_UPGRADE,HIGH,Mobile RF front-end demand,RF_Semiconductor,QRVO;SWKS;MTSI,QRVO Qorvo; SWKS Skyworks Solutions; MTSI MACOM Technology Solutions,BROADLY_POSITIVE,3.0,3.0,0.6666666666666666,0.6666666666666666,0.6666666666666666,0.23447996229829116,0.24287985566573167,534.0,0.0037593984962405,0.296116504854369,0.3838519634272521,0.273606499285226,0.3293334119805262,-0.0702697277173517,0.4935095145154174,0.0901296315198529,5894110794.075,True,GaAs and InP epitaxy exposure across RF and optical products; RF handset demand is primary with optical networking as secondary.,TWSE,上市,2002/01/24,ESVUFR,^TWII,通信網路業,TW,TWSE_ISIN,0.036893203883495,523.8,489.85,391.225,0.0140641909990096,0.0053638631387115,-0.0565371024734981,-0.0565371024734981,2026-09-17,1,2.4161721267570218,0.0726324237560192,0.3495702005730659,0.2097497676343243,-0.077490774907749,2.105550779584301,STRONG_UP,-0.0054886583163797,1853552847.75,74142113.91,0.9731100963977676,0.965499746321664,0.0471841704718417,0.9832572298325722,0.9426104621635348,0.9213597158802638,0.9425813008130082,0.8224359698034889,0.9776763064434296,-0.0738902831376863,0.0279046169457128,0.5493518424007351,0.0715372907153729,0.6435586356534351,0.5964715667519241,0.5001035367188841,PERSISTENT,NORMAL,True,0.6435586356534351
56,CONFIRMED,EXTENDED,2221,2221.TWO,大甲,其他業,Semiconductor_Facility_GasComponents,SEMICONDUCTOR_MATERIALS_CAPEX,WAFER_FAB_EQUIPMENT_CAPEX,HIGH,Semiconductor materials / fab-chemicals demand,Semiconductor_Materials,ENTG;4186.T,ENTG Entegris; 4186.T Tokyo Ohka Kogyo,BROADLY_WEAK,2.0,2.0,0.0,0.0,0.0,-0.0853114242811735,-0.07036986773486653,116.0,0.2020725388601036,1.1362799563508703,1.491640766619014,0.9804449101652476,1.2151678033868047,-0.0819974502276139,3.1458186876933034,0.3705103975931101,443131308.5569935,True,Semiconductor fab ultra-pure/special-gas/chemical supply-system components; fab materials/capex are primary.,TPEX,上櫃,2007/08/01,ESVUFR,^TWII,其他業,TW,TWSE_ISIN,0.0995260663507109,100.5800003051758,84.63999996185302,60.58913485209147,0.028439687552428,0.0133821122165809,0.0,0.0,2026-09-17,1,1.7312786755497986,0.0696428702969856,0.6584846350932091,0.2378467949689977,-0.068393766571203,8.65489450811662,STRONG_UP,0.2298769398899761,321283964.964798,12851358.59859192,0.9994926433282596,0.9979705733130392,0.0345002536783358,0.9984779299847792,0.8821736922295581,0.9967021816336884,0.9979674796747968,0.8421744418987054,0.8721461187214612,-0.0152342876513357,0.1359715880263825,0.0,0.0073566717402333,0.6405252233517253,0.585781283789042,0.5173770752035772,PERSISTENT,EXTENDED,True,0.6405252233517253
57,CONFIRMED,PERSISTENT,2881,2881.TW,富邦金,金融保險業,Financial_Holding,FINANCIALS_RATE_CREDIT_CYCLE,,MEDIUM,Financials rate / credit / margin cycle,Financials,XLF;JPM;BAC;GS,XLF Financials ETF; JPM JPMorgan; BAC Bank of America; GS Goldman Sachs,BROADLY_WEAK,4.0,4.0,0.0,0.0,0.0,-0.04826429721554859,-0.039864403848108076,151.5,0.0202020202020201,0.18359375,0.1517699667346759,0.1654029085275752,0.1770606369117642,-0.0256964172979798,0.7642354001190286,0.039986270808306,2924642487.25,True,Global financials are macro context only; Taiwan rates credit investment income and insurance mix remain mandatory.,TWSE,上市,2001/12/19,ESVUFR,^TWII,金融保險業,TW,TWSE_ISIN,-0.0098039215686274,151.6,145.675,132.6855854034424,0.0078463588496319,0.0033542728181228,-0.0257234726688102,-0.0257234726688102,2026-09-17,1,0.6650940739842075,0.0285242809995285,0.4476190476190476,0.1075323905579486,-0.0232558139534884,1.298172179102989,STRONG_UP,0.0690987751560711,2747146893.0,109885875.72,0.945712836123795,0.9193302891933028,0.1765601217656012,0.9512937595129376,0.4113763331640426,0.9680365296803652,0.9679878048780488,0.776647727857989,0.958904109589041,0.0277480480241772,0.5930999492643328,0.8000686459584696,0.2866565195332318,0.6397580253422424,0.6033527479047648,0.6024673099693353,PERSISTENT,NORMAL,True,0.6397580253422424
58,CONFIRMED,PERSISTENT,3693,3693.TWO,營邦,電腦及週邊設備業,AI_Server_Chassis,AI_SERVER_RACK_BUILD,AI_SERVER_SHIPMENTS,MEDIUM,AI rack / server system buildout,AI_Server,DELL;HPE;SMCI,DELL Dell; HPE HPE; SMCI Super Micro Computer,BROADLY_POSITIVE,3.0,3.0,1.0,1.0,1.0,0.14888009953681558,0.1572799929042561,697.0,0.0086830680173661,0.3704945627672553,0.4031253676483011,0.3348627125975376,0.419603491487728,-0.0839405726744476,1.6673200542439508,0.1080257362433958,1163607010.05,True,Server chassis/rack exposure; AI customer and product evidence required.,TPEX,上櫃,2013/11/27,ESVUFR,^TWII,電腦及週邊設備業,TW,TWSE_ISIN,0.0234948604992657,679.0,629.046760559082,534.3098266601562,0.0142012296572633,0.0039912885165289,-0.0386206896551724,-0.0633441018970348,2026-09-17,1,1.5611126417516732,0.0579012092641934,0.5569118601173068,0.123751175180114,-0.0528571428571428,2.6217776898788325,STRONG_UP,0.0011395914826016,1182094860.0,47283794.4,0.984779299847793,0.9802130898021308,0.0334855403348554,0.9837645865043124,0.8628745556119858,0.9107052257737188,0.9883130081300812,0.8218260115746127,0.9269406392694064,-0.0825760866667827,0.0213089802130898,0.4598713187830208,0.0492135971588026,0.6389221525702691,0.5885914813126433,0.492955638110604,PERSISTENT,NORMAL,True,0.6389221525702691
59,CONFIRMED,PERSISTENT,3264,3264.TWO,欣銓,半導體業,Semiconductor_Test_OSAT,ADVANCED_PACKAGING_TEST_CAPEX,,HIGH,Advanced packaging / test capex,Semiconductor_Equipment,6857.T;TER;BESI.AS;6146.T,6857.T Advantest; TER Teradyne; BESI.AS BE Semiconductor Industries; 6146.T Disco,BROADLY_WEAK,4.0,4.0,0.0,0.0,0.0,-0.1530513730691216,-0.13156815334394817,244.5,0.01875,0.1726618705035971,0.0936838334007577,0.0546445776281112,0.0005913136884555,-0.0244154676258992,0.3081107419512134,0.0825769315917643,1638381635.45,True,Wafer sort and final-test OSAT exposure; test utilization and customer semiconductor volumes are primary.,TPEX,上櫃,2005/01/05,ESVUFR,^TWII,半導體業,TW,TWSE_ISIN,0.0964125560538116,229.3,225.85,218.45199127197264,0.0025088099714462,0.0007024041222564,-0.0278330019880715,-0.0994475138121546,2026-09-17,1,2.9675087180800483,0.0480572597137014,0.2857142857142857,0.1601111427943626,-0.0791666666666667,1.2666334407832958,STRONG_UP,-0.0146360063101634,1259148803.25,50365952.13,0.8650431253170979,0.5682394723490614,0.1872146118721461,0.8386605783866058,0.9639410868461148,0.8483003551496702,0.9110772357723578,0.7141887931953836,0.943176052765094,-0.0282971507171913,0.0903094875697615,0.5871153420411781,0.0877727042110603,0.6382239647685605,0.6092217636449511,0.5208216309278705,PERSISTENT,NORMAL,True,0.6382239647685605
60,CONFIRMED,EXTENDED,6179,6179.TWO,亞通,其他業,Energy_Infrastructure_EPC,ENGINEERING_EPC_CAPEX,GRID_CAPEX,HIGH,Engineering / EPC project capex cycle,Engineering_EPC,FLR;J,FLR Fluor; J Jacobs Solutions,MIXED,2.0,2.0,0.5,1.0,0.5,-0.0025668631392079533,0.005833030228232561,41.45000076293945,0.0850785323322049,0.5671077341145987,0.6171559604695405,0.3788382726590429,0.4379442397745696,-0.0566984011964447,1.4702503786390428,0.2978473703834783,344532418.9860198,True,Energy/power/petrochemical/renewable EPC and installation; infrastructure project capex is primary.,TPEX,上櫃,2002/05/17,ESVUFR,^TWII,其他業,TW,TWSE_ISIN,0.0994694940082439,36.83000030517578,31.937500286102296,27.872983105977376,0.014551674239618,0.0049422853617334,0.0,0.0,2026-09-17,1,1.380025034982476,0.0624676814028535,0.5703422218683112,0.2199934717330427,-0.0994764178315723,4.347070173709238,STRONG_UP,0.0639967118827363,222830578.96004292,8913223.158401718,0.9878234398782344,0.9822425164890918,0.067478437341451,0.9857940131912736,0.824276282376841,0.9967021816336884,0.9852642276422764,0.8327297993530026,0.8589548452562151,-0.0307128562820243,0.0832064941653982,0.0,0.0073566717402333,0.6361775818331105,0.5834874700290243,0.5041760597630952,PERSISTENT,EXTENDED,True,0.6361775818331105
61,CONFIRMED,PERSISTENT,8111,8111.TWO,立碁,光電業,LED_Packaging_Lighting_Applications,LED_COMPONENT_CYCLE,,HIGH,LED epitaxy / chip / package demand cycle,LED,AMS.SW;046890.KQ,AMS.SW ams OSRAM; 046890.KQ Seoul Semiconductor,MIXED,2.0,2.0,0.5,0.5,0.0,-0.05487566914895059,-0.055944780991150356,73.5,0.0323034150328653,0.2250000000000001,0.33879777699739,0.2935820466957859,0.3430318367919842,-0.0239465849671346,0.2583674630111351,0.057477886253866,1046535931.3500812,True,LED package modules indicators displays automotive HUD and lighting; LED component utilization and application demand are primary.,TPEX,上櫃,2004/02/09,ESVUFR,^TWII,光電業,TW,TWSE_ISIN,0.0096153422925617,71.35999908447266,69.50499954223633,59.88666648864746,0.0105480538816789,0.0036249077640483,-0.1123188732969542,-0.1166430075549666,2026-09-17,1,0.8006098463505171,0.0679300269302056,0.2513965908974666,0.218929397272799,-0.1086387812302118,1.62368862123474,STRONG_UP,0.0393936021220951,816468604.9314651,32658744.197258607,0.9771689497716894,0.9685438863521056,0.1912734652460679,0.974124809741248,0.5292026409344845,0.8193810248604769,0.8978658536585366,0.7887494674197282,0.9208523592085236,-0.0340019095518512,0.0730593607305936,0.7126105687306696,0.1582952815829528,0.6350302181838569,0.5888022526222378,0.4949997767835525,PERSISTENT,NORMAL,True,0.6350302181838569
62,CONFIRMED,PERSISTENT,2637,2637.TW,慧洋-KY,航運業,Dry_Bulk_Shipping,DRY_BULK_FREIGHT,,HIGH,Dry-bulk freight / commodity shipping cycle,Shipping,SBLK;9101.T;9104.T;9107.T,SBLK Star Bulk; 9101.T Nippon Yusen; 9104.T Mitsui OSK Lines; 9107.T Kawasaki Kisen,BROADLY_POSITIVE,4.0,4.0,1.0,1.0,1.0,0.09130239017921826,0.11278560990439168,102.0,0.0149253731343284,0.0770855679725901,0.3403416825913155,0.0912991270148058,0.3612114308746654,-0.0043460188588191,0.0830415741211437,0.0409225455479973,780020341.442424,True,Dry-bulk freight cycle; charter rates fleet supply and vessel mix are key.,TWSE,上市,2010/12/01,ESVUFR,^TWII,航運業,TW,TWSE_ISIN,-0.0048780487804878,100.68000030517578,97.98999977111816,87.39833335876465,0.0064422545468181,0.0041755257313549,-0.0555555555555555,-0.0555555555555555,2026-09-17,1,0.447206195459419,0.0444677817721326,0.1569892614256298,0.1457294916512287,-0.1058823828603706,0.4569335418382005,STRONG_UP,0.0481829461378965,464075472.6339798,18563018.905359197,0.9025875190258752,0.9726027397260274,0.426179604261796,0.930492135971588,0.2046724225495175,0.9244038559107052,0.8053861788617886,0.7705898276703036,0.9056316590563166,0.025358164384195,0.5438863521055302,0.7953872722600133,0.2770167427701674,0.634639353724925,0.6075063288273244,0.5955728900009268,PERSISTENT,NORMAL,True,0.634639353724925
63,CONFIRMED,EXTENDED,6933,6933.TW,AMAX-KY,電腦及週邊設備業,AI_HPC_Server_Integrator,AI_SERVER_RACK_BUILD,AI_SERVER_SHIPMENTS,HIGH,AI rack / server system buildout,AI_Server,DELL;HPE;SMCI,DELL Dell; HPE HPE; SMCI Super Micro Computer,BROADLY_POSITIVE,3.0,3.0,1.0,1.0,1.0,0.14888009953681558,0.1572799929042561,345.5,0.0282738095238095,0.7901554404145077,1.4198436970822224,0.6256600650989572,1.1209683973478564,-0.1692650505798174,1.235696062540615,0.2094162947405267,348481264.6,True,AI and HPC server integration exposure; GPU server rack shipments accelerator supply and backlog are primary.,TWSE,上市,2023/11/08,ESVUFR,^TWII,電腦及週邊設備業,TW,TWSE_ISIN,0.0985691573926867,314.3,285.675,204.15949300130208,0.0247233292589664,0.0133051126852339,-0.0240112994350282,-0.0240112994350282,2026-09-17,1,2.378758829694162,0.0734959685755633,0.4518518518518518,0.28893286126367,-0.1538461538461538,5.904665255993633,STRONG_UP,-0.041244178593476,290462404.0,11618496.16,0.9964485032978184,0.9969558599695586,0.0055809233891425,0.9969558599695586,0.9390553580497716,0.9705733130390664,0.98119918699187,0.8381188081317643,0.8599695585996956,-0.1976591948682153,0.0010147133434804,0.0,0.0073566717402333,0.6342600358111644,0.5771556115991141,0.4846532372317631,PERSISTENT,EXTENDED,True,0.6342600358111644
64,CONFIRMED,PERSISTENT,6173,6173.TWO,信昌電,電子零組件業,MLCC,MLCC_DEMAND_PRICING,,MEDIUM,MLCC demand / pricing cycle,MLCC,6981.T;6976.T;009150.KS,6981.T Murata; 6976.T Taiyo Yuden; 009150.KS Samsung Electro-Mechanics,BROADLY_WEAK,3.0,3.0,0.3333333333333333,0.0,0.3333333333333333,-0.04727793696275073,-0.04325750562035291,303.5,0.028813559322034,0.3733031674208145,-0.0032157408933112,0.4501512659939273,0.1391750386023995,-0.0645122325331696,0.4984240659826176,0.1757869249394672,5271596723.8,True,Passive/MLCC exposure; product mix requires manual validation.,TPEX,上櫃,2002/04/19,ESVUFR,^TWII,電子零組件業,TW,TWSE_ISIN,-0.0365079365079364,299.3,258.125,231.13919423421223,0.0177951169680642,0.0002862979173363,-0.0661538461538461,-0.1572016794816843,2026-09-17,1,1.3315078976623267,0.0808425511885149,0.3444676409185804,0.2579948887005917,-0.1040723981900452,2.6129898674453016,STRONG_UP,0.2014668061673582,4462806563.75,178512262.55,0.9923896499238964,0.8929477422628107,0.0537798072044647,0.9923896499238964,0.8100558659217877,0.7427701674277016,0.9435975609756098,0.7836352564391057,0.974124809741248,0.0889289896688764,0.9675291730086252,0.1210653753026638,0.0172501268391679,0.631318198736565,0.5810348601440467,0.6751030795077472,PERSISTENT,NORMAL,True,0.631318198736565
65,CONFIRMED,PERSISTENT,3324,3324.TWO,雙鴻,其他電子業,AI_Cooling,DATACENTER_COOLING_INFRA,AI_SERVER_THERMAL_DENSITY,HIGH,Data-center cooling infrastructure capex,AI_Infrastructure,VRT;NVT;ETN,VRT Vertiv; NVT nVent Electric; ETN Eaton,BROADLY_WEAK,3.0,3.0,0.3333333333333333,0.0,0.0,-0.03581609600802327,-0.027416202640582754,1385.0,-0.0381944444444444,0.3947633434038267,0.3712871287128714,0.349867820221579,0.3534053355343263,-0.1368852802954011,0.4761736680455496,0.0865301639601474,4943591081.85,True,AI server cooling exposure; liquid-cooling/server revenue evidence required.,TPEX,上櫃,2005/05/13,ESVUFR,^TWII,其他電子業,TW,TWSE_ISIN,0.0183823529411764,1334.0,1274.7,1062.3666666666666,0.0143567531969997,0.0040998525991668,-0.0797342192691029,-0.0797342192691029,2026-09-17,1,1.6468310321522353,0.0807117070654976,0.303875968992248,0.2519229885008728,-0.1515151515151515,2.946299328661873,STRONG_UP,0.0102319071092132,3995355045.0,159814201.8,0.9857940131912736,0.9710806697108066,0.013191273465246,0.984779299847793,0.8715083798882681,0.8858447488584474,0.940040650406504,0.8108606361598679,0.9710806697108066,-0.0772350479461814,0.0243531202435312,0.5673491801992627,0.0806697108066971,0.6307145236256831,0.579010315658946,0.4836318244881895,PERSISTENT,NORMAL,True,0.6307145236256831
66,CONFIRMED,PERSISTENT,4908,4908.TWO,前鼎,通信網路業,Optical_Module_CPO_ELS,OPTICAL_COMPONENT_DEMAND,AI_NETWORKING_UPGRADE,HIGH,Optical-component / photonics demand,Photonics,COHR;LITE;IPGP,COHR Coherent; LITE Lumentum; IPGP IPG Photonics,BROADLY_POSITIVE,3.0,3.0,0.6666666666666666,0.3333333333333333,1.0,0.02960312286321476,0.03800301623065527,238.0,-0.0441767068273092,0.5454545454545454,0.2254268901994796,0.5622001758029409,0.1711976289542189,-0.1805403431909455,0.7754367631085762,0.1283631622614673,1395435855.375,True,Optical modules and CPO external-laser-source products; optical component orders and 800G/1.6T deployment must confirm transmission.,TPEX,上櫃,2002/02/27,ESVUFR,^TWII,通信網路業,TW,TWSE_ISIN,-0.0103950103950103,233.1,210.925,172.8815542856852,0.0205376668523021,0.00094016340566,-0.1018867924528301,-0.2333729262440209,2026-09-17,1,1.5925708115501125,0.0906362545018007,0.3888888888888889,0.2735506261927267,-0.1089324618736383,4.025258411124659,STRONG_UP,0.0220841015180207,1245248297.25,49809931.89,0.995941146626078,0.9162861491628614,0.0050735667174023,0.9939117199391172,0.8664296597257491,0.5728056823947235,0.9695121951219512,0.7732694772148563,0.9335362760020294,-0.1184659424327144,0.0091324200913242,0.3581841886926631,0.0360223236935565,0.6306722441649002,0.5765857027287096,0.4812049686702274,PERSISTENT,NORMAL,True,0.6306722441649002
67,CONFIRMED,PULLBACK,8358,8358.TWO,金居,電子零組件業,HVLP_Copper_Foil,HIGH_SPEED_PCB_MATERIALS_DEMAND,HIGH_LAYER_PCB_DEMAND,HIGH,High-speed low-loss PCB material demand,PCB_Materials,5706.T;5016.T;3110.T;DD,5706.T Mitsui Mining and Smelting; 5016.T JX Advanced Metals; 3110.T Nittobo; DD DuPont,BROADLY_WEAK,4.0,4.0,0.0,0.0,0.0,-0.08653542184328811,-0.07159386529698114,478.5,-0.081573896353167,0.1571946795646917,-0.237000086132267,0.2171287624496689,-0.1936155699467819,-0.1208725662443399,0.0874705354208692,-0.0297069857041467,9853667924.4,True,Electrolytic copper foil including RTF and HVLP grades for high-speed PCB; AI server switch and low-loss laminate material demand are primary.,TPEX,上櫃,2010/09/27,ESVUFR,^TWII,電子零組件業,TW,TWSE_ISIN,-0.0617647058823529,494.7,493.15,452.6177485148112,0.0100751026940824,-0.0036886231487924,-0.151595744680851,-0.365844410822254,2026-09-17,1,1.4978898061640542,0.0641140468726675,0.1394849785407725,0.2506706561278613,-0.1344383057090239,0.9310249929753844,PULLBACK,-0.0021358023251115,8431569170.0,337262766.8,0.9649923896499238,0.1354642313546423,0.0167427701674277,0.9710806697108066,0.8517013712544439,0.2607813292744799,0.8089430894308943,0.5601030051755861,0.9898528665651952,-0.0564179929375288,0.0385591070522577,0.8514650714792662,0.3876204972095383,0.6295056855037593,0.5758381773674907,0.4733920376092894,PULLBACK,NORMAL,True,0.6295056855037593
68,CONFIRMED,PERSISTENT,1301,1301.TW,台塑,塑膠工業,Bulk_Petrochemicals_PVC_Polyolefins,PETROCHEMICAL_MARGIN_CYCLE,,HIGH,Bulk petrochemical product / feedstock margin cycle,Petrochemicals,WLK;LYB;BAS.DE;051910.KS,WLK Westlake; LYB LyondellBasell; BAS.DE BASF; 051910.KS LG Chem,BROADLY_WEAK,4.0,4.0,0.0,0.5,0.25,-0.006123891421264571,-0.020993162201180304,64.5999984741211,-0.0152439027936028,0.117647047176784,0.1243603705193403,0.0733330208445115,0.2978583359327409,-0.0446556645877989,0.2264459577163017,0.0148456356716764,2135456689.8725743,True,PVC PE PP and chlor-alkali exposure; product-feedstock spreads utilization and China supply-demand are primary rather than crude price alone.,TWSE,上市,1964/07/27,ESVUFR,^TWII,塑膠工業,TW,TWSE_ISIN,0.0352563604879045,63.3,63.654999542236325,60.086822827657066,0.00529055724712,0.0049453747484213,-0.0926966117557401,-0.0926966117557401,2026-09-17,1,0.7239315872190637,0.0462184876430716,0.2344827014682768,0.1218224326898295,-0.0855457638745259,0.7553938630250351,STRONG_UP,-0.0361852518108694,1803548116.463024,72141924.65852097,0.8888888888888888,0.9614408929477424,0.097919837645865,0.9142567224759004,0.4657186389029964,0.8619989852866565,0.8851626016260162,0.7419120712878075,0.9518011161846778,-0.0545185070219972,0.0400811770674784,0.925771821641618,0.617453069507864,0.6266231564123573,0.5913023925312025,0.471701796696477,PERSISTENT,NORMAL,True,0.6266231564123573
69,CONFIRMED,CONFIRMING,6209,6209.TW,今國光,光電業,Precision_Optical_Lenses,PRECISION_OPTICS_DEMAND,,HIGH,Precision optical-lens / coating demand,Optics,2382.HK;7741.T,2382.HK Sunny Optical; 7741.T HOYA,MIXED,2.0,2.0,0.5,0.5,0.5,0.023259685740297464,0.04932368942350329,78.0,-0.037037037037037,0.1304347826086955,-0.1212764798031255,0.168771280674622,-0.081151717981834,-0.0696457326892109,0.1918443051885664,0.0069063477759321,983098731.9852515,True,Glass and plastic precision optical lenses and lens modules; camera optics volume and end-market mix are primary.,TWSE,上市,2004/11/08,ESVUFR,^TWII,光電業,TW,TWSE_ISIN,-0.025,78.01999969482422,77.46499977111816,74.3058837890625,0.0050700324944612,-0.001581512822246,-0.1186440677966101,-0.2482499218777132,2026-09-17,1,0.5912226370089191,0.0594322358295594,0.2163461221040399,0.1470935474323194,-0.1032028975407647,0.8828579856482299,STRONG_UP,0.039660470663896,765605865.75,30624234.63,0.9472349061390156,0.3302891933028919,0.0487062404870624,0.9096905124302384,0.3428136109700355,0.5312024353120244,0.8699186991869918,0.5755350270583207,0.9178082191780822,-0.0025323495047595,0.2090309487569761,0.9654682611203392,0.791476407914764,0.625895745277375,0.5737549476136906,0.4841656590267408,CONFIRMED,NORMAL,True,0.625895745277375
70,CONFIRMED,PERSISTENT,3374,3374.TWO,精材,半導體業,Wafer_Level_Packaging_Test,WAFER_LEVEL_PACKAGING_DEMAND,ADVANCED_PACKAGING_TEST_CAPEX,HIGH,Wafer-level packaging / test utilization,Semiconductor_Packaging,AMKR;ASX;6146.T,AMKR Amkor Technology; ASX ASE Technology Holding; 6146.T DISCO,BROADLY_WEAK,3.0,3.0,0.3333333333333333,0.3333333333333333,0.3333333333333333,-0.05777163808154828,-0.04937174471410777,429.0,-0.1209016393442623,0.413509060955519,0.4228855721393034,0.3928016305972497,0.435213940995796,-0.2242789045831421,0.6725121302840826,0.0528253267071598,5069451362.5,True,Wafer-level packaging and test with expanding 12-inch and heterogeneous-integration capability; packaging utilization volume and capacity loading are primary.,TPEX,上櫃,2015/03/30,ESVUFR,^TWII,半導體業,TW,TWSE_ISIN,0.0117924528301887,430.9,407.475,354.0083333333333,0.0180323566240921,0.0091085968008483,-0.1350806451612903,-0.1350806451612903,2026-09-17,1,1.0104293163951468,0.065018315018315,0.3718518518518519,0.2286413926970759,-0.1629098360655737,2.993987056346157,STRONG_UP,-0.0856151480307585,3741105038.0,149644201.52,0.9883307965499746,0.9817351598173516,0.0020294266869609,0.9928970065956368,0.6835957338750634,0.7803145611364789,0.9629065040650406,0.7857055256712301,0.9726027397260274,-0.1838155556800709,0.0020294266869609,0.7358733664642005,0.1801116184677828,0.625045389674893,0.5739010142185814,0.4684243851086829,PERSISTENT,NORMAL,True,0.625045389674893
71,CONFIRMED,PERSISTENT,3141,3141.TWO,晶宏,半導體業,Epaper_Display_Driver_IC,DISPLAY_DRIVER_IC_CYCLE,,HIGH,Display-driver IC / panel electronics cycle,Display_IC,HIMX;108320.KS,HIMX Himax Technologies; 108320.KS LX Semicon,BROADLY_WEAK,2.0,2.0,0.0,0.0,0.0,-0.03472839151072449,-0.04959766229064022,94.4000015258789,0.0289702104020554,0.334762717422729,0.2618929193871009,0.2850356274176178,0.2670809917888279,-0.0547204689536267,0.7444586600452079,0.0742322890627027,544425872.5071476,True,STN and e-paper display-driver IC exposure across industrial medical and automotive niches; display IC unit demand and inventory are primary.,TPEX,上櫃,2014/03/14,ESVUFR,^TWII,半導體業,TW,TWSE_ISIN,0.0172413623006963,91.72000122070312,87.87671203613282,76.78036937713622,0.0115323955321053,0.0039602997037596,-0.1384712897873594,-0.1384712897873594,2026-09-17,1,0.9508883412940792,0.0694913088836903,0.4315679154386185,0.1940642991726649,-0.1283210069606345,2.4433785521025024,STRONG_UP,0.0204221554146457,334968992.4052429,13398759.696209718,0.9751395230847284,0.9533231861998984,0.0710299340436326,0.97818366311517,0.6480446927374302,0.7742262810755961,0.9664634146341464,0.7817958132739411,0.8833079654997463,-0.0508367514397586,0.04363267376966,0.6288385546864863,0.1085743277524099,0.6237237376901715,0.5736450819378605,0.4809028345952957,PERSISTENT,NORMAL,True,0.6237237376901715
72,CONFIRMED,PERSISTENT,6505,6505.TW,台塑化,油電燃氣業,Refining_Olefins,REFINING_MARGIN_CYCLE,PETROCHEMICAL_MARGIN_CYCLE,HIGH,Refining crack-spread / utilization cycle,Refining,VLO;MPC;PSX,VLO Valero Energy; MPC Marathon Petroleum; PSX Phillips 66,BROADLY_POSITIVE,3.0,3.0,1.0,1.0,1.0,0.1696742659877426,0.17807415935518311,86.19999694824219,0.0,0.1808218760033175,0.5420392593072809,0.1214651265027551,0.5716816787127386,-0.0452054690008293,0.2841046091857974,0.1025132383071916,2087376930.2768388,True,Refining plus naphtha-cracker olefins; refinery crack spreads utilization and naphtha-ethylene/propylene margins are primary.,TWSE,上市,2003/12/26,ESVUFR,^TWII,油電燃氣業,TW,TWSE_ISIN,0.070807415506114,83.2,78.18499946594238,72.1899995803833,0.008439500205554,0.0065048516557656,-0.0485651390726648,-0.1195097486749674,2026-09-17,1,1.3727595529029168,0.0527842220777489,0.2773110024901331,0.1764980013887548,-0.0799999999999999,1.1813534308646985,STRONG_UP,-0.0517175513745411,1803779288.4490736,72151171.53796296,0.9223744292237442,0.9903602232369356,0.0943683409436834,0.958904109589041,0.8222447943118334,0.8138001014713343,0.9059959349593496,0.7929153971280316,0.9507864028411972,-0.0820838330002299,0.02181633688483,0.4874338084640419,0.0547945205479452,0.6203998206594814,0.5814276742313962,0.4854936816437534,PERSISTENT,NORMAL,True,0.6203998206594814
73,CONFIRMED,CONFIRMING,6510,6510.TWO,精測,半導體業,Test_Interface,ADVANCED_PACKAGING_TEST_CAPEX,,HIGH,Advanced packaging / test capex,Semiconductor_Equipment,6857.T;TER;BESI.AS;6146.T,6857.T Advantest; TER Teradyne; BESI.AS BE Semiconductor Industries; 6146.T Disco,BROADLY_WEAK,4.0,4.0,0.0,0.0,0.0,-0.1530513730691216,-0.13156815334394817,3200.0,-0.1280653950953678,0.1594202898550725,-0.0620237107513328,0.1890271442140676,-0.087361022002368,-0.1679204675591359,0.1780375772070896,0.01530895534227,2969744071.5,True,Advanced chip test-interface exposure; AI/HPC test demand and customer mix required.,TPEX,上櫃,2016/03/24,ESVUFR,^TWII,半導體業,TW,TWSE_ISIN,-0.0092879256965944,3308.0,3151.75,2911.2551066080728,0.0103317624806648,-0.0010333892430912,-0.1867852604828462,-0.2810594683055184,2026-09-17,1,0.7154013782996225,0.0777901785714285,0.2167487684729064,0.1940834740493467,-0.1280653950953678,1.0848382494637765,STRONG_UP,-0.076980709269278,2591892365.0,103675694.6,0.9583967529173008,0.3120243531202435,0.006595636732623,0.9715880263825468,0.4591163026917217,0.4591577879249112,0.8628048780487805,0.5782601038680634,0.9599188229325216,-0.1242374953227949,0.0071029934043632,0.9234552232886496,0.610857432775241,0.6180413527079492,0.5664073703293125,0.4458191304857268,CONFIRMED,NORMAL,True,0.6180413527079492
74,CONFIRMED,CONFIRMING,6526,6526.TW,達發,半導體業,Broadband_Ethernet_Connectivity_IC,CONNECTIVITY_INTERFACE_IC_CYCLE,AI_NETWORKING_UPGRADE,HIGH,Connectivity / interface IC demand,Connectivity_IC,MRVL;MCHP;MXL,MRVL Marvell Technology; MCHP Microchip Technology; MXL MaxLinear,BROADLY_POSITIVE,3.0,3.0,0.6666666666666666,0.3333333333333333,0.6666666666666666,0.014708939906147522,0.023108833273588036,629.0,-0.0202492211838005,0.0752136752136751,-0.0727936538298378,0.0592241885490429,-0.0528690059107526,-0.0390526399872193,0.1166783174103779,0.010847730012053,309814127.7,True,Fixed-broadband Ethernet Bluetooth and GNSS IC exposure; PON Ethernet and connectivity-chip unit demand are primary with AI networking only secondary.,TWSE,上市,2023/10/19,ESVUFR,^TWII,半導體業,TW,TWSE_ISIN,0.0,627.0,622.25,614.0146250406901,0.0022240349101006,-0.0005161374483814,-0.1140845070422534,-0.1847181812963669,2026-09-17,1,0.78241613623145,0.042016806722689,0.1964285714285714,0.1266226245117302,-0.065967016491754,0.4767902933737888,STRONG_UP,0.006509509278647,211950275.5,8478011.02,0.8721461187214612,0.4094368340943683,0.1187214611872146,0.8234398782343988,0.515997968511935,0.6773211567732116,0.828760162601626,0.6022840322894383,0.8513444951801116,-0.0082965378586137,0.1684424150177574,0.9457613499397346,0.7052257737189244,0.6168952083669526,0.5735792844828278,0.4820651728519854,CONFIRMED,NORMAL,True,0.6168952083669526
75,CONFIRMED,CONFIRMING,6290,6290.TWO,良維,電子零組件業,Datacenter_HighCurrent_Power_Cables,DATACENTER_POWER_INFRA,AI_SERVER_SHIPMENTS,HIGH,Data-center power infrastructure capex,AI_Infrastructure,VRT;ETN;NVT;SU.PA,VRT Vertiv; ETN Eaton; NVT nVent Electric; SU.PA Schneider Electric,BROADLY_WEAK,4.0,4.0,0.25,0.0,0.0,-0.04450922028850823,-0.029505518099733674,266.0,-0.0327272727272727,0.24009324009324,-0.1243788051621367,0.1559494836196286,-0.0887663958501245,-0.0927505827505827,0.474935187933461,0.04528932115139,1137360588.45,True,High-current power-cable exposure to cloud data centers; rack power density CSP buildout and customer qualification are primary.,TPEX,上櫃,2005/06/03,ESVUFR,^TWII,電子零組件業,TW,TWSE_ISIN,0.0075757575757575,260.3,254.475,248.4047098795573,0.0096672167729004,-0.0034208039340343,-0.0633802816901408,-0.2726506857422505,2026-09-17,1,0.9776307312005,0.0571965628356605,0.3468013468013468,0.1753179405058111,-0.0781818181818181,1.6605905609190166,STRONG_UP,-0.0117175513745412,1230387840.0,49215513.6,0.9411466260781328,0.3084728564180619,0.028411973617453,0.9675291730086252,0.6622651091924835,0.4845256215119228,0.9390243902439024,0.606577453241457,0.9249112125824456,-0.0507049222794483,0.0441400304414003,0.7735533942430497,0.2272957889396245,0.6150917644119659,0.5698562766689607,0.4727021144880694,CONFIRMED,NORMAL,True,0.6150917644119659
76,CONFIRMED,CONFIRMING,6271,6271.TW,同欣電,半導體業,CIS_Packaging_Ceramic,IMAGE_SENSOR_PACKAGING_DEMAND,ADVANCED_PACKAGING_TEST_CAPEX,HIGH,CMOS image-sensor packaging / unit demand,Image_Sensor,6758.T;ON;STM;AMKR,6758.T Sony Group; ON onsemi; STM STMicroelectronics; AMKR Amkor Technology,BROADLY_WEAK,4.0,4.0,0.0,0.25,0.25,-0.046739412003569514,-0.031735709814794955,225.0,-0.0088105726872246,0.1479591836734695,-0.1712707182320442,0.1499991618871163,-0.0409085953350438,-0.045800368605592,0.2075920623619044,0.0322284665672669,1179112957.9,True,CMOS image-sensor and specialty ceramic/PCB package and test exposure; image-sensor unit demand auto vision content and package utilization are primary.,TWSE,上市,2007/11/16,ESVUFR,^TWII,半導體業,TW,TWSE_ISIN,-0.0131578947368421,222.8,217.975,213.78333333333333,0.0065273572006385,-0.0011197028165365,-0.0853658536585365,-0.2549668874172185,2026-09-17,1,0.808356904072183,0.0517460317460317,0.2396694214876033,0.1708220032660846,-0.0717299578059071,0.9663624190552118,STRONG_UP,0.0349049651817502,1058541254.0,42341650.16,0.9370877727042112,0.4469812278031456,0.091324200913242,0.9330289193302892,0.5368207211782631,0.5185185185185185,0.8780487804878049,0.6240085128251558,0.9274479959411466,-0.0025948252900288,0.2080162354134956,0.8388576671636652,0.356671740233384,0.6148828987379646,0.5689578390307466,0.4978864502346668,CONFIRMED,NORMAL,True,0.6148828987379646
77,CONFIRMED,PULLBACK,6547,6547.TWO,高端疫苗,生技醫療業,Vaccines_Regulatory_Commercialization,CLINICAL_REGULATORY_COMMERCIALIZATION,BIOTECH_CLINICAL_RISK,MEDIUM,Clinical / regulatory / commercialization milestones,Biotech,XBI;IBB,XBI SPDR S&P Biotech ETF; IBB iShares Biotechnology ETF,BROADLY_WEAK,2.0,2.0,0.0,1.0,0.0,-0.056115729443218576,-0.04771583607577806,60.70000076293945,-0.011400663608199,0.1474479964475001,0.3296823380943092,0.1449541786169128,0.3591751413961628,-0.048262662720074,0.1711974515013461,-0.0067092010301355,424059351.70739937,True,Vaccine approvals tenders exports and commercialization milestones dominate; XBI and IBB are risk context only and must not validate product-specific thesis.,TPEX,上櫃,2018/04/17,ESVUFR,^TWII,生技醫療業,TW,TWSE_ISIN,0.0033057977345363,59.55999984741211,61.11000003814697,52.43000011444092,0.0083033794463455,0.0052142354621308,-0.1592797322906635,-0.1592797322906635,2026-09-17,1,0.3370738031583348,0.0522475977844303,0.2154695876428259,0.1855784575920156,-0.146842881410638,1.0021282364178852,PULLBACK,-0.0833181188401805,312133857.3258896,12485354.293035584,0.93505834601725,0.9720953830542872,0.0862506341958396,0.9573820395738204,0.1163026917216861,0.7366818873668188,0.8582317073170732,0.7079810908424858,0.8706240487062404,-0.1195566634944088,0.0086250634195839,0.9664539948493224,0.7995941146626078,0.6110797562469481,0.5626925085331467,0.4336824959729753,PULLBACK,NORMAL,True,0.6110797562469481
78,CONFIRMED,PERSISTENT,1303,1303.TW,南亞,塑膠工業,Electronic_Materials_CCL_CopperFoil_GlassCloth,HIGH_SPEED_PCB_MATERIALS_DEMAND,SPECIALTY_CHEMICALS_CYCLE,HIGH,High-speed low-loss PCB material demand,PCB_Materials,5706.T;5016.T;3110.T;DD,5706.T Mitsui Mining and Smelting; 5016.T JX Advanced Metals; 3110.T Nittobo; DD DuPont,BROADLY_WEAK,4.0,4.0,0.0,0.0,0.0,-0.08653542184328811,-0.07159386529698114,236.0,-0.0327868852459016,0.2688172043010752,0.529931578660503,0.1694080965950202,0.4834140558533482,-0.0999911863211704,0.3225010480602538,0.0553381777529347,19989227349.025,True,Vertically integrated electronic materials including copper foil glass cloth epoxy CCL and PCB; low-loss high-speed material demand and spreads are primary.,TWSE,上市,1967/11/05,ESVUFR,^TWII,塑膠工業,TW,TWSE_ISIN,0.0535714285714286,230.0,223.625,196.9549952189128,0.0090369607678351,0.0105854373917527,-0.056,-0.056,2026-09-17,1,1.034434254021012,0.0634079903147699,0.2747252747252747,0.2289942334968642,-0.0922131147540983,1.7242968841937567,STRONG_UP,-0.0245716739961057,15484168579.0,619366743.16,0.9482496194824962,0.986808726534754,0.0253678335870116,0.9634703196347032,0.6947689182326053,0.9233891425672248,0.913109756097561,0.787703138868836,0.9964485032978184,-0.0669236981448607,0.0309487569761542,0.7233091112353265,0.1659056316590563,0.6108507456302917,0.5661206423646473,0.4672688075278057,PERSISTENT,NORMAL,True,0.6108507456302917
79,CONFIRMED,PULLBACK,6805,6805.TW,富世達,電子零組件業,Foldable_Hinges_Server_Mechanicals,FOLDABLE_DEVICE_MECHANICALS,AI_SERVER_RACK_BUILD,MEDIUM,Foldable-device hinge / precision-mechanical demand,Foldable_Devices,005930.KS;1810.HK,005930.KS Samsung Electronics; 1810.HK Xiaomi,BROADLY_WEAK,2.0,2.0,0.0,0.0,0.0,-0.06331153055529465,-0.06705835419831152,2090.0,-0.045662100456621,0.1297297297297297,0.2026373157062735,0.1187973739842975,0.1933186821064154,-0.0780945328890534,0.0722354277339989,-0.011586663513833,3245752426.0,True,Precision hinge exposure led by foldable mobile and notebook devices with server mechanical optionality; do not infer liquid-cooling exposure without segment evidence.,TWSE,上市,2023/11/09,ESVUFR,^TWII,電子零組件業,TW,TWSE_ISIN,0.02200488997555,2095.0,2114.5,1738.9010681152345,0.0077575517177134,0.0033191305616147,-0.1416837782340863,-0.1416837782340863,2026-09-17,1,0.7147804962101532,0.0657894736842105,0.1325966850828729,0.2381342875438235,-0.1364605543710021,0.8113073850445066,PULLBACK,-0.0806500132481795,2187468965.0,87498758.60000001,0.9203450025367832,0.926433282597666,0.0375443937087772,0.9487569761542364,0.4586084306754698,0.7676306443429731,0.7952235772357723,0.7180265290508909,0.9619482496194824,-0.1103493567442539,0.0106544901065449,0.9420666824308346,0.6915271435819381,0.610486481903844,0.5635911412324008,0.4414098710464113,PULLBACK,NORMAL,True,0.610486481903844
80,CONFIRMED,PULLBACK,2421,2421.TW,建準,電子零組件業,Datacenter_Thermal_Fans_CDU,AI_SERVER_THERMAL_DENSITY,DATACENTER_COOLING_INFRA,HIGH,AI server thermal density / liquid cooling,AI_Infrastructure,VRT;NVT;ETN,VRT Vertiv; NVT nVent Electric; ETN Eaton,BROADLY_WEAK,3.0,3.0,0.3333333333333333,0.0,0.0,-0.03581609600802327,-0.027416202640582754,162.0,-0.0181818181818181,0.125,0.1134020618556701,0.0816379816524914,0.122139207173384,-0.0494318181818181,0.1432356658205117,-0.0035368291557741,894711132.275,True,Server fans and system thermal products including rack-level liquid-to-air CDU and 800V HVDC solutions; AI rack thermal density and data-center cooling capex are primary.,TWSE,上市,2000/09/11,ESVUFR,^TWII,電子零組件業,TW,TWSE_ISIN,0.0093457943925232,161.6,162.575,147.275,0.0051205649016349,0.0019483428095761,-0.1195652173913043,-0.1410995462295102,2026-09-17,1,0.4033529689020437,0.0522486772486772,0.1978021978021978,0.1726195398585845,-0.1197771587743732,0.869509440911503,PULLBACK,-0.0135085961506605,481026542.0,19241061.68,0.8929477422628107,0.8772196854388635,0.082699137493658,0.9107052257737188,0.1686135093956323,0.7686453576864536,0.8429878048780488,0.6801809330509095,0.915271435819381,-0.0339180915637834,0.0745814307458143,0.9823158542211292,0.8873668188736682,0.6102940209968574,0.5692876527425357,0.4477876790384607,PULLBACK,NORMAL,True,0.6102940209968574
81,CONFIRMED,PERSISTENT,6672,6672.TW,騰輝電子-KY,電子零組件業,UNMAPPED,UNMAPPED,,UNMAPPED,,,,,,,,,,,,,293.5,-0.0183946488294314,0.0208695652173913,0.0138169257340241,0.0451639651396209,0.2474596013781895,-0.0236120401337792,0.0040193818979573,0.0318157848479523,1388286565.525,True,,TWSE,上市,2019/04/17,ESVUFR,^TWII,電子零組件業,TW,TWSE_ISIN,-0.0345394736842105,295.0,284.45,266.3583333333333,0.0040782728166351,0.0037489034291949,-0.0755905511811023,-0.1106060606060606,2026-09-17,1,2.0622464726705902,0.0598685811633,0.0338983050847457,0.1760078804864644,-0.0991304347826087,-0.0691628482269119,STRONG_UP,0.0433074903616857,1045258562.5,41810342.5,0.8493150684931506,0.947742262810756,0.1933028919330289,0.8843226788432268,0.9141696292534282,0.8300355149670218,0.6448170731707317,0.758207143098834,0.9330289193302892,0.0320164990767805,0.6676813800101471,0.8409210757602383,0.3612379502790461,0.6097766231201184,0.572687187585352,0.5996041218517266,PERSISTENT,NORMAL,True,0.6097766231201184
82,CONFIRMED,PERSISTENT,2409,2409.TW,友達,光電業,Display_Panel_Automotive_HMI,DISPLAY_PANEL_CYCLE,AUTOMOTIVE_ELECTRONICS_CONTENT,HIGH,Display-panel shipment / pricing cycle,Display_Panel,LPL;000725.SZ;005930.KS,LPL LG Display; 000725.SZ BOE Technology; 005930.KS Samsung Electronics,BROADLY_WEAK,3.0,3.0,0.3333333333333333,0.0,0.0,-0.06826568265682653,-0.10686559574772009,30.0,-0.0384615619742182,0.1627907320596482,0.0038200154000453,0.0990244145329497,0.0560358262860598,-0.0791592449891303,0.3975287363144283,0.0867596442409601,7745722208.745573,True,Display-panel exposure with automotive cockpit HMI MicroLED MiniLED and HUD applications; panel demand pricing and automotive display content are primary.,TWSE,上市,2000/09/08,ESVUFR,^TWII,光電業,TW,TWSE_ISIN,0.0204081765052661,29.24000015258789,27.605000019073486,26.998213704427084,0.0063004410184814,0.001520429716455,-0.0683230034414018,-0.1141907784442894,2026-09-17,1,1.35847604974687,0.0597619102114722,0.3181818575898455,0.130297643398993,-0.1057692648626165,1.1114179566944844,STRONG_UP,-0.0077831376522371,5463849250.913095,218553970.03652385,0.9071537290715372,0.7508878741755454,0.0365296803652968,0.928462709284627,0.8176739461655663,0.823947234906139,0.9288617886178862,0.7323400270552097,0.9822425164890918,-0.0325392412854745,0.0781329274479959,0.5662017787951992,0.0791476407914764,0.6079760790778304,0.5703501680013681,0.4846376721777797,PERSISTENT,NORMAL,True,0.6079760790778304
83,EARLY,PRE_CONFIRMATION,6257,6257.TW,矽格,半導體業,Semiconductor_Test_OSAT,ADVANCED_PACKAGING_TEST_CAPEX,,HIGH,Advanced packaging / test capex,Semiconductor_Equipment,6857.T;TER;BESI.AS;6146.T,6857.T Advantest; TER Teradyne; BESI.AS BE Semiconductor Industries; 6146.T Disco,BROADLY_WEAK,4.0,4.0,0.0,0.0,0.0,-0.1530513730691216,-0.13156815334394817,222.5,0.0253456221198156,0.1152882205513785,-0.0503430661203172,0.0273730088757218,-0.0733366222173256,-0.003476433018029,0.1864234873614341,0.0590195145168968,1666605876.45,True,Semiconductor test and OSAT exposure; test utilization HPC RF auto and customer volumes are primary.,TWSE,上市,2003/08/25,ESVUFR,^TWII,半導體業,TW,TWSE_ISIN,0.0595238095238095,212.3,210.1,215.15661010742187,0.0013663202068999,-0.0003388892134508,-0.0241228070175438,-0.1913475921331404,2026-09-17,1,2.385502018768943,0.0452648475120385,0.23,0.1422368559998441,-0.0632054176072234,0.7992012311110248,REBOUND,0.0141979415832053,1065701391.0,42628055.64,0.8183663115169965,0.3536276002029426,0.4439370877727042,0.7691527143581938,0.9400711020822752,0.663115169964485,0.8678861788617886,0.6659301776124176,0.943683409436834,0.0073546893642748,0.2927447995941146,0.704902427415516,0.1552511415525114,0.6818664362900729,0.6694261435081496,0.6074372125457804,EARLY,NORMAL,True,0.6074372125457804
84,CONFIRMED,CONFIRMING,3680,3680.TWO,家登,半導體業,Semicap_Consumables,WAFER_FAB_EQUIPMENT_CAPEX,,HIGH,Wafer-fab equipment capex,Semiconductor_Equipment,ASML;AMAT;LRCX;KLAC;8035.T,ASML ASML; AMAT Applied Materials; LRCX Lam Research; KLAC KLA; 8035.T Tokyo Electron,BROADLY_WEAK,5.0,5.0,0.0,0.0,0.0,-0.09766651427161588,-0.08926662090417536,527.0,-0.0149532710280373,0.126068376068376,0.0435643564356436,0.0832012997765097,-0.0218410649743715,-0.0464703650451313,0.1236241266545943,0.0379634644738784,982137751.125,True,Advanced-node/EUV fab consumables exposure; qualification and fab capacity are key.,TPEX,上櫃,2011/08/31,ESVUFR,^TWII,半導體業,TW,TWSE_ISIN,0.0313111545988258,508.7,507.725,484.4583333333333,0.0058210107891161,-2.6127053845327774e-06,-0.0802792321116928,-0.1468546771491087,2026-09-17,1,1.0551416711881976,0.057806993765248,0.1826625386996904,0.1862740732376374,-0.1369257950530035,0.8721636924235079,STRONG_UP,-0.0688906962508663,655960488.0,26238419.52,0.8944698122780315,0.4977168949771689,0.0903094875697615,0.9228817858954844,0.7059421025901473,0.76103500761035,0.8333333333333334,0.6590264781433375,0.917300862506342,-0.0896910211949937,0.0177574835109081,0.8101826776306078,0.3008625063419584,0.6069716836227895,0.5662689946324292,0.4627301818470411,CONFIRMED,NORMAL,True,0.6069716836227895
85,CONFIRMED,PULLBACK,6640,6640.TWO,均華,半導體業,Advanced_Packaging_Equipment,ADVANCED_PACKAGING_TEST_CAPEX,,HIGH,Advanced packaging / test capex,Semiconductor_Equipment,6857.T;TER;BESI.AS;6146.T,6857.T Advantest; TER Teradyne; BESI.AS BE Semiconductor Industries; 6146.T Disco,BROADLY_WEAK,4.0,4.0,0.0,0.0,0.0,-0.1530513730691216,-0.13156815334394817,1120.0,-0.0743801652892561,0.1740041928721174,0.0769230769230768,0.1289857363465729,0.0884808291464052,-0.1178812135072855,0.156285599023503,-0.0087618373307373,648781934.1,True,Advanced packaging equipment exposure; customer orders and packaging mix required.,TPEX,上櫃,2018/10/23,ESVUFR,^TWII,半導體業,TW,TWSE_ISIN,0.0044843049327354,1127.0,1129.9,1024.15,0.0067538442400354,0.0007913357688809,-0.1515151515151515,-0.3896383194424704,2026-09-17,1,0.5714745137033392,0.0845025510204081,0.1930232558139535,0.2149069142858405,-0.1538461538461538,1.1720335329657872,PULLBACK,-0.0425508847078744,426779445.0,17071177.8,0.9279553526128868,0.8203957382039574,0.0182648401826484,0.9365804160324708,0.3240223463687151,0.2059868087265347,0.8516260162601627,0.6306292705601988,0.8939624556062912,-0.0747973187945177,0.0268899036022323,0.9561908133463134,0.7442922374429224,0.6056701065849975,0.5551007224664987,0.435071425712344,PULLBACK,NORMAL,True,0.6056701065849975
86,CONFIRMED,PERSISTENT,2454,2454.TW,聯發科,半導體業,Mobile_SoC_Connectivity_ASIC,MOBILE_SOC_DEMAND,CONNECTIVITY_INTERFACE_IC_CYCLE,HIGH,Mobile SoC shipment / premium-mix cycle,Mobile_SoC,QCOM;005930.KS;ARM,QCOM Qualcomm; 005930.KS Samsung Electronics; ARM Arm Holdings,BROADLY_POSITIVE,3.0,3.0,0.6666666666666666,0.3333333333333333,0.6666666666666666,0.06240473966121263,0.07080463302865314,4500.0,-0.0466101694915254,0.2162162162162162,0.05032188331284,0.1528948759621635,0.0314418042882147,-0.1006642235455794,0.5102759598559805,0.0492567764500144,30110468332.0,True,Mobile SoC is the primary earnings engine while connectivity ASIC auto and data-center initiatives are secondary; handset units premium mix ASP and inventory are primary.,TWSE,上市,2001/07/23,ESVUFR,^TWII,半導體業,TW,TWSE_ISIN,-0.0066225165562914,4521.0,4288.75,3995.54248046875,0.0068720395578392,0.0001480601676976,-0.0731204943357363,-0.0891575079695561,2026-09-17,1,0.8567767411351491,0.0488095238095238,0.3669724770642202,0.1554950785232214,-0.0693277310924369,1.5711593770250958,STRONG_UP,0.0077419080849182,26513660745.0,1060546429.8,0.939117199391172,0.6768138001014713,0.0248604769152714,0.9396245560629122,0.5703402742508887,0.8701166920345003,0.945121951219512,0.7063914787621594,0.9989852866565196,-0.0304818109056226,0.0837138508371385,0.7537161177499276,0.2059868087265347,0.6046073775878142,0.5622135512522907,0.4702085952438264,PERSISTENT,NORMAL,True,0.6046073775878142
87,CONFIRMED,PULLBACK,3234,3234.TWO,光環,通信網路業,Optical_Laser_Detector_Subassembly,OPTICAL_COMPONENT_DEMAND,AI_NETWORKING_UPGRADE,HIGH,Optical-component / photonics demand,Photonics,COHR;LITE;IPGP,COHR Coherent; LITE Lumentum; IPGP IPG Photonics,BROADLY_POSITIVE,3.0,3.0,0.6666666666666666,0.3333333333333333,1.0,0.02960312286321476,0.03800301623065527,177.0,-0.0923076923076923,0.2192586552290534,0.3062730627306274,0.2264577105556233,0.3035544845078304,-0.1471223561149556,0.1800462938756169,-0.040576371172411,793426116.2098122,True,Laser diode VCSEL APD PD and optical subassembly exposure including high-speed datacom; optical units ASP and data-center upgrade demand are primary.,TPEX,上櫃,2011/03/24,ESVUFR,^TWII,通信網路業,TW,TWSE_ISIN,-0.0028169014084507,175.9,184.4857627868652,139.95604565938314,0.0137831500153555,0.0082440624055971,-0.1954545454545454,-0.1954545454545454,2026-09-17,1,0.8763849369668927,0.0855528652138821,0.2016717688875225,0.2455939519337751,-0.2251184834123223,1.4044726130663283,PULLBACK,-0.0842175513745412,658469496.0,26338779.84,0.9665144596651446,0.9639776763064434,0.0096397767630644,0.982749873160832,0.5886236668359573,0.6534753932014206,0.864329268292683,0.7447879368411238,0.9066463723997972,-0.140831979013447,0.0040588533739218,0.7971181441379446,0.2820903094875697,0.5992573933507573,0.5441227659485472,0.4417992502761759,PULLBACK,NORMAL,True,0.5992573933507573
88,CONFIRMED,CONFIRMING,7828,7828.TWO,創新服務,半導體業,ProbeCard_Automation_Equipment,TEST_INTERFACE_CAPEX,ADVANCED_PACKAGING_TEST_CAPEX,HIGH,IC test-interface / probe-board demand,Semiconductor_Test,COHU;FORM;TPRO.MI,COHU Cohu; FORM FormFactor; TPRO.MI Technoprobe,MIXED,3.0,3.0,1.0,0.3333333333333333,0.3333333333333333,-0.029752050976436406,-0.01619318888851351,1935.0,-0.0583941605839416,0.1727272727272726,-0.158695652173913,0.2162274980398084,-0.078334647044071,-0.1015759787657598,0.1522563182717912,0.0608552631578946,551846253.0,True,MEMS probe-card automation inspection drilling repair and test-socket equipment; probe-card capex test intensity and customer qualification are primary.,TPEX,上櫃,2026/04/22,ESVUFR,^TWII,半導體業,TW,TWSE_ISIN,-0.0349127182044888,1942.0,1824.0,1812.9166666666667,0.0077342714256094,0.0004776366891076,-0.1322869955156951,-0.2290836653386454,2026-09-17,1,1.1590038264617586,0.077703949796973,0.1958762886597938,0.2222119746239425,-0.1129807692307692,1.1113384957576016,STRONG_UP,-0.0077752436822334,505744132.5,20229765.3,0.9644850329781836,0.3389142567224759,0.0238457635717909,0.9482496194824962,0.7526663280853225,0.5834601725012684,0.8490853658536586,0.6258271227170844,0.8843226788432268,-0.0618321181921855,0.0350076103500761,0.6957236842105265,0.1486555048198883,0.5978487998402482,0.54022696463217,0.451933021047757,CONFIRMED,NORMAL,True,0.5978487998402482
89,CONFIRMED,PERSISTENT,2351,2351.TW,順德,半導體業,Power_Semiconductor_Leadframe,POWER_DISCRETE_CYCLE,AUTOMOTIVE_ELECTRONICS_CONTENT,HIGH,Power discrete / MOSFET / SiC cycle,Power_Discrete,ON;IFX.DE;STMPA.PA;VSH;6966.T,ON onsemi; IFX.DE Infineon Technologies; STMPA.PA STMicroelectronics; VSH Vishay Intertechnology; 6966.T Mitsui High-tec,BROADLY_WEAK,5.0,5.0,0.2,0.0,0.2,-0.059699884110999135,-0.03809237310089053,238.0,0.0106157112526539,0.2970027247956404,0.1462917668940329,0.2504171056040292,0.2263828755274144,-0.0636349699462561,0.4173862875480087,0.0388476647752074,1724571560.35,True,Power-semiconductor and IC leadframe exposure with automotive applications; power-discrete shipment utilization and auto electronics content are primary.,TWSE,上市,1996/04/25,ESVUFR,^TWII,半導體業,TW,TWSE_ISIN,0.0084745762711864,243.3,229.1,195.4097785949707,0.0154499324281636,0.0037507572147743,-0.0739299610894941,-0.0739299610894941,2026-09-17,1,0.5082581432360074,0.0652761104441776,0.3196480938416422,0.2274544173562014,-0.0817120622568093,2.1589334340318005,STRONG_UP,0.0219666591517746,1399964161.25,55998566.45,0.9705733130390664,0.9411466260781328,0.058853373921867,0.9888381532217148,0.260538344337227,0.8939624556062912,0.9314024390243902,0.7471747987826356,0.9452054794520548,-0.0406376172492326,0.0603754439370877,0.805761676123963,0.2922374429223744,0.5965301619138925,0.5486304715870804,0.4493206236084637,PERSISTENT,NORMAL,True,0.5965301619138925
90,CONFIRMED,PULLBACK,5340,5340.TWO,建榮,電子零組件業,LowLoss_GlassFiberCloth,HIGH_SPEED_PCB_MATERIALS_DEMAND,HIGH_LAYER_PCB_DEMAND,HIGH,High-speed low-loss PCB material demand,PCB_Materials,5706.T;5016.T;3110.T;DD,5706.T Mitsui Mining and Smelting; 5016.T JX Advanced Metals; 3110.T Nittobo; DD DuPont,BROADLY_WEAK,4.0,4.0,0.0,0.0,0.0,-0.08653542184328811,-0.07159386529698114,81.5,-0.0490081341633972,0.0421995291629226,-0.1465968586387435,0.0829208048373895,-0.0984239327583567,-0.0595580164541278,0.034744089170916,-0.0055518309252822,316056481.0933441,True,Electronic glass-fiber cloth including low-loss low-CTE specialty grades; AI server package-substrate and high-speed laminate material demand are primary.,TPEX,上櫃,1998/01/20,ESVUFR,^TWII,電子零組件業,TW,TWSE_ISIN,-0.0297619047619047,83.5000015258789,81.95500030517579,78.31666692097981,0.0040708793603239,-0.002063286368524,-0.0822072387486625,-0.4012042835873896,2026-09-17,1,0.6126727968107362,0.0530236701396972,0.0929577924882947,0.1129048183054524,-0.0672170326946535,0.1240906326409786,PULLBACK,0.0188484507131058,275357897.25,11014315.89,0.8939624556062912,0.2886859462201928,0.0644342973110096,0.8838153221714865,0.366683595733875,0.180618975139523,0.7454268292682927,0.5085474199735806,0.8528665651953323,-0.0018817504962415,0.2151192288178589,0.9722408453735888,0.8285134449518011,0.5945309958481522,0.5430656554241999,0.4615274443514499,PULLBACK,NORMAL,True,0.5945309958481522
91,CONFIRMED,PERSISTENT,3167,3167.TW,大量,電機機械,PCB_Drill_Backdrill_AOI_Equipment,HIGH_LAYER_PCB_DEMAND,ADVANCED_PACKAGING_TEST_CAPEX,HIGH,High-layer / high-speed PCB demand,PCB_Interconnect,TTMI;4062.T;6787.T,TTMI TTM Technologies; 4062.T IBIDEN; 6787.T Meiko Electronics,BROADLY_WEAK,3.0,3.0,0.3333333333333333,0.0,0.3333333333333333,-0.013833997665816944,-0.00543410429837643,817.0,-0.0365566037735849,0.0721784776902887,0.045818827309036,0.1637746189615425,0.088116798169332,-0.0546012231961571,0.0240169965589305,0.0311750599520383,3974756943.15,True,PCB drilling routing back-drill and AOI equipment with advanced-package inspection optionality; high-layer PCB capex orders and backlog are primary.,TWSE,上市,2013/10/21,ESVUFR,^TWII,電機機械,TW,TWSE_ISIN,-0.008495145631068,814.2,792.3,740.3418060302735,0.0100461262134154,-0.0008083318265333,-0.1585993820803295,-0.1911647773105009,2026-09-17,1,0.9043295934563432,0.0725651337646441,0.079136690647482,0.2378301485936054,-0.1556503198294243,0.363222011071142,STRONG_UP,-0.0561619958189856,3398512946.0,135940517.84,0.9441907661085744,0.8183663115169965,0.0720446473871131,0.9705733130390664,0.6109700355510411,0.665144596651446,0.7195121951219512,0.7071476649749603,0.9670218163368848,-0.0971056505593712,0.013191273465246,0.844124700239808,0.3688483003551496,0.5941420098042535,0.5417614551767894,0.4380283619097835,PERSISTENT,NORMAL,True,0.5941420098042535
92,CONFIRMED,PERSISTENT,1326,1326.TW,台化,塑膠工業,Aromatics_Styrenics_Nylon,PETROCHEMICAL_MARGIN_CYCLE,,HIGH,Bulk petrochemical product / feedstock margin cycle,Petrochemicals,WLK;LYB;BAS.DE;051910.KS,WLK Westlake; LYB LyondellBasell; BAS.DE BASF; 051910.KS LG Chem,BROADLY_WEAK,4.0,4.0,0.0,0.5,0.25,-0.006123891421264571,-0.020993162201180304,68.5999984741211,-0.037868225274503,0.1746574774269866,0.1529411508255647,0.1352352952964532,0.2799094587036967,-0.0815325946312497,0.2306899777840524,0.0244157086093343,2662654551.181754,True,Aromatics styrenics engineering plastics and nylon chain exposure; product-feedstock spreads utilization and regional petrochemical supply-demand are primary.,TWSE,上市,1984/12/20,ESVUFR,^TWII,塑膠工業,TW,TWSE_ISIN,0.0425531199468307,67.6,66.96500053405762,63.39833342234294,0.0078036688596583,0.0048105823496044,-0.1227621336158746,-0.1227621336158746,2026-09-17,1,0.5668105291227363,0.0605997244425326,0.2417059752052026,0.1829977891275727,-0.1144010720171687,1.1876816012608062,STRONG_UP,-0.055283007432737,1782547384.3618546,71301895.37447418,0.9315068493150684,0.9573820395738204,0.0350076103500761,0.9502790461694572,0.318943626206196,0.8072044647387113,0.8887195121951219,0.7261189267269913,0.9578893962455606,-0.0890918312568503,0.0182648401826484,0.877921456953328,0.4535768645357686,0.5929715983929773,0.5482650067779744,0.4351583056481777,PERSISTENT,NORMAL,True,0.5929715983929773
93,CONFIRMED,PULLBACK,3006,3006.TW,晶豪科,半導體業,Memory_IC_Design,MEMORY_IC_CYCLE,,HIGH,Memory IC design demand / ASP cycle,Memory,MU;000660.KS;005930.KS,MU Micron; 000660.KS SK Hynix; 005930.KS Samsung Electronics,MIXED,3.0,3.0,0.6666666666666666,0.3333333333333333,0.3333333333333333,0.03193376700177408,-0.006204667925497898,278.5,-0.1073717948717948,0.1117764471057884,0.1658903018672168,0.1193442812521823,0.1789249468881322,-0.1353159066482419,0.075111684223598,-0.0110085227272728,4937319654.125,True,Memory IC design exposure; product ASP and demand cycle required.,TWSE,上市,2002/03/04,ESVUFR,^TWII,半導體業,TW,TWSE_ISIN,-0.0088967971530249,276.9,281.6,244.5637326558431,0.0040792857029313,0.0041130741951417,-0.1269592476489028,-0.1269592476489028,2026-09-17,1,0.6127161164257797,0.0746345216722236,0.1407035175879397,0.2093860556294863,-0.1538461538461538,0.6973127313087821,PULLBACK,-0.0549149412603486,4963694020.25,198547760.81,0.9213597158802638,0.9203450025367832,0.0136986301369863,0.884830035514967,0.3671914677501269,0.7975646879756468,0.7992886178861789,0.7013512049106625,0.9705733130390664,-0.0847510115733942,0.0197869101978691,0.944957386363636,0.702181633688483,0.5915033036348463,0.5406508902876533,0.4203211625896914,PULLBACK,NORMAL,True,0.5915033036348463
94,CONFIRMED,PULLBACK,6531,6531.TW,愛普*,半導體業,UNMAPPED,UNMAPPED,,UNMAPPED,,,,,,,,,,,,,920.0,-0.1067961165048543,0.0430839002267573,-0.1636363636363637,0.1085526605137776,-0.0696144089488328,-0.1175670915615436,0.0134172620823605,-0.0121335767207129,3411389671.8,True,,TWSE,上市,2016/05/31,ESVUFR,^TWII,半導體業,TW,TWSE_ISIN,-0.030558482613277,941.8,931.3,889.1833333333333,0.0048651585703112,-0.0006925930887462,-0.136150234741784,-0.2901815936894727,2026-09-17,1,0.8136934389765583,0.0667701863354037,0.0586419753086419,0.1883040666410685,-0.1359223300970874,0.1603383220147508,PULLBACK,-0.0217676014245912,2995960960.0,119838438.4,0.9137493658041604,0.3668188736681887,0.0192795535261288,0.9041095890410958,0.5413915693245303,0.4353120243531202,0.6895325203252033,0.5617276195179921,0.9644850329781836,-0.0489057665530356,0.0466768138001014,0.9393321163964354,0.6757990867579908,0.5858305417686759,0.5319510034013744,0.4238315564820193,PULLBACK,NORMAL,True,0.5858305417686759
95,CONFIRMED,CONFIRMING,5386,5386.TWO,青雲,電腦及週邊設備業,IT_Distribution_PC_Server,IT_DISTRIBUTION_CYCLE,PC_DEVICE_CYCLE;AI_SERVER_SHIPMENTS,MEDIUM,IT / electronics distribution cycle,IT_Distribution,SNX;ARW,SNX TD SYNNEX; ARW Arrow Electronics,BROADLY_POSITIVE,2.0,2.0,1.0,1.0,1.0,0.04809176000022908,0.05649165336766959,283.5,-0.0884244372990353,0.229934924078091,-0.204839374562606,0.2372143149608914,-0.0986952705275192,-0.1459081683185581,0.2515391965716713,0.053805408419292,531659710.15,True,IT distribution and system integration across motherboard GPU memory storage and servers; channel inventory and PC/server sell-through dominate.,TPEX,上櫃,1999/05/13,ESVUFR,^TWII,電腦及週邊設備業,TW,TWSE_ISIN,-0.0257731958762886,294.8,269.025,262.49924189249674,0.0067418151833736,-0.0042299226344673,-0.163716814159292,-0.3187955273714465,2026-09-17,1,0.8038808228255633,0.0657596371882086,0.2535885167464115,0.2318082316389518,-0.1210691823899371,1.567912303871712,STRONG_UP,0.0565509998622079,381668629.5,15266745.18,0.9680365296803652,0.2876712328767123,0.0106544901065449,0.9355657026889904,0.531742001015744,0.3647894469812278,0.8948170731707317,0.573832974897085,0.8822932521562659,-0.0027525788780149,0.2070015220700152,0.7309729579035398,0.1750380517503805,0.5835835812501803,0.5261428012202339,0.4694029622750408,CONFIRMED,NORMAL,True,0.5835835812501803
96,CONFIRMED,PULLBACK,5314,5314.TWO,世紀*,其他業,UNMAPPED,UNMAPPED,,UNMAPPED,,,,,,,,,,,,,27.75,-0.4070512723849577,0.1733615411248164,0.9889237297432708,0.4072995339776812,1.1428819578280025,-0.4503916576661618,0.0290057958391476,-0.2041869841299213,468364704.0812572,True,,TPEX,上櫃,1996/09/16,ESVUFR,^TWII,其他業,TW,TWSE_ISIN,-0.0990259517081607,34.57000045776367,34.870000171661374,21.80026698112488,0.0344225808858517,0.0198459370560951,-0.4070512723849577,-0.4070512723849577,2026-09-17,1,2.249615778373384,0.1234234106586706,0.0685618823503295,0.4097799506204052,-0.4070512723849577,0.8174531239391964,PULLBACK,-0.24786326725427,232378433.6098061,9295137.344392242,0.9898528665651952,0.9974632166412988,0.0005073566717402,0.9994926433282596,0.930929405789741,0.1735159817351598,0.7347560975609756,0.7309013763117332,0.8756976154236428,-0.3496881507486903,0.0005073566717402,0.0,0.0073566717402333,0.5826113848501747,0.5151634971863666,0.4343490814508851,PULLBACK,NORMAL,True,0.5826113848501747
97,CONFIRMED,PERSISTENT,2606,2606.TW,裕民,航運業,Dry_Bulk_Shipping,DRY_BULK_FREIGHT,,HIGH,Dry-bulk freight / commodity shipping cycle,Shipping,SBLK;9101.T;9104.T;9107.T,SBLK Star Bulk; 9101.T Nippon Yusen; 9104.T Mitsui OSK Lines; 9107.T Kawasaki Kisen,BROADLY_POSITIVE,4.0,4.0,1.0,1.0,1.0,0.09130239017921826,0.11278560990439168,77.0,-0.0178571619723346,0.0968661445494276,0.2479740526397302,0.0682666097844686,0.2583426646522861,-0.0420736981096915,0.1151332204193236,0.0139583963506859,793616223.5898037,True,Dry-bulk freight cycle; charter rates fleet supply and commodity volumes are key.,TWSE,上市,1990/12/08,ESVUFR,^TWII,航運業,TW,TWSE_ISIN,0.013157894736842,76.05999908447265,75.93999938964843,67.77166639963785,0.0064799023562133,0.0029614743361396,-0.0575275045753023,-0.0575275045753023,2026-09-17,1,0.3008552077462312,0.0408163194532518,0.1808511890292526,0.1521572779310811,-0.0769230769230768,0.6507661922172079,STRONG_UP,-0.0181416052003524,472919005.7021332,18916760.228085328,0.8807711821410451,0.9512937595129376,0.1075596144089294,0.9315068493150684,0.0909090909090909,0.9198376458650432,0.8282520325203252,0.703636051460141,0.9071537290715372,-0.0352082576464696,0.0695078640284119,0.9302080182465702,0.6377473363774734,0.5800685606482466,0.5426379354858305,0.4325038726725996,PERSISTENT,NORMAL,True,0.5800685606482466
98,CONFIRMED,PULLBACK,5871,5871.TW,中租-KY,其他業,UNMAPPED,UNMAPPED,,UNMAPPED,,,,,,,,,,,,,112.0,-0.0044444444444444,0.0044843049327354,0.0403818042834911,0.0021386902023261,0.0761459959698831,-0.0055655206776283,0.0008101894252474,-0.0134331645012112,730700397.05,True,,TWSE,上市,2011/12/13,ESVUFR,^TWII,其他業,TW,TWSE_ISIN,-0.0044444444444444,112.2,113.525,111.4568879445394,0.000456409237134,0.0005757880593582,-0.0468085106382978,-0.0468085106382978,2026-09-17,1,0.5215388404334137,0.0213647959183673,0.0149253731343283,0.0826102171708108,-0.047008547008547,-0.0145909079620202,PULLBACK,0.0327467343397446,598461730.25,23938469.21,0.7336377473363774,0.7950279046169457,0.4038559107052257,0.6874682902080163,0.2701879126460132,0.9375951293759512,0.614329268292683,0.6539514644155338,0.9020801623541348,0.032212061789163,0.6712328767123288,0.9328341774939438,0.6484018264840182,0.5762671918536301,0.5599263239643576,0.5657395409150201,PULLBACK,NORMAL,True,0.5762671918536301
99,CONFIRMED,CONFIRMING,1409,1409.TW,新纖,紡織纖維,Polyester_PET_Fiber_EngineeringMaterials,POLYESTER_PET_CHAIN,,HIGH,Polyester PET / fiber chain demand and spreads,Polyester_PET,IVL.BK;EMN;3402.T,IVL.BK Indorama Ventures; EMN Eastman Chemical; 3402.T Toray Industries,MIXED,3.0,3.0,0.6666666666666666,0.6666666666666666,0.0,-0.021521906225980048,-0.05515950675641096,24.799999237060547,-0.0139165163729008,0.0545877985730265,-0.0487267086107502,0.0058617797671534,-0.1030210728717023,-0.0275634660161574,0.0397975787858267,0.0104979834209792,543980543.4819924,True,Polyester PET fiber and engineering-material exposure; PTA MEG polyester spreads utilization and recycled-material demand are primary.,TWSE,上市,1973/08/31,ESVUFR,^TWII,紡織纖維,TW,TWSE_ISIN,0.0354905405863865,24.29000015258789,24.542354011535643,24.14343506495158,0.0019991037768031,-0.0004266963006262,-0.0831792999430968,-0.2453975984997413,2026-09-17,1,0.612749633969274,0.0492511491940671,0.1109584835932196,0.1521946695539236,-0.1098696730364059,-0.0793205474082659,STRONG_UP,-0.0797249844221653,299089575.7384796,11963583.029539185,0.7493658041603247,0.2765093860984272,0.167427701674277,0.8097412480974124,0.3676993397663788,0.5423642820903095,0.7550813008130082,0.5152461005876191,0.882800608828006,-0.0811904293639537,0.0223236935565702,0.9475100828951036,0.7113140537798072,0.5757618410189961,0.5566412231575661,0.4352747786141253,CONFIRMED,NORMAL,True,0.5757618410189961
100,CONFIRMED,PERSISTENT,1312,1312.TW,國喬,塑膠工業,UNMAPPED,UNMAPPED,,UNMAPPED,,,,,,,,,,,,,14.949999809265137,0.0,0.2723404092991606,0.0565371174771776,0.2343159142462141,0.099039834356037,-0.0680851023247901,0.5099942318494455,0.0544877305031745,581387974.8904183,True,,TWSE,上市,1988/12/21,ESVUFR,^TWII,塑膠工業,TW,TWSE_ISIN,0.0101351092295374,14.580000114440915,14.177500009536743,13.22166666984558,0.0100141093030125,0.0013506298875032,-0.0939394054990826,-0.0939394054990826,2026-09-17,1,0.4354704814194625,0.0549450602025487,0.3636364128964102,0.1941843325661813,-0.1118210889876268,2.012582620518396,STRONG_UP,0.0385213958002327,280367889.46740675,11214715.57869627,0.9675291730086252,0.8396752917300863,0.0512430238457635,0.9690512430238456,0.1950228542407313,0.8604769152714358,0.9446138211382114,0.7144202885424606,0.8868594622019279,-0.0200575827613208,0.1151699644850329,0.7275613474841272,0.1694571283612379,0.572935450463486,0.5220179933722485,0.442443314491898,PERSISTENT,NORMAL,True,0.572935450463486
