ticker,name,theme,region,benchmark,universe_layer,price,ret_1d,ret_5d,ret_20d,ret_60d,ma5,ma20,ma60,ma20_slope,ma60_slope,bias20,dist_20d_high,dist_52w_high,last_price_date,calendar_staleness_days,volume_ratio20,atr_pct14,er20,vol20,maxdd20,keynes_legacy,keynes_v2,trend,rs_5d_vs_bench,rs_20d_vs_bench,rs_60d_vs_bench,rs_5d_vs_local,rs_5d_vs_global,rs_20d_vs_local,rs_20d_vs_global,rs_60d_vs_local,rs_60d_vs_global,local_benchmark,global_benchmark,local_rs_status,global_rs_basis,acceleration,r_rs20,r_rs60,r_accel,r_slope,r_volume,r_high,r_quality,leader_score_v1,raw_leader_state
1548.HK,Genscript Biotech,Biotech,HK,^HSI,CORE,37.220001220703125,0.1431203823976097,0.16312503814697266,0.11570745023169482,2.0709572254246114,33.704000854492186,34.082000160217284,23.264000018437702,0.010183485040520898,0.018405940411569652,0.0920720921816296,-0.027690637209921598,-0.027690637209921598,2026-09-17,1,1.573793790130714,0.07787669658413739,0.1245965507645403,0.2832424998482455,-0.14741475578593888,0.3432460990770134,0.05089896185901844,STRONG_UP,-0.011051058169786021,0.13963663697421203,1.9363720802280806,-0.011051058169786021,0.1568308054186216,0.13963663697421203,0.27611108025278175,1.9363720802280806,2.346914003657952,^HSI,SPY,AVAILABLE,LOCAL_CURRENCY_ASSET_VS_USD_BENCHMARK_NOT_FX_HEDGED,0.13419817558904895,0.95,1.0,0.9818181818181818,0.990909090909091,0.95,0.9,0.8545454545454545,0.9543181818181817,PERSISTENT
DELL,Dell,AI_Server,US,SPY,CORE,588.4000244140625,0.044577477615800554,0.16142282200677505,0.34476069210284144,0.3777463365624891,559.35400390625,497.0065032958984,452.9373499552409,0.007245976769012153,0.003690882051081416,0.1838879783505607,-0.009394080232294932,-0.009394080232294932,2026-09-17,1,0.9350797208296411,0.06253396625272283,0.3848510635647423,0.24335621408283717,-0.1000720128496152,2.472813286759636,0.545215249715921,STRONG_UP,0.155128589278424,0.35316058547028195,0.3381869731392355,0.155128589278424,0.155128589278424,0.35316058547028195,0.35316058547028195,0.3381869731392355,0.3381869731392355,SPY,SPY,AVAILABLE,LOCAL_CURRENCY_ASSET_VS_USD_BENCHMARK_NOT_FX_HEDGED,0.07523264898106469,0.9954545454545455,0.9227272727272727,0.9545454545454546,0.9818181818181818,0.4772727272727273,0.9727272727272728,0.9727272727272728,0.9170454545454546,PERSISTENT
CRWD,CrowdStrike,Cybersecurity,US,SPY,CORE,245.6999969482422,0.01798142329679986,0.17638607790018734,0.2185686207320343,0.4433413799850898,234.33400268554686,213.49000091552733,202.94912490844726,0.000814666430371833,0.0034997617635944716,0.1508735579867253,-0.01845641674975118,-0.01845641674975118,2026-09-17,1,1.0083329340999387,0.055011634837894556,0.25195807728635583,0.2913645047944351,-0.11939394732058306,1.554289065186098,0.18900768119859845,STRONG_UP,0.1700918451718363,0.22696851409947483,0.4037820165618362,0.1700918451718363,0.1700918451718363,0.22696851409947483,0.22696851409947483,0.4037820165618362,0.4037820165618362,SPY,SPY,AVAILABLE,LOCAL_CURRENCY_ASSET_VS_USD_BENCHMARK_NOT_FX_HEDGED,0.12174392271717877,0.9863636363636363,0.95,0.9772727272727273,0.7909090909090909,0.6181818181818182,0.9409090909090909,0.9227272727272727,0.9104545454545454,PERSISTENT
053800.KQ,AhnLab,Cybersecurity,KR,^KQ11,CORE,65400.0,0.01238390092879249,0.14535901926444827,0.1413612565445026,0.23163841807909602,62800.0,58810.0,56375.0,-0.00019274085835318004,4.2907898531899006e-05,0.11205577282775048,-0.0630372492836676,-0.128,2026-09-17,1,4.048660231887231,0.031782437745740494,0.4682080924855491,0.08655345673908793,-0.04705882352941182,1.0369990073677589,0.764689092401919,STRONG_UP,0.15465358554818498,0.14361890361922336,0.35813717482723395,0.15465358554818498,0.13906478653609722,0.14361890361922336,0.1557683144200721,0.35813717482723395,0.11813385618162608,^KQ11,SPY,AVAILABLE,LOCAL_CURRENCY_ASSET_VS_USD_BENCHMARK_NOT_FX_HEDGED,0.11001870512832262,0.9545454545454546,0.9318181818181818,0.9727272727272728,0.6863636363636364,1.0,0.6181818181818182,0.9863636363636363,0.8999999999999999,PERSISTENT
BOAT,Global Shipping ETF,Shipping,US,SPY,CORE,53.43000030517578,0.016939462773884584,0.047031189168920795,0.09644984213196572,0.3134249056615097,52.534000396728516,50.335499954223636,45.082078806559245,0.006165774496795302,0.0038489399060008256,0.06147749309664863,-0.009271277529587119,-0.009271277529587119,2026-09-17,1,2.3759187688945245,0.018697361007929483,0.42266284967418916,0.06376824135056039,-0.044630363121339056,0.6395860774221047,0.6392800595207894,STRONG_UP,0.04073695644056974,0.10484973549940624,0.2738655422382561,0.04073695644056974,0.04073695644056974,0.10484973549940624,0.10484973549940624,0.2738655422382561,0.2738655422382561,SPY,SPY,AVAILABLE,LOCAL_CURRENCY_ASSET_VS_USD_BENCHMARK_NOT_FX_HEDGED,0.022918728635929364,0.9136363636363637,0.8909090909090909,0.6681818181818182,0.9636363636363636,0.990909090909091,0.9772727272727273,0.9818181818181818,0.8981818181818183,PERSISTENT
9101.T,Nippon Yusen,Shipping,JP,^N225,CORE,7566.0,0.026037428803905582,0.05112531258682962,0.11346578366445925,0.4351289833080425,7354.6,7200.5,6258.916666666667,0.006239293788065706,0.004795833153038072,0.050760363863620483,-0.004342676667982603,-0.004342676667982603,2026-09-17,1,0.9849723548766122,0.02847324496809033,0.3257287705956908,0.08850023003042336,-0.03722222222222227,0.727409274161306,0.417615527157338,STRONG_UP,0.04274917503563258,0.11668595253372838,0.5337831075510158,0.04274917503563258,0.04483107985847856,0.11668595253372838,0.13211888935734106,0.5337831075510158,0.4144346581703997,^N225,SPY,AVAILABLE,LOCAL_CURRENCY_ASSET_VS_USD_BENCHMARK_NOT_FX_HEDGED,0.022758866670714806,0.9318181818181818,0.9863636363636363,0.6636363636363637,0.9727272727272728,0.5818181818181818,0.9954545454545455,0.9636363636363636,0.8811363636363638,PERSISTENT
9107.T,Kawasaki Kisen,Shipping,JP,^N225,CORE,3552.0,0.026589595375722475,0.07636363636363641,0.11909262759924388,0.4006309148264984,3444.6,3389.8,2954.875,0.00591145510648778,0.004505173714214531,0.04784943064487579,-0.010860484544695126,-0.010860484544695126,2026-09-17,1,0.8610414609718503,0.028796653796653797,0.26359832635983266,0.11576785774859168,-0.05108225108225106,0.776267554461668,0.2711686812511428,STRONG_UP,0.052177541632134394,0.11746041326334267,0.4879071079352568,0.052177541632134394,0.07006940363528535,0.11746041326334267,0.13351867702280962,0.4879071079352568,0.39221109357158856,^N225,SPY,AVAILABLE,LOCAL_CURRENCY_ASSET_VS_USD_BENCHMARK_NOT_FX_HEDGED,0.04659047946382544,0.9363636363636364,0.9727272727272728,0.8409090909090909,0.9545454545454546,0.36818181818181817,0.9636363636363636,0.9409090909090909,0.8775000000000001,PERSISTENT
9104.T,Mitsui OSK Lines,Shipping,JP,^N225,CORE,7438.0,0.0404252342985032,0.06561604584527214,0.06913899669397727,0.3960210210210211,7153.4,7112.7,6228.583333333333,0.004041879657556218,0.004118792823943533,0.04573509356503158,-0.009455320282327873,-0.009455320282327873,2026-09-17,1,1.127554700830245,0.029731494641416664,0.2179429089261441,0.08872900975225415,-0.04245671887881286,0.3878005041972354,0.16982443624462581,STRONG_UP,0.03435195376131461,0.04775367622818816,0.46717563832474607,0.03435195376131461,0.059321813116921085,0.04775367622818816,0.07615757352822139,0.46717563832474607,0.36593000068540604,^N225,SPY,AVAILABLE,LOCAL_CURRENCY_ASSET_VS_USD_BENCHMARK_NOT_FX_HEDGED,0.048331296671777824,0.8090909090909091,0.9636363636363636,0.85,0.9227272727272727,0.7363636363636363,0.9681818181818181,0.9181818181818182,0.8770454545454545,PERSISTENT
S,SentinelOne,Cybersecurity,US,SPY,CORE,23.190000534057617,0.0008632049071133352,0.1706209570538444,0.0877111100375565,0.5327164810741662,22.440000152587892,21.049499988555908,19.868666458129884,-0.0033466999341442527,0.004415763147569496,0.10168890219080962,-0.04371131818319107,-0.04371131818319107,2026-09-17,1,1.6037520619219485,0.0536958694664346,0.14155955933727038,0.21967110417838084,-0.1444297186933612,0.506335727646204,0.05652243672347916,STRONG_UP,0.16432672432549333,0.09611100340499701,0.49315711765091264,0.16432672432549333,0.16432672432549333,0.09611100340499701,0.09611100340499701,0.49315711765091264,0.49315711765091264,SPY,SPY,AVAILABLE,LOCAL_CURRENCY_ASSET_VS_USD_BENCHMARK_NOT_FX_HEDGED,0.14869317954445527,0.9090909090909091,0.9772727272727273,0.9863636363636363,0.37727272727272726,0.9590909090909091,0.8545454545454545,0.8636363636363636,0.8761363636363637,PERSISTENT
DAC,Danaos,Shipping,US,SPY,CORE,162.39999389648438,0.020356811760656734,0.03512011299809781,0.10027091586018733,0.2827610519848631,159.747998046875,153.99599838256836,140.25874913533528,0.005417662170310253,0.0031772308027917975,0.05457281748995957,-0.007517025909820285,-0.007517025909820285,2026-09-17,1,1.3921697716131858,0.0181518389700521,0.4391690158573769,0.05646005423045734,-0.03145892642649628,0.6835202771620081,0.7799475228573405,STRONG_UP,0.02882588026974675,0.10867080922762784,0.2432016885616095,0.02882588026974675,0.02882588026974675,0.10867080922762784,0.10867080922762784,0.2432016885616095,0.2432016885616095,SPY,SPY,AVAILABLE,LOCAL_CURRENCY_ASSET_VS_USD_BENCHMARK_NOT_FX_HEDGED,0.010052384033050976,0.9181818181818182,0.8727272727272727,0.5227272727272727,0.9454545454545454,0.9,0.990909090909091,0.990909090909091,0.8652272727272728,PERSISTENT
HACK,Cybersecurity ETF,Cybersecurity,US,SPY,CORE,120.4800033569336,0.008538458733284182,0.0903167724609375,0.07293616862259511,0.2555231816006607,117.79799957275391,113.19449958801269,110.83149973551433,-0.0015955717322996084,0.002328613738686779,0.06436270132769284,-0.01700972180628557,-0.01700972180628557,2026-09-17,1,1.8407297419952662,0.030290620524704503,0.16841453936392559,0.1388773264963119,-0.07758479031518573,0.44902927260674325,0.08844864422033762,STRONG_UP,0.08402253973258644,0.08133606199003562,0.21596381817740706,0.08402253973258644,0.08402253973258644,0.08133606199003562,0.08133606199003562,0.21596381817740706,0.21596381817740706,SPY,SPY,AVAILABLE,LOCAL_CURRENCY_ASSET_VS_USD_BENCHMARK_NOT_FX_HEDGED,0.07208273030528872,0.8863636363636364,0.8318181818181818,0.9454545454545454,0.5227272727272727,0.9863636363636363,0.9454545454545454,0.8954545454545455,0.8647727272727272,PERSISTENT
NET,Cloudflare,Cybersecurity,US,SPY,CORE,333.94000244140625,0.028615458862087717,0.07317539618566093,0.1441003044229785,0.48457365882883807,324.5419982910156,299.10450134277346,283.23133290608723,0.00046079576597574654,0.003447259495791686,0.11646598744667958,-0.008785964703779792,-0.008785964703779792,2026-09-17,1,0.9425841571156838,0.04970910922245283,0.19245900082668632,0.20762631403498527,-0.11514135381686541,0.947610489806821,0.1335736307652924,STRONG_UP,0.06688116345730988,0.152500197790419,0.44501429540558446,0.06688116345730988,0.06688116345730988,0.152500197790419,0.152500197790419,0.44501429540558446,0.44501429540558446,SPY,SPY,AVAILABLE,LOCAL_CURRENCY_ASSET_VS_USD_BENCHMARK_NOT_FX_HEDGED,0.03715032007991631,0.9590909090909091,0.9590909090909091,0.7727272727272727,0.759090909090909,0.509090909090909,0.9863636363636363,0.9136363636363637,0.864318181818182,PERSISTENT
FTNT,Fortinet,Cybersecurity,US,SPY,CORE,172.5800018310547,0.0047155937500527045,0.08643371230714236,0.1290807650617769,0.16608109345307231,168.59400024414063,161.13749923706055,159.17633285522462,0.0008956324436113921,0.0018106618257339056,0.07101079915085617,-0.01998866638534813,-0.01998866638534813,2026-09-17,1,1.2316939218167118,0.04271724515339948,0.24469798172540724,0.16570950979066273,-0.10556780658658993,0.8950857802690677,0.1906094751598139,STRONG_UP,0.0801394795787913,0.13748065842921742,0.1265217300298187,0.0801394795787913,0.0801394795787913,0.13748065842921742,0.13748065842921742,0.1265217300298187,0.1265217300298187,SPY,SPY,AVAILABLE,LOCAL_CURRENCY_ASSET_VS_USD_BENCHMARK_NOT_FX_HEDGED,0.05416352104169814,0.9454545454545454,0.7318181818181818,0.8818181818181818,0.8,0.8181818181818182,0.9318181818181818,0.9318181818181818,0.863181818181818,PERSISTENT
HPE,HPE,AI_Server,US,SPY,CORE,61.040000915527344,0.07692308727728481,0.10539658757997605,0.14888009953681558,0.24775149632519566,58.220000457763675,54.83950023651123,50.95100027720134,0.0002672903079037399,0.0020099356107899304,0.11306632358563928,-0.017860025472233754,-0.04718153865863717,2026-09-17,1,0.9675526993733133,0.06754352712539156,0.1767597580587071,0.23773910376243004,-0.1075857672533338,0.9597517931410712,0.11069281391832386,STRONG_UP,0.099102354851625,0.1572799929042561,0.20819213290194205,0.099102354851625,0.099102354851625,0.1572799929042561,0.1572799929042561,0.20819213290194205,0.20819213290194205,SPY,SPY,AVAILABLE,LOCAL_CURRENCY_ASSET_VS_USD_BENCHMARK_NOT_FX_HEDGED,0.06817656269577216,0.9636363636363636,0.8136363636363636,0.9409090909090909,0.7272727272727273,0.5545454545454546,0.8272727272727273,0.9045454545454545,0.8461363636363637,PERSISTENT
4502.T,Takeda Pharmaceutical,Biotech,JP,^N225,CORE,5946.0,0.01693175987685991,0.05108714866537034,0.02077253218884123,0.186589503093195,5808.6,5789.5,5566.366666666667,0.0010822651690607517,0.0024388030838403264,0.02703169531047589,-0.00016815200941655561,-0.014420686225758317,2026-09-17,1,1.2495968225619427,0.019076449954351066,0.109107303877367,0.05560286590049248,-0.04959377115775221,0.0797306637681507,0.040761118066941465,STRONG_UP,0.060042632471976054,0.035003760546806206,0.29180021596450345,0.060042632471976054,0.044792915937019284,0.035003760546806206,0.03908112061653046,0.29180021596450345,0.15922559612140286,^N225,SPY,AVAILABLE,LOCAL_CURRENCY_ASSET_VS_USD_BENCHMARK_NOT_FX_HEDGED,0.04589401561816003,0.7454545454545455,0.9045454545454545,0.8272727272727273,0.8045454545454546,0.8363636363636363,0.9545454545454546,0.85,0.8359090909090909,PERSISTENT
AMD,AMD,AI_Semiconductor,US,SPY,CORE,545.0900268554688,0.06359029630335367,0.08238685514119082,0.1686677483017638,0.048552567961713367,514.2660095214844,486.2354995727539,501.9635009765625,0.002177897760224496,-0.0007128296383873913,0.12104119780318223,-0.011479373709455953,-0.06779189529755902,2026-09-17,1,1.5549375264097332,0.040317048062725784,0.3122693813542209,0.14063655182675605,-0.05313754216298483,1.2354118353324262,0.37450984635546797,REBOUND,0.07609262241283976,0.1770676416692043,0.008993204538459754,0.07609262241283976,0.07609262241283976,0.1770676416692043,0.1770676416692043,0.008993204538459754,0.008993204538459754,SPY,SPY,AVAILABLE,LOCAL_CURRENCY_ASSET_VS_USD_BENCHMARK_NOT_FX_HEDGED,0.04021991806574987,0.9681818181818181,0.5818181818181818,0.7954545454545454,0.8545454545454545,0.9409090909090909,0.7863636363636364,0.9590909090909091,0.8318181818181819,PERSISTENT
CIBR,Cybersecurity ETF,Cybersecurity,US,SPY,CORE,101.66000366210938,0.013559327706597957,0.07965165365661564,0.0640569676359235,0.20825818432747645,99.48200225830078,96.34300079345704,94.00913378397624,-0.001304141867685899,0.0016885558377132816,0.05518826302754554,-0.011185623225299368,-0.011185623225299368,2026-09-17,1,1.0843963488824262,0.026612511211656566,0.16354895238561262,0.1225300216007183,-0.0719317386064543,0.40312888563698546,0.08550108628882316,STRONG_UP,0.07335742092826458,0.07245686100336401,0.16869882090422283,0.07335742092826458,0.07335742092826458,0.07245686100336401,0.07245686100336401,0.16869882090422283,0.16869882090422283,SPY,SPY,AVAILABLE,LOCAL_CURRENCY_ASSET_VS_USD_BENCHMARK_NOT_FX_HEDGED,0.06363741174763476,0.8636363636363636,0.759090909090909,0.9272727272727272,0.5636363636363636,0.6863636363636364,0.9590909090909091,0.8909090909090909,0.8168181818181819,PERSISTENT
SMCI,Super Micro Computer,AI_Server,US,SPY,CORE,40.349998474121094,0.09497965115135543,0.07945418194595066,0.10306168546623362,0.21098435905414736,37.9359992980957,37.749999618530275,32.595166492462155,0.002293014377092925,-0.00013105560647726553,0.0688741425659396,-0.028413203463998782,-0.31354203279886905,2026-09-17,1,1.6393363135613277,0.0581076264640733,0.13094815985533031,0.21449440348850415,-0.11475407661439829,0.568696532339693,0.062918835381714,STRONG_UP,0.0731599492175996,0.11146157883367414,0.17142499563089375,0.0731599492175996,0.0731599492175996,0.11146157883367414,0.11146157883367414,0.17142499563089375,0.17142499563089375,SPY,SPY,AVAILABLE,LOCAL_CURRENCY_ASSET_VS_USD_BENCHMARK_NOT_FX_HEDGED,0.05368876057939226,0.9227272727272727,0.7681818181818182,0.8772727272727273,0.8590909090909091,0.9681818181818181,0.3,0.8772727272727273,0.8163636363636364,PERSISTENT
ANET,Arista Networks,AI_Networking,US,SPY,CORE,199.52999877929688,0.010073937231948715,0.05577010942260685,0.07015286696242562,0.23014798109377677,195.46199645996094,193.03349914550782,183.79916737874348,-0.0013849924068580254,0.0028602094138802004,0.033654778380679096,-0.032018657872093015,-0.07147843386839092,2026-09-17,1,1.445034492163379,0.039196147790196395,0.14880551774611486,0.13036507772122977,-0.07985163854874844,0.40848322609700316,0.08007615131439501,STRONG_UP,0.049475876694255794,0.07855276032986613,0.19058861767052315,0.049475876694255794,0.049475876694255794,0.07855276032986613,0.07855276032986613,0.19058861767052315,0.19058861767052315,SPY,SPY,AVAILABLE,LOCAL_CURRENCY_ASSET_VS_USD_BENCHMARK_NOT_FX_HEDGED,0.038231892682000446,0.8772727272727273,0.8,0.7818181818181819,0.5454545454545454,0.9272727272727272,0.7636363636363637,0.8863636363636364,0.8088636363636366,PERSISTENT
4568.T,Daiichi Sankyo,Biotech,JP,^N225,CORE,2933.0,0.03311025008805912,0.08268733850129206,0.022842197035745526,0.16388888888888897,2845.2,2830.025,2748.0333333333333,0.0006763627061226882,0.0017282355103984276,0.036386604358618735,-0.00845165652467883,-0.2885192912966694,2026-09-17,1,1.3053503137415068,0.023841995031902978,0.08392056374119154,0.07732850073689215,-0.07574206755373591,0.11427543964257685,0.024789437711322436,STRONG_UP,0.06613296125012069,0.06179102478197074,0.2366658739050247,0.06613296125012069,0.076393105772941,0.06179102478197074,0.08315255001822841,0.2366658739050247,0.0626486909403634,^N225,SPY,AVAILABLE,LOCAL_CURRENCY_ASSET_VS_USD_BENCHMARK_NOT_FX_HEDGED,0.07697678924235568,0.8454545454545455,0.8590909090909091,0.9590909090909091,0.7681818181818182,0.8545454545454545,0.33181818181818185,0.8090909090909091,0.803409090909091,PERSISTENT
356680.KQ,AXGATE,Cybersecurity,KR,^KQ11,CORE,17250.0,0.009362200117027486,0.395631067961165,0.4232673267326732,-0.1239207719654647,17030.0,12980.5,12469.0,0.011087785510476905,-0.007115393103385753,0.32891645160047767,-0.08536585365853655,-0.4353518821603928,2026-09-17,1,0.81722748648421,0.07349896480331262,0.4728110599078341,0.33704998198374236,-0.11221122112211224,2.907911956540239,0.5937560720192645,STRONG_UP,0.37260323427320774,0.48229246089743183,0.2123319520083804,0.37260323427320774,0.3893368352328139,0.48229246089743183,0.49418800706253085,0.2123319520083804,-0.036649925022135044,^KQ11,SPY,AVAILABLE,LOCAL_CURRENCY_ASSET_VS_USD_BENCHMARK_NOT_FX_HEDGED,0.2898142362779967,1.0,0.8181818181818182,1.0,0.9954545454545455,0.3090909090909091,0.10909090909090909,0.9772727272727273,0.8027272727272728,PERSISTENT
ZIM,ZIM,Shipping,US,SPY,CORE,30.360000610351562,0.03511765050544735,0.03020024831129753,0.10762498282968713,0.19386552284753122,29.70999984741211,28.54749984741211,26.474833138783772,0.004955719523755313,0.002195847739823949,0.0634907005036296,-0.0013157568644944773,-0.0013157568644944773,2026-09-17,1,1.0785519905101493,0.026178233810279377,0.30132793534887525,0.10098877534391441,-0.04827339578567347,0.7643881308343219,0.3211288953409616,STRONG_UP,0.02390601558294647,0.11602487619712765,0.1543061594242776,0.02390601558294647,0.02390601558294647,0.11602487619712765,0.11602487619712765,0.1543061594242776,0.1543061594242776,SPY,SPY,AVAILABLE,LOCAL_CURRENCY_ASSET_VS_USD_BENCHMARK_NOT_FX_HEDGED,0.0032940026038757453,0.9272727272727272,0.75,0.38181818181818183,0.9318181818181818,0.6772727272727272,1.0,0.9545454545454546,0.7954545454545454,PERSISTENT
MATX,Matson,Shipping,US,SPY,CORE,234.75,-0.0036923653985936333,0.02965039845590356,0.07555212090252117,0.2013939208651212,235.15399780273438,225.8574996948242,213.74088465372722,0.003947755501272165,0.002716369597353719,0.03937217191012565,-0.025407876619128134,-0.025407876619128134,2026-09-17,1,0.9982377790105303,0.023261813835957705,0.34679272032729197,0.05965784184196679,-0.02935808423291475,0.48910695525440484,0.4391866136171644,STRONG_UP,0.023356165727552503,0.08395201426996168,0.1618345574418676,0.023356165727552503,0.023356165727552503,0.08395201426996168,0.08395201426996168,0.1618345574418676,0.1618345574418676,SPY,SPY,AVAILABLE,LOCAL_CURRENCY_ASSET_VS_USD_BENCHMARK_NOT_FX_HEDGED,0.010762368230273267,0.8909090909090909,0.7545454545454545,0.5409090909090909,0.9181818181818182,0.6,0.9136363636363637,0.9681818181818181,0.7947727272727273,PERSISTENT
2269.HK,WuXi Biologics,Biotech,HK,^HSI,CORE,50.099998474121094,0.0032038416462136787,0.05473680998149666,0.009266702057385112,0.5443896607588636,49.07999954223633,49.532999992370605,43.20333334604899,0.0021658976875042345,0.007441629432722788,0.01144688352891654,-0.07988984807836996,-0.07988984807836996,2026-09-17,1,0.7339412226994831,0.038865136557138046,0.02110087248063779,0.1307128167714035,-0.09961687139727604,-0.17737506326420455,0.0014959167988163582,STRONG_UP,0.04472555779461307,0.07323345227265643,0.544696838090204,0.04472555779461307,0.0484425772531456,0.07323345227265643,0.0543288469824752,0.544696838090204,0.6053353407333504,^HSI,SPY,AVAILABLE,LOCAL_CURRENCY_ASSET_VS_USD_BENCHMARK_NOT_FX_HEDGED,0.05242013446715038,0.8681818181818182,0.990909090909091,0.8681818181818182,0.85,0.19545454545454546,0.740909090909091,0.7045454545454546,0.7945454545454546,PERSISTENT
SBLK,Star Bulk,Shipping,US,SPY,CORE,31.75,0.02850661279050537,0.032856221093104265,0.08485046092059778,0.21311859148282397,31.165999984741212,30.936499977111815,27.87235205968221,0.0051024591140969066,0.003224223895809588,0.0262958002194833,-0.03436742796249581,-0.03436742796249581,2026-09-17,1,0.8822524841807825,0.027266602146075736,0.23086015360284728,0.10145614318433505,-0.051819817788774536,0.3121189940445547,0.19307446376915005,STRONG_UP,0.02656198836475321,0.0932503542880383,0.17355922805957036,0.02656198836475321,0.02656198836475321,0.0932503542880383,0.0932503542880383,0.17355922805957036,0.17355922805957036,SPY,SPY,AVAILABLE,LOCAL_CURRENCY_ASSET_VS_USD_BENCHMARK_NOT_FX_HEDGED,0.01164360586295482,0.9,0.7818181818181819,0.5636363636363636,0.9363636363636364,0.4,0.8772727272727273,0.9363636363636364,0.780909090909091,PERSISTENT
GNOM,Genomics ETF,Genomics,US,SPY,CORE,66.91999816894531,0.05253218373232649,0.07987730919373415,0.0066791061135007546,0.2826270394881387,63.98800048828125,64.81224975585937,59.37513205210368,0.0029473391387366973,0.004454207807007328,0.03252083396311045,-0.015882379868451313,-0.015882379868451313,2026-09-17,1,0.8418137059250548,0.023776898608366737,0.0208411821415321,0.09889906918027282,-0.0867020747888263,-0.11973074455895541,0.001407500274854516,STRONG_UP,0.07358307646538309,0.015078999480941269,0.2430676760648851,0.07358307646538309,0.07358307646538309,0.015078999480941269,0.015078999480941269,0.2430676760648851,0.2430676760648851,SPY,SPY,AVAILABLE,LOCAL_CURRENCY_ASSET_VS_USD_BENCHMARK_NOT_FX_HEDGED,0.07820753266535896,0.6772727272727272,0.8681818181818182,0.9636363636363636,0.8818181818181818,0.3409090909090909,0.95,0.6954545454545454,0.7743181818181818,PERSISTENT
AAPL,Apple,Consumer_Tech,US,SPY,CORE,337.0,0.01380823768034456,0.0319379993320279,0.06366194578344886,0.1460776776091941,333.2199951171875,321.39849853515625,315.68931172688804,0.0032553323216018316,0.0011190574838232355,0.04854254620339238,-0.003960502312450265,-0.021125953457814872,2026-09-17,1,0.8843352810121078,0.023235759274238953,0.28300851041053365,0.0649451710114848,-0.0392126853302972,0.44073259907996687,0.27741666032142626,STRONG_UP,0.025643766603676843,0.07206183915088937,0.10651831418594049,0.025643766603676843,0.025643766603676843,0.07206183915088937,0.07206183915088937,0.10651831418594049,0.10651831418594049,SPY,SPY,AVAILABLE,LOCAL_CURRENCY_ASSET_VS_USD_BENCHMARK_NOT_FX_HEDGED,0.016022512886165685,0.8590909090909091,0.7136363636363636,0.6272727272727273,0.8909090909090909,0.40454545454545454,0.9272727272727272,0.9454545454545454,0.768409090909091,PERSISTENT
PANW,Palo Alto Networks,Cybersecurity,US,SPY,CORE,375.05999755859375,-0.001570601217827261,0.10803866695998066,0.04252831714935823,0.28922033633743127,366.0779968261719,353.54199981689453,348.0753331502279,-0.004213652110985547,0.003623933202513084,0.060864049399629305,-0.03167838648966215,-0.059717225813855634,2026-09-17,1,0.9560309855936809,0.05300295379173547,0.06852990738928323,0.229634585301143,-0.14201382852397515,0.12090619042663525,0.01269173644660519,STRONG_UP,0.1017444342316296,0.050928210516798744,0.24966097291417766,0.1017444342316296,0.1017444342316296,0.050928210516798744,0.050928210516798744,0.24966097291417766,0.24966097291417766,SPY,SPY,AVAILABLE,LOCAL_CURRENCY_ASSET_VS_USD_BENCHMARK_NOT_FX_HEDGED,0.0974065876726411,0.8181818181818182,0.8818181818181818,0.9681818181818181,0.3090909090909091,0.5318181818181819,0.8045454545454546,0.7681818181818182,0.7675,PERSISTENT
7267.T,Honda Motor,EV,JP,^N225,CORE,1708.5,0.014247551202137165,0.045273784031814035,-0.01894918173987936,0.22254025044722714,1682.2,1687.8,1613.0333333333333,-0.0005767740291347513,0.00257899061952404,0.012264486313544376,-0.030638297872340403,-0.030638297872340403,2026-09-17,1,0.8783937090191596,0.02364229273799072,0.0728476821192053,0.08004750135328789,-0.08128921848260129,-0.26959942288878336,-0.017244810199801223,STRONG_UP,0.05853954880059309,0.035021125862357505,0.30824650826790223,0.05853954880059309,0.03897955130346298,0.035021125862357505,0.03637823271762097,0.30824650826790223,0.18703543275043288,^N225,SPY,AVAILABLE,LOCAL_CURRENCY_ASSET_VS_USD_BENCHMARK_NOT_FX_HEDGED,0.050011079466783875,0.75,0.9136363636363637,0.8590909090909091,0.6636363636363637,0.39545454545454545,0.8863636363636364,0.5954545454545455,0.7531818181818183,PERSISTENT
ZS,Zscaler,Cybersecurity,US,SPY,CORE,197.47000122070312,0.03074433308985225,0.2079153803613556,0.06971828110325506,0.5651105974994548,187.8419982910156,178.04149856567383,162.16349983215332,-0.001374831446588021,0.004868508166745801,0.10912345049636141,-0.007339222383914934,-0.41401819952170205,2026-09-17,1,0.8678789304653719,0.05062577824747031,0.09336229015711513,0.24244858686774104,-0.14037738055867333,0.36665086673342107,0.0268471698421084,STRONG_UP,0.20162114763300454,0.07811817447069558,0.5255512340762012,0.20162114763300454,0.20162114763300454,0.07811817447069558,0.07811817447069558,0.5255512340762012,0.5255512340762012,SPY,SPY,AVAILABLE,LOCAL_CURRENCY_ASSET_VS_USD_BENCHMARK_NOT_FX_HEDGED,0.19048581008554183,0.8727272727272727,0.9818181818181818,0.9954545454545455,0.55,0.37727272727272726,0.13636363636363635,0.8272727272727273,0.7529545454545455,PERSISTENT
6501.T,Hitachi,Power_Grid,JP,^N225,CORE,5475.0,0.01917349218168285,0.056541875723658874,0.04028120843625316,0.15263157894736845,5318.4,5329.35,5120.4,-0.0030577630165653006,0.0013927645271502773,0.02732978693461674,-0.030115146147032812,-0.08817258575869247,2026-09-17,1,0.9663563831258568,0.026366601435094585,0.13266583229036297,0.08415214439273495,-0.0679279279279279,0.22656006533972295,0.06350331392527735,STRONG_UP,0.05719370750211317,0.04961719101703943,0.22096462352864,0.05719370750211317,0.05024764299530782,0.04961719101703943,0.05624678331959365,0.22096462352864,0.11938603388197455,^N225,SPY,AVAILABLE,LOCAL_CURRENCY_ASSET_VS_USD_BENCHMARK_NOT_FX_HEDGED,0.046471573614595585,0.8136363636363636,0.8454545454545455,0.8363636363636363,0.39090909090909093,0.55,0.7272727272727273,0.8818181818181818,0.7529545454545454,PERSISTENT
WCLD,Cloud Software ETF,Software,US,SPY,CORE,41.060001373291016,0.004894781202934739,0.05634171601712623,0.01332677466502541,0.40184363570723236,40.623999786376956,40.8060001373291,37.19366658528646,-0.00041378858146659417,0.004335830003534218,0.0062246050852103885,-0.05695910634103607,-0.05695910634103607,2026-09-17,1,0.8714679067631351,0.028529686159735418,0.036290390806577894,0.12323086007694546,-0.10127468347738422,-0.08185450255368443,0.003924616451455356,STRONG_UP,0.050047483288775174,0.021726668032465923,0.36228427228397875,0.050047483288775174,0.050047483288775174,0.021726668032465923,0.021726668032465923,0.36228427228397875,0.36228427228397875,SPY,SPY,AVAILABLE,LOCAL_CURRENCY_ASSET_VS_USD_BENCHMARK_NOT_FX_HEDGED,0.05301002235086988,0.7045454545454546,0.9363636363636364,0.8727272727272727,0.6772727272727272,0.38181818181818183,0.8090909090909091,0.7181818181818181,0.7529545454545454,PERSISTENT
META,Meta,Internet_AI,US,SPY,CORE,682.3099975585938,0.013366799888065994,0.05886277101766879,0.2495832847090973,0.21364280103809707,667.897998046875,608.6140014648438,602.1026621500652,0.006089133659368808,0.0005161750562028766,0.12108823641318578,-0.004377580964362804,-0.1343622728038969,2026-09-17,1,0.875289215409036,0.030765237202021567,0.7433988221142082,0.07850995368927134,-0.014242221119831533,1.9101906694337902,2.363266199423229,STRONG_UP,0.052568538289317734,0.2579831780765378,0.17408343761484346,0.052568538289317734,0.052568538289317734,0.2579831780765378,0.2579831780765378,0.17408343761484346,0.17408343761484346,SPY,SPY,AVAILABLE,LOCAL_CURRENCY_ASSET_VS_USD_BENCHMARK_NOT_FX_HEDGED,-0.003533050159605533,0.990909090909091,0.7863636363636364,0.3090909090909091,0.9590909090909091,0.38636363636363635,0.5954545454545455,1.0,0.7454545454545455,PULLBACK_LEADER
ROP.SW,Roche,Biotech,EU,^SSMI,CORE,362.5,0.005268979102398985,0.04256539336603882,0.004433378028747104,0.11469860514403218,354.8400024414062,359.2699996948242,350.9116668701172,-0.0016276802567621713,0.0016368199194524077,0.008990453719819325,-0.035391134180386974,-0.035391134180386974,2026-09-16,2,1.2101551868270632,0.02208865912677032,0.017429268498630864,0.07503628658338003,-0.08359955640637162,-0.04076904991149605,0.0010297755864171311,STRONG_UP,0.03793219162803818,0.03601241440491332,0.11772074195039273,0.03793219162803818,0.053517697082858806,0.03601241440491332,0.021893830437271666,0.11772074195039273,0.12481327876894177,^SSMI,SPY,AVAILABLE,LOCAL_CURRENCY_ASSET_VS_USD_BENCHMARK_NOT_FX_HEDGED,0.04145704885885204,0.7545454545454545,0.7181818181818181,0.8045454545454546,0.5181818181818182,0.8045454545454546,0.8727272727272727,0.6863636363636364,0.7411363636363636,PERSISTENT
MAERSK-B.CO,Maersk,Shipping,EU,^OMXC25,CORE,22450.0,-0.03648068669527893,0.009442446043165464,0.07777244359097457,0.3961442786069651,22840.0,21976.0,18694.333333333332,0.00958525014452946,0.004823837190672208,0.02156898434655985,-0.04508719693747343,-0.04508719693747343,2026-09-16,2,0.6795490295447515,0.03312122176264715,0.1772428884026258,0.11200542445304075,-0.06553722692822117,0.4122367365223796,0.12307093703282145,STRONG_UP,0.02671019924659912,0.09480541970494771,0.3787030755174079,0.02671019924659912,0.020394749759985453,0.09480541970494771,0.09523289599949913,0.3787030755174079,0.3989726533949358,^OMXC25,SPY,AVAILABLE,LOCAL_CURRENCY_ASSET_VS_USD_BENCHMARK_NOT_FX_HEDGED,-0.010000664854578178,0.9045454545454545,0.9409090909090909,0.24545454545454545,0.9863636363636363,0.11818181818181818,0.85,0.9090909090909091,0.7375,PULLBACK_LEADER
SKYY,Cloud Computing ETF,Cloud_AI,US,SPY,CORE,164.38999938964844,0.015442584529158143,0.049677534952915714,0.019978912063570275,0.27079467079481234,161.97799987792968,161.24649963378906,149.37599983215333,-0.0008580048439953302,0.0025250296827713644,0.01949499532082033,-0.01938678126838911,-0.02756583009751634,2026-09-17,1,0.704795413195236,0.019922132478930602,0.07426204586084093,0.07744062090320497,-0.05996401636958437,0.023527120229656584,0.019158871230759465,STRONG_UP,0.04338330222456466,0.02837880543101079,0.23123530737155873,0.04338330222456466,0.04338330222456466,0.02837880543101079,0.02837880543101079,0.23123530737155873,0.23123530737155873,SPY,SPY,AVAILABLE,LOCAL_CURRENCY_ASSET_VS_USD_BENCHMARK_NOT_FX_HEDGED,0.044682806937023145,0.7272727272727273,0.85,0.8227272727272728,0.6181818181818182,0.15,0.9045454545454545,0.7954545454545454,0.7220454545454545,PERSISTENT
CLOU,Cloud Computing ETF,Cloud_AI,US,SPY,CORE,28.34000015258789,0.011420402912076133,0.04306220364403979,0.017594246477791398,0.31813954198083216,28.006000137329103,27.91750011444092,25.870916652679444,-0.0007817385924988367,0.0029502095784637327,0.015133877905078696,-0.03243430294451899,-0.03243430294451899,2026-09-17,1,0.6259437346207333,0.024858853990568867,0.057579264194107485,0.09756546915337273,-0.06189491392825508,-0.0016851668126852404,0.01038342535562927,STRONG_UP,0.03676797091568873,0.02599413984523191,0.27858017855757855,0.03676797091568873,0.03676797091568873,0.02599413984523191,0.02599413984523191,0.27858017855757855,0.27858017855757855,SPY,SPY,AVAILABLE,LOCAL_CURRENCY_ASSET_VS_USD_BENCHMARK_NOT_FX_HEDGED,0.03866364202459194,0.7227272727272728,0.8954545454545455,0.7863636363636364,0.6363636363636364,0.08636363636363636,0.8818181818181818,0.7545454545454545,0.7136363636363636,PERSISTENT
SAP.DE,SAP,Software,EU,^STOXX,CORE,186.55999755859375,-0.002779582357127275,0.020234042086253456,0.02224656196489727,0.3868569107441404,182.99599914550782,185.04699935913087,162.47499974568686,0.001208446059594191,0.0037748161890677743,0.008176291454078166,-0.028940233707596685,-0.22338792812137098,2026-09-16,2,0.8148388316963943,0.03232202336181955,0.0668422491167285,0.10444552679426104,-0.0734895059540539,0.0008938019215541937,0.01423718451607357,STRONG_UP,0.025418137319438094,0.04496476568318242,0.382980601786592,0.025418137319438094,0.031186345803073445,0.04496476568318242,0.039707014373421834,0.382980601786592,0.39800463354030247,^STOXX,SPY,AVAILABLE,LOCAL_CURRENCY_ASSET_VS_USD_BENCHMARK_NOT_FX_HEDGED,0.014672401595029139,0.8,0.9454545454545454,0.6045454545454545,0.8136363636363636,0.30454545454545456,0.41818181818181815,0.7818181818181819,0.7115909090909092,PERSISTENT
MSFT,Microsoft,Cloud_AI,US,SPY,CORE,497.75,0.015194803982285787,0.010783034546884895,0.029685573613367877,0.3336017390334549,497.24199829101565,496.8785003662109,447.6549092610677,0.00031970111555349915,0.003513310943764239,0.001753949170967939,-0.03868443772170005,-0.09368389178877135,2026-09-17,1,0.8858213140625413,0.02058694317649288,0.1201540315090003,0.06158436165168141,-0.04523599435015091,0.05715646930187668,0.057917972219591364,STRONG_UP,0.0044888018185338385,0.03808546698080839,0.2940423756102013,0.0044888018185338385,0.0044888018185338385,0.03808546698080839,0.03808546698080839,0.2940423756102013,0.2940423756102013,SPY,SPY,AVAILABLE,LOCAL_CURRENCY_ASSET_VS_USD_BENCHMARK_NOT_FX_HEDGED,0.003361641143542926,0.7863636363636364,0.9090909090909091,0.38636363636363635,0.7454545454545455,0.4090909090909091,0.7227272727272728,0.8681818181818182,0.7109090909090909,PERSISTENT
PLTR,Palantir,Software_AI,US,SPY,CORE,176.24000549316406,0.01089829755181948,0.06258293045107255,0.005993510115447354,0.5101971731098551,172.73599853515626,175.71149978637695,151.40983250935872,-0.0009524868802158334,0.004506547661473401,0.0030078037432361704,-0.06439448924165025,-0.150732450536326,2026-09-17,1,0.8111830963124707,0.03963669715897084,0.012123346546106788,0.14608991345881653,-0.11009767000147364,-0.16780171883847128,0.0004973745170822377,STRONG_UP,0.05628869772272149,0.014393403482887868,0.4706378096866015,0.05628869772272149,0.05628869772272149,0.014393403482887868,0.014393403482887868,0.4706378096866015,0.4706378096866015,SPY,SPY,AVAILABLE,LOCAL_CURRENCY_ASSET_VS_USD_BENCHMARK_NOT_FX_HEDGED,0.06108455292221071,0.6636363636363637,0.9681818181818181,0.9181818181818182,0.6,0.3,0.55,0.6727272727272727,0.7095454545454547,PERSISTENT
CHKP,Check Point,Cybersecurity,US,SPY,CORE,136.22999572753906,-0.010603578240827582,0.04382807035060843,0.02931612727685673,0.09960445878347213,136.3699981689453,134.1770004272461,132.34066670735677,0.0016917788076004532,0.0007119215654629028,0.015300649841297753,-0.04036355815252579,-0.3533181745024234,2026-09-17,1,1.1618473192576042,0.03900703988299498,0.08890895886808114,0.10137063592095003,-0.060470872750863824,0.16883083350151512,0.025712242313070215,STRONG_UP,0.03753383762225737,0.03771602064429724,0.060045095360218514,0.03753383762225737,0.03753383762225737,0.03771602064429724,0.03771602064429724,0.060045095360218514,0.060045095360218514,SPY,SPY,AVAILABLE,LOCAL_CURRENCY_ASSET_VS_USD_BENCHMARK_NOT_FX_HEDGED,0.036499038531394246,0.7772727272727272,0.6590909090909091,0.7681818181818182,0.8272727272727273,0.7681818181818182,0.22727272727272727,0.8181818181818182,0.7054545454545453,PERSISTENT
QCOM,Qualcomm,Semiconductor,US,SPY,CORE,188.7100067138672,0.020937083167336334,0.06688151008867482,0.17186750248448468,-0.07050870662087394,184.69400024414062,170.97954254150392,171.2090591430664,0.0053083715059030505,-0.0045562049023050956,0.10369933097732642,-0.01662317500821775,-0.267321310723604,2026-09-17,1,1.041235514598102,0.04274397157946896,0.5145136112708306,0.08292132822212737,-0.02270057169217088,1.094109405861589,1.0664104309389704,REBOUND,0.060587277360323766,0.1802673958519252,-0.11006807004412755,0.060587277360323766,0.060587277360323766,0.1802673958519252,0.1802673958519252,-0.11006807004412755,-0.11006807004412755,SPY,SPY,AVAILABLE,LOCAL_CURRENCY_ASSET_VS_USD_BENCHMARK_NOT_FX_HEDGED,0.023914634467553653,0.9727272727272728,0.32272727272727275,0.6818181818181818,0.9409090909090909,0.65,0.35454545454545455,0.9954545454545455,0.7040909090909091,EMERGING
INTC,Intel,Semiconductor,US,SPY,CORE,108.80000305175781,0.0766947032750751,0.08452953930153462,0.1724137874335654,-0.1775022372559465,101.42400207519532,95.04450073242188,101.88349990844726,0.0004333804575297436,-0.003202812257265673,0.1447269669821476,-0.023076229069259768,-0.23568669907439666,2026-09-17,1,1.5837644501217178,0.05179884909544895,0.28149192524374067,0.1724061372072966,-0.08565510784168062,1.1618442395538604,0.2815044159645226,REBOUND,0.07823530657318356,0.1808136808010059,-0.2170616006792001,0.07823530657318356,0.07823530657318356,0.1808136808010059,0.1808136808010059,-0.2170616006792001,-0.2170616006792001,SPY,SPY,AVAILABLE,LOCAL_CURRENCY_ASSET_VS_USD_BENCHMARK_NOT_FX_HEDGED,0.04142609244314327,0.9772727272727273,0.15,0.8,0.7545454545454545,0.9545454545454546,0.38181818181818183,0.95,0.6984090909090909,EMERGING
CVX,Chevron,Energy,US,SPY,CORE,211.57000732421875,0.00014188351630206597,-0.005593096509404871,0.028236843762113217,0.21273111876811868,213.4220001220703,208.41150131225587,192.37118631998698,0.003856562361566991,0.0022665186973850325,0.01515514255247652,-0.028514976076253307,-0.028514976076253307,2026-09-17,1,0.941532933971999,0.02211020599977556,0.13464675493770778,0.062339032253678206,-0.029158768894495313,0.12758382966411008,0.06098906647732361,STRONG_UP,-0.011887329237755928,0.03663673712955373,0.17317175534486506,-0.011887329237755928,-0.011887329237755928,0.03663673712955373,0.03663673712955373,0.17317175534486506,0.17317175534486506,SPY,SPY,AVAILABLE,LOCAL_CURRENCY_ASSET_VS_USD_BENCHMARK_NOT_FX_HEDGED,-0.012652307449933176,0.7636363636363637,0.7772727272727272,0.21818181818181817,0.9136363636363637,0.5,0.8954545454545455,0.8727272727272727,0.6972727272727274,NEUTRAL
HLAG.DE,Hapag-Lloyd,Shipping,EU,^STOXX,CORE,133.8000030517578,-0.026909068714488615,0.0029985695170557936,0.01363638675574097,0.15743948804386076,135.7,134.69499969482422,126.746666208903,0.0032279690217797185,0.0025635431768761168,-0.006644616690257066,-0.05508476494030434,-0.13820222904742652,2026-09-16,2,1.2406989136917859,0.030963057162671087,0.041666740252653066,0.09067527288148607,-0.06086952098901721,0.007395709288980534,0.00626613813094119,PULLBACK,0.008182664750240431,0.036354590474026116,0.15356317908631234,0.008182664750240431,0.013950873233875782,0.036354590474026116,0.031096839164265533,0.15356317908631234,0.15252818994151318,^STOXX,SPY,AVAILABLE,LOCAL_CURRENCY_ASSET_VS_USD_BENCHMARK_NOT_FX_HEDGED,-0.000410527171879449,0.759090909090909,0.7454545454545455,0.33636363636363636,0.8863636363636364,0.8318181818181818,0.5909090909090909,0.740909090909091,0.6943181818181818,NEUTRAL
IDNA,Genomics ETF,Genomics,US,SPY,CORE,40.0,0.03359171088971857,0.05596617930587211,-0.018404907975460127,0.2832852069968914,38.81780090332031,39.50145015716553,35.64629993438721,0.003790297293132175,0.004889139728358893,0.012621051653822324,-0.03591230701829795,-0.03591230701829795,2026-09-17,1,0.4660817141371363,0.020842845099312918,0.05975138841867061,0.09216068195511394,-0.08678877805809648,-0.31377558156915053,-0.011932624432913973,STRONG_UP,0.04967194657752105,-0.010005014608019613,0.2437258435736378,0.04967194657752105,0.04967194657752105,-0.010005014608019613,-0.010005014608019613,0.2437258435736378,0.2437258435736378,SPY,SPY,AVAILABLE,LOCAL_CURRENCY_ASSET_VS_USD_BENCHMARK_NOT_FX_HEDGED,0.06056740629973714,0.5636363636363636,0.8772727272727273,0.9136363636363637,0.9090909090909091,0.013636363636363636,0.8681818181818182,0.6090909090909091,0.693409090909091,NEUTRAL
XLE,Energy ETF,Energy,US,SPY,CORE,64.4800033569336,0.0070280272718390435,-0.006930493548855221,0.014155418369920847,0.18398832979998692,64.8220001220703,64.07949962615967,59.78216679890951,0.0027055469942532796,0.002153845893355819,0.0062501070250309265,-0.02554019735193014,-0.02554019735193014,2026-09-17,1,1.1316149337047114,0.02060440551872806,0.07246390165573857,0.054597623011592385,-0.028818466814564014,0.023971845025270083,0.018787573305819316,STRONG_UP,-0.013224726277206278,0.02255531173736136,0.1444289663767333,-0.013224726277206278,-0.013224726277206278,0.02255531173736136,0.02255531173736136,0.1444289663767333,0.1444289663767333,SPY,SPY,AVAILABLE,LOCAL_CURRENCY_ASSET_VS_USD_BENCHMARK_NOT_FX_HEDGED,-0.010469348141335433,0.7090909090909091,0.740909090909091,0.23636363636363636,0.8727272727272727,0.740909090909091,0.9090909090909091,0.7909090909090909,0.6922727272727273,NEUTRAL
IGV,Software ETF,Software,US,SPY,CORE,105.77999877929688,0.00781249716060195,0.045256936454228125,0.028888253002928632,0.21140631182992142,104.88999938964844,104.65149993896485,98.29733314514161,-5.155081810172e-05,0.0017224901429161923,0.010783398622955298,-0.0433209815388248,-0.10331524976281137,2026-09-17,1,0.5816828397564823,0.02557188209414899,0.07934813227651057,0.11766435970042478,-0.08266862556028365,0.1308627358607692,0.019481080986202905,STRONG_UP,0.03896270372587707,0.037288146370369146,0.1718469484066678,0.03896270372587707,0.03896270372587707,0.037288146370369146,0.037288146370369146,0.1718469484066678,0.1718469484066678,SPY,SPY,AVAILABLE,LOCAL_CURRENCY_ASSET_VS_USD_BENCHMARK_NOT_FX_HEDGED,0.03803487320349597,0.7681818181818182,0.7727272727272727,0.7772727272727272,0.6954545454545454,0.06363636363636363,0.7045454545454546,0.8,0.6895454545454545,EMERGING
GM,General Motors,Auto,US,SPY,CORE,86.62000274658203,0.027642683660541678,0.005805852113954346,0.021647104557363406,0.09941910245383401,85.81200256347657,86.01100463867188,83.321648534139,-0.00035626697758932004,0.000833191505143683,0.007080467324716455,-0.017664854280650455,-0.0549903295347538,2026-09-17,1,1.4116057957406978,0.028051365383715405,0.07647260030110677,0.07589036771230821,-0.04557885030347619,0.0730350332660179,0.021813181624932846,STRONG_UP,-0.0004883806143967107,0.03004699792480392,0.059859739030580394,-0.0004883806143967107,-0.0004883806143967107,0.03004699792480392,0.03004699792480392,0.059859739030580394,0.059859739030580394,SPY,SPY,AVAILABLE,LOCAL_CURRENCY_ASSET_VS_USD_BENCHMARK_NOT_FX_HEDGED,0.00039407597461349475,0.7318181818181818,0.6545454545454545,0.35454545454545455,0.6818181818181818,0.9090909090909091,0.8136363636363636,0.8045454545454546,0.6879545454545454,EMERGING
7203.T,Toyota Motor,EV,JP,^N225,CORE,3034.0,0.005968169761273234,0.013360053440213848,-0.010437051532941943,0.1212121212121211,3025.4,3074.425,2968.8,0.00018894651075199712,0.0013817539178941772,-0.013148800182147924,-0.07188742734781284,-0.23020603109935733,2026-09-17,1,0.9214188183909554,0.022659854976928146,0.0456490727532097,0.07289013031835,-0.08464384828862159,-0.14523387613238578,-0.006536436725732154,PULLBACK,0.03387114933414592,0.04698474981697898,0.21665150139035605,0.03387114933414592,0.007065820711862791,0.04698474981697898,0.04002179068127942,0.21665150139035605,0.06485374911376263,^N225,SPY,AVAILABLE,LOCAL_CURRENCY_ASSET_VS_USD_BENCHMARK_NOT_FX_HEDGED,0.015969316323449334,0.8045454545454546,0.8363636363636363,0.6227272727272727,0.7227272727272728,0.45,0.39090909090909093,0.6272727272727273,0.6809090909090909,EMERGING
1177.HK,Sino Biopharmaceutical,Biotech,HK,^HSI,CORE,5.494999885559082,0.000910767695696979,0.0027372019039029194,0.03274509531552949,0.2622440305233944,5.425999927520752,5.494072461128235,5.090206162134806,0.006206507131206946,0.0032345160896950736,0.0001688045502510338,-0.06388415797461022,-0.38265500302159705,2026-09-17,1,0.7920841773319064,0.04162534650636365,0.06841845576539034,0.13871300969170106,-0.10179637494429083,0.047701576159996886,0.01615110839537268,STRONG_UP,0.0008126281641256394,0.1916951152068157,0.21361046187678978,0.0008126281641256394,-0.0035570308244481375,0.1916951152068157,0.17050766806444306,0.21361046187678978,0.24074759828003667,^HSI,SPY,AVAILABLE,LOCAL_CURRENCY_ASSET_VS_USD_BENCHMARK_NOT_FX_HEDGED,-0.005449071924979454,0.9818181818181818,0.8227272727272728,0.2772727272727273,0.9681818181818181,0.2636363636363636,0.18636363636363637,0.7863636363636364,0.6720454545454546,NEUTRAL
EWJ,Japan ETF,Market_JP,US,SPY,CORE,97.91000366210938,0.009277409607877818,0.01524265018135229,0.03302389663562866,0.055633462664252065,97.59600067138672,96.4879997253418,94.60966682434082,0.00012894144798828287,0.0007533846982203484,0.014737624790807091,-0.008606707733244012,-0.008907756303903946,2026-09-17,1,0.7729304187189298,0.013955951733453318,0.2316806924850151,0.040239787278173726,-0.01872198169255801,0.2263263449564518,0.19013518108844354,STRONG_UP,0.008948417453001234,0.04142379000306917,0.016074099240998452,0.008948417453001234,0.008948417453001234,0.04142379000306917,0.04142379000306917,0.016074099240998452,0.016074099240998452,SPY,SPY,AVAILABLE,LOCAL_CURRENCY_ASSET_VS_USD_BENCHMARK_NOT_FX_HEDGED,0.006986676022445126,0.7909090909090909,0.6045454545454545,0.43636363636363634,0.7090909090909091,0.2409090909090909,0.9818181818181818,0.9272727272727272,0.67,EMERGING
TSM,TSMC ADR,Foundry,US,SPY,CORE,430.260009765625,0.03002012953240496,0.007906614743710794,0.046893364013224303,-0.011402061050380219,421.919091796875,420.5405548095703,420.7682825724284,0.0003084791180430957,-0.0002988081357524121,0.023111813700003037,-0.028980471923385487,-0.0993439240977263,2026-09-17,1,1.2842491982701618,0.023729366410438192,0.1552098386763795,0.08051697436259005,-0.05751706459424988,0.2911773727030812,0.09039474621474286,REBOUND,0.0016123820153597368,0.05529325738066482,-0.05096142447363383,0.0016123820153597368,0.0016123820153597368,0.05529325738066482,0.05529325738066482,-0.05096142447363383,-0.05096142447363383,SPY,SPY,AVAILABLE,LOCAL_CURRENCY_ASSET_VS_USD_BENCHMARK_NOT_FX_HEDGED,-0.0038167262595952822,0.8363636363636363,0.4318181818181818,0.30454545454545456,0.740909090909091,0.8454545454545455,0.7136363636363636,0.9,0.6611363636363635,NEUTRAL
7013.T,IHI,Defense,JP,^N225,CORE,2842.5,0.02266594711279013,0.0672048057067769,0.02672927578110884,0.04599816007359703,2756.5,2702.875,2777.6666666666665,-0.0034612903256203797,0.0005541971871319598,0.05165795680525376,-0.012678013199027394,-0.3932216759903988,2026-09-17,1,1.0965942804384068,0.04416383967835155,0.056018168054504165,0.13402895181909288,-0.060863283366443977,0.14258692296479303,0.011171653902825226,REBOUND,0.011226073032377215,0.02382725145975695,0.10338696205069509,0.011226073032377215,0.060910572978425837,0.02382725145975695,0.033463001914140866,0.10338696205069509,-0.029438547416001715,^N225,SPY,AVAILABLE,LOCAL_CURRENCY_ASSET_VS_USD_BENCHMARK_NOT_FX_HEDGED,0.06052248676149968,0.7181818181818181,0.7090909090909091,0.9090909090909091,0.35454545454545455,0.7,0.16363636363636364,0.759090909090909,0.6554545454545454,EMERGING
2359.HK,WuXi AppTec,Biotech,HK,^HSI,CORE,198.0,0.014864140470327358,0.03664921465968596,-0.0416263593874564,0.4013763072975389,194.76000061035157,195.375,177.2308001200358,-0.001889637902476167,0.006934011210089992,0.013435700575815668,-0.052631578947368474,-0.06954888552402005,2026-09-17,1,0.6823015209984201,0.033044735246578506,0.13190203288411925,0.0965928862517587,-0.08615683700821986,-0.5947835918885476,-0.05684271003622145,STRONG_UP,0.032037482657765404,-0.0035135979849220123,0.4368938357385914,0.032037482657765404,0.0303549819313349,-0.0035135979849220123,-0.011402086830579305,0.4368938357385914,0.47083084734635827,^HSI,SPY,AVAILABLE,LOCAL_CURRENCY_ASSET_VS_USD_BENCHMARK_NOT_FX_HEDGED,0.04705580450655006,0.5818181818181818,0.9545454545454546,0.8454545454545455,0.5045454545454545,0.12727272727272726,0.7727272727272727,0.4863636363636364,0.6522727272727271,NEUTRAL
4503.T,Astellas Pharma,Biotech,JP,^N225,CORE,2365.0,0.022260644045817957,0.06196677144140095,-0.021918941273780024,0.10876699484294416,2305.3,2345.625,2257.258333333333,-0.0012703711538355404,0.0013876927888097535,0.00826005861977075,-0.03665987780040736,-0.12955465587044535,2026-09-17,1,0.7204917929892958,0.020009060706735124,0.09778597785977859,0.06332954872509645,-0.07994216071059701,-0.23873639393785234,-0.03384462939111803,STRONG_UP,0.05292232003852759,0.011427592853115232,0.1792247986851807,0.05292232003852759,0.05567253871304989,0.011427592853115232,0.020381065810743948,0.1792247986851807,0.06611735572105504,^N225,SPY,AVAILABLE,LOCAL_CURRENCY_ASSET_VS_USD_BENCHMARK_NOT_FX_HEDGED,0.06744650675984595,0.65,0.7909090909090909,0.9363636363636364,0.5681818181818182,0.17272727272727273,0.6136363636363636,0.55,0.6515909090909091,EMERGING
LITE,Lumentum,AI_Networking,US,SPY,CORE,893.6099853515625,-0.02805094450474488,-0.04498239425709871,0.07976076814029653,0.07934341940933054,882.8060180664063,897.6027587890625,830.6859181722006,0.001271965919704656,0.00014537975416051128,-0.0044482633307484365,-0.12967979191598644,-0.17691221985967676,2026-09-17,1,1.1885496423740207,0.06843622636077694,0.08419320309367835,0.2477000110890339,-0.15566538677446928,0.4820643289405157,0.02711067521321187,PULLBACK,-0.05127662698544977,0.08816066150773705,0.03978405598607693,-0.05127662698544977,-0.05127662698544977,0.08816066150773705,0.08816066150773705,0.03978405598607693,0.03978405598607693,SPY,SPY,AVAILABLE,LOCAL_CURRENCY_ASSET_VS_USD_BENCHMARK_NOT_FX_HEDGED,-0.06492258629217285,0.8954545454545455,0.6318181818181818,0.02727272727272727,0.8181818181818182,0.7818181818181819,0.5136363636363637,0.8363636363636363,0.6493181818181819,NEUTRAL
1093.HK,CSPC Pharmaceutical,Biotech,HK,^HSI,CORE,8.850000381469727,0.005110741026038701,0.009121997665944681,-0.07037815589048135,0.3033873978188528,8.786000061035157,9.22825002670288,8.59316668510437,0.0008185975287463496,0.004550455029412761,-0.040988231153106014,-0.1132263740077678,-0.21004471199585917,2026-09-17,1,0.47408701363351813,0.03809523091125109,0.20364726487020474,0.10015458637241889,-0.10170372407588868,-0.7106100837703863,-0.14310197338753453,PULLBACK,-0.010214522857737163,0.04446169953084966,0.25711517666954187,-0.010214522857737163,0.0028277649375936242,0.04446169953084966,0.02739816094153813,0.25711517666954187,0.29647583775142183,^HSI,SPY,AVAILABLE,LOCAL_CURRENCY_ASSET_VS_USD_BENCHMARK_NOT_FX_HEDGED,0.02671653663856502,0.7954545454545454,0.8863636363636364,0.7181818181818181,0.7954545454545454,0.022727272727272728,0.45454545454545453,0.34545454545454546,0.6456818181818181,EMERGING
1919.HK,COSCO Shipping Holdings,Shipping,HK,^HSI,CORE,16.790000915527344,0.006594760691786661,0.010228644266529807,-0.014092763443419365,0.2643073232781492,16.530000305175783,16.963000106811524,15.62050004005432,0.0017898785036660292,0.002874444623842627,-0.010198619948997845,-0.06929046211544831,-0.06929046211544831,2026-09-17,1,0.5769650553990828,0.03250234357356458,0.04562733092678646,0.09799453430865683,-0.09637890674393823,-0.23491290537504106,-0.006561745365108696,PULLBACK,0.009769727800881478,0.011821276180990048,0.19040992776643084,0.009769727800881478,0.00393441153817875,0.011821276180990048,-0.003952993954480455,0.19040992776643084,0.2146515111118219,^HSI,SPY,AVAILABLE,LOCAL_CURRENCY_ASSET_VS_USD_BENCHMARK_NOT_FX_HEDGED,0.013751835127384648,0.6545454545454545,0.7954545454545454,0.5909090909090909,0.8363636363636363,0.05909090909090909,0.7772727272727272,0.6227272727272727,0.6409090909090909,EMERGING
MRNA,Moderna,Biotech,US,SPY,CORE,158.07000732421875,0.08549658442861596,0.157004925879497,-0.09353135165671345,1.591311595478996,147.6240020751953,144.8555015563965,92.42750053405761,0.02828146377445163,0.020168353907489465,0.09122543241947545,-0.024017627699637223,-0.10523036314120637,2026-09-17,1,0.7364708246410171,0.0650678607821076,0.0999815918004192,0.3511839116015789,-0.23546276183549275,-1.3935694239702596,-0.02662825121810319,STRONG_UP,0.15071069315114594,-0.08513145828927293,1.5517522320557424,0.15071069315114594,0.15071069315114594,-0.08513145828927293,-0.08513145828927293,1.5517522320557424,1.5517522320557424,SPY,SPY,AVAILABLE,LOCAL_CURRENCY_ASSET_VS_USD_BENCHMARK_NOT_FX_HEDGED,0.18038776379367535,0.17272727272727273,0.9954545454545455,0.990909090909091,1.0,0.2,0.6954545454545454,0.5681818181818182,0.6372727272727274,NEUTRAL
EWU,United Kingdom ETF,Market_EU,US,SPY,CORE,47.95000076293945,0.010324519340901395,0.008836566261927192,-0.012765059414872382,0.052227366338682524,47.81199951171875,48.341499710083006,47.65783322652181,-0.00045941708711213315,0.0008246481464065844,-0.008098609879533702,-0.0291556720895767,-0.0291556720895767,2026-09-17,1,1.1975775597646836,0.00893789862747615,0.12156836345820851,0.028749367146243533,-0.03907674284321383,-0.13367585090314454,-0.05397779278475693,PULLBACK,0.0025423335335761355,-0.004365166047431868,0.012668002915428911,0.0025423335335761355,0.0025423335335761355,-0.004365166047431868,-0.004365166047431868,0.012668002915428911,0.012668002915428911,SPY,SPY,AVAILABLE,LOCAL_CURRENCY_ASSET_VS_USD_BENCHMARK_NOT_FX_HEDGED,0.012027831115645288,0.5772727272727273,0.5954545454545455,0.5727272727272728,0.6681818181818182,0.8,0.8909090909090909,0.4954545454545455,0.6347727272727274,NEUTRAL
SPY,S&P 500,Market_US,US,SPY,CORE,762.5999755859375,0.011338754633487547,0.006294232728351057,-0.008399893367440514,0.03955936342325361,759.8419921875,764.3489929199219,756.5966674804688,-0.0007775748977717159,0.0004740644987358236,-0.002288244440936449,-0.016380771839277553,-0.02151740461695406,2026-09-17,1,1.2380689395472824,0.00880353436350753,0.0799905378678007,0.027156541317516963,-0.024729355173905287,-0.0932781415819593,-0.024742178344350888,PULLBACK,0.0,0.0,0.0,0.0,0.0,0.0,0.0,0.0,0.0,SPY,SPY,AVAILABLE,LOCAL_CURRENCY_ASSET_VS_USD_BENCHMARK_NOT_FX_HEDGED,0.008394206070211185,0.6,0.5545454545454546,0.4772727272727273,0.6409090909090909,0.8272727272727273,0.9181818181818182,0.5772727272727273,0.6288636363636364,NEUTRAL
QQQ,Nasdaq 100,Factor_Growth,US,SPY,CORE,716.9199829101562,0.0173118582049816,0.011612948454751804,0.0011730055304799425,0.004582019735483778,710.0479858398437,712.7094940185547,711.2474985758464,-0.0009173451049324414,-0.0002694813358346725,0.005907721065789406,-0.009956805993452833,-0.04133063201404885,2026-09-17,1,1.1888359123117624,0.011842348650732294,0.008916827677542838,0.03768313317732215,-0.022978474380909275,-0.02313152439415661,0.0002775641858355061,STRONG_UP,0.005318715726400747,0.009572898897920457,-0.034977343687769835,0.005318715726400747,0.005318715726400747,0.009572898897920457,0.009572898897920457,-0.034977343687769835,-0.034977343687769835,SPY,SPY,AVAILABLE,LOCAL_CURRENCY_ASSET_VS_USD_BENCHMARK_NOT_FX_HEDGED,0.011319697072131818,0.6409090909090909,0.4636363636363636,0.5545454545454546,0.6090909090909091,0.7863636363636364,0.8636363636363636,0.6681818181818182,0.6288636363636363,EMERGING
AEM,Agnico Eagle,Gold_Miners,CA,SPY,CORE,201.3699951171875,0.029656836814212717,0.02384585426102559,-0.028417408054213777,0.26009694842667197,198.35,204.99868698120116,172.89405212402343,0.0035458250309178376,0.0035927880968225656,-0.01770104929670313,-0.10075682359532878,-0.20735688540928487,2026-09-17,1,0.7887530720797106,0.03831602555925893,0.06606531307909821,0.1196979651506834,-0.13484634178229937,-0.4351078471785462,-0.01568451859340068,PULLBACK,0.017551621532674533,-0.020017514686773263,0.22053758500341836,0.017551621532674533,0.017551621532674533,-0.020017514686773263,-0.020017514686773263,0.22053758500341836,0.22053758500341836,SPY,SPY,AVAILABLE,LOCAL_CURRENCY_ASSET_VS_USD_BENCHMARK_NOT_FX_HEDGED,0.030950206274579034,0.4954545454545455,0.8409090909090909,0.740909090909091,0.9,0.2545454545454545,0.4681818181818182,0.6,0.6254545454545457,NEUTRAL
006400.KS,Samsung SDI,EV,KR,^KS11,CORE,539000.0,-0.009191176470588203,-0.039215686274509776,0.07907907907907918,0.14925373134328357,541400.0,542600.0,478283.3333333333,0.005753533830076211,-0.00020873703980566152,-0.006634721710283786,-0.10166666666666668,-0.2544951590594744,2026-09-17,1,0.427493705773114,0.04929764113437583,0.1305785123966942,0.18326485509037546,-0.08145580589254764,0.3992953729700324,0.056344837654521994,PULLBACK,-0.004946749668826578,0.07890468622262525,0.2835778837873386,-0.004946749668826578,-0.04550991900286083,0.07890468622262525,0.11517607406559249,0.2835778837873386,0.011328083690403723,^KS11,SPY,AVAILABLE,LOCAL_CURRENCY_ASSET_VS_USD_BENCHMARK_NOT_FX_HEDGED,-0.05898545604427957,0.8818181818181818,0.9,0.03636363636363636,0.95,0.00909090909090909,0.36818181818181817,0.8590909090909091,0.6245454545454546,NEUTRAL
SCCO,Southern Copper,Copper,US,SPY,CORE,196.11000061035156,0.03281017256863894,0.01014732268927876,0.007345428335575388,0.11754686304663853,191.44400329589843,203.5359992980957,187.41540908813477,0.0011037625628366483,0.001870630795191028,-0.036484939830561114,-0.11174018618238479,-0.11174018618238479,2026-09-17,1,0.7880537032157666,0.04480174728512278,0.0144459874338083,0.1518220213377438,-0.14269454383338986,-0.048416633356367145,0.0006989234137227328,PULLBACK,0.0038530899609277025,0.015745321703015902,0.07798749962338491,0.0038530899609277025,0.0038530899609277025,0.015745321703015902,0.015745321703015902,0.07798749962338491,0.07798749962338491,SPY,SPY,AVAILABLE,LOCAL_CURRENCY_ASSET_VS_USD_BENCHMARK_NOT_FX_HEDGED,0.008310965605384912,0.6818181818181818,0.6909090909090909,0.4727272727272727,0.8090909090909091,0.25,0.6545454545454545,0.6772727272727272,0.6186363636363637,EMERGING
EEM,Emerging Markets ETF,Market_EM,US,SPY,CORE,66.91000366210938,0.018107157932178763,-0.0013432289237407247,0.012101089765117035,-0.0038706939693819997,66.44400024414062,67.13300018310547,66.03116664886474,0.0007132917434808559,-9.4895851073244e-05,-0.0033217124273884346,-0.03211331808925877,-0.06511102490687648,2026-09-17,1,1.089573463100627,0.015004171024311438,0.06369444549058294,0.054921071537741326,-0.045183793805282035,0.05375984194457092,0.014034179975735351,PULLBACK,-0.0076374616520917815,0.02050098313255755,-0.04343005739263561,-0.0076374616520917815,-0.0076374616520917815,0.02050098313255755,0.02050098313255755,-0.04343005739263561,-0.04343005739263561,SPY,SPY,AVAILABLE,LOCAL_CURRENCY_ASSET_VS_USD_BENCHMARK_NOT_FX_HEDGED,-0.004368501365019983,0.6954545454545454,0.45,0.2909090909090909,0.7727272727272727,0.6909090909090909,0.7909090909090909,0.7772727272727272,0.6106818181818182,NEUTRAL
FCX,Freeport-McMoRan,Copper,US,SPY,CORE,70.8499984741211,0.02325246476060361,-0.005055478373542921,0.02547405166477401,0.10282546407921811,69.97599792480469,74.04150009155273,66.97133388519288,0.0024196703688163903,0.0018404224478232808,-0.043104226865816164,-0.11702392372430848,-0.11702392372430848,2026-09-17,1,0.7992900079456176,0.04549854406166575,0.05143193735428747,0.14350885436273542,-0.13352528230954397,0.08333773814134526,0.009129609703878666,PULLBACK,-0.011349711101893978,0.033873945032214525,0.0632661006559645,-0.011349711101893978,-0.011349711101893978,0.033873945032214525,0.033873945032214525,0.0632661006559645,0.0632661006559645,SPY,SPY,AVAILABLE,LOCAL_CURRENCY_ASSET_VS_USD_BENCHMARK_NOT_FX_HEDGED,-0.011423991289736424,0.740909090909091,0.6772727272727272,0.22272727272727272,0.8636363636363636,0.2681818181818182,0.6409090909090909,0.75,0.6063636363636362,NEUTRAL
GDX,Gold Miners ETF,Gold_Miners,US,SPY,CORE,95.91999816894531,0.03362063593303288,-0.00114548174268303,-0.014486834846226149,0.23512739693244522,94.81799926757813,98.85299987792969,85.64916636149088,0.0029256181517204076,0.0033027183213720814,-0.029670335878589915,-0.09226838429969209,-0.1814302959623002,2026-09-17,1,0.8955870206691741,0.038082336467349834,0.031706860967236655,0.11674887034494447,-0.12054581118245711,-0.2793840346104751,-0.003934359766972272,PULLBACK,-0.007439714471034087,-0.006086941478785635,0.1955680335091916,-0.007439714471034087,-0.007439714471034087,-0.006086941478785635,-0.006086941478785635,0.1955680335091916,0.1955680335091916,SPY,SPY,AVAILABLE,LOCAL_CURRENCY_ASSET_VS_USD_BENCHMARK_NOT_FX_HEDGED,0.0024762269688735072,0.5727272727272728,0.8045454545454546,0.37727272727272726,0.8772727272727273,0.41363636363636364,0.5,0.6363636363636364,0.6034090909090909,NEUTRAL
GOOGL,Alphabet,Cloud_AI,US,SPY,CORE,347.3299865722656,0.013007820802615866,0.0442873728155182,0.008218962807288621,0.004111885782263958,344.61400146484374,341.2221160888672,347.17882334391277,-0.0009228306190707173,-0.0012112860803350433,0.01789998419037908,-0.011509593849074462,-0.1489174707334293,2026-09-17,1,0.7993997632522305,0.022834351229511173,0.03326311200469226,0.06639309726034388,-0.04940952301405588,-0.021882661009467064,0.004117721445487288,REBOUND,0.03799314008716714,0.016618856174729135,-0.035447477640989655,0.03799314008716714,0.03799314008716714,0.016618856174729135,0.016618856174729135,-0.035447477640989655,-0.035447477640989655,SPY,SPY,AVAILABLE,LOCAL_CURRENCY_ASSET_VS_USD_BENCHMARK_NOT_FX_HEDGED,0.042232632113696045,0.6863636363636364,0.4590909090909091,0.8136363636363636,0.6045454545454545,0.2727272727272727,0.5590909090909091,0.7272727272727273,0.6018181818181818,EMERGING
TSLA,Tesla,EV,US,SPY,CORE,366.20001220703125,0.02267656931205475,0.007261565260661129,0.04294832906001478,-0.04038147254017643,361.0539978027344,358.64349975585935,359.21399841308596,0.003686417569099671,-0.0021595853946273073,0.021069704194599526,-0.046453483858320044,-0.26588212003173195,2026-09-17,1,0.9835493595483629,0.039472969276916764,0.08814598774516362,0.13979697776839797,-0.05922365978717725,0.1855923058521665,0.027080148279536732,REBOUND,0.0009673325323100723,0.05134822242745529,-0.07994083596343005,0.0009673325323100723,0.0009673325323100723,0.05134822242745529,0.05134822242745529,-0.07994083596343005,-0.07994083596343005,SPY,SPY,AVAILABLE,LOCAL_CURRENCY_ASSET_VS_USD_BENCHMARK_NOT_FX_HEDGED,-0.0034755170043425654,0.8227272727272728,0.40454545454545454,0.31363636363636366,0.9045454545454545,0.5772727272727273,0.35909090909090907,0.8318181818181818,0.6009090909090911,NEUTRAL
NEM,Newmont,Gold_Miners,US,SPY,CORE,124.38999938964844,0.02159984565765205,-0.013873473984998386,-0.003446303272365281,0.27400799722194535,124.04400024414062,127.49581146240234,108.96890182495117,0.0033265697332683537,0.003887445767958281,-0.024360110635240684,-0.07865368235562209,-0.07865368235562209,2026-09-17,1,0.6772737208674854,0.035528859404112545,0.008590481771184474,0.10209804941437971,-0.09713285729786714,-0.22258025756972452,-0.0002899703335082292,PULLBACK,-0.020167706713349443,0.004953590095075233,0.23444863379869174,-0.020167706713349443,-0.020167706713349443,0.004953590095075233,0.004953590095075233,0.23444863379869174,0.23444863379869174,SPY,SPY,AVAILABLE,LOCAL_CURRENCY_ASSET_VS_USD_BENCHMARK_NOT_FX_HEDGED,-0.013011898166907065,0.6227272727272727,0.8545454545454545,0.21363636363636362,0.8954545454545455,0.11363636363636363,0.7454545454545455,0.6545454545454545,0.5995454545454545,NEUTRAL
1801.HK,Innovent Biologics,Biotech,HK,^HSI,CORE,96.1500015258789,0.02178536753453386,0.019077934084456016,-0.04990114204199092,0.23348306979051325,95.13000030517578,100.44000015258788,93.52333323160808,9.052139541213965e-05,0.004584486120956806,-0.042712053167977215,-0.14685000772416978,-0.14685000772416978,2026-09-17,1,0.6692566359488328,0.0368471921227061,0.12392624483143722,0.1329688733138263,-0.1479963528993713,-0.5540170543580858,-0.04650758475984667,PULLBACK,-0.019548446669078845,-0.011594413639972045,0.17103707789271105,-0.019548446669078845,0.01278370135610496,-0.011594413639972045,-0.012974136903512123,0.17103707789271105,0.2515822386951714,^HSI,SPY,AVAILABLE,LOCAL_CURRENCY_ASSET_VS_USD_BENCHMARK_NOT_FX_HEDGED,0.031553219594953746,0.55,0.7636363636363637,0.7454545454545455,0.7045454545454546,0.10909090909090909,0.5681818181818182,0.509090909090909,0.5911363636363637,NEUTRAL
XOM,Exxon Mobil,Energy,US,SPY,CORE,163.27000427246094,-0.00030616611263400983,-0.011862201208974854,-0.00910359872006572,0.17603386781742913,165.39600524902343,162.78600158691407,153.40394897460936,0.0015672011463813604,0.0017801205613711645,0.0029732451244490754,-0.037550077458773035,-0.062170094417538735,2026-09-17,1,0.8007327337495793,0.023777430095505044,0.03571428571428571,0.07366284310543718,-0.05844111833749266,-0.1615095838472333,-0.004413738487547388,STRONG_UP,-0.01815643393732591,-0.0007037053526252057,0.13647450439417552,-0.01815643393732591,-0.01815643393732591,-0.0007037053526252057,-0.0007037053526252057,0.13647450439417552,0.13647450439417552,SPY,SPY,AVAILABLE,LOCAL_CURRENCY_ASSET_VS_USD_BENCHMARK_NOT_FX_HEDGED,-0.009586301528958424,0.5909090909090909,0.7363636363636363,0.25,0.8227272727272728,0.2818181818181818,0.8,0.6318181818181818,0.5861363636363637,WEAKENING
MRVL,Marvell Technology,AI_Networking,US,SPY,CORE,240.75999450683594,0.04810407674896333,0.060803610260580676,0.014708939906147522,-0.13697183822744352,229.41800231933593,227.81399993896486,223.7498580932617,0.0017168320120595903,-0.0037228693720148844,0.05682703684294865,-0.0543598242925909,-0.2699788261426287,2026-09-17,1,0.9220941396498049,0.056455148686595805,0.019959912620403513,0.2072718094530824,-0.17740328972472108,-0.15200274863702534,0.0014164451791111854,STRONG_UP,0.05450937753222962,0.023108833273588036,-0.17653120165069713,0.05450937753222962,0.05450937753222962,0.023108833273588036,0.023108833273588036,-0.17653120165069713,-0.17653120165069713,SPY,SPY,AVAILABLE,LOCAL_CURRENCY_ASSET_VS_USD_BENCHMARK_NOT_FX_HEDGED,0.057126375284043795,0.7136363636363636,0.18181818181818182,0.9045454545454545,0.8318181818181818,0.4590909090909091,0.35,0.7,0.5845454545454545,EMERGING
NVDA,NVIDIA,AI_Semiconductor,US,SPY,CORE,219.33999633789062,0.025432457207263504,0.004487981886791559,0.009309738271302548,0.09770764300236556,214.93199768066407,218.43542098999023,210.8794807434082,-0.0009017612437767521,0.000822138710495263,0.004141156886555697,-0.06463862930348652,-0.0705954253616814,2026-09-17,1,0.7156205591065099,0.029486365019530277,0.021817893404147557,0.13035850126383067,-0.08319125220101142,-0.0067426437574222425,0.0015581559718357196,STRONG_UP,-0.001806250841559498,0.017709631638743062,0.05814827957911195,-0.001806250841559498,-0.001806250841559498,0.017709631638743062,0.017709631638743062,0.05814827957911195,0.05814827957911195,SPY,SPY,AVAILABLE,LOCAL_CURRENCY_ASSET_VS_USD_BENCHMARK_NOT_FX_HEDGED,0.002160547318965922,0.6909090909090909,0.65,0.36818181818181817,0.6136363636363636,0.16363636363636364,0.7681818181818182,0.7090909090909091,0.5834090909090909,EMERGING
IBB,Biotech ETF,Biotech,US,SPY,CORE,207.07000732421875,0.023073189567993868,0.02191641086513707,-0.04553314980446865,0.1627892430251916,203.79561767578124,209.29839096069335,198.2160565694173,0.000808113605904827,0.003410633682668223,-0.010646921967465528,-0.04623646612436105,-0.04623646612436105,2026-09-17,1,0.8266622380721131,0.018819299794799873,0.21081914031347357,0.06368127911786464,-0.06890280137181748,-0.48713740364304636,-0.150739112507082,PULLBACK,0.015622178136786014,-0.03713325643702814,0.12322987960193799,0.015622178136786014,0.015622178136786014,-0.03713325643702814,-0.03713325643702814,0.12322987960193799,0.12322987960193799,SPY,SPY,AVAILABLE,LOCAL_CURRENCY_ASSET_VS_USD_BENCHMARK_NOT_FX_HEDGED,0.033299698316254234,0.38181818181818183,0.7272727272727273,0.75,0.7863636363636364,0.31363636363636366,0.8409090909090909,0.32727272727272727,0.5802272727272727,NEUTRAL
EWY,South Korea ETF,Market_KR,US,SPY,CORE,182.38999938964844,0.03902248128920682,-0.0021337093350096703,0.045634392295496484,-0.05104057083432467,179.87200012207032,180.97949905395507,176.53199946085613,0.0024294125066053247,-0.001633895646495901,0.0077937022870908645,-0.059505974949557006,-0.17429489839459078,2026-09-17,1,0.8589076013384388,0.03310507556209784,0.10446199271302974,0.12545536898666612,-0.07988261657761309,0.23058103968814714,0.03799805137030329,STRONG_UP,-0.008427942063360727,0.054034285662937,-0.09059993425757829,-0.008427942063360727,-0.008427942063360727,0.054034285662937,0.054034285662937,-0.09059993425757829,-0.09059993425757829,SPY,SPY,AVAILABLE,LOCAL_CURRENCY_ASSET_VS_USD_BENCHMARK_NOT_FX_HEDGED,-0.013542307408883791,0.8318181818181818,0.37727272727272726,0.20909090909090908,0.8681818181818182,0.36363636363636365,0.5181818181818182,0.8454545454545455,0.5743181818181818,NEUTRAL
REGN,Regeneron,Biotech,US,SPY,CORE,789.4500122070312,0.019158062942777,-0.004802961843140774,-0.06111746944376961,0.2788567009234928,782.6799926757812,810.5084991455078,740.5044219970703,-0.0006979833881819314,0.004646648661152018,-0.02598182124021875,-0.08132987230233157,-0.08132987230233157,2026-09-17,1,1.1568103927914166,0.02566162615307725,0.20791360404421733,0.07923149299317596,-0.09145222734651126,-0.6540917021739848,-0.16038008198597123,PULLBACK,-0.01109719457149183,-0.0527175760763291,0.23929733750023918,-0.01109719457149183,-0.01109719457149183,-0.0527175760763291,-0.0527175760763291,0.23929733750023918,0.23929733750023918,SPY,SPY,AVAILABLE,LOCAL_CURRENCY_ASSET_VS_USD_BENCHMARK_NOT_FX_HEDGED,0.010476405517801629,0.30454545454545456,0.8636363636363636,0.5272727272727272,0.65,0.759090909090909,0.7363636363636363,0.30454545454545456,0.5729545454545455,NEUTRAL
ACWI,MSCI ACWI ETF,Market_Global,US,SPY,CORE,159.57000732421875,0.012435801702157079,0.004912236734467168,-0.007031671720487798,0.03321681430793033,158.91800231933593,160.21649932861328,158.3388328552246,-0.0006434138140089419,0.00047578884620701293,-0.004035115029373704,-0.016881216656945974,-0.019840268224762703,2026-09-17,1,0.7569372756096165,0.009189895886865931,0.0638050394392773,0.029011603488647023,-0.026738309038999653,-0.08146817724973449,-0.01546471196000405,PULLBACK,-0.0013819959938838888,0.0013682216469527164,-0.006342549115323282,-0.0013819959938838888,-0.0013819959938838888,0.0013682216469527164,0.0013682216469527164,-0.006342549115323282,-0.006342549115323282,SPY,SPY,AVAILABLE,LOCAL_CURRENCY_ASSET_VS_USD_BENCHMARK_NOT_FX_HEDGED,0.006670154664589117,0.6090909090909091,0.5318181818181819,0.4318181818181818,0.6590909090909091,0.22727272727272727,0.9363636363636364,0.6045454545454545,0.5661363636363637,EMERGING
SAN.PA,Sanofi,Biotech,EU,^STOXX,CORE,74.3499984741211,0.0018865300010189046,0.0014816892984481633,-0.04274494364738701,0.011977640381064747,74.16399993896485,76.41249961853028,75.99483324686686,-0.0008115309511467591,0.00016425124577884405,-0.02699167223563803,-0.06313006675527888,-0.138706553748828,2026-09-16,2,1.395598672790268,0.019046037317026643,0.2434016119045342,0.05169847511797009,-0.07195338395627493,-0.3741012517687711,-0.20124748671602583,BEAR,0.006665784531632801,-0.020026739929101867,0.008101331423516323,0.006665784531632801,0.012433993015268152,-0.020026739929101867,-0.02528449123886245,0.008101331423516323,0.012681688582713235,^STOXX,SPY,AVAILABLE,LOCAL_CURRENCY_ASSET_VS_USD_BENCHMARK_NOT_FX_HEDGED,0.012167925210294916,0.4909090909090909,0.5772727272727273,0.5772727272727273,0.6318181818181818,0.9045454545454545,0.5818181818181818,0.2772727272727273,0.5643181818181818,WEAKENING
MU,Micron,Memory,US,SPY,CORE,977.5,0.05498895135533233,9.210756790123398e-05,0.043100612820046846,-0.07047137040723639,946.1880004882812,957.527001953125,948.5207651774089,0.001991827603273594,-0.0006403242904924645,0.020858939754320183,-0.06226019080395084,-0.22099572701016323,2026-09-17,1,0.9007077107958854,0.04387212829255343,0.08555573540827055,0.14710336224635367,-0.10093696864371393,0.16237569937725324,0.025067439452476862,STRONG_UP,-0.006202125160449823,0.05150050618748736,-0.11003073383049,-0.006202125160449823,-0.006202125160449823,0.05150050618748736,0.05150050618748736,-0.11003073383049,-0.11003073383049,SPY,SPY,AVAILABLE,LOCAL_CURRENCY_ASSET_VS_USD_BENCHMARK_NOT_FX_HEDGED,-0.010683045637110478,0.8272727272727273,0.33181818181818185,0.2318181818181818,0.8454545454545455,0.43636363636363634,0.4318181818181818,0.8136363636363636,0.5606818181818183,NEUTRAL
ARM,Arm Holdings,AI_Semiconductor,US,SPY,CORE,264.8999938964844,0.08574472717143333,0.0421748427476627,0.06240473966121263,-0.27699996368442503,250.9019989013672,248.02100067138673,273.6696657816569,-0.0034375433989854284,-0.007053323775772068,0.06805469367273997,-0.03602618026294424,-0.41484429698813696,2026-09-17,1,1.5737493656999242,0.05571726423524582,0.09873090691581082,0.18434748272833398,-0.09736022208599437,0.17162821300862297,0.033422081231650094,BEAR,0.03588061001931164,0.07080463302865314,-0.31655932710767865,0.03588061001931164,0.03588061001931164,0.07080463302865314,0.07080463302865314,-0.31655932710767865,-0.31655932710767865,SPY,SPY,AVAILABLE,LOCAL_CURRENCY_ASSET_VS_USD_BENCHMARK_NOT_FX_HEDGED,0.026573657832359543,0.8545454545454545,0.05,0.7136363636363636,0.36363636363636365,0.9454545454545454,0.1318181818181818,0.8409090909090909,0.5588636363636363,EMERGING
VT,Vanguard Total World ETF,Market_Global,US,SPY,CORE,159.22000122070312,0.011498618362775881,0.004352503921777329,-0.009209681117889112,0.031685345244805596,158.66600036621094,160.06849975585936,158.20283279418945,-0.000697535259140386,0.000458999295872769,-0.005300846427937933,-0.018372353783027373,-0.021449236980866204,2026-09-17,1,0.7762463670561851,0.009075491042241795,0.08370998352434109,0.02842272124715214,-0.02689163570998221,-0.09943006248138059,-0.027124153522779897,PULLBACK,-0.0019417288065737281,-0.0008097877504485984,-0.007874018178448017,-0.0019417288065737281,-0.0019417288065737281,-0.0008097877504485984,-0.0008097877504485984,-0.007874018178448017,-0.007874018178448017,SPY,SPY,AVAILABLE,LOCAL_CURRENCY_ASSET_VS_USD_BENCHMARK_NOT_FX_HEDGED,0.006654924201249607,0.5863636363636363,0.5272727272727272,0.42727272727272725,0.6545454545454545,0.24545454545454545,0.9227272727272727,0.5636363636363636,0.5547727272727273,NEUTRAL
VGK,Europe ETF,Market_EU,US,SPY,CORE,89.37000274658203,0.008349379624239095,-0.000559107843737805,-0.031009438428439062,0.025355656168167373,89.24199981689453,91.06700019836425,90.17650019327799,-0.001353312864131015,0.0006728237144289722,-0.018634603622451396,-0.04201948901785102,-0.04201948901785102,2026-09-17,1,3.046581435978862,0.0097348163815324,0.2814960216025928,0.028225756470709188,-0.04893234326134299,-0.27875840327220436,-0.3092577362379841,BEAR,-0.006853340572088862,-0.022609545060998548,-0.01420370725508624,-0.006853340572088862,-0.006853340572088862,-0.022609545060998548,-0.022609545060998548,-0.01420370725508624,-0.01420370725508624,SPY,SPY,AVAILABLE,LOCAL_CURRENCY_ASSET_VS_USD_BENCHMARK_NOT_FX_HEDGED,0.007193251763371961,0.4772727272727273,0.5136363636363637,0.45,0.5590909090909091,0.9954545454545455,0.8590909090909091,0.19545454545454546,0.5504545454545454,WEAKENING
XBI,Biotech ETF,Biotech,US,SPY,CORE,158.25,0.026397765712555143,0.009118687724741559,-0.06664702358223085,0.07631096588353503,156.0519989013672,161.96149978637695,157.72899983723957,-0.0004424956702445476,0.003139312123288706,-0.022915938610548303,-0.06851491807326282,-0.06851491807326282,2026-09-17,1,1.1662541442367695,0.025222292766428994,0.2623027523553187,0.07746354397607239,-0.09153644348636913,-0.6576933790452419,-0.22567645145836449,PULLBACK,0.002824454996390502,-0.05824713021479033,0.03675160246028142,0.002824454996390502,0.002824454996390502,-0.05824713021479033,-0.05824713021479033,0.03675160246028142,0.03675160246028142,SPY,SPY,AVAILABLE,LOCAL_CURRENCY_ASSET_VS_USD_BENCHMARK_NOT_FX_HEDGED,0.02578044362029927,0.2590909090909091,0.6272727272727273,0.7045454545454546,0.6727272727272727,0.7727272727272727,0.7818181818181819,0.2545454545454545,0.544090909090909,NEUTRAL
JPM,JPMorgan,Financials,US,SPY,CORE,349.30999755859375,0.0011176892005368977,-0.012020590647548235,-0.02225273467424116,0.05010955967323283,351.41600341796874,354.5650009155273,349.4295420328776,-0.0012562644732353715,0.0021169596533253334,-0.014820987247372241,-0.03734219351808832,-0.04690314445131305,2026-09-17,1,1.016800068124313,0.020008828889163742,0.15145785731312392,0.04204283757583032,-0.036292283653161284,-0.2747624160358175,-0.08016470122976613,BEAR,-0.018314823375899292,-0.013852841306800645,0.010550196249979216,-0.018314823375899292,-0.018314823375899292,-0.013852841306800645,-0.013852841306800645,0.010550196249979216,0.010550196249979216,SPY,SPY,AVAILABLE,LOCAL_CURRENCY_ASSET_VS_USD_BENCHMARK_NOT_FX_HEDGED,-0.006457406978987945,0.5363636363636364,0.5863636363636363,0.2681818181818182,0.5727272727272728,0.6272727272727273,0.8318181818181818,0.4409090909090909,0.5388636363636364,WEAKENING
EWH,Hong Kong ETF,Market_HK,US,SPY,CORE,22.520000457763672,0.010771982213717779,0.0022252401396141153,-0.016593850091556894,0.06628785809182247,22.502000045776366,22.834500122070313,22.3396666208903,0.00017990335456276942,0.0007740851519715976,-0.013773004122068166,-0.03842867701103325,-0.07201686319170764,2026-09-17,1,0.46983169882504267,0.01167217120566186,0.10555531125012385,0.04285197514261224,-0.04582439731664234,-0.19152373996604719,-0.040874872288218386,PULLBACK,-0.004068992588736942,-0.00819395672411638,0.02672849466856886,-0.004068992588736942,-0.004068992588736942,-0.00819395672411638,-0.00819395672411638,0.02672849466856886,0.02672849466856886,SPY,SPY,AVAILABLE,LOCAL_CURRENCY_ASSET_VS_USD_BENCHMARK_NOT_FX_HEDGED,0.006373702662503339,0.5681818181818182,0.6090909090909091,0.42272727272727273,0.7181818181818181,0.01818181818181818,0.759090909090909,0.5363636363636364,0.5304545454545455,NEUTRAL
373220.KS,LG Energy Solution,EV,KR,^KS11,CORE,365000.0,-0.00544959128065392,0.0,0.019553072625698276,0.008287292817679592,361800.0,360950.0,347525.0,0.00014384948800940539,-0.0022345924149689837,0.011220390635822142,-0.056847545219638196,-0.30740037950664134,2026-09-17,1,0.548568717863069,0.047064579256360074,0.03365384615384615,0.16026940162740683,-0.0806878306878307,0.0022245521502015086,0.004105812408971414,STRONG_UP,0.03653638753451316,-0.01156500835384544,0.21495036123554923,0.03653638753451316,-0.006294232728351057,-0.01156500835384544,0.02937891434646156,0.21495036123554923,-0.10873896611802547,^KS11,SPY,AVAILABLE,LOCAL_CURRENCY_ASSET_VS_USD_BENCHMARK_NOT_FX_HEDGED,-0.004888268156424569,0.5545454545454546,0.8272727272727273,0.2818181818181818,0.7136363636363636,0.04090909090909091,0.30454545454545456,0.7227272727272728,0.5245454545454545,WEAKENING
VRTX,Vertex,Biotech,US,SPY,CORE,516.3400268554688,0.006000890447806828,0.0034593231213475573,-0.06470305919844122,0.10230137921962901,515.8360107421875,536.1020050048828,508.9558344523112,-0.00010778288680854492,0.0031264799428017123,-0.03686234702523461,-0.07837567718791838,-0.07837567718791838,2026-09-17,1,0.9606492477069226,0.0210499450293876,0.3219757487731344,0.05729140952162244,-0.08011328849152177,-0.6341160302573454,-0.363628964748511,PULLBACK,-0.0028349096070034996,-0.0563031658310007,0.0627420157963754,-0.0028349096070034996,-0.0028349096070034996,-0.0563031658310007,-0.0563031658310007,0.0627420157963754,0.0627420157963754,SPY,SPY,AVAILABLE,LOCAL_CURRENCY_ASSET_VS_USD_BENCHMARK_NOT_FX_HEDGED,0.01963508792095786,0.2772727272727273,0.6727272727272727,0.6545454545454545,0.6909090909090909,0.5454545454545454,0.75,0.16818181818181818,0.5175000000000001,NEUTRAL
NEX.PA,Nexans,Power_Grid,EU,^STOXX,CORE,136.60000610351562,0.023988098601521735,-0.013718367483641747,-0.010144883307857788,-0.096560787959039,136.55999755859375,138.76500091552734,137.42833417256674,-0.0009961330792529824,-0.0016117258189555627,-0.01560187942008262,-0.06310011492233136,-0.17692717566957528,2026-09-16,2,1.113804706104328,0.03440702787685848,0.028455153437630644,0.11217344213398342,-0.07918712889570956,-0.19402267403513035,-0.002573463073257125,BEAR,-0.008534272250457109,0.012573320410427358,-0.10043709691658742,-0.008534272250457109,-0.002766063766821758,0.012573320410427358,0.0073155691006667745,-0.10043709691658742,-0.1538574968974188,^STOXX,SPY,AVAILABLE,LOCAL_CURRENCY_ASSET_VS_USD_BENCHMARK_NOT_FX_HEDGED,-0.0111821466566773,0.6590909090909091,0.35,0.22727272727272727,0.5863636363636363,0.7272727272727273,0.509090909090909,0.6454545454545455,0.5156818181818181,NEUTRAL
7011.T,Mitsubishi Heavy Industries,Defense,JP,^N225,CORE,3887.0,0.040139149050040235,0.044050496911093306,-0.04119388258510115,0.038749331908070506,3758.2,3832.25,3876.1833333333334,-0.005750415222688473,0.0005220083961385297,0.014286646226107313,-0.04519774011299438,-0.2515223305479344,2026-09-17,1,1.3627428889063498,0.0347495314050498,0.1185237757274663,0.09802594475604028,-0.08707449432659098,-0.40114701598743646,-0.049807778063360675,REBOUND,-0.0012070782355696474,-0.06638595284011828,0.0725228107753445,-0.0012070782355696474,0.03775626418274225,-0.06638595284011828,-0.042857123962313004,0.0725228107753445,-0.04165227256963833,^N225,SPY,AVAILABLE,LOCAL_CURRENCY_ASSET_VS_USD_BENCHMARK_NOT_FX_HEDGED,0.054348967557368594,0.20909090909090908,0.6863636363636364,0.8909090909090909,0.15454545454545454,0.8863636363636364,0.37272727272727274,0.5045454545454545,0.515,NEUTRAL
2015.HK,Li Auto,EV,HK,^HSI,CORE,46.880001068115234,0.008605884892822102,0.008605884892822102,-0.07260134964066756,-0.051779887332172425,46.668000030517575,47.75599994659424,48.46349995930989,-0.0013594718647871402,-0.0027910488524654237,-0.018343221363988582,-0.09498066103107738,-0.5547958242216533,2026-09-17,1,1.3060786954184296,0.04154985348068508,0.18563466746729626,0.11012223275433025,-0.10429687642608765,-0.7781609299694645,-0.122385162933343,BEAR,-0.0017364423445538346,0.000999653227716446,-0.09710773523532046,-0.0017364423445538346,0.0023116521644710453,0.000999653227716446,-0.01289447876765426,-0.09710773523532046,-0.09614607732248015,^HSI,SPY,AVAILABLE,LOCAL_CURRENCY_ASSET_VS_USD_BENCHMARK_NOT_FX_HEDGED,0.02675622230298899,0.6045454545454545,0.36363636363636365,0.7227272727272728,0.5545454545454546,0.8590909090909091,0.022727272727272728,0.38636363636363635,0.5145454545454546,NEUTRAL
NXPI,NXP Semiconductors,Analog_Semiconductor,US,SPY,CORE,227.9499969482422,0.040962651364117475,0.011064366905914946,0.013077364028202476,-0.23400522821150394,226.21029968261718,224.31465835571288,247.48917032877605,-0.0014440143241793695,-0.005198730848896704,0.016206424578657952,-0.040336360555723316,-0.3241580840957472,2026-09-17,1,1.6258974192028102,0.03334527947794778,0.03642545475151584,0.10256078890209178,-0.07038547292789188,-0.14763151476260175,0.004644552141005175,BEAR,0.0047701341775638895,0.02147725739564299,-0.27356459163475755,0.0047701341775638895,0.0047701341775638895,0.02147725739564299,0.02147725739564299,-0.27356459163475755,-0.27356459163475755,SPY,SPY,AVAILABLE,LOCAL_CURRENCY_ASSET_VS_USD_BENCHMARK_NOT_FX_HEDGED,0.007795025898864327,0.7,0.08636363636363636,0.4636363636363636,0.5409090909090909,0.9636363636363636,0.2727272727272727,0.7318181818181818,0.5127272727272727,EARLY_EMERGING
000660.KS,SK Hynix,Memory,KR,^KS11,CORE,1745000.0,-0.007959067652074991,-0.05828386400431729,0.0321575486465242,-0.31687731899597804,1740600.0,1717957.90625,1845926.54375,0.006977655133306138,-0.004830361730609839,0.01574083605402654,-0.07671957671957674,-0.4156751573774,2026-09-17,1,0.8314927218085683,0.050225133033155955,0.06180897402756309,0.15302437553519868,-0.08943965517241381,-0.07126005225949705,0.012988944291596978,BEAR,-0.0049448723409399875,0.13478246234387825,-0.13432572914418062,-0.0049448723409399875,-0.06457809673266834,0.13478246234387825,0.17198543386667708,-0.13432572914418062,-0.3711911717730315,^KS11,SPY,AVAILABLE,LOCAL_CURRENCY_ASSET_VS_USD_BENCHMARK_NOT_FX_HEDGED,-0.06632325116594834,0.9409090909090909,0.2681818181818182,0.01818181818181818,0.9772727272727273,0.3181818181818182,0.12727272727272726,0.7727272727272727,0.5111363636363636,NEUTRAL
MTUM,US Momentum ETF,Factor_Momentum,US,SPY,CORE,306.1199951171875,0.02097858395296237,0.011832999247904263,0.002802284815347278,-0.06981699924006624,302.195849609375,302.1191772460937,309.2073715209961,-0.0015470619420658157,-0.000977067659901332,0.013242515445601288,-0.013770324788728638,-0.11242469043998471,2026-09-17,1,0.6963804690762051,0.01712497541390445,0.015517836017256679,0.05445243596690074,-0.03100651109741892,-0.05396128179654022,0.0007985941393813923,BEAR,0.0055387665195532065,0.011202178182787792,-0.10937636266331985,0.0055387665195532065,0.0055387665195532065,0.011202178182787792,0.011202178182787792,-0.10937636266331985,-0.10937636266331985,SPY,SPY,AVAILABLE,LOCAL_CURRENCY_ASSET_VS_USD_BENCHMARK_NOT_FX_HEDGED,0.011132428044067444,0.6454545454545455,0.33636363636363636,0.55,0.5272727272727272,0.1409090909090909,0.6454545454545455,0.6818181818181818,0.5106818181818182,EARLY_EMERGING
1810.HK,Xiaomi,Consumer_Tech,HK,^HSI,CORE,26.139999389648438,-0.0015279188335011185,0.008487627805051634,-0.058357378453762765,0.1385017609746486,26.46800003051758,27.326999950408936,26.60299997329712,0.0002840031903937248,0.00038771769783826833,-0.0434369145136525,-0.10295127188869146,-0.5636060313228033,2026-09-17,1,0.7264921595994639,0.03754507672215719,0.138461623734201,0.11237491665235624,-0.10682289223191199,-0.5912837167841645,-0.0719044571358963,BEAR,0.014621608588139545,-0.015273587153177837,0.09835455595064069,0.014621608588139545,0.002193395076700577,-0.015273587153177837,-0.03897624071082462,0.09835455595064069,0.07756068478234068,^HSI,SPY,AVAILABLE,LOCAL_CURRENCY_ASSET_VS_USD_BENCHMARK_NOT_FX_HEDGED,0.023076972418492325,0.5227272727272727,0.7,0.6727272727272727,0.7318181818181818,0.18181818181818182,0.01818181818181818,0.45454545454545453,0.5102272727272726,WEAKENING
ETN,Eaton,Power_Grid,US,SPY,CORE,409.4599914550781,0.029311221769513285,0.0007576623810783278,-0.03581609600802327,0.012799581147437733,403.63799438476565,407.33600158691405,413.7358388264974,-0.005058697067741132,0.00012662936891383387,0.00521434358831363,-0.048320763613996176,-0.1433891392153177,2026-09-17,1,1.3620141094009812,0.03700693763791947,0.08742897739731434,0.12438675554751838,-0.0799680243456492,-0.35885352265135606,-0.02517442178278586,BEAR,-0.005536570347272729,-0.027416202640582754,-0.02675978227581588,-0.005536570347272729,-0.005536570347272729,-0.027416202640582754,-0.027416202640582754,-0.02675978227581588,-0.02675978227581588,SPY,SPY,AVAILABLE,LOCAL_CURRENCY_ASSET_VS_USD_BENCHMARK_NOT_FX_HEDGED,0.009711686383084145,0.43636363636363634,0.4727272727272727,0.509090909090909,0.22272727272727272,0.8818181818181818,0.5772727272727273,0.5727272727272728,0.5054545454545455,WEAKENING
XLF,Financials ETF,Financials,US,SPY,CORE,55.880001068115234,-0.0008939609652732772,-0.01740808655465753,-0.027835742638540162,0.03711952413422548,56.587999725341795,57.429999923706056,56.73766670227051,-0.0008248831355665848,0.0015543616245057034,-0.026989358482499504,-0.04641633919507804,-0.04641633919507804,2026-09-17,1,0.9483314074668173,0.013587791268187772,0.19417462244209205,0.03843109398895469,-0.04576503146050337,-0.28976028604572107,-0.14064119066678676,BEAR,-0.023702319283008588,-0.019435849271099648,-0.002439839289028134,-0.023702319283008588,-0.023702319283008588,-0.019435849271099648,-0.019435849271099648,-0.002439839289028134,-0.002439839289028134,SPY,SPY,AVAILABLE,LOCAL_CURRENCY_ASSET_VS_USD_BENCHMARK_NOT_FX_HEDGED,-0.010449150895022491,0.5,0.55,0.2409090909090909,0.6272727272727273,0.5181818181818182,0.8363636363636363,0.35909090909090907,0.5052272727272727,WEAKENING
COPX,Copper Miners ETF,Copper,US,SPY,CORE,86.61000061035156,0.028744483890822625,-0.0225708157795268,-0.018917061531914636,0.09341119389392794,85.90800018310547,91.17449951171875,83.53794301350912,0.000757177419398982,0.0012336927198675959,-0.05006332829697091,-0.11251148826281832,-0.13086986270282952,2026-09-17,1,0.6090785792055288,0.037079175539648124,0.04421496768261374,0.1249620720018406,-0.12711244058841187,-0.26537913234458205,-0.006693369042978907,PULLBACK,-0.028865048507877855,-0.010517168164474122,0.05385183047067432,-0.028865048507877855,-0.028865048507877855,-0.010517168164474122,-0.010517168164474122,0.05385183047067432,0.05385183047067432,SPY,SPY,AVAILABLE,LOCAL_CURRENCY_ASSET_VS_USD_BENCHMARK_NOT_FX_HEDGED,-0.01784155039654814,0.5590909090909091,0.6454545454545455,0.19090909090909092,0.7818181818181819,0.07272727272727272,0.6090909090909091,0.6136363636363636,0.5052272727272727,WEAKENING
ROBO,Robotics Automation ETF,Industrials,US,SPY,CORE,78.62999725341797,0.013795767515540014,0.01040860398059884,-0.03781208909848044,-0.05036238701263329,77.97999877929688,79.59750022888184,81.01933364868164,-0.003555701926125294,-0.0011608239008486854,-0.012154941708996225,-0.045868295603891385,-0.13125626563273518,2026-09-17,1,1.3840944963487465,0.016623073590288733,0.18447793282030375,0.05564148404898677,-0.060104663519483514,-0.36701204385387354,-0.12536502488617282,BEAR,0.004114371252247784,-0.029412195731039925,-0.0899217504358869,0.004114371252247784,0.004114371252247784,-0.029412195731039925,-0.029412195731039925,-0.0899217504358869,-0.0899217504358869,SPY,SPY,AVAILABLE,LOCAL_CURRENCY_ASSET_VS_USD_BENCHMARK_NOT_FX_HEDGED,0.01986162625521895,0.42727272727272725,0.38181818181818183,0.6590909090909091,0.35,0.8909090909090909,0.6045454545454545,0.38181818181818183,0.5047727272727273,WEAKENING
ABBN.SW,ABB,Power_Grid,EU,^SSMI,CORE,78.26000213623047,0.02060513595157154,-0.0007660566755303133,-0.02855009299982192,-0.09105686964962112,77.38000183105468,78.62900009155274,81.17000007629395,-0.0028794683392388163,-0.0009955055369615805,-0.0046928989926442455,-0.043743821625791934,-0.1220551641004547,2026-09-16,2,0.9226225330519023,0.024661388352841453,0.10026137500078988,0.08592820725216228,-0.06841196203844069,-0.28524650011412156,-0.03331236240228369,BEAR,-0.00539925841353095,0.0030289433763442952,-0.08803473284326058,-0.00539925841353095,0.010186247041289676,0.0030289433763442952,-0.011089640591297356,-0.08803473284326058,-0.12928231337623763,^SSMI,SPY,AVAILABLE,LOCAL_CURRENCY_ASSET_VS_USD_BENCHMARK_NOT_FX_HEDGED,0.006371466574425166,0.6136363636363636,0.39090909090909093,0.41818181818181815,0.41818181818181815,0.4636363636363636,0.6318181818181818,0.5545454545454546,0.5011363636363636,NEUTRAL
AIR.PA,Airbus,Defense,EU,^STOXX,CORE,196.27999877929688,0.007597513882717122,-0.0003055799109341617,-0.06444234545185179,0.015626639544140675,196.2519989013672,200.03399963378905,202.6109992980957,-0.003995109736578004,0.001652749958975051,-0.0187668139484527,-0.07305785700450118,-0.09667044302235905,2026-09-16,2,1.150348565184798,0.022191334305792947,0.3461341483852292,0.054556151531933265,-0.07149666244904429,-0.623123463629446,-0.4088575850125226,BEAR,0.004878515322250476,-0.041724141733566644,0.01175033058659225,0.004878515322250476,0.010646723805885827,-0.041724141733566644,-0.04698189304332723,0.01175033058659225,0.02269199674616873,^STOXX,SPY,AVAILABLE,LOCAL_CURRENCY_ASSET_VS_USD_BENCHMARK_NOT_FX_HEDGED,0.015805006452028786,0.36363636363636365,0.5909090909090909,0.6181818181818182,0.3181818181818182,0.7545454545454545,0.7181818181818181,0.15454545454545454,0.49636363636363634,WEAKENING
ORCL,Oracle,Cloud_AI,US,SPY,CORE,150.58999633789062,0.05189991957053697,-0.015365542474186533,0.04714553156524759,-0.0850454275754654,145.83399963378906,149.1340003967285,141.71022198994953,0.000547219364381342,-0.00619494729506207,0.009763004662175279,-0.11780902735721255,-0.5377651835821861,2026-09-17,1,0.9240699394390237,0.053636650404115534,0.08082976694502869,0.14663018593781046,-0.13641396496506264,0.07848735918579541,0.025988934710446974,STRONG_UP,-0.02165977520253759,0.0555454249326881,-0.12460479099871902,-0.02165977520253759,-0.02165977520253759,0.0555454249326881,0.0555454249326881,-0.12460479099871902,-0.12460479099871902,SPY,SPY,AVAILABLE,LOCAL_CURRENCY_ASSET_VS_USD_BENCHMARK_NOT_FX_HEDGED,-0.02715192536549843,0.8409090909090909,0.2863636363636364,0.1318181818181818,0.7636363636363637,0.4681818181818182,0.02727272727272727,0.8227272727272728,0.4954545454545455,NEUTRAL
012450.KS,Hanwha Aerospace,Defense,KR,^KS11,CORE,1097000.0,0.03981042654028433,0.028116213683224034,-0.05998286203941727,0.02236719478098781,1086600.0,1079300.0,1039483.3333333334,-0.0036459381581965705,-0.00032325757277818857,0.016399518206244856,-0.06159110350727115,-0.3371601208459214,2026-09-17,1,1.3377822783689415,0.0500716239093632,0.11400651465798045,0.15870867786490683,-0.1216795201371037,-0.6351483719138695,-0.04308798442732499,STRONG_UP,0.054958937394593455,-0.1417917909170766,0.20071776287843734,0.054958937394593455,0.021821980954872977,-0.1417917909170766,-0.05956952039636576,0.20071776287843734,-0.09861491229128028,^KS11,SPY,AVAILABLE,LOCAL_CURRENCY_ASSET_VS_USD_BENCHMARK_NOT_FX_HEDGED,0.04311192919307835,0.03636363636363636,0.8090909090909091,0.8181818181818182,0.34545454545454546,0.8727272727272727,0.2545454545454545,0.5272727272727272,0.49363636363636365,NEUTRAL
0700.HK,Tencent,Internet_AI,HK,^HSI,CORE,426.0,-0.017074282419698994,0.0009398352696148304,-0.056269371377769994,-0.0065298224642689195,431.43999633789065,439.3199981689453,451.2066670735677,-0.0021174024107117203,-0.0004997256767949516,-0.030319580771333232,-0.07832109747071214,-0.3690142115564983,2026-09-17,1,0.8989374039885533,0.022769945887892457,0.22477876775387592,0.0692508183507361,-0.0687089581979965,-0.5095252393404575,-0.18264275082672599,BEAR,0.020820564042195344,-0.00021392866880998174,-0.014187358429773589,0.020820564042195344,-0.005354397458736226,-0.00021392866880998174,-0.03900621492491951,-0.014187358429773589,-0.04062921191164148,^HSI,SPY,AVAILABLE,LOCAL_CURRENCY_ASSET_VS_USD_BENCHMARK_NOT_FX_HEDGED,0.015007178114057329,0.5954545454545455,0.5181818181818182,0.6090909090909091,0.4818181818181818,0.42727272727272725,0.20909090909090908,0.3,0.4856818181818182,WEAKENING
SMH,Semiconductor ETF,Semiconductor,US,SPY,CORE,560.6099853515625,0.02758631105711218,0.0005889127533271754,-0.0005526591457580832,-0.0987702011849485,551.6619995117187,557.3059967041015,573.6784998575846,-0.0020150066041304464,-0.0015607504292208406,0.00592850008254131,-0.0343800432692859,-0.16554787507121438,2026-09-17,1,0.9418738078761466,0.025841680530057295,0.0017596490541236728,0.09357525280134583,-0.05709655275541392,-0.09012491161648872,-1.0392556941850136e-05,BEAR,-0.0057053199750238814,0.007847234221682431,-0.13832956460820212,-0.0057053199750238814,-0.0057053199750238814,0.007847234221682431,0.007847234221682431,-0.13832956460820212,-0.13832956460820212,SPY,SPY,AVAILABLE,LOCAL_CURRENCY_ASSET_VS_USD_BENCHMARK_NOT_FX_HEDGED,0.0007270775397666962,0.6272727272727273,0.2590909090909091,0.35909090909090907,0.4909090909090909,0.5045454545454545,0.5318181818181819,0.6590909090909091,0.4811363636363637,NEUTRAL
6645.T,Omron,Industrials,JP,^N225,CORE,6097.0,-0.0024541884816754456,0.011111111111111072,-0.0486815415821501,0.057772380291464254,6023.0,6250.1,6035.55,-0.0064181013560890895,0.0011765816187895102,-0.024495608070270958,-0.0951320866726032,-0.15845410628019319,2026-09-17,1,0.7280964393893103,0.03411513859275053,0.1729490022172949,0.09240855465253872,-0.11289596156733228,-0.5059592760099161,-0.09111087252354626,PULLBACK,0.031148123086324864,-0.028858607496703548,0.1183268171724774,0.031148123086324864,0.004816878382760015,-0.028858607496703548,-0.04427257400359741,0.1183268171724774,0.024558632509761757,^N225,SPY,AVAILABLE,LOCAL_CURRENCY_ASSET_VS_USD_BENCHMARK_NOT_FX_HEDGED,0.023281496506648597,0.4318181818181818,0.7227272727272728,0.6772727272727272,0.11363636363636363,0.18636363636363637,0.5409090909090909,0.42727272727272725,0.48090909090909084,NEUTRAL
6861.T,Keyence,Industrials,JP,^N225,CORE,76100.0,0.006280991735537089,-0.0016114348945248658,-0.05345490223934757,0.009206230207351007,75704.0578125,78596.53046875,78725.00611979167,-0.00559093779254137,0.0005577599218809134,-0.031763876266047486,-0.09258965885820614,-0.1312929178358041,2026-09-17,1,0.8495158067325921,0.02665420277133189,0.24581661894958673,0.0709626885559919,-0.0956251644261904,-0.5324191234352699,-0.18516918682399042,BEAR,0.013743063703604341,-0.02559777179493028,0.0897254996373269,0.013743063703604341,-0.007905667622875923,-0.02559777179493028,-0.032695821735764685,0.0897254996373269,-0.03598709664488253,^N225,SPY,AVAILABLE,LOCAL_CURRENCY_ASSET_VS_USD_BENCHMARK_NOT_FX_HEDGED,0.011752290665312026,0.4590909090909091,0.6954545454545454,0.5681818181818182,0.16363636363636364,0.35454545454545455,0.6,0.29545454545454547,0.48045454545454547,WEAKENING
NOVN.SW,Novartis,Biotech,EU,^SSMI,CORE,114.27999877929688,0.0038650953580521286,0.023464042909364213,-0.08983751989986266,-0.0740560648618469,113.24399871826172,122.38300094604492,124.48233375549316,-0.0037886442338288086,0.0006074047467198665,-0.06621019344280021,-0.1386794913491356,-0.1386794913491356,2026-09-16,2,1.2773828903743736,0.034426722848268664,0.27220072670715056,0.15860101729954507,-0.14971065005784212,-0.7817543407522347,-0.1541846238988838,BEAR,0.018830841171363577,-0.05825848352369645,-0.07103392805548636,0.018830841171363577,0.0344163466261842,-0.05825848352369645,-0.0723770674913381,-0.07103392805548636,-0.06286063756776539,^SSMI,SPY,AVAILABLE,LOCAL_CURRENCY_ASSET_VS_USD_BENCHMARK_NOT_FX_HEDGED,0.04592342288432988,0.2545454545454545,0.4090909090909091,0.8318181818181818,0.33636363636363636,0.8409090909090909,0.5863636363636363,0.31363636363636366,0.47795454545454547,WEAKENING
4519.T,Chugai Pharmaceutical,Biotech,JP,^N225,CORE,6684.0,0.03692212224635427,0.041445933312558525,-0.058724123362906666,-0.09283387622149841,6493.2,6739.35,7032.542106119791,-0.003832268165301615,-0.0017250883130414236,-0.008212958222974076,-0.06255259467040675,-0.3697314954795815,2026-09-17,1,1.148480261924468,0.019566982987090704,0.2637571157495256,0.06702163746321187,-0.09674693705111959,-0.5592893594470624,-0.23110305849542165,BEAR,0.014092244794919773,-0.042278581291529505,-0.018846942288796797,0.014092244794919773,0.03515170058420747,-0.042278581291529505,-0.020794006414694532,-0.018846942288796797,-0.1298996943568128,^N225,SPY,AVAILABLE,LOCAL_CURRENCY_ASSET_VS_USD_BENCHMARK_NOT_FX_HEDGED,0.05612696415328519,0.35909090909090907,0.4909090909090909,0.9,0.33181818181818185,0.75,0.20454545454545456,0.24545454545454545,0.4761363636363637,WEAKENING
EWG,Germany ETF,Market_EU,US,SPY,CORE,42.689998626708984,0.006127700204175746,0.0016424142791766627,-0.030654002287778925,0.041727650160421126,42.645999145507815,43.58249969482422,42.69683322906494,-0.0012447497658302587,0.0007570803858601753,-0.0204784276800265,-0.04816053335338355,-0.04816053335338355,2026-09-17,1,0.5547872776480347,0.010357057232932664,0.26627245647523723,0.03207511723407446,-0.04844135097601587,-0.28486795737501625,-0.25447503216896544,BEAR,-0.004651818449174394,-0.02225410892033841,0.002168286737167513,-0.004651818449174394,-0.004651818449174394,-0.02225410892033841,-0.02225410892033841,0.002168286737167513,0.002168286737167513,SPY,SPY,AVAILABLE,LOCAL_CURRENCY_ASSET_VS_USD_BENCHMARK_NOT_FX_HEDGED,0.009305914851121394,0.4818181818181818,0.5636363636363636,0.4954545454545455,0.5772727272727273,0.045454545454545456,0.8181818181818182,0.2318181818181818,0.4747727272727273,WEAKENING
AMZN,Amazon,Cloud_AI,US,SPY,CORE,251.19000244140625,0.02126360214985379,-0.0027789787206254912,-0.05510831364090074,0.072957164523195,251.1779998779297,256.45349884033203,252.9316660563151,-0.002702407337670277,0.0006021180395449125,-0.020524174646581184,-0.06118252080489939,-0.12538303703018927,2026-09-17,1,0.9370960484124431,0.02419339806173037,0.20907671080620124,0.07558850691445552,-0.07683063665742762,-0.5204752033260188,-0.1524287940646252,BEAR,-0.009073211448976548,-0.04670842027346023,0.03339780109994139,-0.009073211448976548,-0.009073211448976548,-0.04670842027346023,-0.04670842027346023,0.03339780109994139,0.03339780109994139,SPY,SPY,AVAILABLE,LOCAL_CURRENCY_ASSET_VS_USD_BENCHMARK_NOT_FX_HEDGED,0.010998099689599694,0.32727272727272727,0.6181818181818182,0.5454545454545454,0.4409090909090909,0.4818181818181818,0.6227272727272727,0.32272727272727275,0.47409090909090906,WEAKENING
SAF.PA,Safran,Defense,EU,^STOXX,CORE,326.29998779296875,0.012410797863788403,0.010842627423656381,-0.07589922924750703,-0.014497185811123803,324.47999877929686,334.94500122070315,340.59833374023435,-0.004894469767466543,0.0013756412245015121,-0.025810247641337325,-0.08956475069803427,-0.10968625431659274,2026-09-16,2,1.1955908678768856,0.022240716348232877,0.3138175670484461,0.06920999054131168,-0.08920985402295745,-0.7170252962142958,-0.3441484571376667,BEAR,0.01602672265684102,-0.05318102552922188,-0.018373494768672227,0.01602672265684102,0.02179493114047637,-0.05318102552922188,-0.058438776838982465,-0.018373494768672227,-0.027771791298660253,^STOXX,SPY,AVAILABLE,LOCAL_CURRENCY_ASSET_VS_USD_BENCHMARK_NOT_FX_HEDGED,0.029817434735533138,0.29545454545454547,0.5,0.7363636363636363,0.2409090909090909,0.7954545454545454,0.6681818181818182,0.17272727272727273,0.47204545454545455,WEAKENING
RSP,S&P Equal Weight,Factor_Breadth,US,SPY,CORE,213.30999755859375,0.004852076433106367,0.000656749968808823,-0.039447063883937816,0.021159453213940527,213.88599853515626,217.92499923706055,216.53549931844074,-0.0015287091477217145,0.0007071976732860483,-0.021177018215549293,-0.042250375406493346,-0.04533657703243599,2026-09-17,1,0.8759733604758152,0.00911145933569508,0.3743594893390595,0.026375346433105587,-0.04425735808402209,-0.3546470435243477,-0.5598934114086409,BEAR,-0.005637482759542234,-0.031047170516497302,-0.018399910209313086,-0.005637482759542234,-0.005637482759542234,-0.031047170516497302,-0.031047170516497302,-0.018399910209313086,-0.018399910209313086,SPY,SPY,AVAILABLE,LOCAL_CURRENCY_ASSET_VS_USD_BENCHMARK_NOT_FX_HEDGED,0.010518515939793277,0.41363636363636364,0.4954545454545455,0.5318181818181819,0.5318181818181819,0.39090909090909093,0.8454545454545455,0.11363636363636363,0.4704545454545454,WEAKENING
FXI,China Large-Cap ETF,Market_CN,US,SPY,CORE,34.189998626708984,0.007959919585457609,-0.004657928806973688,-0.0417601363711495,0.04142542551940531,34.36800003051758,35.10749988555908,34.62616669336955,-0.0010958734511143159,0.00021874101386319908,-0.026134052890148807,-0.05343301113644505,-0.17093741701738097,2026-09-17,1,1.0082261486068258,0.013391567572544004,0.27440118866552626,0.043553387794198865,-0.05462661206305475,-0.39281988576409355,-0.26310309345451643,BEAR,-0.010952161535324745,-0.03336024300370899,0.0018660620961516994,-0.010952161535324745,-0.010952161535324745,-0.03336024300370899,-0.03336024300370899,0.0018660620961516994,0.0018660620961516994,SPY,SPY,AVAILABLE,LOCAL_CURRENCY_ASSET_VS_USD_BENCHMARK_NOT_FX_HEDGED,0.005782105285813688,0.39545454545454545,0.5590909090909091,0.40454545454545454,0.5818181818181818,0.6136363636363636,0.5272727272727272,0.22272727272727272,0.4659090909090909,WEAKENING
SNDK,SanDisk,Memory,US,SPY,CORE,1614.3900146484375,0.06211967720759293,-0.046201355763074825,0.029014526170378918,-0.17784170160895219,1570.118994140625,1581.8597412109375,1580.1222412109375,0.00487993580310806,-0.002272678558602025,0.020564575094753623,-0.1067788675945257,-0.3143064282863388,2026-09-17,1,0.8059117171553075,0.05925267160894189,0.05255502845497518,0.18392906548521273,-0.13842207222613823,-0.03664257783442226,0.008290474615685358,STRONG_UP,-0.05249558849142588,0.03741441953781943,-0.2174010650322058,-0.05249558849142588,-0.05249558849142588,0.03741441953781943,0.03741441953781943,-0.2174010650322058,-0.2174010650322058,SPY,SPY,AVAILABLE,LOCAL_CURRENCY_ASSET_VS_USD_BENCHMARK_NOT_FX_HEDGED,-0.053454987305669555,0.7727272727272727,0.14545454545454545,0.05,0.9272727272727272,0.2909090909090909,0.2909090909090909,0.7454545454545455,0.4552272727272728,NEUTRAL
SOXX,Semiconductor ETF,Semiconductor,US,SPY,CORE,519.0999755859375,0.033940122914005055,0.003883364962888436,-0.00044378054957805446,-0.1391316731857325,508.7621276855469,513.1766693115235,537.4156962076823,-0.0026601269706484558,-0.002222915239612595,0.011542430957277805,-0.029955585739619317,-0.20811134443009882,2026-09-17,1,0.9196364928471131,0.0293469505678617,0.0013128036249511958,0.10210157741628124,-0.06503759273335352,-0.12438131430645241,-5.706050081808062e-06,BEAR,-0.002410867765462621,0.00795611281786246,-0.1786910366089861,-0.002410867765462621,-0.002410867765462621,0.00795611281786246,0.00795611281786246,-0.1786910366089861,-0.1786910366089861,SPY,SPY,AVAILABLE,LOCAL_CURRENCY_ASSET_VS_USD_BENCHMARK_NOT_FX_HEDGED,0.0039943101002829495,0.6318181818181818,0.17272727272727273,0.39090909090909093,0.44545454545454544,0.44545454545454544,0.4590909090909091,0.6636363636363637,0.4525,NEUTRAL
051910.KS,LG Chem,EV,KR,^KS11,CORE,268000.0,-0.011070110701106972,-0.0445632798573975,0.015151515151515138,-0.0806174957118353,270300.0,273500.0,268508.3333333333,3.21523444602662e-05,-0.0039774076942124875,-0.020109689213894,-0.10666666666666669,-0.38742857142857146,2026-09-17,1,0.6817643039422124,0.057569296375266525,0.02702702702702703,0.16096498854056035,-0.0662020905923345,-0.10465289393532184,0.002544034036303629,BEAR,-0.0018047483240011264,-0.019341442446068946,0.10194927302635615,-0.0018047483240011264,-0.050857512585748554,-0.019341442446068946,0.015918690359921772,0.10194927302635615,-0.23875721429320795,^KS11,SPY,AVAILABLE,LOCAL_CURRENCY_ASSET_VS_USD_BENCHMARK_NOT_FX_HEDGED,-0.04835115864527628,0.5045454545454545,0.7045454545454546,0.06818181818181818,0.7,0.12272727272727273,0.17272727272727273,0.7136363636363636,0.44818181818181824,WEAKENING
SIE.DE,Siemens,Industrials,EU,^STOXX,CORE,260.5,0.0065688264575622934,-0.014750355470928178,-0.05547494006581977,-0.04315886134067948,260.7699951171875,274.26499938964844,274.98166707356773,-0.0028893272693365796,0.00036314260922751127,-0.050188684011015505,-0.10695924203420104,-0.10695924203420104,2026-09-16,2,1.081659765360236,0.023101187419133022,0.22633126210997528,0.06779970261754666,-0.10953941463317052,-0.48715472748159144,-0.18518832260073642,BEAR,-0.00956626023774354,-0.03275673634753462,-0.0470351702982279,-0.00956626023774354,-0.0037980517541081893,-0.03275673634753462,-0.038014487657295204,-0.0470351702982279,-0.07928527586725398,^STOXX,SPY,AVAILABLE,LOCAL_CURRENCY_ASSET_VS_USD_BENCHMARK_NOT_FX_HEDGED,-0.0008816204544732364,0.4090909090909091,0.44545454545454544,0.33181818181818185,0.4090909090909091,0.6818181818181818,0.6818181818181818,0.2909090909090909,0.4475,WEAKENING
COHR,Coherent,AI_Networking,US,SPY,CORE,295.9800109863281,0.020867169535345065,0.009584873724769238,0.02960312286321476,-0.22359789612672043,285.7900024414063,285.2195022583008,308.05266825358075,-0.007357058783724832,-0.005283100971809009,0.03772711417987962,-0.062464366354762935,-0.32731815684925425,2026-09-17,1,1.073579060275466,0.06374947229525994,0.042999385053405365,0.2122569892766063,-0.12728819379346978,-0.0059441219928022815,0.005997051419210593,BEAR,0.0032906409964181815,0.03800301623065527,-0.26315725954997404,0.0032906409964181815,0.0032906409964181815,0.03800301623065527,0.03800301623065527,-0.26315725954997404,-0.26315725954997404,SPY,SPY,AVAILABLE,LOCAL_CURRENCY_ASSET_VS_USD_BENCHMARK_NOT_FX_HEDGED,0.0021840930089655486,0.7818181818181819,0.1,0.37272727272727274,0.06818181818181818,0.6681818181818182,0.2636363636363636,0.7363636363636363,0.44500000000000006,NEUTRAL
DLR,Digital Realty,AI_Infrastructure,US,SPY,CORE,184.25999450683594,0.01761742449651149,0.0008278857857422217,-0.035490175718849826,-0.0485976429522722,181.96314392089843,186.0042839050293,185.44646504720052,-0.0028052086195816364,0.00015385883394317874,-0.00937768400583705,-0.05749097664915981,-0.10578175713585702,2026-09-17,1,0.7509057020905783,0.027872351039440763,0.1303435144174089,0.08304301092324488,-0.07802370932064517,-0.3919682219525782,-0.055705039822820546,BEAR,-0.005466346942608835,-0.02709028235140931,-0.08815700637552581,-0.005466346942608835,-0.005466346942608835,-0.02709028235140931,-0.02709028235140931,-0.08815700637552581,-0.08815700637552581,SPY,SPY,AVAILABLE,LOCAL_CURRENCY_ASSET_VS_USD_BENCHMARK_NOT_FX_HEDGED,0.009700429715454678,0.4409090909090909,0.38636363636363635,0.5045454545454545,0.42727272727272725,0.21363636363636362,0.6863636363636364,0.4909090909090909,0.445,WEAKENING
IWM,Russell 2000,Factor_SmallCap,US,SPY,CORE,285.42999267578125,0.005318326206797064,-0.0052990621087599665,-0.05151969281835955,-0.030964879435398718,285.95750122070314,292.5141128540039,295.10977427164715,-0.0023093428039774834,0.0002523866384001507,-0.024218045786250197,-0.04732030451097502,-0.06227319212027371,2026-09-17,1,1.0952009084184189,0.012613432398721458,0.38200033685831497,0.03440967616767477,-0.05653733503457958,-0.4665899002788893,-0.5719478415184449,BEAR,-0.011593294837111023,-0.04311979945091904,-0.07052424285865233,-0.011593294837111023,-0.011593294837111023,-0.04311979945091904,-0.04311979945091904,-0.07052424285865233,-0.07052424285865233,SPY,SPY,AVAILABLE,LOCAL_CURRENCY_ASSET_VS_USD_BENCHMARK_NOT_FX_HEDGED,0.007580861095829922,0.34545454545454546,0.41363636363636364,0.4590909090909091,0.4636363636363636,0.6954545454545454,0.7954545454545454,0.10454545454545454,0.44386363636363635,WEAKENING
SU.PA,Schneider Electric,Power_Grid,EU,^STOXX,CORE,279.3999938964844,0.014892867000774856,-0.03555408310851593,-0.0532023445689932,-0.0003578035903958332,281.04999389648435,290.55499877929685,284.31416575113934,-0.00331695488945379,0.0010219788547400116,-0.038392059781032106,-0.08031598050330502,-0.10534740692431466,2026-09-16,2,0.9678716791037355,0.02912491583987324,0.17009743791515264,0.09982444770312894,-0.09842588966704635,-0.5016306502127501,-0.0906549719080612,BEAR,-0.030369987875331295,-0.030484140850708052,-0.004234112547944258,-0.030369987875331295,-0.024601779391695944,-0.030484140850708052,-0.035741892160468636,-0.004234112547944258,-0.058579102518871884,^STOXX,SPY,AVAILABLE,LOCAL_CURRENCY_ASSET_VS_USD_BENCHMARK_NOT_FX_HEDGED,-0.022253496966267633,0.41818181818181815,0.5409090909090909,0.1590909090909091,0.38636363636363635,0.5590909090909091,0.6909090909090909,0.4318181818181818,0.44340909090909086,WEAKENING
LMT,Lockheed Martin,Defense,US,SPY,CORE,538.0900268554688,0.0015635679022218962,0.015034391857865037,-0.0810180274831479,0.07494633234659154,532.4740112304687,543.5971038818359,547.2105016072591,-0.005974503624771375,0.0005630889371356275,-0.010130806413501836,-0.084947541694528,-0.2124817802868456,2026-09-17,1,1.2276516379791456,0.023869831320886842,0.3625231232503057,0.06440000128993115,-0.10475731127682175,-0.7755437188554528,-0.45606999649799673,BEAR,0.00874015912951398,-0.07261813411570739,0.035386968923337925,0.00874015912951398,0.00874015912951398,-0.07261813411570739,-0.07261813411570739,0.035386968923337925,0.035386968923337925,SPY,SPY,AVAILABLE,LOCAL_CURRENCY_ASSET_VS_USD_BENCHMARK_NOT_FX_HEDGED,0.03528889872865201,0.19545454545454546,0.6227272727272727,0.7636363636363637,0.13636363636363635,0.8136363636363636,0.44545454545454544,0.13636363636363635,0.4411363636363636,WEAKENING
VST,Vistra,Power,US,SPY,CORE,143.55999755859375,0.022579942892848592,-0.023733460868652023,0.006026633698271722,-0.11595542768537637,142.91799926757812,142.18300094604493,149.62016703287762,0.0002983018995018486,-0.0009916757009603141,0.009684678220228005,-0.07320850086972142,-0.34420044743560585,2026-09-17,1,0.8971230420514436,0.033839529684549445,0.01801425453280911,0.09895956361685733,-0.07467704811426434,-0.0417759888675666,0.0010970674227809335,BEAR,-0.03002769359700308,0.014426527065712236,-0.15551479110862998,-0.03002769359700308,-0.03002769359700308,0.014426527065712236,0.014426527065712236,-0.15551479110862998,-0.15551479110862998,SPY,SPY,AVAILABLE,LOCAL_CURRENCY_ASSET_VS_USD_BENCHMARK_NOT_FX_HEDGED,-0.025240119293219954,0.6681818181818182,0.20909090909090908,0.14545454545454545,0.7363636363636363,0.41818181818181815,0.24545454545454545,0.6909090909090909,0.43977272727272726,NEUTRAL
AMGN,Amgen,Biotech,US,SPY,CORE,379.7799987792969,0.009113837173255757,-0.007033237725366015,-0.13645114822788895,0.10083116322957442,378.1260009765625,415.80499877929685,392.05762532552086,-0.0036567553811388104,0.0033005521321779396,-0.08663917005750454,-0.15043733123870728,-0.15043733123870728,2026-09-17,1,1.2256691469788326,0.027705889505970197,0.4605165536609905,0.11302164897298438,-0.15417004857580507,-1.271942064620458,-0.555982089236838,BEAR,-0.013327470453717072,-0.12805125486044844,0.061271799806320804,-0.013327470453717072,-0.013327470453717072,-0.12805125486044844,-0.12805125486044844,0.061271799806320804,0.061271799806320804,SPY,SPY,AVAILABLE,LOCAL_CURRENCY_ASSET_VS_USD_BENCHMARK_NOT_FX_HEDGED,0.027079549331606223,0.05454545454545454,0.6681818181818182,0.7272727272727273,0.3409090909090909,0.8090909090909091,0.5545454545454546,0.11818181818181818,0.43863636363636366,WEAKENING
BNTX,BioNTech,Biotech,EU,SPY,CORE,98.66000366210938,0.029531480506949093,0.023444005191470385,-0.12782884311686926,0.0887221438075998,97.3540023803711,103.71650047302246,96.42575022379557,0.0019440845937691864,0.002312494172400379,-0.048753060389155056,-0.1800880731255231,-0.20435480917653726,2026-09-17,1,0.5249113420620839,0.0377508585084637,0.3211904767150161,0.12909667521363358,-0.17791882918474777,-1.12413931535782,-0.3180361306028451,PULLBACK,0.017149772463119328,-0.11942894974942875,0.04916278038434618,0.017149772463119328,0.017149772463119328,-0.11942894974942875,-0.11942894974942875,0.04916278038434618,0.04916278038434618,SPY,SPY,AVAILABLE,LOCAL_CURRENCY_ASSET_VS_USD_BENCHMARK_NOT_FX_HEDGED,0.0554012159706877,0.08636363636363636,0.6409090909090909,0.8954545454545455,0.8409090909090909,0.031818181818181815,0.4772727272727273,0.18636363636363637,0.4377272727272727,NEUTRAL
EWQ,France ETF,Market_EU,US,SPY,CORE,44.40999984741211,0.005888976501638554,-0.004706389276100897,-0.05831212911148698,-0.007597768772913738,44.45800018310547,45.63299980163574,45.86999982198079,-0.002885778168246126,0.00018890049511645138,-0.02680077925054125,-0.05771273411965361,-0.0742130765624115,2026-09-17,1,1.113181119708446,0.010478661863046515,0.5670095957212522,0.028341343674218294,-0.06382524027294656,-0.49724906499442584,-1.1666185320361895,BEAR,-0.011000622004451954,-0.04991223574404646,-0.04715713219616735,-0.011000622004451954,-0.011000622004451954,-0.04991223574404646,-0.04991223574404646,-0.04715713219616735,-0.04715713219616735,SPY,SPY,AVAILABLE,LOCAL_CURRENCY_ASSET_VS_USD_BENCHMARK_NOT_FX_HEDGED,0.009871643001770847,0.3181818181818182,0.4409090909090909,0.5181818181818182,0.41363636363636364,0.7227272727272728,0.7545454545454545,0.02727272727272727,0.43727272727272726,WEAKENING
6981.T,Murata,MLCC,JP,^N225,CORE,7431.0,-0.026464037730905332,-0.012491694352159466,0.03136710617626659,-0.3247614720581554,7396.4,7247.5,8211.216666666667,-0.003024088808343848,-0.005113887252888282,0.025319075543290825,-0.056620540815031095,-0.4237301279565723,2026-09-17,1,0.9312275280961448,0.05863467712478613,0.056415376934598103,0.1555999655048875,-0.0783464566929134,-0.07458699550880582,0.011372670376498611,BEAR,0.08957209649980746,0.06267814538333749,-0.2603741251287177,0.08957209649980746,-0.018785927080510523,0.06267814538333749,0.02204059722775975,-0.2603741251287177,-0.38854420238877896,^N225,SPY,AVAILABLE,LOCAL_CURRENCY_ASSET_VS_USD_BENCHMARK_NOT_FX_HEDGED,-0.020333470896226113,0.85,0.10454545454545454,0.17727272727272728,0.39545454545454545,0.4727272727272727,0.12272727272727273,0.7636363636363637,0.4354545454545454,NEUTRAL
BOTZ,Robotics AI ETF,Industrials,US,SPY,CORE,35.1150016784668,0.011376740895047588,0.010212985445217315,-0.03477183486828228,-0.04114183573077723,34.90100021362305,35.425750160217284,35.969507153828935,-0.003440487135883559,-0.0013811467906030554,-0.008771825024031621,-0.032911034140120976,-0.1576944662278128,2026-09-17,1,0.6602000127247674,0.015246039309917645,0.1614551077561863,0.057080231288100754,-0.04810335207861671,-0.3615658229396651,-0.09835437276353809,BEAR,0.003918752716866258,-0.026371941500841767,-0.08070119915403084,0.003918752716866258,0.003918752716866258,-0.026371941500841767,-0.026371941500841767,-0.08070119915403084,-0.08070119915403084,SPY,SPY,AVAILABLE,LOCAL_CURRENCY_ASSET_VS_USD_BENCHMARK_NOT_FX_HEDGED,0.018905944162287885,0.45454545454545453,0.4,0.6454545454545455,0.35909090909090907,0.1,0.5454545454545454,0.41818181818181815,0.43272727272727274,WEAKENING
FEZ,Eurozone ETF,Market_EU,US,SPY,CORE,68.87999725341797,0.00878732403116289,-0.0023175501156951217,-0.03798884467415509,0.022869037708290296,68.8719985961914,70.33099899291992,69.60349985758464,-0.0018011046075281844,0.0007436330353495525,-0.020631041223344693,-0.043864569988203206,-0.04809291497484813,2026-09-17,1,0.6116515654252761,0.010712214039906184,0.34085181403424236,0.02957064533588834,-0.04915748362777139,-0.3431615288056477,-0.437885831478146,BEAR,-0.008611782844046179,-0.029588951306714573,-0.016690325714963317,-0.008611782844046179,-0.008611782844046179,-0.029588951306714573,-0.029588951306714573,-0.016690325714963317,-0.016690325714963317,SPY,SPY,AVAILABLE,LOCAL_CURRENCY_ASSET_VS_USD_BENCHMARK_NOT_FX_HEDGED,0.00717966105284365,0.42272727272727273,0.5045454545454545,0.44545454545454544,0.5136363636363637,0.07727272727272727,0.8227272727272728,0.1409090909090909,0.42886363636363645,WEAKENING
GRID,Smart Grid ETF,Power_Grid,US,SPY,CORE,176.83999633789062,0.014921893725655222,-0.002256878486098124,-0.03249809870377929,-0.05917013110375424,175.5240020751953,178.2155014038086,181.52073364257814,-0.0027615681702338507,-0.0011219116214384465,-0.007718212249120171,-0.033502786478196156,-0.11218854059508598,2026-09-17,1,0.7577438995576129,0.019194083522383575,0.14424486396034938,0.06696474250563282,-0.05476526191972897,-0.31821373640362915,-0.07000226762766003,BEAR,-0.00855111121444918,-0.024098205336338774,-0.09872949452700785,-0.00855111121444918,-0.00855111121444918,-0.024098205336338774,-0.024098205336338774,-0.09872949452700785,-0.09872949452700785,SPY,SPY,AVAILABLE,LOCAL_CURRENCY_ASSET_VS_USD_BENCHMARK_NOT_FX_HEDGED,0.005867646189846698,0.4636363636363636,0.35454545454545455,0.4090909090909091,0.4318181818181818,0.2318181818181818,0.65,0.4590909090909091,0.4254545454545455,WEAKENING
079550.KS,LIG Nex1,Defense,KR,^KS11,CORE,708000.0,0.06306306306306309,0.04117647058823537,-0.10038119440914861,-0.1248454882571075,685600.0,688650.0,726616.6666666666,-0.008372764891218097,-0.0026364740866997656,0.028098453495970288,-0.08997429305912596,-0.36672629695885506,2026-09-17,1,1.4119031510671787,0.05014124293785311,0.19315403422982885,0.1810865675970682,-0.17153748411689962,-0.9643500696410598,-0.10707051836157121,BEAR,0.04134790943981148,-0.20145501784184483,0.048317343591225526,0.04134790943981148,0.03488223785988431,-0.20145501784184483,-0.102152870451655,0.048317343591225526,-0.2203339887424598,^KS11,SPY,AVAILABLE,LOCAL_CURRENCY_ASSET_VS_USD_BENCHMARK_NOT_FX_HEDGED,0.06627176919052252,0.004545454545454545,0.6363636363636364,0.9318181818181818,0.04090909090909091,0.9136363636363637,0.21363636363636362,0.4,0.42500000000000004,WEAKENING
EMR,Emerson Electric,Power_Grid,US,SPY,CORE,147.39999389648438,0.010765905819904775,-0.006537718222184963,-0.06472088713201973,0.03325330081974576,148.1440002441406,151.96750030517578,148.86598281860353,-0.003962019088593148,0.0010549795647966738,-0.030055810614237233,-0.07771250693624687,-0.1109115250597631,2026-09-17,1,0.9413035997833737,0.0262454066502946,0.23330310892583295,0.0730799591588358,-0.0787162296011652,-0.6045411179981501,-0.2066173045816831,BEAR,-0.01283195095053602,-0.05632099376457922,-0.006306062603507856,-0.01283195095053602,-0.01283195095053602,-0.05632099376457922,-0.05632099376457922,-0.006306062603507856,-0.006306062603507856,SPY,SPY,AVAILABLE,LOCAL_CURRENCY_ASSET_VS_USD_BENCHMARK_NOT_FX_HEDGED,0.00964250356081997,0.2727272727272727,0.5363636363636364,0.5,0.32272727272727275,0.4954545454545455,0.6590909090909091,0.2681818181818182,0.42500000000000004,WEAKENING
EQIX,Equinix,AI_Infrastructure,US,SPY,CORE,1025.93994140625,0.009624437608435121,0.0020804093071324914,-0.04748023984752425,-0.0762485921707603,1017.1039672851563,1042.0534790039062,1041.1087615966796,-0.0020161042087208556,-0.0004059938588453586,-0.01546325397143633,-0.06788662298356796,-0.08288082014729747,2026-09-17,1,0.7211909011189852,0.0263528424398494,0.20036051012804854,0.06940236203365181,-0.0774886762393896,-0.420743047622227,-0.13707264130634794,BEAR,-0.0042138234212185655,-0.03908034648008374,-0.11580795559401391,-0.0042138234212185655,-0.0042138234212185655,-0.03908034648008374,-0.03908034648008374,-0.11580795559401391,-0.11580795559401391,SPY,SPY,AVAILABLE,LOCAL_CURRENCY_ASSET_VS_USD_BENCHMARK_NOT_FX_HEDGED,0.013950469269013555,0.37727272727272726,0.31363636363636366,0.5954545454545455,0.4863636363636364,0.17727272727272728,0.7318181818181818,0.36818181818181817,0.4227272727272727,WEAKENING
4063.T,Shin-Etsu Chemical,Semiconductor_Materials,JP,^N225,CORE,5762.0,-0.00996563573883158,0.0,-0.06476221392631065,-0.21079304204903437,5752.6,5866.9,6404.566666666667,-0.0046546215898458495,-0.003625236425412236,-0.017879970682984192,-0.058034984469511164,-0.2733921815889029,2026-09-17,1,0.995212765506836,0.017764169187286162,0.41007194244604317,0.0453778511132502,-0.0759616945301087,-0.6747398586014541,-0.5852451407535643,BEAR,0.03638516413090853,-0.022851755644284655,-0.08697965574934152,0.03638516413090853,-0.006294232728351057,-0.022851755644284655,-0.04545889152582716,-0.08697965574934152,-0.248749356250751,^N225,SPY,AVAILABLE,LOCAL_CURRENCY_ASSET_VS_USD_BENCHMARK_NOT_FX_HEDGED,0.016190553481577663,0.4727272727272727,0.39545454545454545,0.6318181818181818,0.2636363636363636,0.5954545454545455,0.34545454545454546,0.09545454545454546,0.42204545454545456,WEAKENING
CEG,Constellation Energy,Nuclear_Power,US,SPY,CORE,262.79998779296875,0.012599657184342083,-0.08102253148522542,-0.041470711886449685,-0.02610829076233334,266.30800170898436,278.79624938964844,267.54660466512047,0.0004326474939211647,0.0013342539686432523,-0.05737617213897006,-0.14061478651566084,-0.35965819541519506,2026-09-17,1,1.3124133348170797,0.04100290046401784,0.119045344353867,0.11095278508814674,-0.1321517827348364,-0.4118705387727879,-0.04449545969666537,BEAR,-0.08731676421357648,-0.03307081851900917,-0.06566765418558695,-0.08731676421357648,-0.08731676421357648,-0.03307081851900917,-0.03307081851900917,-0.06566765418558695,-0.06566765418558695,SPY,SPY,AVAILABLE,LOCAL_CURRENCY_ASSET_VS_USD_BENCHMARK_NOT_FX_HEDGED,-0.070654853513613,0.4,0.41818181818181815,0.013636363636363636,0.75,0.8636363636363636,0.22272727272727272,0.5181818181818182,0.4211363636363637,WEAKENING
LLY,Eli Lilly,Pharma,US,SPY,CORE,1152.43994140625,0.012849128866891268,0.026215442035841585,-0.09989536203543958,0.042464285879917796,1136.069970703125,1167.8874938964843,1180.1754842122396,-0.0033232151690229736,0.0005266872732932516,-0.013226918321298076,-0.0998532234864542,-0.10846716463055617,2026-09-17,1,0.8321638548591669,0.022112697130185075,0.5442093448080101,0.0592688112047897,-0.12859085793120018,-0.8865206739964903,-0.9172444734014206,BEAR,0.01992120930749053,-0.09149546866799907,0.002904922456664183,0.01992120930749053,0.01992120930749053,-0.09149546866799907,-0.09149546866799907,0.002904922456664183,0.002904922456664183,SPY,SPY,AVAILABLE,LOCAL_CURRENCY_ASSET_VS_USD_BENCHMARK_NOT_FX_HEDGED,0.05118928254470148,0.13636363636363635,0.5727272727272728,0.8636363636363636,0.38181818181818183,0.32272727272727275,0.6772727272727272,0.045454545454545456,0.42090909090909095,WEAKENING
TXN,Texas Instruments,Analog_Semiconductor,US,SPY,CORE,258.1400146484375,-0.00970575305547472,-0.002627280181355718,-0.034810234188312306,-0.14751698771595445,262.87200927734375,260.5455032348633,277.8555104573568,-0.0030063234449146732,-0.0023204578579796766,-0.009232508550559904,-0.055573748472753315,-0.22323830858406513,2026-09-17,1,1.2379570324518188,0.03201057710034351,0.13839755169663684,0.0745128504082369,-0.05275758169798905,-0.3850545628692546,-0.06465530655791996,BEAR,-0.008921512909706775,-0.02641034082087179,-0.18707635113920806,-0.008921512909706775,-0.008921512909706775,-0.02641034082087179,-0.02641034082087179,-0.18707635113920806,-0.18707635113920806,SPY,SPY,AVAILABLE,LOCAL_CURRENCY_ASSET_VS_USD_BENCHMARK_NOT_FX_HEDGED,0.006075278365722359,0.45,0.16363636363636364,0.41363636363636364,0.4,0.8227272727272728,0.42272727272727273,0.4772727272727273,0.4195454545454546,WEAKENING
GEV,GE Vernova,Power_Grid,US,SPY,CORE,924.9299926757812,-0.00017299308720419848,0.0011040248085842919,-0.0633241122733843,-0.10633054732433211,912.9720092773438,931.2225036621094,1005.4013366699219,-0.005577546483418661,-0.0005217189964807829,-0.0067572582938904,-0.061937127103670164,-0.22660832651161467,2026-09-17,1,1.4602592566278312,0.04256739104713439,0.1455303026428907,0.1389476739847354,-0.11413121513708435,-0.6120736950390623,-0.06632408416387321,BEAR,-0.005190207919766765,-0.05492421890594379,-0.14588991074758573,-0.005190207919766765,-0.005190207919766765,-0.05492421890594379,-0.05492421890594379,-0.14588991074758573,-0.14588991074758573,SPY,SPY,AVAILABLE,LOCAL_CURRENCY_ASSET_VS_USD_BENCHMARK_NOT_FX_HEDGED,0.016935052876930368,0.2909090909090909,0.2409090909090909,0.6363636363636364,0.17272727272727273,0.9318181818181818,0.40454545454545454,0.4727272727272727,0.41454545454545455,WEAKENING
GD,General Dynamics,Defense,US,SPY,CORE,355.95001220703125,-0.01124996609157991,0.004798905312720647,-0.09275114561483466,0.02048463827113345,357.452001953125,367.6480010986328,373.78240559895835,-0.004930964006634562,0.0008394564894943211,-0.03181844823484625,-0.09813008307356896,-0.1101249694824219,2026-09-17,1,1.1009494881354196,0.01931249501661984,0.5553184602882244,0.0437477614216104,-0.10111123841677283,-0.8170880149450979,-1.1773499191516545,BEAR,-0.0014953274156304097,-0.08435125224739415,-0.019074725152120164,-0.0014953274156304097,-0.0014953274156304097,-0.08435125224739415,-0.08435125224739415,-0.019074725152120164,-0.019074725152120164,SPY,SPY,AVAILABLE,LOCAL_CURRENCY_ASSET_VS_USD_BENCHMARK_NOT_FX_HEDGED,0.027986691716429313,0.17727272727272728,0.4863636363636364,0.7318181818181818,0.2318181818181818,0.7090909090909091,0.6636363636363637,0.022727272727272728,0.4140909090909091,WEAKENING
DRIV,Autonomous EV ETF,EV,US,SPY,CORE,33.849998474121094,0.024670762236217447,-0.0003839142627528602,-0.022664931007779554,-0.11488150722746815,33.54020004272461,34.221299934387204,35.024056847890215,-0.0025605410905377005,-0.00263236642525554,-0.01085001040223521,-0.03616174534136052,-0.2067880946375077,2026-09-17,1,0.8326579221595514,0.016854820842199546,0.10925546707385123,0.057726581216097625,-0.0541159464834825,-0.29934378396588573,-0.0428964884336687,BEAR,-0.006678146991103917,-0.01426503764033904,-0.15444087065072176,-0.006678146991103917,-0.006678146991103917,-0.01426503764033904,-0.01426503764033904,-0.15444087065072176,-0.15444087065072176,SPY,SPY,AVAILABLE,LOCAL_CURRENCY_ASSET_VS_USD_BENCHMARK_NOT_FX_HEDGED,0.005282318489192028,0.5272727272727272,0.21363636363636362,0.4,0.45454545454545453,0.32727272727272727,0.4727272727272727,0.5318181818181819,0.4131818181818182,WEAKENING
6273.T,SMC,Industrials,JP,^N225,CORE,66530.0,-0.01945467943994106,-0.01699172576832153,-0.05884849342198328,-0.06729286415253044,67360.0,68782.5,71414.83333333333,-0.006101213093129412,0.00047750121265765236,-0.03274815541743903,-0.09409041394335516,-0.2335253456221198,2026-09-17,1,0.8371957075452002,0.033132206738098816,0.21509824198552224,0.08613874270557303,-0.08933277847135523,-0.5639958631302264,-0.1469513842549528,BEAR,0.018135545592789737,-0.021670073181327743,0.0304516357790936,0.018135545592789737,-0.023285958496672587,-0.021670073181327743,-0.053368545498727826,0.0304516357790936,-0.10484778154502272,^N225,SPY,AVAILABLE,LOCAL_CURRENCY_ASSET_VS_USD_BENCHMARK_NOT_FX_HEDGED,-0.0022796024128257097,0.4863636363636364,0.6136363636363636,0.32272727272727275,0.12727272727272726,0.33181818181818185,0.38636363636363635,0.33181818181818185,0.41045454545454546,WEAKENING
NOC,Northrop Grumman,Defense,US,SPY,CORE,524.0,-0.012773708358727265,0.009731164224260791,-0.0968651647829828,0.025648205901492194,526.4780029296875,532.7530822753906,537.6680409749349,-0.0048792060939878805,-0.0003416757842689488,-0.01642990452163351,-0.10173528279245114,-0.3169252230652241,2026-09-17,1,1.4225032478276878,0.02157824293621793,0.47121105276139924,0.0589487692342559,-0.11241152709788682,-0.8618902122270246,-0.7742983757966476,BEAR,0.003436931495909734,-0.08846527141554228,-0.01391115752176142,0.003436931495909734,0.003436931495909734,-0.08846527141554228,-0.08846527141554228,-0.01391115752176142,-0.01391115752176142,SPY,SPY,AVAILABLE,LOCAL_CURRENCY_ASSET_VS_USD_BENCHMARK_NOT_FX_HEDGED,0.03394745542000649,0.1590909090909091,0.5227272727272727,0.7545454545454545,0.24545454545454545,0.9181818181818182,0.2818181818181818,0.06363636363636363,0.40840909090909094,WEAKENING
CAT,Caterpillar,Industrials,US,SPY,CORE,798.5700073242188,0.02024994533722646,-0.007987568541343193,-0.02154017835442079,-0.18713782765429865,793.4799926757812,804.910498046875,867.7689290364583,-0.0030017225307960053,-0.002088152782492967,-0.00787726180493542,-0.04299838739041262,-0.25469841790090975,2026-09-17,1,1.0339744383099174,0.027707569935303822,0.08375421597480433,0.07475272243937799,-0.05887190461677605,-0.2912704979088791,-0.024133980558300266,BEAR,-0.01428180126969425,-0.013140284986980277,-0.22669719107755226,-0.01428180126969425,-0.01428180126969425,-0.013140284986980277,-0.013140284986980277,-0.22669719107755226,-0.22669719107755226,SPY,SPY,AVAILABLE,LOCAL_CURRENCY_ASSET_VS_USD_BENCHMARK_NOT_FX_HEDGED,-0.002602523952737995,0.5409090909090909,0.12727272727272726,0.3181818181818182,0.40454545454545454,0.6363636363636364,0.36363636363636365,0.5863636363636363,0.40750000000000003,WEAKENING
F,Ford,Auto,US,SPY,CORE,13.609999656677246,0.0194756005826342,-0.019452482387428804,-0.061379334022258925,-0.017328571709902874,13.657999992370605,13.928999948501588,13.970930926005046,-0.0008534169082239019,-0.0011492646896316587,-0.022901880465485802,-0.07035523650894493,-0.2262429750600038,2026-09-17,1,0.9883419367380107,0.032171728890255304,0.17416844135394938,0.10205052683087223,-0.08686727182151344,-0.5807702147308011,-0.1047553919610559,BEAR,-0.02574671511577986,-0.05297944065481841,-0.056887935133156486,-0.02574671511577986,-0.02574671511577986,-0.05297944065481841,-0.05297944065481841,-0.056887935133156486,-0.056887935133156486,SPY,SPY,AVAILABLE,LOCAL_CURRENCY_ASSET_VS_USD_BENCHMARK_NOT_FX_HEDGED,-0.004107648881864073,0.3,0.42727272727272725,0.29545454545454547,0.6227272727272727,0.5863636363636363,0.4090909090909091,0.40454545454545454,0.40704545454545454,WEAKENING
5801.T,Furukawa Electric,AI_Networking,JP,^N225,CORE,3763.0,-0.012854144805876211,-0.06486083499005968,-0.02613871635610765,-0.23204081632653062,3824.0,3860.3,3815.0666666666666,-0.0027452644111355543,-0.0035787456966954183,-0.02520529492526491,-0.10319351763584361,-0.3970517545265182,2026-09-17,1,1.0025125102837906,0.06685395391215217,0.03336636934258341,0.22661479050646255,-0.11640988016629983,-0.5033649733180905,-0.003848619333847241,BEAR,-0.05804930331138802,0.03262380327955017,-0.22623478663469943,-0.05804930331138802,-0.07115506771841074,0.03262380327955017,0.006543129441711093,-0.22623478663469943,-0.2095478530895526,^N225,SPY,AVAILABLE,LOCAL_CURRENCY_ASSET_VS_USD_BENCHMARK_NOT_FX_HEDGED,-0.05832615590103277,0.7363636363636363,0.1318181818181818,0.045454545454545456,0.43636363636363634,0.6090909090909091,0.1590909090909091,0.6409090909090909,0.4018181818181818,NEUTRAL
005930.KS,Samsung Electronics,Memory,KR,^KS11,CORE,252500.0,-0.0039447731755424265,-0.06133828996282531,-0.06826568265682653,-0.18458559994316315,252600.0,259900.0,266422.5994791667,0.0007225517460893187,-0.004147185021953852,-0.028472489419007263,-0.11403508771929827,-0.32502413235710415,2026-09-17,1,0.6635468807841135,0.038896746817538894,0.16017316017316016,0.14302534453362414,-0.11722912966252219,-0.7627333074456253,-0.07645029738034592,BEAR,-0.012051143532802344,-0.013896010684847804,-0.019154620705825187,-0.012051143532802344,-0.06763252269117637,-0.013896010684847804,0.028601913569460624,-0.019154620705825187,-0.32391904790812853,^KS11,SPY,AVAILABLE,LOCAL_CURRENCY_ASSET_VS_USD_BENCHMARK_NOT_FX_HEDGED,-0.04427186929861868,0.5318181818181819,0.4818181818181818,0.07272727272727272,0.7772727272727272,0.10454545454545454,0.2681818181818182,0.44545454545454544,0.3997727272727273,WEAKENING
068270.KS,Celltrion,Biotech,KR,^KS11,CORE,180300.0,0.01749435665914212,-0.0027654867256636795,-0.07109737248840808,0.12336448598130834,178400.0,185750.0,183703.33333333334,-0.005403025343346471,0.0011856554186079962,-0.02934051144010763,-0.08384146341463417,-0.24575699089250524,2026-09-17,1,0.8616447757909792,0.024483004516282388,0.3854748603351955,0.04931454543264117,-0.08706852138073162,-0.6478613144703602,-0.5557437362492316,BEAR,0.015095229638381613,-0.1252069563080036,0.31457203257840427,0.015095229638381613,-0.009059719454014736,-0.1252069563080036,-0.06269747912096757,0.31457203257840427,0.017355503928057514,^KS11,SPY,AVAILABLE,LOCAL_CURRENCY_ASSET_VS_USD_BENCHMARK_NOT_FX_HEDGED,0.015008856396438341,0.06363636363636363,0.9181818181818182,0.6136363636363636,0.18636363636363637,0.37272727272727274,0.37727272727272726,0.12272727272727273,0.3975,WEAKENING
PRY.MI,Prysmian,Power_Grid,EU,^STOXX,CORE,122.19999694824219,0.03384094842025709,-0.037416306531591226,-0.01965507057878424,-0.17627238341349638,121.89999847412109,121.97249946594238,128.1633337656657,-0.0018875327583814762,-0.003136196240573083,0.0018651538936720335,-0.05564140098802428,-0.22289350112405604,2026-09-16,2,0.8492774424637192,0.039075282040099794,0.04418402841078968,0.1311245970680178,-0.08015566577243438,-0.30313612332618234,-0.006623015180123652,BEAR,-0.03223221129840659,0.0030631331395009065,-0.1801486923710448,-0.03223221129840659,-0.026464002814771237,0.0030631331395009065,-0.0021946181702596768,-0.1801486923710448,-0.22306106989741625,^STOXX,SPY,AVAILABLE,LOCAL_CURRENCY_ASSET_VS_USD_BENCHMARK_NOT_FX_HEDGED,-0.032502538886895166,0.6181818181818182,0.16818181818181818,0.10909090909090909,0.509090909090909,0.35,0.42727272727272725,0.6181818181818182,0.39499999999999996,NEUTRAL
URI,United Rentals,Industrials,US,SPY,CORE,1002.530029296875,-0.0036968652950311043,0.013598507678483918,-0.10251200114700454,-0.05538310421612469,996.1660034179688,1024.0720092773438,1075.9373697916667,-0.006504117817010322,-0.0006523848542842731,-0.021035610567727847,-0.10433215390165629,-0.14834039025908952,2026-09-17,1,1.3139692110828198,0.029888675209668508,0.39880892912031407,0.07981430806538183,-0.12284253647116006,-0.9135914967147453,-0.5122227128239618,BEAR,0.007304274950132861,-0.09411210777956402,-0.0949424676393783,0.007304274950132861,0.007304274950132861,-0.09411210777956402,-0.09411210777956402,-0.0949424676393783,-0.0949424676393783,SPY,SPY,AVAILABLE,LOCAL_CURRENCY_ASSET_VS_USD_BENCHMARK_NOT_FX_HEDGED,0.03922650796523505,0.1318181818181818,0.36818181818181817,0.7909090909090909,0.10909090909090909,0.8681818181818182,0.5636363636363636,0.12727272727272726,0.3920454545454546,WEAKENING
COST,Costco,Consumer,US,SPY,CORE,893.9299926757812,0.0002125925252112193,-0.009364139454894782,-0.06589410359783365,-0.06508305202913722,902.539990234375,926.5124938964843,937.977587890625,-0.002635018484956398,-0.0007697203043069215,-0.03516682336756849,-0.08266888153383523,-0.1834462182286991,2026-09-17,1,1.142126900026818,0.014916461268126815,0.32521923397874064,0.057229045403290775,-0.07994650219051735,-0.5901591759404446,-0.3744607261013474,BEAR,-0.01565837218324584,-0.05749421023039314,-0.10464241545239084,-0.01565837218324584,-0.01565837218324584,-0.05749421023039314,-0.05749421023039314,-0.10464241545239084,-0.10464241545239084,SPY,SPY,AVAILABLE,LOCAL_CURRENCY_ASSET_VS_USD_BENCHMARK_NOT_FX_HEDGED,0.007109386444563631,0.2636363636363636,0.3409090909090909,0.4409090909090909,0.45,0.7454545454545455,0.4954545454545455,0.1590909090909091,0.3852272727272728,WEAKENING
MCHI,China ETF,Market_CN,US,SPY,CORE,52.66999816894531,0.006881987883833318,-0.002462141477153401,-0.04910635946335562,0.016599049852518366,52.83399963378906,54.182999801635745,53.940999857584636,-0.0019077552573942102,-5.8708372307923444e-05,-0.02792391780133141,-0.06013566544479276,-0.20339764570185137,2026-09-17,1,0.6198598793709814,0.011161137850700428,0.36756803569734786,0.03524075700570969,-0.06018682147511456,-0.4422828751371327,-0.5121889999488108,BEAR,-0.008756374205504458,-0.040706466095915106,-0.022960313570735247,-0.008756374205504458,-0.008756374205504458,-0.040706466095915106,-0.040706466095915106,-0.022960313570735247,-0.022960313570735247,SPY,SPY,AVAILABLE,LOCAL_CURRENCY_ASSET_VS_USD_BENCHMARK_NOT_FX_HEDGED,0.009814448388685504,0.37272727272727274,0.4772727272727273,0.5136363636363637,0.4954545454545455,0.08181818181818182,0.4818181818181818,0.1318181818181818,0.38477272727272727,WEAKENING
1211.HK,BYD,EV,HK,^HSI,CORE,81.1500015258789,0.024621270868369738,0.02011311643922986,-0.11601308466051274,0.06846615913862886,79.88999938964844,85.85249977111816,86.80833358764649,-0.005079424363541373,-0.0002863300191223195,-0.0547741563469446,-0.144438557392071,-0.2934371234859515,2026-09-17,1,0.8375711465743818,0.033667817014499044,0.41359265989373356,0.08353494326139935,-0.15544867157648645,-1.028647681570934,-0.5743962753056713,BEAR,-0.009581847920224651,-0.08344922134693933,-0.014862163530001249,-0.009581847920224651,0.013818883710878804,-0.08344922134693933,-0.08388198425212356,-0.014862163530001249,0.011274186707477263,^HSI,SPY,AVAILABLE,LOCAL_CURRENCY_ASSET_VS_USD_BENCHMARK_NOT_FX_HEDGED,0.04911638760435805,0.18181818181818182,0.509090909090909,0.8545454545454545,0.21818181818181817,0.33636363636363636,0.32272727272727275,0.1,0.37318181818181817,WEAKENING
LDO.MI,Leonardo,Defense,EU,^STOXX,CORE,50.41999816894531,0.010623347079191214,0.03648880037986224,-0.14773498480407987,-0.00019833702498395223,49.92199935913086,52.372749710083006,52.98624973297119,-0.00849847631127803,5.338173268474027e-05,-0.0372856409477722,-0.15910608841216345,-0.22984450106194199,2026-09-16,2,0.9687375258390762,0.030685113990214126,0.521169076690461,0.08013197262258953,-0.17773832685546243,-1.27130430451714,-0.9608512445819462,BEAR,0.04167289561304688,-0.12501678108579473,-0.004074645982532377,0.04167289561304688,0.04744110409668223,-0.12501678108579473,-0.1302745323955553,-0.004074645982532377,-0.006187968132876698,^STOXX,SPY,AVAILABLE,LOCAL_CURRENCY_ASSET_VS_USD_BENCHMARK_NOT_FX_HEDGED,0.07342254658088221,0.07272727272727272,0.5454545454545454,0.95,0.03636363636363636,0.5636363636363636,0.39545454545454545,0.03636363636363636,0.37295454545454554,WEAKENING
XLU,Utilities ETF,Utilities,US,SPY,CORE,41.689998626708984,0.008954475668379924,-0.019520268629327764,-0.05293052718821023,-0.07499447727982544,41.70799942016602,42.67549991607666,44.18066673278808,-0.0019039939507933066,-0.000457270232935941,-0.023092905561872934,-0.05806596909819295,-0.12059926733986848,2026-09-17,1,0.9764189688019287,0.015240025222518242,0.33333369715769495,0.04244582771372173,-0.06133577316815453,-0.46277398044417517,-0.41567167541530287,BEAR,-0.02581450135767882,-0.044530633820769716,-0.11455384070307906,-0.02581450135767882,-0.02581450135767882,-0.044530633820769716,-0.044530633820769716,-0.11455384070307906,-0.11455384070307906,SPY,SPY,AVAILABLE,LOCAL_CURRENCY_ASSET_VS_USD_BENCHMARK_NOT_FX_HEDGED,-0.006287636832275206,0.33181818181818185,0.3181818181818182,0.2727272727272727,0.5,0.5681818181818182,0.6363636363636364,0.14545454545454545,0.3725,WEAKENING
NVO,Novo Nordisk,Pharma,EU,SPY,CORE,43.189998626708984,0.03548308738245187,-0.01863212283793725,-0.07078315292446857,-0.07756436233718256,42.789999389648436,45.32649955749512,46.90818239847819,-0.0025172437117178936,0.0009218035885492847,-0.047135802491786394,-0.11241268470727372,-0.29323380407122646,2026-09-17,1,1.2973646108773256,0.027271509209636922,0.195484287438201,0.09615911323827543,-0.1428278007548961,-0.6481750457330759,-0.14389685746978415,BEAR,-0.024926355566288305,-0.06238325955702806,-0.11712372576043617,-0.024926355566288305,-0.024926355566288305,-0.06238325955702806,-0.06238325955702806,-0.11712372576043617,-0.11712372576043617,SPY,SPY,AVAILABLE,LOCAL_CURRENCY_ASSET_VS_USD_BENCHMARK_NOT_FX_HEDGED,-0.000936334606820105,0.2318181818181818,0.3090909090909091,0.32727272727272727,0.4590909090909091,0.85,0.32727272727272727,0.33636363636363636,0.36613636363636365,WEAKENING
WMT,Walmart,Consumer,US,SPY,CORE,106.79000091552734,-0.006604642646257264,0.010025513335276237,-0.06346760784838501,-0.10362034256929209,107.72200012207031,105.8940990447998,110.40173314412435,-0.0033554689742009095,-0.001823859216158884,0.008460356892488585,-0.026881693144411134,-0.20800787238005902,2026-09-17,1,0.7010677227875832,0.016266905332444896,0.23111858626924556,0.10862153841696438,-0.09995021996219666,-0.6214156805532033,-0.13504268134650818,BEAR,0.0037312806069251803,-0.055067714480944496,-0.1431797059925457,0.0037312806069251803,0.0037312806069251803,-0.055067714480944496,-0.055067714480944496,-0.1431797059925457,-0.1431797059925457,SPY,SPY,AVAILABLE,LOCAL_CURRENCY_ASSET_VS_USD_BENCHMARK_NOT_FX_HEDGED,0.02589241529737249,0.2863636363636364,0.24545454545454545,0.7090909090909091,0.37272727272727274,0.14545454545454545,0.4636363636363636,0.37272727272727274,0.36250000000000004,WEAKENING
207940.KS,Samsung Biologics,Biotech,KR,^KS11,CORE,1396000.0,-0.009226401703335663,-0.01897399859451865,-0.11308767471410419,0.0966221523959152,1410400.0,1484200.0,1464316.6666666667,-0.004448241097745832,0.0016944494266958362,-0.059425953375555896,-0.13345747982619494,-0.2974333165576245,2026-09-17,1,0.7304594340281036,0.025941465411379455,0.42995169082125606,0.08514946431438605,-0.12695434646654158,-0.9914524063384459,-0.5710222295098871,BEAR,0.017703733624672258,-0.12557366808789372,0.3509708731315475,0.017703733624672258,-0.025268231322869705,-0.12557366808789372,-0.08745502891235224,0.3509708731315475,-0.04501518989424924,^KS11,SPY,AVAILABLE,LOCAL_CURRENCY_ASSET_VS_USD_BENCHMARK_NOT_FX_HEDGED,0.0092979200840074,0.05909090909090909,0.9272727272727272,0.4909090909090909,0.2727272727272727,0.19090909090909092,0.3090909090909091,0.10909090909090909,0.36204545454545456,WEAKENING
URA,Uranium ETF,Uranium,US,SPY,CORE,42.68000030517578,0.0316654920742907,-0.051555548773871474,-0.05176623202055819,-0.06362442758620224,42.30799942016601,45.107999610900876,43.194166628519696,-0.0009848649889881952,-0.0007504770599846852,-0.05382635733503771,-0.14793371580832937,-0.31470775302321496,2026-09-17,1,0.9215603747110578,0.038291600431481124,0.10557306958978097,0.13668406594482324,-0.14471780348512076,-0.5432711205624541,-0.039983592657488715,BEAR,-0.05784978150222253,-0.043366338653117675,-0.10318379100945585,-0.05784978150222253,-0.05784978150222253,-0.043366338653117675,-0.043366338653117675,-0.10318379100945585,-0.10318379100945585,SPY,SPY,AVAILABLE,LOCAL_CURRENCY_ASSET_VS_USD_BENCHMARK_NOT_FX_HEDGED,-0.038613990768731926,0.3409090909090909,0.34545454545454546,0.09090909090909091,0.5909090909090909,0.45454545454545453,0.2863636363636364,0.5409090909090909,0.3552272727272727,WEAKENING
9888.HK,Baidu,Cloud_AI,HK,^HSI,CORE,87.3499984741211,-0.007950080106473578,-0.020190723734707983,-0.0520890176047345,-0.18440709879909334,88.54000091552734,91.48499984741211,101.26250025431315,-0.005862185010659104,-0.0042489194181099385,-0.045198681534544316,-0.10867348495794804,-0.4581265500757591,2026-09-17,1,0.9788601902578828,0.03732929486787485,0.13953499719220488,0.11472483986581147,-0.09199582905270354,-0.6209917898149653,-0.06335368115329407,BEAR,-0.022807714693302228,0.009522008753567568,-0.2180539959438461,-0.022807714693302228,-0.02648495646305904,0.009522008753567568,-0.020505037842475482,-0.2180539959438461,-0.22087506514746047,^HSI,SPY,AVAILABLE,LOCAL_CURRENCY_ASSET_VS_USD_BENCHMARK_NOT_FX_HEDGED,-0.007168469333524358,0.6363636363636364,0.1409090909090909,0.2636363636363636,0.14545454545454545,0.5727272727272728,0.07272727272727272,0.4818181818181818,0.3540909090909091,NEUTRAL
GS,Goldman Sachs,Financials,US,SPY,CORE,951.469970703125,0.014381959652948417,-0.06697593331829854,-0.0641316807561253,-0.12637520292635385,976.75,1014.4808532714844,1034.1854197184246,-0.0015000165298253323,-0.00045375567792987014,-0.06211145569200516,-0.1009760636209035,-0.17145738729485271,2026-09-17,1,1.6555344787598705,0.029633876293592855,0.21504763760633105,0.08945953817763176,-0.10983880108451416,-0.6137034161316566,-0.15416317503164248,BEAR,-0.0732701660466496,-0.055731787388684784,-0.16593456634960746,-0.0732701660466496,-0.0732701660466496,-0.055731787388684784,-0.055731787388684784,-0.16593456634960746,-0.16593456634960746,SPY,SPY,AVAILABLE,LOCAL_CURRENCY_ASSET_VS_USD_BENCHMARK_NOT_FX_HEDGED,-0.05094301312926722,0.2818181818181818,0.19090909090909092,0.05909090909090909,0.5363636363636364,0.9727272727272728,0.5227272727272727,0.3181818181818182,0.3525,WEAKENING
BAC,Bank of America,Financials,US,SPY,CORE,58.18000030517578,0.0048359027965090284,-0.07001280326034653,-0.07429409448264512,0.009788264450979911,59.55200042724609,61.40949649810791,61.10633500417074,-0.0021891952953490166,0.0021493747636449215,-0.052589524049128755,-0.088516392978232,-0.10352848399338421,2026-09-17,1,1.034916229481436,0.02409556475336461,0.3859280619634931,0.06927465165124906,-0.07874917392872938,-0.7458519597291351,-0.4138913038980674,BEAR,-0.07630703598869759,-0.06589420111520461,-0.029771098972273702,-0.07630703598869759,-0.07630703598869759,-0.06589420111520461,-0.06589420111520461,-0.029771098972273702,-0.029771098972273702,SPY,SPY,AVAILABLE,LOCAL_CURRENCY_ASSET_VS_USD_BENCHMARK_NOT_FX_HEDGED,-0.051439279639685254,0.21818181818181817,0.4681818181818182,0.05454545454545454,0.4681818181818182,0.6409090909090909,0.7,0.15,0.3522727272727273,WEAKENING
6503.T,Mitsubishi Electric,Power_Grid,JP,^N225,CORE,5164.0,0.0007751937984497026,0.013542688910696654,-0.08682581786030064,-0.153997378768021,5114.6,5342.05,5628.816666666667,-0.007569897394757232,-0.00161470397382999,-0.03332990144233028,-0.09068497974995593,-0.22763984445109187,2026-09-17,1,0.8050537612731901,0.030333628416509904,0.30178242163491087,0.09201444348073892,-0.11105216622458003,-0.7958789138532538,-0.2847651366798529,BEAR,0.017176746369679252,-0.06378534967741478,-0.048929829215301424,0.017176746369679252,0.007248456182345597,-0.06378534967741478,-0.07615958190290162,-0.048929829215301424,-0.16853090799385106,^N225,SPY,AVAILABLE,LOCAL_CURRENCY_ASSET_VS_USD_BENCHMARK_NOT_FX_HEDGED,0.03524914337577181,0.22272727272727272,0.43636363636363634,0.759090909090909,0.05909090909090909,0.2863636363636364,0.4,0.20909090909090908,0.35227272727272724,WEAKENING
6954.T,FANUC,Industrials,JP,^N225,CORE,5794.0,-0.007536827680712621,0.0,-0.05264879005886203,-0.22322027081378204,5771.8,5900.1,6490.066666666667,-0.005301489465009178,-0.003733005812416172,-0.01798274605515171,-0.06668814432989689,-0.34752252252252247,2026-09-17,1,0.6935792405592436,0.028958528527047684,0.2267605633802817,0.07575018184000118,-0.065402223675605,-0.5963951453290867,-0.157605816976842,BEAR,0.017014747665668906,-0.015627121689967605,-0.15005908051790862,0.017014747665668906,-0.006294232728351057,-0.015627121689967605,-0.03596758147999479,-0.15005908051790862,-0.25846908723440254,^N225,SPY,AVAILABLE,LOCAL_CURRENCY_ASSET_VS_USD_BENCHMARK_NOT_FX_HEDGED,0.013162197514715507,0.5181818181818182,0.22272727272727272,0.5818181818181818,0.19545454545454546,0.13636363636363635,0.2409090909090909,0.3090909090909091,0.3495454545454545,WEAKENING
7735.T,SCREEN Holdings,Semiconductor_Equipment,JP,^N225,CORE,12320.0,-0.027624309392265234,-0.05521472392638038,-0.05810397553516822,-0.23715170278637776,12298.0,13021.5,14796.416666666666,-0.004436431148759919,-0.0005203270863270238,-0.05387244173098338,-0.1215686274509804,-0.3768335862417804,2026-09-17,1,1.0643482463685978,0.04577342300556586,0.160676532769556,0.10572072854663432,-0.11738971928545383,-0.734070915214716,-0.08830761438613972,BEAR,-0.008156986444329162,-0.017211772687573124,-0.13862019886685495,-0.008156986444329162,-0.06150895665473144,-0.017211772687573124,-0.05685048599523024,-0.13862019886685495,-0.2711628626172644,^N225,SPY,AVAILABLE,LOCAL_CURRENCY_ASSET_VS_USD_BENCHMARK_NOT_FX_HEDGED,-0.04068873004258833,0.509090909090909,0.2545454545454545,0.08636363636363636,0.2772727272727273,0.6636363636363637,0.19545454545454546,0.43636363636363634,0.3484090909090909,WEAKENING
NVT,nVent Electric,Power_Grid,US,SPY,CORE,151.3300018310547,0.024923861068022246,-0.024747028312198105,-0.03537737684227893,-0.10001531801858166,150.96000061035156,152.78949966430665,157.17495422363282,-0.00462456442973907,-0.0015254849149264158,-0.009552343822439524,-0.07584731706226144,-0.17931968224993955,2026-09-17,1,0.7181975926317202,0.04438125863898506,0.07369536063163341,0.1471652414796441,-0.0979886031671301,-0.37141933186963527,-0.017715790212280275,BEAR,-0.031041261040549162,-0.026977483474838415,-0.13957468144183527,-0.031041261040549162,-0.031041261040549162,-0.026977483474838415,-0.026977483474838415,-0.13957468144183527,-0.13957468144183527,SPY,SPY,AVAILABLE,LOCAL_CURRENCY_ASSET_VS_USD_BENCHMARK_NOT_FX_HEDGED,-0.015902684101628373,0.44545454545454544,0.25,0.2,0.2681818181818182,0.16818181818181818,0.5045454545454545,0.5909090909090909,0.34454545454545454,WEAKENING
6762.T,TDK,Electronic_Components,JP,^N225,CORE,2806.0,-0.022980501392757646,-0.015611296263813412,-0.06808369312520757,-0.2883591174232818,2827.3,2934.4,3133.2166666666667,-0.005120344627732452,-0.004605722966896825,-0.043756815703380636,-0.10494417862838912,-0.34971031286210896,2026-09-17,1,0.9495192380859618,0.04063995519804501,0.2011776251226693,0.11317336267827328,-0.10829048843187661,-0.7389929840317488,-0.12102596731571148,BEAR,0.039880289541333935,-0.023094291918206444,-0.1766093187877713,0.039880289541333935,-0.02190552899216447,-0.023094291918206444,-0.05813370610029067,-0.1766093187877713,-0.29335310360181277,^N225,SPY,AVAILABLE,LOCAL_CURRENCY_ASSET_VS_USD_BENCHMARK_NOT_FX_HEDGED,0.0014096270174884795,0.4681818181818182,0.17727272727272728,0.36363636363636365,0.21363636363636362,0.5272727272727272,0.23636363636363636,0.39090909090909093,0.34386363636363637,WEAKENING
XLI,Industrials ETF,Industrials,US,SPY,CORE,169.00999450683594,0.0017781268509906578,-0.009029660025596797,-0.07111845374247072,-0.05130507832045905,169.7739990234375,174.48999938964843,179.8233329772949,-0.004033997563842134,-8.516826773182786e-05,-0.03140583931446561,-0.07152669537863976,-0.1019183149250561,2026-09-17,1,0.8102235977109219,0.015003326361179872,0.47749129516267796,0.03730248078262625,-0.07276719129674547,-0.6122214465561157,-0.9103534637641474,BEAR,-0.015323892753947854,-0.06271856037503021,-0.09086444174371267,-0.015323892753947854,-0.015323892753947854,-0.06271856037503021,-0.06271856037503021,-0.09086444174371267,-0.09086444174371267,SPY,SPY,AVAILABLE,LOCAL_CURRENCY_ASSET_VS_USD_BENCHMARK_NOT_FX_HEDGED,0.008749953410020883,0.22727272727272727,0.37272727272727274,0.4863636363636364,0.31363636363636366,0.29545454545454547,0.7090909090909091,0.05,0.3411363636363637,WEAKENING
ASML,ASML,Semiconductor_Equipment,EU,SPY,CORE,1629.6700439453125,0.01713252471203508,-0.03422957273909,-0.0696796526201916,-0.08247712113116912,1619.364013671875,1692.9155151367188,1740.0508646647136,-0.004334840434517626,-0.0007176764776846882,-0.03735890576104661,-0.0895698078517807,-0.18409483399645477,2026-09-17,1,1.1883328499727803,0.033306496325447944,0.21703401711371878,0.10657183595980599,-0.10748786230902929,-0.6543121489863694,-0.1419029219403923,BEAR,-0.040523805467441054,-0.06127975925275109,-0.12203648455442273,-0.040523805467441054,-0.040523805467441054,-0.06127975925275109,-0.06127975925275109,-0.12203648455442273,-0.12203648455442273,SPY,SPY,AVAILABLE,LOCAL_CURRENCY_ASSET_VS_USD_BENCHMARK_NOT_FX_HEDGED,-0.016809659584042097,0.2409090909090909,0.29545454545454547,0.19545454545454546,0.3,0.7772727272727272,0.4909090909090909,0.35,0.3404545454545454,WEAKENING
RTX,RTX,Defense,US,SPY,CORE,193.5399932861328,-0.016714974924126658,-0.023117312456754413,-0.12167012514076381,0.04180976608178977,195.7779968261719,203.37199935913085,205.06992823282877,-0.00602608137691765,0.0018665745269969972,-0.048344934917200044,-0.12222781774962033,-0.145179143343115,2026-09-17,1,0.9411484132448871,0.020309582074527495,0.6813214298039857,0.050447508417150524,-0.12167012514076381,-1.092964079790017,-1.6432221575714718,BEAR,-0.02941154518510547,-0.1132702317733233,0.0022504026585361547,-0.02941154518510547,-0.02941154518510547,-0.1132702317733233,-0.1132702317733233,0.0022504026585361547,0.0022504026585361547,SPY,SPY,AVAILABLE,LOCAL_CURRENCY_ASSET_VS_USD_BENCHMARK_NOT_FX_HEDGED,0.007300218828436539,0.1,0.5681818181818182,0.45454545454545453,0.1318181818181818,0.4909090909090909,0.5727272727272728,0.013636363636363636,0.32772727272727276,WEAKENING
HUBB,Hubbell,Power_Grid,US,SPY,CORE,443.2300109863281,0.009474579435432728,-0.02029131230846415,-0.06525212606509201,-0.12816005909688166,444.7220031738281,456.3014251708984,480.5425282796224,-0.005759070551021135,-0.0009468922703943473,-0.02864644610670386,-0.07372341444298447,-0.21142394672057574,2026-09-17,1,1.440165260327095,0.02814980116959586,0.2662067372008544,0.07074785527360014,-0.07516419498888638,-0.6131745150296916,-0.24552766310767396,BEAR,-0.026585545036815206,-0.056852232697651495,-0.16771942252013528,-0.026585545036815206,-0.026585545036815206,-0.056852232697651495,-0.056852232697651495,-0.16771942252013528,-0.16771942252013528,SPY,SPY,AVAILABLE,LOCAL_CURRENCY_ASSET_VS_USD_BENCHMARK_NOT_FX_HEDGED,-0.003978280792191147,0.2681818181818182,0.18636363636363637,0.3,0.15,0.9227272727272727,0.45,0.23636363636363636,0.3252272727272727,WEAKENING
7012.T,Kawasaki Heavy Industries,Defense,JP,^N225,CORE,2421.0,0.013606866234038062,0.03065134099616862,-0.09410664172123484,-0.21421616358325224,2370.3,2476.875,2684.625,-0.008127235924137565,-0.002790488287676271,-0.022558667676003008,-0.08916478555304741,-0.35305555678519884,2026-09-17,1,0.9590436607611426,0.035891308196140906,0.3072693952351863,0.0862046515007842,-0.13227315247895233,-0.8834362869191066,-0.33543538992249317,BEAR,0.006524568559806432,-0.08578644949553305,-0.1469667610730122,0.006524568559806432,0.024357108267817562,-0.08578644949553305,-0.08672251365928352,-0.1469667610730122,-0.25509972561169636,^N225,SPY,AVAILABLE,LOCAL_CURRENCY_ASSET_VS_USD_BENCHMARK_NOT_FX_HEDGED,0.05417800142647733,0.16818181818181818,0.23636363636363636,0.8863636363636364,0.045454545454545456,0.5363636363636364,0.2318181818181818,0.18181818181818182,0.32181818181818184,WEAKENING
GFS,GlobalFoundries,Foundry,US,SPY,CORE,45.84000015258789,0.06530331055094063,-0.0026109428693462666,-0.05640184386973934,-0.4495015972069837,44.422000122070315,45.27299976348877,55.24500001271566,-0.007770883846183141,-0.009689908590291802,0.012524029599567,-0.05737201016342641,-0.5039863959363207,2026-09-17,1,1.6566960619964262,0.04081899628881362,0.15239164339411318,0.1278165603749439,-0.12000826700932454,-0.8647082844015731,-0.06724613502784176,BEAR,-0.008905175597697323,-0.04800195050229883,-0.4890609606302373,-0.008905175597697323,-0.008905175597697323,-0.04800195050229883,-0.04800195050229883,-0.4890609606302373,-0.4890609606302373,SPY,SPY,AVAILABLE,LOCAL_CURRENCY_ASSET_VS_USD_BENCHMARK_NOT_FX_HEDGED,0.01148951809808857,0.32272727272727275,0.004545454545454545,0.5590909090909091,0.05454545454545454,0.9772727272727273,0.03636363636363636,0.4681818181818182,0.31909090909090915,WEAKENING
PAVE,US Infrastructure ETF,Power_Grid,US,SPY,CORE,52.90999984741211,0.00303317246278878,-0.00843329755982336,-0.06815778469681555,-0.08315551205422367,53.12000045776367,54.61350002288818,56.50632883707682,-0.00422579054852847,-0.0007414333521101977,-0.03119192461135334,-0.06708984034098009,-0.12290612300727022,2026-09-17,1,0.7644688174196487,0.017253010504976126,0.38816448734013753,0.044145594822259986,-0.07097567569455976,-0.5891740795899656,-0.599299469439666,BEAR,-0.014727530288174417,-0.059757891329375035,-0.12271487547747728,-0.014727530288174417,-0.014727530288174417,-0.059757891329375035,-0.059757891329375035,-0.12271487547747728,-0.12271487547747728,SPY,SPY,AVAILABLE,LOCAL_CURRENCY_ASSET_VS_USD_BENCHMARK_NOT_FX_HEDGED,0.008606148614380527,0.25,0.2909090909090909,0.4818181818181818,0.30454545454545456,0.23636363636363636,0.6272727272727273,0.09090909090909091,0.31886363636363635,WEAKENING
009150.KS,Samsung Electro-Mechanics,MLCC,KR,^KS11,CORE,1330000.0,-0.03692976104272272,-0.050000000000000044,-0.04727793696275073,-0.3316582914572864,1353000.0,1378100.0,1445100.0,-0.000761092265536153,-0.005548414889713209,-0.034903127494376296,-0.09830508474576272,-0.4497310715763343,2026-09-17,1,0.7501226993007188,0.0592373791621912,0.08029197080291971,0.15576654531918924,-0.0967078189300411,-0.7758821344436448,-0.02437005151816651,BEAR,0.030936292311776414,-0.04246431812842555,-0.11722159479162053,0.030936292311776414,-0.0562942327283511,-0.04246431812842555,-0.03269599704351844,-0.11722159479162053,-0.41669351157257095,^KS11,SPY,AVAILABLE,LOCAL_CURRENCY_ASSET_VS_USD_BENCHMARK_NOT_FX_HEDGED,-0.03818051575931236,0.35454545454545455,0.30454545454545456,0.09545454545454546,0.6454545454545455,0.20909090909090908,0.08636363636363636,0.5818181818181818,0.3161363636363636,WEAKENING
LIT,Lithium Battery Tech ETF,EV,US,SPY,CORE,70.9000015258789,0.015032255901148428,-0.01267227494294687,-0.04921547785925551,-0.09212321326271178,70.44599914550781,73.97549934387207,73.02302398681641,-0.00217936389225157,-0.0016932326273536719,-0.04157454623857071,-0.08634016855653126,-0.22586676752472878,2026-09-17,1,0.410475863808689,0.017338309836269324,0.2582688512197374,0.057924504732454266,-0.09438608892176859,-0.5169460979667884,-0.2194377835019908,BEAR,-0.018966507671297927,-0.040815584491814993,-0.1316825766859654,-0.018966507671297927,-0.018966507671297927,-0.040815584491814993,-0.040815584491814993,-0.1316825766859654,-0.1316825766859654,SPY,SPY,AVAILABLE,LOCAL_CURRENCY_ASSET_VS_USD_BENCHMARK_NOT_FX_HEDGED,-0.00036840547813299374,0.36818181818181817,0.2772727272727273,0.3409090909090909,0.4727272727272727,0.004545454545454545,0.41363636363636364,0.2590909090909091,0.3136363636363636,WEAKENING
ITA,Aerospace Defense ETF,Defense,US,SPY,CORE,213.8800048828125,-0.006457004515543874,-0.019201465399849793,-0.13009160859918945,-0.09240899624158372,215.68508605957032,225.52884063720703,236.56852340698242,-0.007063729079972414,-0.0004962196746167246,-0.051651202220886816,-0.12425688945076507,-0.16551857001248338,2026-09-17,1,1.390566799473396,0.01819883280672389,0.6795127348241009,0.049023822791285074,-0.13009160859918945,-1.1149169223015845,-1.8031826100802637,BEAR,-0.02549569812820085,-0.12169171523174893,-0.13196835966483733,-0.02549569812820085,-0.02549569812820085,-0.12169171523174893,-0.12169171523174893,-0.13196835966483733,-0.13196835966483733,SPY,SPY,AVAILABLE,LOCAL_CURRENCY_ASSET_VS_USD_BENCHMARK_NOT_FX_HEDGED,0.013321436749947568,0.07727272727272727,0.2727272727272727,0.5863636363636363,0.07272727272727272,0.8954545454545455,0.5363636363636364,0.004545454545454545,0.3127272727272727,WEAKENING
IFRA,US Infrastructure ETF,Power_Grid,US,SPY,CORE,56.959999084472656,0.005294727106750052,-0.01466963300709656,-0.05937642526149223,-0.08112841894038081,57.12552490234375,58.51741027832031,60.467006047566734,-0.002825581053383019,-0.0006563661865160347,-0.026614492788390676,-0.059994514599564175,-0.10944537549668354,2026-09-17,1,0.48384444161531576,0.013600509944625028,0.4354489537394563,0.03428124590124131,-0.06433053971581704,-0.545774527976165,-0.7542141942971098,BEAR,-0.020963865735447618,-0.05097653189405171,-0.12068778236363442,-0.020963865735447618,-0.020963865735447618,-0.05097653189405171,-0.05097653189405171,-0.12068778236363442,-0.12068778236363442,SPY,SPY,AVAILABLE,LOCAL_CURRENCY_ASSET_VS_USD_BENCHMARK_NOT_FX_HEDGED,0.00017447330827649599,0.31363636363636366,0.3,0.34545454545454546,0.42272727272727273,0.02727272727272727,0.6727272727272727,0.07272727272727272,0.30977272727272726,WEAKENING
PWR,Quanta Services,Power_Grid,US,SPY,CORE,616.5399780273438,-0.004424575539182629,-0.003539512405309808,-0.08985695152173434,-0.12196640967004302,624.35400390625,622.1945037841797,650.5874837239584,-0.004410714543065423,-0.002074328174036602,-0.009088035529798422,-0.09226902124220349,-0.21821342630641527,2026-09-17,1,0.7540105209344207,0.03506633039803273,0.246987125288335,0.10675139460113806,-0.11028766020478997,-0.8287426095864457,-0.20789901833553978,BEAR,-0.009833745133660865,-0.08145705815429383,-0.16152577309329663,-0.009833745133660865,-0.009833745133660865,-0.08145705815429383,-0.08145705815429383,-0.16152577309329663,-0.16152577309329663,SPY,SPY,AVAILABLE,LOCAL_CURRENCY_ASSET_VS_USD_BENCHMARK_NOT_FX_HEDGED,0.018924725475123777,0.18636363636363637,0.2,0.65,0.2818181818181818,0.22272727272727272,0.4409090909090909,0.2636363636363636,0.30500000000000005,WEAKENING
AVGO,Broadcom,AI_Semiconductor,US,SPY,CORE,347.29998779296875,0.022944766879543277,-0.037496880200634686,-0.04187823530476531,-0.08641327536746124,346.55799560546876,359.6389984130859,379.51033274332684,-0.006854603710389199,-0.0019996539876553417,-0.03430943438993905,-0.07777691608845017,-0.29727343811023166,2026-09-17,1,0.899237864081413,0.030786476842327964,0.14695082771161042,0.09111657899925445,-0.08685476338774512,-0.44874579708504125,-0.06754030285956195,BEAR,-0.04379111292898574,-0.033478341937324796,-0.12597263879071485,-0.04379111292898574,-0.04379111292898574,-0.033478341937324796,-0.033478341937324796,-0.12597263879071485,-0.12597263879071485,SPY,SPY,AVAILABLE,LOCAL_CURRENCY_ASSET_VS_USD_BENCHMARK_NOT_FX_HEDGED,-0.027027321374443358,0.39090909090909093,0.2818181818181818,0.13636363636363635,0.09090909090909091,0.4318181818181818,0.31363636363636366,0.4636363636363636,0.30454545454545456,WEAKENING
CIEN,Ciena,AI_Networking,US,SPY,CORE,344.25,0.011013215859030812,0.0289634221428674,-0.13823316156898258,-0.25138633156284707,337.652001953125,358.4030014038086,398.12150014241536,-0.011072941896164933,-0.005541069996323114,-0.03948907053895623,-0.177851549970384,-0.46000847872716455,2026-09-17,1,1.5200556157340792,0.0715447718801062,0.21111793920682057,0.20661828692525339,-0.2142662861316592,-1.4049920251329588,-0.14124354932361116,BEAR,0.022669189414516344,-0.12983326820154206,-0.2909456949861007,0.022669189414516344,0.022669189414516344,-0.12983326820154206,-0.12983326820154206,-0.2909456949861007,-0.2909456949861007,SPY,SPY,AVAILABLE,LOCAL_CURRENCY_ASSET_VS_USD_BENCHMARK_NOT_FX_HEDGED,0.06352171253511305,0.05,0.06818181818181818,0.9227272727272727,0.004545454545454545,0.9363636363636364,0.06818181818181818,0.35454545454545455,0.30090909090909096,WEAKENING
CCJ,Cameco,Uranium,CA,SPY,CORE,92.80000305175781,0.02090210664449743,-0.04742347776660316,-0.05286793353441155,-0.14776376552556225,92.97000122070312,98.92200050354003,95.74316685994467,-0.0009614198297670445,-0.0012573036895505672,-0.061887117331024255,-0.16801145517258786,-0.3138124868203399,2026-09-17,1,0.7895050169396127,0.03754619770884686,0.1166140893655531,0.13659612363971801,-0.15331593694947876,-0.5479747139554041,-0.04513412065788193,BEAR,-0.05371771049495422,-0.044468040166971035,-0.18732312894881586,-0.05371771049495422,-0.05371771049495422,-0.044468040166971035,-0.044468040166971035,-0.18732312894881586,-0.18732312894881586,SPY,SPY,AVAILABLE,LOCAL_CURRENCY_ASSET_VS_USD_BENCHMARK_NOT_FX_HEDGED,-0.034206494383000274,0.33636363636363636,0.1590909090909091,0.10454545454545454,0.5954545454545455,0.2590909090909091,0.29545454545454547,0.5136363636363637,0.29795454545454547,WEAKENING
8035.T,Tokyo Electron,Semiconductor_Equipment,JP,^N225,CORE,50970.0,-0.013929193267556594,-0.03484188600643823,-0.05646057015920025,-0.3013980263157895,51140.0,53789.0,60882.166666666664,-0.004930425452469113,-0.0027240164921129395,-0.05240848500622808,-0.11402746393186158,-0.3727541225695299,2026-09-17,1,1.0009382677142795,0.04600745536590151,0.19766688269604665,0.08665572557086886,-0.10258681785967394,-0.6900678662317874,-0.12878993078747408,BEAR,-0.018705433611987066,-0.03285267489612187,-0.21908027905558414,-0.018705433611987066,-0.041136118734789284,-0.03285267489612187,-0.05910833934386572,-0.21908027905558414,-0.3512862847300128,^N225,SPY,AVAILABLE,LOCAL_CURRENCY_ASSET_VS_USD_BENCHMARK_NOT_FX_HEDGED,-0.020726743466638164,0.40454545454545454,0.13636363636363635,0.17272727272727273,0.23636363636363636,0.6045454545454545,0.2,0.37727272727272726,0.29613636363636364,WEAKENING
HII,Huntington Ingalls,Defense,US,SPY,CORE,277.1400146484375,-0.0034160944369205914,-0.016082644808972923,-0.10690122105584487,-0.01780562611494718,278.8780029296875,287.9300872802734,293.420231628418,-0.007058373241906008,-0.00037145426766010476,-0.03747462703101534,-0.10402731812285537,-0.3920977472146604,2026-09-17,1,1.0970560297963907,0.024951254747813047,0.5757577362643999,0.0517806781955823,-0.10690122105584487,-0.9801250137841474,-1.1886519679509442,BEAR,-0.02237687753732398,-0.09850132768840436,-0.057364989538200795,-0.02237687753732398,-0.02237687753732398,-0.09850132768840436,-0.09850132768840436,-0.057364989538200795,-0.057364989538200795,SPY,SPY,AVAILABLE,LOCAL_CURRENCY_ASSET_VS_USD_BENCHMARK_NOT_FX_HEDGED,0.010642660454988295,0.11818181818181818,0.42272727272727273,0.5363636363636364,0.07727272727272727,0.7045454545454546,0.16818181818181818,0.01818181818181818,0.2913636363636364,WEAKENING
6857.T,Advantest,Semiconductor_Equipment,JP,^N225,CORE,30240.0,-0.014983713355048889,-0.10849056603773588,-0.14479638009049778,-0.03786191536748329,30780.0,33217.5,31933.083333333332,-0.00527583462850782,0.002944753567586119,-0.08963648679160086,-0.16279069767441856,-0.21920991479473273,2026-09-17,1,0.8474836411779524,0.05407927059712774,0.289920724801812,0.13289396514132418,-0.1598885793871866,-1.3206985624971086,-0.3158869661227529,BEAR,-0.0464396996317612,-0.10187486137134283,0.07082908739657834,-0.0464396996317612,-0.11478479876608694,-0.10187486137134283,-0.12809353895694553,0.07082908739657834,-0.02321916413782743,^N225,SPY,AVAILABLE,LOCAL_CURRENCY_ASSET_VS_USD_BENCHMARK_NOT_FX_HEDGED,-0.07229147101511144,0.10909090909090909,0.6818181818181818,0.00909090909090909,0.20454545454545456,0.34545454545454546,0.43636363636363634,0.19090909090909092,0.28272727272727277,WEAKENING
MCHP,Microchip Technology,Analog_Semiconductor,US,SPY,CORE,70.81999969482422,0.017675002466753575,-0.010617520491606691,-0.0756864153215977,-0.2360487940171201,71.51599884033203,73.08058052062988,78.91214663187662,-0.004673232290039911,-0.004165133876936369,-0.030932715773481334,-0.07974565791894006,-0.3239196220667372,2026-09-17,1,1.0117455147094545,0.03546214125713074,0.23577314455078843,0.08984589183580301,-0.09173991457199171,-0.8244065242537733,-0.19861591638226708,BEAR,-0.016911753219957748,-0.06728652195415719,-0.2756081574403737,-0.016911753219957748,-0.016911753219957748,-0.06728652195415719,-0.06728652195415719,-0.2756081574403737,-0.2756081574403737,SPY,SPY,AVAILABLE,LOCAL_CURRENCY_ASSET_VS_USD_BENCHMARK_NOT_FX_HEDGED,0.008304083338792734,0.20454545454545456,0.08181818181818182,0.4681818181818182,0.2590909090909091,0.6227272727272727,0.2772727272727273,0.2863636363636364,0.28227272727272723,WEAKENING
9988.HK,Alibaba,Cloud_AI,HK,^HSI,CORE,105.0999984741211,-0.01035780137222786,-0.016838194818192376,-0.1671949206367631,0.057344032804246936,106.37999877929687,110.77499961853027,112.30166651407878,-0.006980881239953218,-0.0006376945155913368,-0.05122998116860178,-0.19029278888219736,-0.43491978394715125,2026-09-17,1,0.5657884374986544,0.02956368646251394,0.5341774860879359,0.10684208790579001,-0.1671949206367631,-1.4767557434503928,-0.8359230350418683,BEAR,-0.01058387333734434,-0.11428275215170658,0.014241068564851966,-0.01058387333734434,-0.023132427546543433,-0.11428275215170658,-0.14538431712719124,0.014241068564851966,-0.0030829795673394944,^HSI,SPY,AVAILABLE,LOCAL_CURRENCY_ASSET_VS_USD_BENCHMARK_NOT_FX_HEDGED,0.024960535340998402,0.09545454545454546,0.6,0.7,0.08181818181818182,0.05454545454545454,0.11818181818181818,0.05909090909090909,0.2802272727272727,WEAKENING
TER,Teradyne,Semiconductor_Equipment,US,SPY,CORE,353.1300048828125,0.0351165504929285,-0.046084436224865355,-0.06949647921924762,-0.15913154704609467,347.2100036621094,358.16774291992186,372.50618540445964,-0.005935472143080165,-0.0015224071040404754,-0.01406530358105329,-0.08463798723954796,-0.27596144031378367,2026-09-17,1,1.0736754565811053,0.055448331396416924,0.11772159278515097,0.18810669425849993,-0.14201566339403449,-0.706966141835503,-0.04349253097503887,BEAR,-0.05237866895321641,-0.061096585851807106,-0.19869091046934828,-0.05237866895321641,-0.05237866895321641,-0.061096585851807106,-0.061096585851807106,-0.19869091046934828,-0.19869091046934828,SPY,SPY,AVAILABLE,LOCAL_CURRENCY_ASSET_VS_USD_BENCHMARK_NOT_FX_HEDGED,-0.02871031642005345,0.24545454545454545,0.15454545454545454,0.11818181818181818,0.1409090909090909,0.6727272727272727,0.3409090909090909,0.5227272727272727,0.2777272727272727,WEAKENING
6976.T,Taiyo Yuden,MLCC,JP,^N225,CORE,9000.0,-0.038872276804784334,-0.042858662129107716,-0.06474072534552633,-0.4683992911990549,9096.8,9163.0,11803.066666666668,-0.006613951839203102,-0.010138758916188427,-0.017788933755320313,-0.0947495473747737,-0.6260128817785164,2026-09-17,1,0.9405796265827234,0.06692857142857143,0.10655036770993671,0.174070758320324,-0.11298859934853422,-1.102355938804914,-0.03962841408825207,BEAR,0.062416218604592455,-0.011760637388186113,-0.3499149123837907,0.062416218604592455,-0.04915289485745877,-0.011760637388186113,-0.062423976134934,-0.3499149123837907,-0.568066760679959,^N225,SPY,AVAILABLE,LOCAL_CURRENCY_ASSET_VS_USD_BENCHMARK_NOT_FX_HEDGED,-0.026673480792726134,0.5454545454545454,0.02727272727272727,0.1409090909090909,0.1,0.4863636363636364,0.00909090909090909,0.5454545454545454,0.2770454545454546,WEAKENING
1347.HK,Hua Hong Semiconductor,Foundry,HK,^HSI,CORE,110.19999694824219,-0.01519217653668714,-0.02477878806865319,-0.01519217653668714,-0.42604168256123864,109.19999847412109,114.125,141.7533334096273,-0.009832047655352925,-0.003887412064100295,-0.034392140650670866,-0.1226114786064425,-0.4981785342196401,2026-09-17,1,0.5605598589167031,0.06066891929969633,0.023578417393319468,0.1746763588241133,-0.14065043131510413,-0.4227048729982902,-0.002050692388520037,BEAR,0.024891266010123925,0.014813692912338028,-0.3861479280699667,0.024891266010123925,-0.031073020797004247,0.014813692912338028,-0.0223828691122564,-0.3861479280699667,-0.354961150922377,^HSI,SPY,AVAILABLE,LOCAL_CURRENCY_ASSET_VS_USD_BENCHMARK_NOT_FX_HEDGED,-0.020980743934481405,0.6727272727272727,0.022727272727272728,0.16818181818181818,0.013636363636363636,0.05,0.045454545454545456,0.65,0.2738636363636364,NEUTRAL
KWEB,China Internet ETF,Internet_AI,US,SPY,CORE,24.399999618530273,0.006600653833452208,-0.0016366986355668134,-0.10360028530348597,-0.003674975640221567,24.489999771118164,25.526500129699706,26.33733336130778,-0.005293439638804681,-0.0006363288437895357,-0.04413062916755928,-0.094619705833769,-0.4030548932120952,2026-09-17,1,0.6534277937273025,0.01715455204894864,0.5108701736587901,0.05406476491753654,-0.10947831070569869,-0.9079765370484586,-0.9789424928568368,BEAR,-0.00793093136391787,-0.09520039193604546,-0.04323433906347518,-0.00793093136391787,-0.00793093136391787,-0.09520039193604546,-0.09520039193604546,-0.04323433906347518,-0.04323433906347518,SPY,SPY,AVAILABLE,LOCAL_CURRENCY_ASSET_VS_USD_BENCHMARK_NOT_FX_HEDGED,0.02426337269030468,0.12727272727272726,0.45454545454545453,0.6909090909090909,0.2,0.09545454545454546,0.14545454545454545,0.031818181818181815,0.2736363636363636,WEAKENING
5802.T,Sumitomo Electric,Power_Grid,JP,^N225,CORE,2052.5,0.002931834839970726,-0.02794222116978451,-0.07482533243182332,-0.3481540293767368,2035.8,2137.5,2339.891666666667,-0.005488650393919934,-0.006080261286609997,-0.039766081871345005,-0.1003725619110234,-0.44713804713804717,2026-09-17,1,1.102386604635167,0.042665738646250215,0.16533864541832669,0.12656235770156435,-0.11529933481152999,-0.8618538469952439,-0.09775038433169723,BEAR,-0.04658698101764713,-0.05249868072731523,-0.27710579557467396,-0.04658698101764713,-0.034236453898135566,-0.05249868072731523,-0.06286707495835131,-0.27710579557467396,-0.34828814644589434,^N225,SPY,AVAILABLE,LOCAL_CURRENCY_ASSET_VS_USD_BENCHMARK_NOT_FX_HEDGED,-0.009235888061828679,0.3090909090909091,0.07727272727272727,0.2545454545454545,0.17727272727272728,0.7136363636363636,0.1,0.42272727272727273,0.27227272727272733,WEAKENING
IFX.DE,Infineon Technologies,Semiconductor,EU,^STOXX,CORE,55.0,0.012332010792651005,-0.034240574834345394,-0.03913350127153237,-0.3172790259831274,55.54600067138672,55.896500205993654,63.61800028483073,-0.004957566578028114,-0.005925298271256842,-0.01603857491416827,-0.08149634236920089,-0.3808398191344833,2026-09-16,2,0.6876367627705634,0.04424676275872565,0.09341121803819946,0.1282228194924334,-0.07718579835664463,-0.5573394788847483,-0.028509028535977424,BEAR,-0.029056479601160756,-0.01641529755324722,-0.32115533494067583,-0.029056479601160756,-0.023288271117525405,-0.01641529755324722,-0.021673048863007804,-0.32115533494067583,-0.37299566796062933,^STOXX,SPY,AVAILABLE,LOCAL_CURRENCY_ASSET_VS_USD_BENCHMARK_NOT_FX_HEDGED,-0.024457199516462302,0.5136363636363637,0.045454545454545456,0.15,0.22727272727272727,0.1318181818181818,0.19090909090909092,0.5590909090909091,0.27090909090909093,WEAKENING
RHM.DE,Rheinmetall,Defense,EU,^STOXX,CORE,1013.0,-0.015166222006811725,0.0005926269967098108,-0.16543091180626446,-0.13166464838025582,1009.0599975585938,1085.0550018310546,1078.3716674804687,-0.006654820597127577,-0.001744797983189934,-0.06640677358240843,-0.1700802717829657,-0.4904752918627947,2026-09-16,2,0.9951287061461205,0.03841489986343825,0.4446412874360591,0.09843055111010059,-0.18388537177740116,-1.4397440069837626,-0.7473026695236128,BEAR,0.005776722229894449,-0.1427127080879793,-0.13554095733780425,0.005776722229894449,0.0115449307135298,-0.1427127080879793,-0.1479704593977399,-0.13554095733780425,-0.16128712192712025,^STOXX,SPY,AVAILABLE,LOCAL_CURRENCY_ASSET_VS_USD_BENCHMARK_NOT_FX_HEDGED,0.041950354948275925,0.02727272727272727,0.2636363636363636,0.8090909090909091,0.09545454545454546,0.5909090909090909,0.05454545454545454,0.07727272727272727,0.26272727272727275,WEAKENING
000270.KS,Kia,EV,KR,^KS11,CORE,120900.0,0.001657000828500399,-0.048031496062992174,-0.0778032036613272,-0.12008733624454149,122840.0,127255.0,135015.0,-0.00439769118880831,-0.004188049039965307,-0.049939098660170544,-0.10972017673048606,-0.4060827329094099,2026-09-17,1,0.7512230448350391,0.03296703296703297,0.24401913875598086,0.09470831855522076,-0.10526315789473684,-0.7990696320208546,-0.2004625468968024,BEAR,-0.0007891968269619909,-0.1306196379347908,0.060165876778334515,-0.0007891968269619909,-0.05432572879134323,-0.1306196379347908,-0.08257755024158209,0.060165876778334515,-0.259903953523567,^KS11,SPY,AVAILABLE,LOCAL_CURRENCY_ASSET_VS_USD_BENCHMARK_NOT_FX_HEDGED,-0.028580695147660373,0.045454545454545456,0.6636363636363637,0.12272727272727273,0.2909090909090909,0.21818181818181817,0.1409090909090909,0.2818181818181818,0.2556818181818182,WEAKENING
VRT,Vertiv,AI_Infrastructure,US,SPY,CORE,241.49000549316406,0.008688032242755828,-0.0265215443837421,-0.0745241248547428,-0.24117487535904014,241.97939758300782,257.94994049072267,279.7468104044596,-0.005682318126206879,-0.00288309594030969,-0.06381057877449137,-0.1821317203572601,-0.36410313172049813,2026-09-17,1,0.9490839521357848,0.06137577516601656,0.12160233812666475,0.17789854140514733,-0.19311097958652879,-0.7829504127449813,-0.050940877635087825,BEAR,-0.03281577711209316,-0.06612423148730229,-0.28073423878229375,-0.03281577711209316,-0.03281577711209316,-0.06612423148730229,-0.06612423148730229,-0.28073423878229375,-0.28073423878229375,SPY,SPY,AVAILABLE,LOCAL_CURRENCY_ASSET_VS_USD_BENCHMARK_NOT_FX_HEDGED,-0.007890513170056401,0.21363636363636362,0.07272727272727272,0.2590909090909091,0.1590909090909091,0.5227272727272727,0.21818181818181817,0.5,0.24681818181818183,WEAKENING
STMPA.PA,STMicroelectronics,Semiconductor,EU,^STOXX,CORE,42.60499954223633,0.019624259849674308,-0.045266116700586445,-0.059699884110999135,-0.32873800657279484,42.8879997253418,43.297000312805174,50.395250129699704,-0.004383114013718223,-0.006684070756962223,-0.015982649272914817,-0.08178883316471386,-0.3986591325362079,2026-09-16,2,0.8520702343032934,0.03835061715825228,0.17685532232013432,0.10430939470380572,-0.07890091932433307,-0.7581667690846507,-0.1012204344288099,BEAR,-0.04008202146740181,-0.03698168039271399,-0.33261431553034326,-0.04008202146740181,-0.034313812983766456,-0.03698168039271399,-0.04223943170247457,-0.33261431553034326,-0.3989836625332548,^STOXX,SPY,AVAILABLE,LOCAL_CURRENCY_ASSET_VS_USD_BENCHMARK_NOT_FX_HEDGED,-0.03034114567283666,0.38636363636363635,0.03636363636363636,0.11363636363636363,0.29545454545454547,0.35909090909090907,0.15454545454545454,0.41363636363636364,0.24318181818181817,WEAKENING
ENR.DE,Siemens Energy,Power_Grid,EU,^STOXX,CORE,137.1199951171875,0.030977406896146586,-0.05525702291709489,-0.11122636633318483,-0.15618464543269228,137.5720001220703,145.6050003051758,151.64466654459636,-0.005588661648778345,-0.0012063700909186671,-0.05827413323858688,-0.12917573180116204,-0.2845664588480037,2026-09-16,2,1.0563876390110667,0.0394440522069859,0.29464327821228814,0.1228965526857025,-0.14046905008548838,-0.9968301231033126,-0.26666412103407267,BEAR,-0.05007292768391025,-0.08850816261489969,-0.1600609543902407,-0.05007292768391025,-0.0443047192002749,-0.08850816261489969,-0.09376591392466027,-0.1600609543902407,-0.20228768832983512,^STOXX,SPY,AVAILABLE,LOCAL_CURRENCY_ASSET_VS_USD_BENCHMARK_NOT_FX_HEDGED,-0.02745043133379868,0.15454545454545454,0.20454545454545456,0.12727272727272726,0.16818181818181818,0.6590909090909091,0.33636363636363636,0.21818181818181817,0.23681818181818182,WEAKENING
ASM.AS,ASM International,Semiconductor_Equipment,EU,^STOXX,CORE,771.5999755859375,0.028799967447916686,-0.0794560196267855,-0.08404563957292199,-0.2237424792898013,786.3199951171875,810.4200012207032,860.8049997965495,-0.004400566874566527,-0.002602284497643965,-0.04790111988387824,-0.10174624495234286,-0.29372999946367273,2026-09-16,2,0.9464578458408663,0.04591572953501158,0.21960302934154,0.12870955962176156,-0.10968663548927604,-0.8070538524471125,-0.14339787275630086,BEAR,-0.07427192439360086,-0.06132743585463685,-0.2276187882473497,-0.07427192439360086,-0.06850371590996551,-0.06132743585463685,-0.06658518716439743,-0.2276187882473497,-0.2978704745993982,^STOXX,SPY,AVAILABLE,LOCAL_CURRENCY_ASSET_VS_USD_BENCHMARK_NOT_FX_HEDGED,-0.058444609733555,0.23636363636363636,0.12272727272727273,0.04090909090909091,0.2863636363636364,0.5136363636363637,0.3181818181818182,0.3409090909090909,0.2356818181818182,WEAKENING
ON,ON Semiconductor,Analog_Semiconductor,US,SPY,CORE,68.30000305175781,0.025525594843628818,-0.026649496451249588,-0.1081222065985793,-0.41653848901226387,71.1779998779297,72.46100006103515,82.982000096639,-0.00657865568376461,-0.008901691694878956,-0.057423952274636814,-0.10940147506265474,-0.4937740588594338,2026-09-17,1,1.8234651172232708,0.05190335432594948,0.2096202222606804,0.16499227573853537,-0.1303212734174486,-1.2112329626122293,-0.13736764874027302,BEAR,-0.032943729179600645,-0.09972231323113878,-0.4560978524355175,-0.032943729179600645,-0.032943729179600645,-0.09972231323113878,-0.09972231323113878,-0.4560978524355175,-0.4560978524355175,SPY,SPY,AVAILABLE,LOCAL_CURRENCY_ASSET_VS_USD_BENCHMARK_NOT_FX_HEDGED,0.00038105519839523594,0.11363636363636363,0.00909090909090909,0.35,0.10454545454545454,0.9818181818181818,0.05,0.36363636363636365,0.23272727272727275,WEAKENING
6723.T,Renesas Electronics,Semiconductor,JP,^N225,CORE,3168.0,-0.022222222222222254,-0.04578313253012045,-0.0867685211876621,-0.33361379890618426,3186.2,3308.15,3868.7166666666667,-0.007426494034343442,-0.004839480893842294,-0.042365068089415536,-0.1263099834528406,-0.4004542013626041,2026-09-17,1,0.9598326918184965,0.04534181096681097,0.2784458834412581,0.09310098708671918,-0.09051599884692996,-0.9330825191928229,-0.2595067817539451,BEAR,-0.003899700403361961,-0.042641563637044966,-0.24074654880558788,-0.003899700403361961,-0.05207736525847151,-0.042641563637044966,-0.07652211703117295,-0.24074654880558788,-0.32497522985428917,^N225,SPY,AVAILABLE,LOCAL_CURRENCY_ASSET_VS_USD_BENCHMARK_NOT_FX_HEDGED,-0.024091002233204928,0.35,0.11363636363636363,0.15454545454545454,0.06363636363636363,0.5409090909090909,0.15,0.22727272727272727,0.2315909090909091,WEAKENING
5803.T,Fujikura,AI_Networking,JP,^N225,CORE,4867.0,0.0057863194874974155,-0.0656555960837013,-0.0887474255757349,-0.24973022969014957,4853.2,5146.05,5133.633333333333,-0.006312897942378643,0.0017563187993340878,-0.054226056878576845,-0.12918232241903738,-0.3864868271776125,2026-09-17,1,0.7116711134440182,0.05669376852857437,0.13875878220140514,0.1705715008777402,-0.13808139534883723,-0.9097604903580767,-0.07219544081531774,BEAR,-0.10033588862481702,-0.0702960595541059,-0.09805172186129163,-0.10033588862481702,-0.07194982881205236,-0.0702960595541059,-0.07812413065658352,-0.09805172186129163,0.06977201796626065,^N225,SPY,AVAILABLE,LOCAL_CURRENCY_ASSET_VS_USD_BENCHMARK_NOT_FX_HEDGED,-0.04346873968976758,0.2,0.35909090909090907,0.07727272727272727,0.11818181818181818,0.15454545454545454,0.17727272727272728,0.45,0.22340909090909092,WEAKENING
0981.HK,SMIC,Foundry,HK,^HSI,CORE,62.400001525878906,-0.019638648390161828,-0.016548451133728603,-0.134535328065559,-0.2641509518838936,62.25000076293945,66.73500022888183,70.84250024159749,-0.005316089739359092,-0.002240169715091578,-0.06495839796411373,-0.15561569367455064,-0.3326203045360545,2026-09-17,1,0.6328889364455546,0.03954899520020619,0.33680523545674085,0.12389286725157682,-0.16206896551724137,-1.2205574813901696,-0.3657369778549037,BEAR,0.0014338592906874004,-0.09743738323713291,-0.2414302812473469,0.0014338592906874004,-0.02284268386207966,-0.09743738323713291,-0.13680556518216347,-0.2414302812473469,-0.23358840139725445,^HSI,SPY,AVAILABLE,LOCAL_CURRENCY_ASSET_VS_USD_BENCHMARK_NOT_FX_HEDGED,0.01708538088266115,0.12272727272727273,0.10909090909090909,0.6409090909090909,0.19090909090909092,0.09090909090909091,0.2590909090909091,0.16363636363636364,0.2190909090909091,WEAKENING
NRG,NRG Energy,Power,US,SPY,CORE,106.2300033569336,-0.010709572787289012,-0.04854454182599388,-0.11900811292263003,-0.22557689152398142,108.30599975585938,112.26500015258789,125.64116299947104,-0.0039011971978261356,-0.002204577190897971,-0.053756707677830806,-0.1269723611891297,-0.43707327468784374,2026-09-17,1,1.1936780760824477,0.04026303799113321,0.28855825273476193,0.11842558161555877,-0.12099853827940132,-1.084486545620654,-0.2899776607194105,BEAR,-0.05483877455434494,-0.11060821955518951,-0.26513625494723503,-0.05483877455434494,-0.05483877455434494,-0.11060821955518951,-0.11060821955518951,-0.26513625494723503,-0.26513625494723503,SPY,SPY,AVAILABLE,LOCAL_CURRENCY_ASSET_VS_USD_BENCHMARK_NOT_FX_HEDGED,-0.018792513595336374,0.10454545454545454,0.09545454545454546,0.18636363636363637,0.32727272727272727,0.7909090909090909,0.10454545454545454,0.20454545454545456,0.2159090909090909,WEAKENING
WDC,Western Digital,Memory,US,SPY,CORE,423.8699951171875,0.01654793840392421,-0.08040266015985165,-0.0824167105219521,-0.36786272689133415,425.3839965820313,450.4773284912109,503.45069986979166,-0.0033746470399548026,-0.003885399037114754,-0.05906475574062664,-0.1445437779344645,-0.46990625709292166,2026-09-17,1,1.1607534819642278,0.05375114076488945,0.16959273567446043,0.13537349627643863,-0.14580743033550292,-0.8968775313664291,-0.1032497186462979,BEAR,-0.0866968928882027,-0.07401681715451158,-0.40742209031458776,-0.0866968928882027,-0.0866968928882027,-0.07401681715451158,-0.07401681715451158,-0.40742209031458776,-0.40742209031458776,SPY,SPY,AVAILABLE,LOCAL_CURRENCY_ASSET_VS_USD_BENCHMARK_NOT_FX_HEDGED,-0.05979848252936362,0.19090909090909092,0.013636363636363636,0.031818181818181815,0.36818181818181817,0.7636363636363637,0.06363636363636363,0.4090909090909091,0.21568181818181822,WEAKENING
XAR,Aerospace Defense ETF,Defense,US,SPY,CORE,241.32000732421875,-0.004003409091553167,-0.013651582963692621,-0.15058077388322688,-0.12349265979773627,242.78600158691407,254.6824981689453,269.1311660766602,-0.008810097875755511,-0.0015182752676839526,-0.05246725213077841,-0.14422491690699213,-0.18963027502712393,2026-09-17,1,0.5825136834513125,0.021444553393637905,0.7064075894917831,0.06146080921478097,-0.15058077388322688,-1.2797378670799107,-1.730719182868745,BEAR,-0.019945815692043678,-0.14218088051578637,-0.16305202322098988,-0.019945815692043678,-0.019945815692043678,-0.14218088051578637,-0.14218088051578637,-0.16305202322098988,-0.16305202322098988,SPY,SPY,AVAILABLE,LOCAL_CURRENCY_ASSET_VS_USD_BENCHMARK_NOT_FX_HEDGED,0.0239936105071141,0.031818181818181815,0.19545454545454546,0.6863636363636364,0.02727272727272727,0.06818181818181818,0.4863636363636364,0.00909090909090909,0.20909090909090908,WEAKENING
9868.HK,XPeng,EV,HK,^HSI,CORE,41.18000030517578,0.01880262668627175,-0.010096110200739306,-0.13885402409082648,-0.16198614536713785,41.06800003051758,43.41299991607666,47.450666681925455,-0.005233185971887254,-0.005634845712678474,-0.051436196881523344,-0.15162753340610646,-0.6283393576628383,2026-09-17,1,0.5396803838494143,0.035141889242503506,0.3487393072320537,0.14314868574249262,-0.16049891166128405,-1.3332448154472805,-0.33827663814480596,BEAR,-0.022241403912155566,-0.08951195207956808,-0.2401466232845635,-0.022241403912155566,-0.016390342929090362,-0.08951195207956808,-0.09521348198790391,-0.2401466232845635,-0.22562683093938685,^HSI,SPY,AVAILABLE,LOCAL_CURRENCY_ASSET_VS_USD_BENCHMARK_NOT_FX_HEDGED,0.024617395821967314,0.14545454545454545,0.11818181818181818,0.6954545454545454,0.20909090909090908,0.03636363636363636,0.004545454545454545,0.17727272727272728,0.20704545454545453,WEAKENING
4004.T,Resonac Holdings,Semiconductor_Materials,JP,^N225,CORE,13560.0,-0.04033970276008492,-0.15276476101218373,-0.14957666980244588,-0.2610354223433242,13827.0,15415.75,15663.75,-0.006162197477059252,-0.0020488707570169447,-0.12038013071047471,-0.20188346085932907,-0.3383752134666992,2026-09-17,1,1.0291863653044924,0.0666087231352718,0.26397343663530715,0.1745741890230571,-0.18938480096501809,-1.3616005924031187,-0.2261747156849245,BEAR,-0.10199710795572758,-0.08983753499180769,-0.15229893437971442,-0.10199710795572758,-0.15905899374053478,-0.08983753499180769,-0.13876991795331417,-0.15229893437971442,-0.2850826143264945,^N225,SPY,AVAILABLE,LOCAL_CURRENCY_ASSET_VS_USD_BENCHMARK_NOT_FX_HEDGED,-0.11537059356157225,0.1409090909090909,0.21818181818181817,0.004545454545454545,0.12272727272727273,0.6318181818181818,0.25,0.25,0.205,WEAKENING
064350.KS,Hyundai Rotem,Defense,KR,^KS11,CORE,122300.0,0.023430962343096162,-0.012913640032284124,-0.10860058309037901,-0.36828512396694213,122340.0,128490.0,148076.66666666666,-0.007780264318265641,-0.007479452843614484,-0.048174955249435714,-0.1344656758669498,-0.5663120567375887,2026-09-17,1,0.799727561008178,0.04298563251956547,0.3022312373225152,0.11202641146533496,-0.14090582314881384,-1.1802882048938224,-0.29298884229196565,BEAR,-0.005021354470612693,-0.16139595510335414,-0.14983642767575323,-0.005021354470612693,-0.01920787276063518,-0.16139595510335414,-0.09431470677929465,-0.14983642767575323,-0.44298837510147704,^KS11,SPY,AVAILABLE,LOCAL_CURRENCY_ASSET_VS_USD_BENCHMARK_NOT_FX_HEDGED,0.014236505740310629,0.013636363636363636,0.22727272727272727,0.6,0.05,0.2772727272727273,0.013636363636363636,0.2,0.1929545454545455,WEAKENING
UEC,Uranium Energy,Uranium,US,SPY,CORE,10.119999885559082,0.003968250213867153,-0.08166974000173777,-0.12983664780939042,-0.10758379635033721,10.218000030517578,11.647000074386597,10.79416667620341,-0.0021593780770587153,-0.000785156257111392,-0.13110673813642404,-0.26666668509515556,-0.5024582197816996,2026-09-17,1,0.7393968357948544,0.060629596297298846,0.18573186106996378,0.21947579891294128,-0.25991189365621026,-1.2474867510619936,-0.10987453902509339,BEAR,-0.08796397273008882,-0.1214367544419499,-0.14714315977359083,-0.08796397273008882,-0.08796397273008882,-0.1214367544419499,-0.1214367544419499,-0.14714315977359083,-0.14714315977359083,SPY,SPY,AVAILABLE,LOCAL_CURRENCY_ASSET_VS_USD_BENCHMARK_NOT_FX_HEDGED,-0.04921057804939016,0.08181818181818182,0.2318181818181818,0.06363636363636363,0.4772727272727273,0.20454545454545456,0.04090909090909091,0.39545454545454545,0.18818181818181817,WEAKENING
KLAC,KLA,Semiconductor_Equipment,US,SPY,CORE,168.97999572753906,0.009679703102769333,-0.046280603269056586,-0.09766651427161588,-0.30806586370795574,170.81799926757813,177.9099998474121,203.0236333211263,-0.0069306090299138335,-0.003476367069884217,-0.05019394147339684,-0.11468538769652481,-0.44961773698723007,2026-09-17,1,1.1109539057201305,0.04525895289018069,0.26449761618636597,0.12593088626165788,-0.11440361734560534,-1.0057970160602685,-0.20513283891609774,BEAR,-0.05257483599740764,-0.08926662090417536,-0.34762522713120936,-0.05257483599740764,-0.05257483599740764,-0.08926662090417536,-0.08926662090417536,-0.34762522713120936,-0.34762522713120936,SPY,SPY,AVAILABLE,LOCAL_CURRENCY_ASSET_VS_USD_BENCHMARK_NOT_FX_HEDGED,-0.021863974701152616,0.15,0.031818181818181815,0.16363636363636364,0.08636363636363636,0.7181818181818181,0.09090909090909091,0.2727272727272727,0.18522727272727274,WEAKENING
LRCX,Lam Research,Semiconductor_Equipment,US,SPY,CORE,269.30999755859375,0.00029709381941711577,-0.09630553091019611,-0.12325427031974157,-0.27474212345578364,276.2239990234375,298.92150115966797,319.7699996948242,-0.005483679997992126,-0.002244083395003233,-0.09906113640603365,-0.1641786266701155,-0.3858380899461944,2026-09-17,1,1.344406391094582,0.051326917395474576,0.27699768260043534,0.14286301601987647,-0.15975906715000288,-1.1604164405863058,-0.23897820583898347,BEAR,-0.10259976363854717,-0.11485437695230105,-0.31430148687903725,-0.10259976363854717,-0.10259976363854717,-0.11485437695230105,-0.11485437695230105,-0.31430148687903725,-0.31430148687903725,SPY,SPY,AVAILABLE,LOCAL_CURRENCY_ASSET_VS_USD_BENCHMARK_NOT_FX_HEDGED,-0.06549196333026072,0.09090909090909091,0.05454545454545454,0.022727272727272728,0.18181818181818182,0.8772727272727273,0.18181818181818182,0.2409090909090909,0.18522727272727274,WEAKENING
6506.T,Yaskawa Electric,Industrials,JP,^N225,CORE,4299.0,-0.013990825688073416,-0.030009025270758105,-0.1377802273607317,-0.39478341206425327,4311.0,4599.385034179688,5374.100480143229,-0.009432981943167969,-0.006065477356145113,-0.0653098255413318,-0.14846050854942194,-0.45281998732978235,2026-09-17,1,0.8975908070919537,0.03530721430232944,0.5233117374391569,0.08072354538427068,-0.13838191596690008,-1.4524445181800187,-0.8931967720406387,BEAR,-0.013031872720861704,-0.08738619067405129,-0.3096834992853177,-0.013031872720861704,-0.03630325799910916,-0.08738619067405129,-0.11293716977619872,-0.3096834992853177,-0.4241164336601113,^N225,SPY,AVAILABLE,LOCAL_CURRENCY_ASSET_VS_USD_BENCHMARK_NOT_FX_HEDGED,0.00443603156942482,0.16363636363636364,0.05909090909090909,0.39545454545454545,0.01818181818181818,0.42272727272727273,0.08181818181818182,0.05454545454545454,0.16977272727272727,WEAKENING
ALB,Albemarle,EV,US,SPY,CORE,115.05000305175781,0.05097288543739764,-0.05464251489926131,-0.14032168285365265,-0.2303133108468015,114.10399932861328,128.39255294799804,126.86828676859538,-0.004718195498881432,-0.004124437065139352,-0.10391996724018937,-0.19868383981054216,-0.47632454283848613,2026-09-17,1,0.9154309201302049,0.04909433758016803,0.274430294278459,0.14419090073041227,-0.2332369654924753,-1.4020065294950343,-0.26706623319577055,BEAR,-0.060936747627612364,-0.13192178948621214,-0.2698726742700551,-0.060936747627612364,-0.060936747627612364,-0.13192178948621214,-0.13192178948621214,-0.2698726742700551,-0.2698726742700551,SPY,SPY,AVAILABLE,LOCAL_CURRENCY_ASSET_VS_USD_BENCHMARK_NOT_FX_HEDGED,-0.019562094185848145,0.04090909090909091,0.09090909090909091,0.18181818181818182,0.2545454545454545,0.4409090909090909,0.05909090909090909,0.21363636363636362,0.15250000000000002,WEAKENING
6146.T,Disco,Semiconductor_Equipment,JP,^N225,CORE,50590.0,-0.008039215686274526,-0.05580440462859271,-0.1613063660477454,-0.38952576324363464,51280.0,55810.5,63809.333333333336,-0.009315559740507648,-0.004749687522417388,-0.09353974610512361,-0.19672912035566847,-0.4481893542757417,2026-09-17,1,1.0351965343131095,0.04602829469403891,0.5360881542699725,0.09347928895442274,-0.17632692933897753,-1.519198826862234,-0.9250651455927774,BEAR,-0.029605178311292057,-0.12510312565635273,-0.30707471929043306,-0.029605178311292057,-0.062098637356943764,-0.12510312565635273,-0.1450472284531753,-0.30707471929043306,-0.4259924665298386,^N225,SPY,AVAILABLE,LOCAL_CURRENCY_ASSET_VS_USD_BENCHMARK_NOT_FX_HEDGED,-0.015477813116656358,0.06818181818181818,0.06363636363636363,0.20454545454545456,0.022727272727272728,0.6454545454545455,0.09545454545454546,0.04090909090909091,0.14090909090909093,WEAKENING
005380.KS,Hyundai Motor,EV,KR,^KS11,CORE,363000.0,0.0027624309392264568,-0.06683804627249357,-0.12504293436014247,-0.28513782082486583,369200.0,389629.271875,415951.43802083336,-0.004823079293065326,-0.009369444680359211,-0.06834515216696324,-0.15830745984247396,-0.5334679854612931,2026-09-17,1,0.7119876188639761,0.03345139708776072,0.4259601474469538,0.08712304150656947,-0.13470726939265254,-1.4457851185916466,-0.6113572923556596,BEAR,-0.019692250584807725,-0.1582151486811778,-0.1100578732193731,-0.019692250584807725,-0.07313227900084462,-0.1582151486811778,-0.10924609307639332,-0.1100578732193731,-0.41342771244243126,^KS11,SPY,AVAILABLE,LOCAL_CURRENCY_ASSET_VS_USD_BENCHMARK_NOT_FX_HEDGED,-0.03557731268245795,0.01818181818181818,0.32727272727272727,0.1,0.25,0.1590909090909091,0.031818181818181815,0.08636363636363636,0.13772727272727273,WEAKENING
BESI.AS,BE Semiconductor Industries,Semiconductor_Equipment,EU,^STOXX,CORE,178.85000610351562,0.014176353351144977,-0.05345324693227271,-0.1954565737820786,-0.3974056150289619,180.9000030517578,194.0724998474121,223.65500055948894,-0.010204989567988255,-0.007111499720364642,-0.0784371498067219,-0.20156247275216244,-0.45538973986737863,2026-09-16,2,1.0458498757329575,0.04357204077554891,0.4746039923524385,0.12092885750136731,-0.2085020488853705,-1.8387639910211266,-0.7670995340996635,BEAR,-0.048269151699088075,-0.17273837006379344,-0.4012819239865103,-0.048269151699088075,-0.042500943215452724,-0.17273837006379344,-0.17799612137355403,-0.4012819239865103,-0.45459422564664265,^STOXX,SPY,AVAILABLE,LOCAL_CURRENCY_ASSET_VS_USD_BENCHMARK_NOT_FX_HEDGED,-0.0045891034867530656,0.00909090909090909,0.01818181818181818,0.2863636363636364,0.00909090909090909,0.6545454545454545,0.07727272727272727,0.06818181818181818,0.12977272727272726,WEAKENING
AMAT,Applied Materials,Semiconductor_Equipment,US,SPY,CORE,417.3999938964844,0.004862990490458907,-0.08063702359346647,-0.15785654595997367,-0.28680565513638034,426.92999877929685,456.8085021972656,524.1555028279622,-0.008614444522802533,-0.002016178901142193,-0.08626920933219251,-0.17100299126815421,-0.43509087943625824,2026-09-17,1,1.1240554570845878,0.04156341603066531,0.46755156889174276,0.11318586992166908,-0.16289471788998255,-1.486906621642262,-0.6520785304251767,BEAR,-0.08693125632181753,-0.14945665259253316,-0.32636501855963396,-0.08693125632181753,-0.08693125632181753,-0.14945665259253316,-0.14945665259253316,-0.32636501855963396,-0.32636501855963396,SPY,SPY,AVAILABLE,LOCAL_CURRENCY_ASSET_VS_USD_BENCHMARK_NOT_FX_HEDGED,-0.041172887103473055,0.022727272727272728,0.04090909090909091,0.08181818181818182,0.031818181818181815,0.7318181818181818,0.11363636363636363,0.08181818181818182,0.12204545454545455,WEAKENING
