code,ticker,name,industry,exchange,market,listed_date,cfi_code,benchmark,theme,region,source
1240,1240.TWO,茂生農經,農業科技業,TPEX,上櫃,2018/08/08,ESVUFR,^TWII,農業科技業,TW,TWSE_ISIN
1259,1259.TWO,安心,觀光餐旅,TPEX,上櫃,2011/12/15,ESVUFR,^TWII,觀光餐旅,TW,TWSE_ISIN
1264,1264.TWO,德麥,食品工業,TPEX,上櫃,2015/04/09,ESVUFR,^TWII,食品工業,TW,TWSE_ISIN
1268,1268.TWO,漢來美食,觀光餐旅,TPEX,上櫃,2017/09/27,ESVUFR,^TWII,觀光餐旅,TW,TWSE_ISIN
1294,1294.TWO,漢田生技,食品工業,TPEX,上櫃,2024/09/26,ESVUFR,^TWII,食品工業,TW,TWSE_ISIN
1295,1295.TWO,生合,食品工業,TPEX,上櫃,2025/05/27,ESVUFR,^TWII,食品工業,TW,TWSE_ISIN
1336,1336.TWO,台翰,電子零組件業,TPEX,上櫃,2007/11/02,ESVUFR,^TWII,電子零組件業,TW,TWSE_ISIN
1565,1565.TWO,精華,生技醫療業,TPEX,上櫃,2004/03/30,ESVUFR,^TWII,生技醫療業,TW,TWSE_ISIN
1569,1569.TWO,濱川,電腦及週邊設備業,TPEX,上櫃,2005/07/29,ESVUFR,^TWII,電腦及週邊設備業,TW,TWSE_ISIN
1570,1570.TWO,力肯,電機機械,TPEX,上櫃,2005/06/30,ESVUFR,^TWII,電機機械,TW,TWSE_ISIN
1580,1580.TWO,新麥,電機機械,TPEX,上櫃,2007/12/10,ESVUFR,^TWII,電機機械,TW,TWSE_ISIN
1584,1584.TWO,精剛,其他業,TPEX,上櫃,2007/11/28,ESVUFR,^TWII,其他業,TW,TWSE_ISIN
1586,1586.TWO,和勤,電機機械,TPEX,上櫃,2012/01/09,ESVUFR,^TWII,電機機械,TW,TWSE_ISIN
1591,1591.TWO,駿吉-KY,電機機械,TPEX,上櫃,2012/03/23,ESVUFR,^TWII,電機機械,TW,TWSE_ISIN
1593,1593.TWO,祺驊,運動休閒,TPEX,上櫃,2012/06/13,ESVUFR,^TWII,運動休閒,TW,TWSE_ISIN
1595,1595.TWO,川寶,半導體業,TPEX,上櫃,2011/10/04,ESVUFR,^TWII,半導體業,TW,TWSE_ISIN
1599,1599.TWO,宏佳騰,電機機械,TPEX,上櫃,2012/12/25,ESVUFR,^TWII,電機機械,TW,TWSE_ISIN
1742,1742.TWO,台蠟,化學工業,TPEX,上櫃,2004/05/14,ESVUFR,^TWII,化學工業,TW,TWSE_ISIN
1777,1777.TWO,生泰,生技醫療業,TPEX,上櫃,2005/10/19,ESVUFR,^TWII,生技醫療業,TW,TWSE_ISIN
1780,1780.TWO,立弘,食品工業,TPEX,上櫃,2010/04/29,ESVUFR,^TWII,食品工業,TW,TWSE_ISIN
1781,1781.TWO,合世,生技醫療業,TPEX,上櫃,2004/12/24,ESVUFR,^TWII,生技醫療業,TW,TWSE_ISIN
1784,1784.TWO,訊聯,生技醫療業,TPEX,上櫃,2007/07/26,ESVUFR,^TWII,生技醫療業,TW,TWSE_ISIN
1785,1785.TWO,光洋科,其他電子業,TPEX,上櫃,2005/01/31,ESVUFR,^TWII,其他電子業,TW,TWSE_ISIN
1788,1788.TWO,杏昌,生技醫療業,TPEX,上櫃,2009/07/20,ESVUFR,^TWII,生技醫療業,TW,TWSE_ISIN
1796,1796.TWO,金穎生技,食品工業,TPEX,上櫃,2018/01/22,ESVUFR,^TWII,食品工業,TW,TWSE_ISIN
1799,1799.TWO,易威,生技醫療業,TPEX,上櫃,2008/11/10,ESVUFR,^TWII,生技醫療業,TW,TWSE_ISIN
1813,1813.TWO,寶利徠,生技醫療業,TPEX,上櫃,2009/08/04,ESVUFR,^TWII,生技醫療業,TW,TWSE_ISIN
1815,1815.TWO,富喬,電子零組件業,TPEX,上櫃,2006/01/23,ESVUFR,^TWII,電子零組件業,TW,TWSE_ISIN
2035,2035.TWO,唐榮,鋼鐵工業,TPEX,上櫃,2006/07/07,ESVUFR,^TWII,鋼鐵工業,TW,TWSE_ISIN
2061,2061.TWO,風青,電器電纜,TPEX,上櫃,2010/12/09,ESVUFR,^TWII,電器電纜,TW,TWSE_ISIN
2063,2063.TWO,世鎧,鋼鐵工業,TPEX,上櫃,2010/09/07,ESVUFR,^TWII,鋼鐵工業,TW,TWSE_ISIN
2064,2064.TWO,晉椿,鋼鐵工業,TPEX,上櫃,2014/12/26,ESVUFR,^TWII,鋼鐵工業,TW,TWSE_ISIN
2065,2065.TWO,世豐,鋼鐵工業,TPEX,上櫃,2017/04/21,ESVUFR,^TWII,鋼鐵工業,TW,TWSE_ISIN
2066,2066.TWO,世德,電機機械,TPEX,上櫃,2013/09/24,ESVUFR,^TWII,電機機械,TW,TWSE_ISIN
2067,2067.TWO,嘉鋼,電機機械,TPEX,上櫃,2014/05/26,ESVUFR,^TWII,電機機械,TW,TWSE_ISIN
2070,2070.TWO,精湛,電機機械,TPEX,上櫃,2018/12/17,ESVUFR,^TWII,電機機械,TW,TWSE_ISIN
2073,2073.TWO,雄順,鋼鐵工業,TPEX,上櫃,2023/06/21,ESVUFR,^TWII,鋼鐵工業,TW,TWSE_ISIN
2221,2221.TWO,大甲,其他業,TPEX,上櫃,2007/08/01,ESVUFR,^TWII,其他業,TW,TWSE_ISIN
2230,2230.TWO,泰茂,居家生活,TPEX,上櫃,2013/04/18,ESVUFR,^TWII,居家生活,TW,TWSE_ISIN
2235,2235.TWO,謚源,電機機械,TPEX,上櫃,2014/12/15,ESVUFR,^TWII,電機機械,TW,TWSE_ISIN
2596,2596.TWO,綠意,建材營造業,TPEX,上櫃,2009/06/01,ESVUFR,^TWII,建材營造業,TW,TWSE_ISIN
2640,2640.TWO,大車隊,數位雲端,TPEX,上櫃,2012/11/07,ESVUFR,^TWII,數位雲端,TW,TWSE_ISIN
2641,2641.TWO,正德,航運業,TPEX,上櫃,2014/10/09,ESVUFR,^TWII,航運業,TW,TWSE_ISIN
2643,2643.TWO,捷迅,航運業,TPEX,上櫃,2016/03/04,ESVUFR,^TWII,航運業,TW,TWSE_ISIN
2718,2718.TWO,全心投控,建材營造業,TPEX,上櫃,2011/03/29,ESVUFR,^TWII,建材營造業,TW,TWSE_ISIN
2719,2719.TWO,燦星旅,觀光餐旅,TPEX,上櫃,2012/02/24,ESVUFR,^TWII,觀光餐旅,TW,TWSE_ISIN
2724,2724.TWO,藝舍-KY,其他業,TPEX,上櫃,2012/05/29,ESVUFR,^TWII,其他業,TW,TWSE_ISIN
2726,2726.TWO,雅茗-KY,觀光餐旅,TPEX,上櫃,2014/12/24,ESVUFR,^TWII,觀光餐旅,TW,TWSE_ISIN
2729,2729.TWO,瓦城,觀光餐旅,TPEX,上櫃,2012/09/17,ESVUFR,^TWII,觀光餐旅,TW,TWSE_ISIN
2732,2732.TWO,六角,觀光餐旅,TPEX,上櫃,2015/01/20,ESVUFR,^TWII,觀光餐旅,TW,TWSE_ISIN
2734,2734.TWO,易飛網,觀光餐旅,TPEX,上櫃,2013/12/26,ESVUFR,^TWII,觀光餐旅,TW,TWSE_ISIN
2736,2736.TWO,富野,觀光餐旅,TPEX,上櫃,2016/01/06,ESVUFR,^TWII,觀光餐旅,TW,TWSE_ISIN
2740,2740.TWO,華軒,觀光餐旅,TPEX,上櫃,2015/12/24,ESVUFR,^TWII,觀光餐旅,TW,TWSE_ISIN
2743,2743.TWO,山富,觀光餐旅,TPEX,上櫃,2020/03/09,ESVUFR,^TWII,觀光餐旅,TW,TWSE_ISIN
2745,2745.TWO,五福,觀光餐旅,TPEX,上櫃,2018/04/16,ESVUFR,^TWII,觀光餐旅,TW,TWSE_ISIN
2751,2751.TWO,王座,觀光餐旅,TPEX,上櫃,2024/09/10,ESVUFR,^TWII,觀光餐旅,TW,TWSE_ISIN
2752,2752.TWO,豆府,觀光餐旅,TPEX,上櫃,2019/09/25,ESVUFR,^TWII,觀光餐旅,TW,TWSE_ISIN
2754,2754.TWO,亞洲藏壽司,觀光餐旅,TPEX,上櫃,2020/09/17,ESVUFR,^TWII,觀光餐旅,TW,TWSE_ISIN
2755,2755.TWO,揚秦,觀光餐旅,TPEX,上櫃,2020/12/16,ESVUFR,^TWII,觀光餐旅,TW,TWSE_ISIN
2756,2756.TWO,聯發國際,觀光餐旅,TPEX,上櫃,2022/01/14,ESVUFR,^TWII,觀光餐旅,TW,TWSE_ISIN
2916,2916.TWO,滿心,居家生活,TPEX,上櫃,2005/03/10,ESVUFR,^TWII,居家生活,TW,TWSE_ISIN
2924,2924.TWO,宏太-KY,居家生活,TPEX,上櫃,2011/12/02,ESVUFR,^TWII,居家生活,TW,TWSE_ISIN
2926,2926.TWO,誠品生活,文化創意業,TPEX,上櫃,2013/01/30,ESVUFR,^TWII,文化創意業,TW,TWSE_ISIN
2937,2937.TWO,集雅社,居家生活,TPEX,上櫃,2017/06/08,ESVUFR,^TWII,居家生活,TW,TWSE_ISIN
2941,2941.TWO,米斯特,居家生活,TPEX,上櫃,2024/03/20,ESVUFR,^TWII,居家生活,TW,TWSE_ISIN
2947,2947.TWO,振宇五金,居家生活,TPEX,上櫃,2021/10/06,ESVUFR,^TWII,居家生活,TW,TWSE_ISIN
2948,2948.TWO,寶陞,居家生活,TPEX,上櫃,2023/12/12,ESVUFR,^TWII,居家生活,TW,TWSE_ISIN
2949,2949.TWO,欣新網,數位雲端,TPEX,上櫃,2023/12/15,ESVUFR,^TWII,數位雲端,TW,TWSE_ISIN
3064,3064.TWO,泰偉,文化創意業,TPEX,上櫃,2004/06/09,ESVUFR,^TWII,文化創意業,TW,TWSE_ISIN
3066,3066.TWO,李洲,光電業,TPEX,上櫃,2004/12/02,ESVUFR,^TWII,光電業,TW,TWSE_ISIN
3067,3067.TWO,全域,居家生活,TPEX,上櫃,2003/10/21,ESVUFR,^TWII,居家生活,TW,TWSE_ISIN
3071,3071.TWO,協禧,電腦及週邊設備業,TPEX,上櫃,2004/12/30,ESVUFR,^TWII,電腦及週邊設備業,TW,TWSE_ISIN
3073,3073.TWO,天方能源,綠能環保,TPEX,上櫃,2007/10/08,ESVUFR,^TWII,綠能環保,TW,TWSE_ISIN
3078,3078.TWO,僑威,電子零組件業,TPEX,上櫃,2005/01/31,ESVUFR,^TWII,電子零組件業,TW,TWSE_ISIN
3081,3081.TWO,聯亞,通信網路業,TPEX,上櫃,2015/07/22,ESVUFR,^TWII,通信網路業,TW,TWSE_ISIN
3083,3083.TWO,網龍,文化創意業,TPEX,上櫃,2003/12/02,ESVUFR,^TWII,文化創意業,TW,TWSE_ISIN
3085,3085.TWO,新零售,數位雲端,TPEX,上櫃,2004/03/01,ESVUFR,^TWII,數位雲端,TW,TWSE_ISIN
3086,3086.TWO,華義*,文化創意業,TPEX,上櫃,2004/03/29,ESVUFR,^TWII,文化創意業,TW,TWSE_ISIN
3088,3088.TWO,艾訊,電腦及週邊設備業,TPEX,上櫃,2005/04/28,ESVUFR,^TWII,電腦及週邊設備業,TW,TWSE_ISIN
3093,3093.TWO,港建*,其他電子業,TPEX,上櫃,2005/06/17,ESVUFR,^TWII,其他電子業,TW,TWSE_ISIN
3095,3095.TWO,及成,通信網路業,TPEX,上櫃,2005/05/26,ESVUFR,^TWII,通信網路業,TW,TWSE_ISIN
3105,3105.TWO,穩懋,半導體業,TPEX,上櫃,2011/12/13,ESVUFR,^TWII,半導體業,TW,TWSE_ISIN
3114,3114.TWO,好德,電子零組件業,TPEX,上櫃,2004/03/25,ESVUFR,^TWII,電子零組件業,TW,TWSE_ISIN
3115,3115.TWO,富榮綱,電子零組件業,TPEX,上櫃,2005/04/08,ESVUFR,^TWII,電子零組件業,TW,TWSE_ISIN
3118,3118.TWO,進階,生技醫療業,TPEX,上櫃,2008/05/21,ESVUFR,^TWII,生技醫療業,TW,TWSE_ISIN
3122,3122.TWO,笙泉,半導體業,TPEX,上櫃,2015/01/26,ESVUFR,^TWII,半導體業,TW,TWSE_ISIN
3128,3128.TWO,昇銳,光電業,TPEX,上櫃,2006/09/04,ESVUFR,^TWII,光電業,TW,TWSE_ISIN
3131,3131.TWO,弘塑,半導體業,TPEX,上櫃,2011/01/17,ESVUFR,^TWII,半導體業,TW,TWSE_ISIN
3141,3141.TWO,晶宏,半導體業,TPEX,上櫃,2014/03/14,ESVUFR,^TWII,半導體業,TW,TWSE_ISIN
3147,3147.TWO,大綜,資訊服務業,TPEX,上櫃,2018/05/29,ESVUFR,^TWII,資訊服務業,TW,TWSE_ISIN
3152,3152.TWO,璟德,通信網路業,TPEX,上櫃,2008/03/24,ESVUFR,^TWII,通信網路業,TW,TWSE_ISIN
3158,3158.TWO,嘉實,資訊服務業,TPEX,上櫃,2025/11/17,ESVUFR,^TWII,資訊服務業,TW,TWSE_ISIN
3162,3162.TWO,精確,電機機械,TPEX,上櫃,2005/10/03,ESVUFR,^TWII,電機機械,TW,TWSE_ISIN
3163,3163.TWO,波若威,通信網路業,TPEX,上櫃,2012/12/03,ESVUFR,^TWII,通信網路業,TW,TWSE_ISIN
3169,3169.TWO,亞信,半導體業,TPEX,上櫃,2009/11/24,ESVUFR,^TWII,半導體業,TW,TWSE_ISIN
3171,3171.TWO,炎洲流通,居家生活,TPEX,上櫃,2004/09/17,ESVUFR,^TWII,居家生活,TW,TWSE_ISIN
3176,3176.TWO,基亞,生技醫療業,TPEX,上櫃,2011/11/23,ESVUFR,^TWII,生技醫療業,TW,TWSE_ISIN
3178,3178.TWO,公準,半導體業,TPEX,上櫃,2018/11/19,ESVUFR,^TWII,半導體業,TW,TWSE_ISIN
3188,3188.TWO,鑫龍騰,建材營造業,TPEX,上櫃,2004/03/17,ESVUFR,^TWII,建材營造業,TW,TWSE_ISIN
3191,3191.TWO,雲嘉南,電子零組件業,TPEX,上櫃,2005/04/12,ESVUFR,^TWII,電子零組件業,TW,TWSE_ISIN
3205,3205.TWO,佰研,生技醫療業,TPEX,上櫃,2005/09/12,ESVUFR,^TWII,生技醫療業,TW,TWSE_ISIN
3206,3206.TWO,志豐,電子零組件業,TPEX,上櫃,2007/02/08,ESVUFR,^TWII,電子零組件業,TW,TWSE_ISIN
3207,3207.TWO,耀勝,電子零組件業,TPEX,上櫃,2004/11/04,ESVUFR,^TWII,電子零組件業,TW,TWSE_ISIN
3211,3211.TWO,順達,電腦及週邊設備業,TPEX,上櫃,2004/11/08,ESVUFR,^TWII,電腦及週邊設備業,TW,TWSE_ISIN
3213,3213.TWO,茂訊,電腦及週邊設備業,TPEX,上櫃,2004/10/01,ESVUFR,^TWII,電腦及週邊設備業,TW,TWSE_ISIN
3217,3217.TWO,優群,電子零組件業,TPEX,上櫃,2004/04/30,ESVUFR,^TWII,電子零組件業,TW,TWSE_ISIN
3218,3218.TWO,大學光,生技醫療業,TPEX,上櫃,2004/11/29,ESVUFR,^TWII,生技醫療業,TW,TWSE_ISIN
3219,3219.TWO,倚強科,其他電子業,TPEX,上櫃,2004/03/19,ESVUFR,^TWII,其他電子業,TW,TWSE_ISIN
3221,3221.TWO,台嘉碩,通信網路業,TPEX,上櫃,2006/02/22,ESVUFR,^TWII,通信網路業,TW,TWSE_ISIN
3224,3224.TWO,三顧,電子通路業,TPEX,上櫃,2004/06/03,ESVUFR,^TWII,電子通路業,TW,TWSE_ISIN
3226,3226.TWO,龍鋒,電機機械,TPEX,上櫃,2004/06/16,ESVUFR,^TWII,電機機械,TW,TWSE_ISIN
3227,3227.TWO,原相,半導體業,TPEX,上櫃,2006/05/04,ESVUFR,^TWII,半導體業,TW,TWSE_ISIN
3228,3228.TWO,金麗科,半導體業,TPEX,上櫃,2005/03/02,ESVUFR,^TWII,半導體業,TW,TWSE_ISIN
3230,3230.TWO,錦明,光電業,TPEX,上櫃,2006/09/25,ESVUFR,^TWII,光電業,TW,TWSE_ISIN
3232,3232.TWO,昱捷,電子通路業,TPEX,上櫃,2004/11/01,ESVUFR,^TWII,電子通路業,TW,TWSE_ISIN
3234,3234.TWO,光環,通信網路業,TPEX,上櫃,2011/03/24,ESVUFR,^TWII,通信網路業,TW,TWSE_ISIN
3236,3236.TWO,千如,電子零組件業,TPEX,上櫃,2004/12/02,ESVUFR,^TWII,電子零組件業,TW,TWSE_ISIN
3252,3252.TWO,海灣,觀光餐旅,TPEX,上櫃,2004/09/23,ESVUFR,^TWII,觀光餐旅,TW,TWSE_ISIN
3259,3259.TWO,鑫創,半導體業,TPEX,上櫃,2007/12/24,ESVUFR,^TWII,半導體業,TW,TWSE_ISIN
3260,3260.TWO,威剛,半導體業,TPEX,上櫃,2004/10/08,ESVUFR,^TWII,半導體業,TW,TWSE_ISIN
3264,3264.TWO,欣銓,半導體業,TPEX,上櫃,2005/01/05,ESVUFR,^TWII,半導體業,TW,TWSE_ISIN
3265,3265.TWO,台星科,半導體業,TPEX,上櫃,2005/08/02,ESVUFR,^TWII,半導體業,TW,TWSE_ISIN
3268,3268.TWO,海德威,半導體業,TPEX,上櫃,2005/01/27,ESVUFR,^TWII,半導體業,TW,TWSE_ISIN
3272,3272.TWO,東碩,電腦及週邊設備業,TPEX,上櫃,2014/08/26,ESVUFR,^TWII,電腦及週邊設備業,TW,TWSE_ISIN
3276,3276.TWO,宇環,電子零組件業,TPEX,上櫃,2005/01/12,ESVUFR,^TWII,電子零組件業,TW,TWSE_ISIN
3284,3284.TWO,太普高,其他業,TPEX,上櫃,2005/03/22,ESVUFR,^TWII,其他業,TW,TWSE_ISIN
3285,3285.TWO,微端,其他電子業,TPEX,上櫃,2012/07/23,ESVUFR,^TWII,其他電子業,TW,TWSE_ISIN
3287,3287.TWO,廣寰科,電腦及週邊設備業,TPEX,上櫃,2008/01/28,ESVUFR,^TWII,電腦及週邊設備業,TW,TWSE_ISIN
3288,3288.TWO,點晶,電子零組件業,TPEX,上櫃,2005/04/15,ESVUFR,^TWII,電子零組件業,TW,TWSE_ISIN
3289,3289.TWO,宜特,其他電子業,TPEX,上櫃,2004/12/28,ESVUFR,^TWII,其他電子業,TW,TWSE_ISIN
3290,3290.TWO,東浦,電子零組件業,TPEX,上櫃,2005/05/19,ESVUFR,^TWII,電子零組件業,TW,TWSE_ISIN
3293,3293.TWO,鈊象,文化創意業,TPEX,上櫃,2006/07/12,ESVUFR,^TWII,文化創意業,TW,TWSE_ISIN
3294,3294.TWO,英濟,電子零組件業,TPEX,上櫃,2007/04/27,ESVUFR,^TWII,電子零組件業,TW,TWSE_ISIN
3297,3297.TWO,杭特,光電業,TPEX,上櫃,2005/06/07,ESVUFR,^TWII,光電業,TW,TWSE_ISIN
3303,3303.TWO,岱稜,其他電子業,TPEX,上櫃,2007/05/28,ESVUFR,^TWII,其他電子業,TW,TWSE_ISIN
3306,3306.TWO,鼎天,通信網路業,TPEX,上櫃,2005/07/05,ESVUFR,^TWII,通信網路業,TW,TWSE_ISIN
3310,3310.TWO,佳穎,電子零組件業,TPEX,上櫃,2008/06/27,ESVUFR,^TWII,電子零組件業,TW,TWSE_ISIN
3313,3313.TWO,斐成,建材營造業,TPEX,上櫃,2026/06/01,ESVUFR,^TWII,建材營造業,TW,TWSE_ISIN
3317,3317.TWO,尼克森,半導體業,TPEX,上櫃,2007/08/09,ESVUFR,^TWII,半導體業,TW,TWSE_ISIN
3322,3322.TWO,建舜電,電子零組件業,TPEX,上櫃,2009/05/20,ESVUFR,^TWII,電子零組件業,TW,TWSE_ISIN
3323,3323.TWO,加百裕,電腦及週邊設備業,TPEX,上櫃,2007/06/25,ESVUFR,^TWII,電腦及週邊設備業,TW,TWSE_ISIN
3324,3324.TWO,雙鴻,其他電子業,TPEX,上櫃,2005/05/13,ESVUFR,^TWII,其他電子業,TW,TWSE_ISIN
3325,3325.TWO,旭品,電腦及週邊設備業,TPEX,上櫃,2005/08/15,ESVUFR,^TWII,電腦及週邊設備業,TW,TWSE_ISIN
3332,3332.TWO,幸康,電子零組件業,TPEX,上櫃,2008/01/24,ESVUFR,^TWII,電子零組件業,TW,TWSE_ISIN
3339,3339.TWO,泰谷,光電業,TPEX,上櫃,2006/06/27,ESVUFR,^TWII,光電業,TW,TWSE_ISIN
3349,3349.TWO,寶德,電腦及週邊設備業,TPEX,上櫃,2022/03/23,ESVUFR,^TWII,電腦及週邊設備業,TW,TWSE_ISIN
3354,3354.TWO,律勝,電子零組件業,TPEX,上櫃,2005/12/08,ESVUFR,^TWII,電子零組件業,TW,TWSE_ISIN
3357,3357.TWO,臺慶科,電子零組件業,TPEX,上櫃,2021/04/27,ESVUFR,^TWII,電子零組件業,TW,TWSE_ISIN
3360,3360.TWO,尚立,電子通路業,TPEX,上櫃,2006/06/06,ESVUFR,^TWII,電子通路業,TW,TWSE_ISIN
3362,3362.TWO,先進光,光電業,TPEX,上櫃,2005/09/06,ESVUFR,^TWII,光電業,TW,TWSE_ISIN
3363,3363.TWO,上詮,通信網路業,TPEX,上櫃,2011/02/25,ESVUFR,^TWII,通信網路業,TW,TWSE_ISIN
3372,3372.TWO,典範,半導體業,TPEX,上櫃,2005/12/16,ESVUFR,^TWII,半導體業,TW,TWSE_ISIN
3373,3373.TWO,熱映,其他電子業,TPEX,上櫃,2007/12/13,ESVUFR,^TWII,其他電子業,TW,TWSE_ISIN
3374,3374.TWO,精材,半導體業,TPEX,上櫃,2015/03/30,ESVUFR,^TWII,半導體業,TW,TWSE_ISIN
3379,3379.TWO,彬台,電機機械,TPEX,上櫃,2011/10/20,ESVUFR,^TWII,電機機械,TW,TWSE_ISIN
3388,3388.TWO,崇越電,電子零組件業,TPEX,上櫃,2006/02/22,ESVUFR,^TWII,電子零組件業,TW,TWSE_ISIN
3390,3390.TWO,旭軟,電子零組件業,TPEX,上櫃,2006/02/22,ESVUFR,^TWII,電子零組件業,TW,TWSE_ISIN
3402,3402.TWO,漢科,其他電子業,TPEX,上櫃,2007/01/09,ESVUFR,^TWII,其他電子業,TW,TWSE_ISIN
3430,3430.TWO,奇鈦科,化學工業,TPEX,上櫃,2022/09/08,ESVUFR,^TWII,化學工業,TW,TWSE_ISIN
3434,3434.TWO,哲固,光電業,TPEX,上櫃,2008/01/28,ESVUFR,^TWII,光電業,TW,TWSE_ISIN
3438,3438.TWO,類比科,半導體業,TPEX,上櫃,2006/07/19,ESVUFR,^TWII,半導體業,TW,TWSE_ISIN
3441,3441.TWO,聯一光,光電業,TPEX,上櫃,2010/10/04,ESVUFR,^TWII,光電業,TW,TWSE_ISIN
3444,3444.TWO,利機,電子通路業,TPEX,上櫃,2008/09/26,ESVUFR,^TWII,電子通路業,TW,TWSE_ISIN
3455,3455.TWO,由田,光電業,TPEX,上櫃,2007/12/27,ESVUFR,^TWII,光電業,TW,TWSE_ISIN
3465,3465.TWO,進泰電子,其他電子業,TPEX,上櫃,2008/01/28,ESVUFR,^TWII,其他電子業,TW,TWSE_ISIN
3466,3466.TWO,德晉,通信網路業,TPEX,上櫃,2006/05/17,ESVUFR,^TWII,通信網路業,TW,TWSE_ISIN
3467,3467.TWO,台灣精材,半導體業,TPEX,上櫃,2025/03/25,ESVUFR,^TWII,半導體業,TW,TWSE_ISIN
3479,3479.TWO,安勤,電腦及週邊設備業,TPEX,上櫃,2010/06/08,ESVUFR,^TWII,電腦及週邊設備業,TW,TWSE_ISIN
3483,3483.TWO,力致,電腦及週邊設備業,TPEX,上櫃,2006/12/18,ESVUFR,^TWII,電腦及週邊設備業,TW,TWSE_ISIN
3484,3484.TWO,崧騰,電子零組件業,TPEX,上櫃,2007/11/09,ESVUFR,^TWII,電子零組件業,TW,TWSE_ISIN
3485,3485.TWO,敘豐,電子零組件業,TPEX,上櫃,2026/05/06,ESVUFR,^TWII,電子零組件業,TW,TWSE_ISIN
3489,3489.TWO,森寶,建材營造業,TPEX,上櫃,2007/09/29,ESVUFR,^TWII,建材營造業,TW,TWSE_ISIN
3490,3490.TWO,單井,光電業,TPEX,上櫃,2007/10/15,ESVUFR,^TWII,光電業,TW,TWSE_ISIN
3491,3491.TWO,昇達科,通信網路業,TPEX,上櫃,2008/01/03,ESVUFR,^TWII,通信網路業,TW,TWSE_ISIN
3492,3492.TWO,長盛,電子零組件業,TPEX,上櫃,2015/05/18,ESVUFR,^TWII,電子零組件業,TW,TWSE_ISIN
3498,3498.TWO,陽程,其他電子業,TPEX,上櫃,2007/09/11,ESVUFR,^TWII,其他電子業,TW,TWSE_ISIN
3499,3499.TWO,環天科,通信網路業,TPEX,上櫃,2006/10/19,ESVUFR,^TWII,通信網路業,TW,TWSE_ISIN
3508,3508.TWO,位速,其他電子業,TPEX,上櫃,2007/10/17,ESVUFR,^TWII,其他電子業,TW,TWSE_ISIN
3511,3511.TWO,矽瑪,電子零組件業,TPEX,上櫃,2009/02/16,ESVUFR,^TWII,電子零組件業,TW,TWSE_ISIN
3512,3512.TWO,皇龍,建材營造業,TPEX,上櫃,2007/07/25,ESVUFR,^TWII,建材營造業,TW,TWSE_ISIN
3516,3516.TWO,亞帝歐,光電業,TPEX,上櫃,2007/11/29,ESVUFR,^TWII,光電業,TW,TWSE_ISIN
3520,3520.TWO,華盈,電子零組件業,TPEX,上櫃,2007/10/12,ESVUFR,^TWII,電子零組件業,TW,TWSE_ISIN
3521,3521.TWO,台鋼建設,建材營造業,TPEX,上櫃,2025/06/02,ESVUFR,^TWII,建材營造業,TW,TWSE_ISIN
3522,3522.TWO,御嵿,觀光餐旅,TPEX,上櫃,2007/10/15,ESVUFR,^TWII,觀光餐旅,TW,TWSE_ISIN
3523,3523.TWO,迎輝,光電業,TPEX,上櫃,2007/11/16,ESVUFR,^TWII,光電業,TW,TWSE_ISIN
3526,3526.TWO,凡甲,電子零組件業,TPEX,上櫃,2007/11/02,ESVUFR,^TWII,電子零組件業,TW,TWSE_ISIN
3527,3527.TWO,聚積,半導體業,TPEX,上櫃,2007/10/29,ESVUFR,^TWII,半導體業,TW,TWSE_ISIN
3529,3529.TWO,力旺,半導體業,TPEX,上櫃,2011/01/24,ESVUFR,^TWII,半導體業,TW,TWSE_ISIN
3531,3531.TWO,先益,光電業,TPEX,上櫃,2008/04/08,ESVUFR,^TWII,光電業,TW,TWSE_ISIN
3537,3537.TWO,堡達,電子零組件業,TPEX,上櫃,2010/01/25,ESVUFR,^TWII,電子零組件業,TW,TWSE_ISIN
3540,3540.TWO,曜越,電腦及週邊設備業,TPEX,上櫃,2007/12/12,ESVUFR,^TWII,電腦及週邊設備業,TW,TWSE_ISIN
3541,3541.TWO,西柏,其他電子業,TPEX,上櫃,2009/12/22,ESVUFR,^TWII,其他電子業,TW,TWSE_ISIN
3546,3546.TWO,宇峻,文化創意業,TPEX,上櫃,2008/04/18,ESVUFR,^TWII,文化創意業,TW,TWSE_ISIN
3548,3548.TWO,兆利,電子零組件業,TPEX,上櫃,2008/03/27,ESVUFR,^TWII,電子零組件業,TW,TWSE_ISIN
3551,3551.TWO,世禾,綠能環保,TPEX,上櫃,2008/04/15,ESVUFR,^TWII,綠能環保,TW,TWSE_ISIN
3552,3552.TWO,同致,其他電子業,TPEX,上櫃,2009/01/07,ESVUFR,^TWII,其他電子業,TW,TWSE_ISIN
3555,3555.TWO,博士旺,半導體業,TPEX,上櫃,2011/11/08,ESVUFR,^TWII,半導體業,TW,TWSE_ISIN
3556,3556.TWO,禾瑞亞,半導體業,TPEX,上櫃,2008/04/15,ESVUFR,^TWII,半導體業,TW,TWSE_ISIN
3558,3558.TWO,神準,通信網路業,TPEX,上櫃,2013/12/30,ESVUFR,^TWII,通信網路業,TW,TWSE_ISIN
3564,3564.TWO,其陽,通信網路業,TPEX,上櫃,2013/12/03,ESVUFR,^TWII,通信網路業,TW,TWSE_ISIN
3567,3567.TWO,逸昌,半導體業,TPEX,上櫃,2010/11/22,ESVUFR,^TWII,半導體業,TW,TWSE_ISIN
3570,3570.TWO,大塚,資訊服務業,TPEX,上櫃,2008/10/23,ESVUFR,^TWII,資訊服務業,TW,TWSE_ISIN
3577,3577.TWO,泓格,電腦及週邊設備業,TPEX,上櫃,2009/01/06,ESVUFR,^TWII,電腦及週邊設備業,TW,TWSE_ISIN
3580,3580.TWO,友威科,其他電子業,TPEX,上櫃,2010/07/09,ESVUFR,^TWII,其他電子業,TW,TWSE_ISIN
3581,3581.TWO,博磊,半導體業,TPEX,上櫃,2015/01/20,ESVUFR,^TWII,半導體業,TW,TWSE_ISIN
3587,3587.TWO,閎康,其他電子業,TPEX,上櫃,2009/08/18,ESVUFR,^TWII,其他電子業,TW,TWSE_ISIN
3594,3594.TWO,磐儀,電腦及週邊設備業,TPEX,上櫃,2013/05/07,ESVUFR,^TWII,電腦及週邊設備業,TW,TWSE_ISIN
3597,3597.TWO,映興,電子零組件業,TPEX,上櫃,2020/03/09,ESVUFR,^TWII,電子零組件業,TW,TWSE_ISIN
3609,3609.TWO,三一東林,電子零組件業,TPEX,上櫃,2011/01/11,ESVUFR,^TWII,電子零組件業,TW,TWSE_ISIN
3611,3611.TWO,鼎翰,電腦及週邊設備業,TPEX,上櫃,2008/11/26,ESVUFR,^TWII,電腦及週邊設備業,TW,TWSE_ISIN
3615,3615.TWO,安可,光電業,TPEX,上櫃,2009/04/15,ESVUFR,^TWII,光電業,TW,TWSE_ISIN
3623,3623.TWO,富晶通,光電業,TPEX,上櫃,2010/04/28,ESVUFR,^TWII,光電業,TW,TWSE_ISIN
3624,3624.TWO,光頡,電子零組件業,TPEX,上櫃,2011/03/16,ESVUFR,^TWII,電子零組件業,TW,TWSE_ISIN
3625,3625.TWO,西勝,電腦及週邊設備業,TPEX,上櫃,2009/10/28,ESVUFR,^TWII,電腦及週邊設備業,TW,TWSE_ISIN
3628,3628.TWO,盈正,其他電子業,TPEX,上櫃,2010/09/09,ESVUFR,^TWII,其他電子業,TW,TWSE_ISIN
3629,3629.TWO,地心引力,文化創意業,TPEX,上櫃,2020/06/01,ESVUFR,^TWII,文化創意業,TW,TWSE_ISIN
3630,3630.TWO,新鉅科,光電業,TPEX,上櫃,2010/04/26,ESVUFR,^TWII,光電業,TW,TWSE_ISIN
3631,3631.TWO,晟楠,電子零組件業,TPEX,上櫃,2010/12/20,ESVUFR,^TWII,電子零組件業,TW,TWSE_ISIN
3632,3632.TWO,研勤,通信網路業,TPEX,上櫃,2011/01/11,ESVUFR,^TWII,通信網路業,TW,TWSE_ISIN
3646,3646.TWO,艾恩特,電子零組件業,TPEX,上櫃,2012/03/27,ESVUFR,^TWII,電子零組件業,TW,TWSE_ISIN
3663,3663.TWO,鑫科,其他電子業,TPEX,上櫃,2012/11/20,ESVUFR,^TWII,其他電子業,TW,TWSE_ISIN
3664,3664.TWO,安瑞-KY,通信網路業,TPEX,上櫃,2010/06/24,ESVUFR,^TWII,通信網路業,TW,TWSE_ISIN
3666,3666.TWO,光耀,光電業,TPEX,上櫃,2014/12/04,ESVUFR,^TWII,光電業,TW,TWSE_ISIN
3672,3672.TWO,康聯訊,通信網路業,TPEX,上櫃,2015/04/20,ESVUFR,^TWII,通信網路業,TW,TWSE_ISIN
3675,3675.TWO,德微,半導體業,TPEX,上櫃,2012/06/29,ESVUFR,^TWII,半導體業,TW,TWSE_ISIN
3680,3680.TWO,家登,半導體業,TPEX,上櫃,2011/08/31,ESVUFR,^TWII,半導體業,TW,TWSE_ISIN
3684,3684.TWO,榮昌,通信網路業,TPEX,上櫃,2014/03/28,ESVUFR,^TWII,通信網路業,TW,TWSE_ISIN
3685,3685.TWO,元創精密,電機機械,TPEX,上櫃,2010/12/08,ESVUFR,^TWII,電機機械,TW,TWSE_ISIN
3687,3687.TWO,歐買尬,數位雲端,TPEX,上櫃,2020/06/01,ESVUFR,^TWII,數位雲端,TW,TWSE_ISIN
3689,3689.TWO,湧德,電子零組件業,TPEX,上櫃,2012/10/18,ESVUFR,^TWII,電子零組件業,TW,TWSE_ISIN
3691,3691.TWO,碩禾,光電業,TPEX,上櫃,2010/11/18,ESVUFR,^TWII,光電業,TW,TWSE_ISIN
3693,3693.TWO,營邦,電腦及週邊設備業,TPEX,上櫃,2013/11/27,ESVUFR,^TWII,電腦及週邊設備業,TW,TWSE_ISIN
3707,3707.TWO,漢磊,半導體業,TPEX,上櫃,2014/10/01,ESVUFR,^TWII,半導體業,TW,TWSE_ISIN
3709,3709.TWO,鑫聯大投控,電腦及週邊設備業,TPEX,上櫃,1999/04/16,ESVUFR,^TWII,電腦及週邊設備業,TW,TWSE_ISIN
3710,3710.TWO,連展投控,電子零組件業,TPEX,上櫃,2017/12/29,ESVUFR,^TWII,電子零組件業,TW,TWSE_ISIN
3713,3713.TWO,新晶投控,綠能環保,TPEX,上櫃,2020/02/27,ESVUFR,^TWII,綠能環保,TW,TWSE_ISIN
3718,3718.TWO,中光電投控,光電業,TPEX,上櫃,1999/01/20,ESVUFR,^TWII,光電業,TW,TWSE_ISIN
4102,4102.TWO,永日,生技醫療業,TPEX,上櫃,2001/03/20,ESVUFR,^TWII,生技醫療業,TW,TWSE_ISIN
4105,4105.TWO,東洋,生技醫療業,TPEX,上櫃,2001/09/27,ESVUFR,^TWII,生技醫療業,TW,TWSE_ISIN
4107,4107.TWO,邦特,生技醫療業,TPEX,上櫃,2002/03/04,ESVUFR,^TWII,生技醫療業,TW,TWSE_ISIN
4109,4109.TWO,加捷生醫,生技醫療業,TPEX,上櫃,2002/08/08,ESVUFR,^TWII,生技醫療業,TW,TWSE_ISIN
4111,4111.TWO,濟生,生技醫療業,TPEX,上櫃,1999/03/06,ESVUFR,^TWII,生技醫療業,TW,TWSE_ISIN
4113,4113.TWO,聯上,建材營造業,TPEX,上櫃,2003/07/22,ESVUFR,^TWII,建材營造業,TW,TWSE_ISIN
4114,4114.TWO,健喬,生技醫療業,TPEX,上櫃,2003/05/12,ESVUFR,^TWII,生技醫療業,TW,TWSE_ISIN
4116,4116.TWO,明基醫,生技醫療業,TPEX,上櫃,2015/12/16,ESVUFR,^TWII,生技醫療業,TW,TWSE_ISIN
4120,4120.TWO,友華,生技醫療業,TPEX,上櫃,2003/11/05,ESVUFR,^TWII,生技醫療業,TW,TWSE_ISIN
4121,4121.TWO,優盛,生技醫療業,TPEX,上櫃,2003/07/25,ESVUFR,^TWII,生技醫療業,TW,TWSE_ISIN
4123,4123.TWO,晟德,生技醫療業,TPEX,上櫃,2003/10/07,ESVUFR,^TWII,生技醫療業,TW,TWSE_ISIN
4126,4126.TWO,太醫,生技醫療業,TPEX,上櫃,2004/02/09,ESVUFR,^TWII,生技醫療業,TW,TWSE_ISIN
4127,4127.TWO,天良,生技醫療業,TPEX,上櫃,2005/07/29,ESVUFR,^TWII,生技醫療業,TW,TWSE_ISIN
4128,4128.TWO,中天,生技醫療業,TPEX,上櫃,2006/06/09,ESVUFR,^TWII,生技醫療業,TW,TWSE_ISIN
4129,4129.TWO,聯合,生技醫療業,TPEX,上櫃,2004/09/29,ESVUFR,^TWII,生技醫療業,TW,TWSE_ISIN
4131,4131.TWO,浩泰,生技醫療業,TPEX,上櫃,2004/04/09,ESVUFR,^TWII,生技醫療業,TW,TWSE_ISIN
4138,4138.TWO,曜亞,生技醫療業,TPEX,上櫃,2010/12/29,ESVUFR,^TWII,生技醫療業,TW,TWSE_ISIN
4139,4139.TWO,馬光-KY,生技醫療業,TPEX,上櫃,2011/04/29,ESVUFR,^TWII,生技醫療業,TW,TWSE_ISIN
4147,4147.TWO,中裕,生技醫療業,TPEX,上櫃,2015/11/23,ESVUFR,^TWII,生技醫療業,TW,TWSE_ISIN
4153,4153.TWO,鈺緯,生技醫療業,TPEX,上櫃,2013/05/23,ESVUFR,^TWII,生技醫療業,TW,TWSE_ISIN
4154,4154.TWO,樂威科-KY,其他業,TPEX,上櫃,2011/12/28,ESVUFR,^TWII,其他業,TW,TWSE_ISIN
4157,4157.TWO,太景*-KY,生技醫療業,TPEX,上櫃,2013/08/30,ESVUFR,^TWII,生技醫療業,TW,TWSE_ISIN
4160,4160.TWO,訊聯基因,生技醫療業,TPEX,上櫃,2012/09/17,ESVUFR,^TWII,生技醫療業,TW,TWSE_ISIN
4161,4161.TWO,聿新科,生技醫療業,TPEX,上櫃,2013/06/26,ESVUFR,^TWII,生技醫療業,TW,TWSE_ISIN
4162,4162.TWO,智擎,生技醫療業,TPEX,上櫃,2012/09/18,ESVUFR,^TWII,生技醫療業,TW,TWSE_ISIN
4163,4163.TWO,鐿鈦,生技醫療業,TPEX,上櫃,2012/11/15,ESVUFR,^TWII,生技醫療業,TW,TWSE_ISIN
4166,4166.TWO,友霖,生技醫療業,TPEX,上櫃,2025/08/21,ESVUFR,^TWII,生技醫療業,TW,TWSE_ISIN
4167,4167.TWO,松瑞藥,生技醫療業,TPEX,上櫃,2015/09/08,ESVUFR,^TWII,生技醫療業,TW,TWSE_ISIN
4168,4168.TWO,醣聯,生技醫療業,TPEX,上櫃,2012/12/18,ESVUFR,^TWII,生技醫療業,TW,TWSE_ISIN
4171,4171.TWO,瑞基,農業科技業,TPEX,上櫃,2018/03/28,ESVUFR,^TWII,農業科技業,TW,TWSE_ISIN
4173,4173.TWO,久裕,生技醫療業,TPEX,上櫃,2013/10/31,ESVUFR,^TWII,生技醫療業,TW,TWSE_ISIN
4174,4174.TWO,浩鼎,生技醫療業,TPEX,上櫃,2015/03/23,ESVUFR,^TWII,生技醫療業,TW,TWSE_ISIN
4175,4175.TWO,杏一,生技醫療業,TPEX,上櫃,2014/04/23,ESVUFR,^TWII,生技醫療業,TW,TWSE_ISIN
4183,4183.TWO,福永生技,生技醫療業,TPEX,上櫃,2017/03/09,ESVUFR,^TWII,生技醫療業,TW,TWSE_ISIN
4188,4188.TWO,安克,生技醫療業,TPEX,上櫃,2015/03/24,ESVUFR,^TWII,生技醫療業,TW,TWSE_ISIN
4192,4192.TWO,杏國,生技醫療業,TPEX,上櫃,2014/10/28,ESVUFR,^TWII,生技醫療業,TW,TWSE_ISIN
4198,4198.TWO,欣大健康,生技醫療業,TPEX,上櫃,2014/12/23,ESVUFR,^TWII,生技醫療業,TW,TWSE_ISIN
4205,4205.TWO,中華食,食品工業,TPEX,上櫃,1999/01/31,ESVUFR,^TWII,食品工業,TW,TWSE_ISIN
4207,4207.TWO,環泰,食品工業,TPEX,上櫃,2000/01/21,ESVUFR,^TWII,食品工業,TW,TWSE_ISIN
4303,4303.TWO,信立,塑膠工業,TPEX,上櫃,1999/03/10,ESVUFR,^TWII,塑膠工業,TW,TWSE_ISIN
4304,4304.TWO,勝昱,塑膠工業,TPEX,上櫃,2000/01/27,ESVUFR,^TWII,塑膠工業,TW,TWSE_ISIN
4305,4305.TWO,世坤,塑膠工業,TPEX,上櫃,2000/09/28,ESVUFR,^TWII,塑膠工業,TW,TWSE_ISIN
4401,4401.TWO,東隆興,紡織纖維,TPEX,上櫃,1996/05/09,ESVUFR,^TWII,紡織纖維,TW,TWSE_ISIN
4402,4402.TWO,郡都開發,紡織纖維,TPEX,上櫃,1997/07/23,ESVUFR,^TWII,紡織纖維,TW,TWSE_ISIN
4406,4406.TWO,新昕纖,紡織纖維,TPEX,上櫃,1999/01/14,ESVUFR,^TWII,紡織纖維,TW,TWSE_ISIN
4413,4413.TWO,飛寶企業,紡織纖維,TPEX,上櫃,1999/07/29,ESVUFR,^TWII,紡織纖維,TW,TWSE_ISIN
4416,4416.TWO,三圓,建材營造業,TPEX,上櫃,2000/05/06,ESVUFR,^TWII,建材營造業,TW,TWSE_ISIN
4417,4417.TWO,金洲,紡織纖維,TPEX,上櫃,2000/11/07,ESVUFR,^TWII,紡織纖維,TW,TWSE_ISIN
4419,4419.TWO,皇家美食,觀光餐旅,TPEX,上櫃,2001/06/26,ESVUFR,^TWII,觀光餐旅,TW,TWSE_ISIN
4420,4420.TWO,光明,紡織纖維,TPEX,上櫃,2002/04/18,ESVUFR,^TWII,紡織纖維,TW,TWSE_ISIN
4430,4430.TWO,耀億,其他業,TPEX,上櫃,2011/06/09,ESVUFR,^TWII,其他業,TW,TWSE_ISIN
4432,4432.TWO,銘旺實,紡織纖維,TPEX,上櫃,2012/11/26,ESVUFR,^TWII,紡織纖維,TW,TWSE_ISIN
4433,4433.TWO,興采,紡織纖維,TPEX,上櫃,2014/11/03,ESVUFR,^TWII,紡織纖維,TW,TWSE_ISIN
4442,4442.TWO,竣邦-KY,紡織纖維,TPEX,上櫃,2023/11/29,ESVUFR,^TWII,紡織纖維,TW,TWSE_ISIN
4502,4502.TWO,健信,電機機械,TPEX,上櫃,1995/12/12,ESVUFR,^TWII,電機機械,TW,TWSE_ISIN
4503,4503.TWO,金雨,電機機械,TPEX,上櫃,1996/12/19,ESVUFR,^TWII,電機機械,TW,TWSE_ISIN
4506,4506.TWO,崇友,電機機械,TPEX,上櫃,1997/12/06,ESVUFR,^TWII,電機機械,TW,TWSE_ISIN
4510,4510.TWO,高鋒,電機機械,TPEX,上櫃,1998/02/24,ESVUFR,^TWII,電機機械,TW,TWSE_ISIN
4513,4513.TWO,福裕,電機機械,TPEX,上櫃,1998/03/25,ESVUFR,^TWII,電機機械,TW,TWSE_ISIN
4523,4523.TWO,永彰,電機機械,TPEX,上櫃,1999/11/22,ESVUFR,^TWII,電機機械,TW,TWSE_ISIN
4527,4527.TWO,方土霖,電機機械,TPEX,上櫃,2000/09/28,ESVUFR,^TWII,電機機械,TW,TWSE_ISIN
4528,4528.TWO,江興鍛,電機機械,TPEX,上櫃,2001/02/12,ESVUFR,^TWII,電機機械,TW,TWSE_ISIN
4529,4529.TWO,淳紳,其他業,TPEX,上櫃,2001/05/04,ESVUFR,^TWII,其他業,TW,TWSE_ISIN
4530,4530.TWO,天意能創,觀光餐旅,TPEX,上櫃,2001/04/30,ESVUFR,^TWII,觀光餐旅,TW,TWSE_ISIN
4533,4533.TWO,協易機,電機機械,TPEX,上櫃,2002/04/26,ESVUFR,^TWII,電機機械,TW,TWSE_ISIN
4534,4534.TWO,慶騰,電機機械,TPEX,上櫃,2003/03/31,ESVUFR,^TWII,電機機械,TW,TWSE_ISIN
4535,4535.TWO,至興,電機機械,TPEX,上櫃,2003/04/16,ESVUFR,^TWII,電機機械,TW,TWSE_ISIN
4538,4538.TWO,大詠城,電機機械,TPEX,上櫃,2019/01/15,ESVUFR,^TWII,電機機械,TW,TWSE_ISIN
4541,4541.TWO,晟田,其他業,TPEX,上櫃,2014/07/22,ESVUFR,^TWII,其他業,TW,TWSE_ISIN
4542,4542.TWO,科嶠,電子零組件業,TPEX,上櫃,2014/08/25,ESVUFR,^TWII,電子零組件業,TW,TWSE_ISIN
4543,4543.TWO,萬在,電機機械,TPEX,上櫃,2016/03/15,ESVUFR,^TWII,電機機械,TW,TWSE_ISIN
4549,4549.TWO,桓達,電機機械,TPEX,上櫃,2014/11/27,ESVUFR,^TWII,電機機械,TW,TWSE_ISIN
4550,4550.TWO,長佳,電機機械,TPEX,上櫃,2015/03/18,ESVUFR,^TWII,電機機械,TW,TWSE_ISIN
4554,4554.TWO,橙的,其他電子業,TPEX,上櫃,2016/08/05,ESVUFR,^TWII,其他電子業,TW,TWSE_ISIN
4556,4556.TWO,旭然,其他業,TPEX,上櫃,2015/12/22,ESVUFR,^TWII,其他業,TW,TWSE_ISIN
4558,4558.TWO,寶緯,電機機械,TPEX,上櫃,2022/03/17,ESVUFR,^TWII,電機機械,TW,TWSE_ISIN
4561,4561.TWO,健椿,電機機械,TPEX,上櫃,2018/06/11,ESVUFR,^TWII,電機機械,TW,TWSE_ISIN
4563,4563.TWO,百德,電機機械,TPEX,上櫃,2018/07/12,ESVUFR,^TWII,電機機械,TW,TWSE_ISIN
4568,4568.TWO,科際精密,電機機械,TPEX,上櫃,2018/10/03,ESVUFR,^TWII,電機機械,TW,TWSE_ISIN
4577,4577.TWO,達航科技,其他電子業,TPEX,上櫃,2022/06/14,ESVUFR,^TWII,其他電子業,TW,TWSE_ISIN
4580,4580.TWO,捷流閥業,電機機械,TPEX,上櫃,2020/01/06,ESVUFR,^TWII,電機機械,TW,TWSE_ISIN
4584,4584.TWO,君帆,電機機械,TPEX,上櫃,2022/10/05,ESVUFR,^TWII,電機機械,TW,TWSE_ISIN
4609,4609.TWO,唐鋒,居家生活,TPEX,上櫃,2000/05/19,ESVUFR,^TWII,居家生活,TW,TWSE_ISIN
4702,4702.TWO,中美實,居家生活,TPEX,上櫃,1995/04/21,ESVUFR,^TWII,居家生活,TW,TWSE_ISIN
4706,4706.TWO,大恭,化學工業,TPEX,上櫃,1998/04/17,ESVUFR,^TWII,化學工業,TW,TWSE_ISIN
4707,4707.TWO,磐亞,化學工業,TPEX,上櫃,1998/05/20,ESVUFR,^TWII,化學工業,TW,TWSE_ISIN
4711,4711.TWO,永純,化學工業,TPEX,上櫃,1999/02/24,ESVUFR,^TWII,化學工業,TW,TWSE_ISIN
4714,4714.TWO,永捷,化學工業,TPEX,上櫃,2000/03/27,ESVUFR,^TWII,化學工業,TW,TWSE_ISIN
4716,4716.TWO,大立,化學工業,TPEX,上櫃,2000/03/27,ESVUFR,^TWII,化學工業,TW,TWSE_ISIN
4721,4721.TWO,美琪瑪,化學工業,TPEX,上櫃,2001/03/09,ESVUFR,^TWII,化學工業,TW,TWSE_ISIN
4726,4726.TWO,永昕,生技醫療業,TPEX,上櫃,2013/12/25,ESVUFR,^TWII,生技醫療業,TW,TWSE_ISIN
4728,4728.TWO,雙美,生技醫療業,TPEX,上櫃,2012/01/10,ESVUFR,^TWII,生技醫療業,TW,TWSE_ISIN
4729,4729.TWO,熒茂,光電業,TPEX,上櫃,2009/02/24,ESVUFR,^TWII,光電業,TW,TWSE_ISIN
4735,4735.TWO,豪展,生技醫療業,TPEX,上櫃,2011/08/16,ESVUFR,^TWII,生技醫療業,TW,TWSE_ISIN
4741,4741.TWO,泓瀚,化學工業,TPEX,上櫃,2017/09/26,ESVUFR,^TWII,化學工業,TW,TWSE_ISIN
4743,4743.TWO,合一,生技醫療業,TPEX,上櫃,2011/09/23,ESVUFR,^TWII,生技醫療業,TW,TWSE_ISIN
4744,4744.TWO,皇將,生技醫療業,TPEX,上櫃,2018/07/12,ESVUFR,^TWII,生技醫療業,TW,TWSE_ISIN
4745,4745.TWO,合富-KY,生技醫療業,TPEX,上櫃,2013/01/30,ESVUFR,^TWII,生技醫療業,TW,TWSE_ISIN
4747,4747.TWO,強生*,生技醫療業,TPEX,上櫃,2013/12/25,ESVUFR,^TWII,生技醫療業,TW,TWSE_ISIN
4749,4749.TWO,新應材,半導體業,TPEX,上櫃,2025/01/17,ESVUFR,^TWII,半導體業,TW,TWSE_ISIN
4754,4754.TWO,國碳科,化學工業,TPEX,上櫃,2016/09/28,ESVUFR,^TWII,化學工業,TW,TWSE_ISIN
4760,4760.TWO,勤凱,其他電子業,TPEX,上櫃,2019/03/21,ESVUFR,^TWII,其他電子業,TW,TWSE_ISIN
4767,4767.TWO,誠泰科技,化學工業,TPEX,上櫃,2018/10/29,ESVUFR,^TWII,化學工業,TW,TWSE_ISIN
4768,4768.TWO,晶呈科技,化學工業,TPEX,上櫃,2022/04/13,ESVUFR,^TWII,化學工業,TW,TWSE_ISIN
4772,4772.TWO,台特化,化學工業,TPEX,上櫃,2024/09/20,ESVUFR,^TWII,化學工業,TW,TWSE_ISIN
4804,4804.TWO,大略-KY,觀光餐旅,TPEX,上櫃,2015/12/04,ESVUFR,^TWII,觀光餐旅,TW,TWSE_ISIN
4806,4806.TWO,桂田文創,文化創意業,TPEX,上櫃,2016/03/09,ESVUFR,^TWII,文化創意業,TW,TWSE_ISIN
4903,4903.TWO,聯光通,通信網路業,TPEX,上櫃,2001/05/14,ESVUFR,^TWII,通信網路業,TW,TWSE_ISIN
4905,4905.TWO,台聯電,生技醫療業,TPEX,上櫃,2026/06/01,ESVUFR,^TWII,生技醫療業,TW,TWSE_ISIN
4907,4907.TWO,富宇,建材營造業,TPEX,上櫃,2002/03/04,ESVUFR,^TWII,建材營造業,TW,TWSE_ISIN
4908,4908.TWO,前鼎,通信網路業,TPEX,上櫃,2002/02/27,ESVUFR,^TWII,通信網路業,TW,TWSE_ISIN
4909,4909.TWO,新復興,通信網路業,TPEX,上櫃,2002/11/28,ESVUFR,^TWII,通信網路業,TW,TWSE_ISIN
4911,4911.TWO,德英,生技醫療業,TPEX,上櫃,2011/03/21,ESVUFR,^TWII,生技醫療業,TW,TWSE_ISIN
4923,4923.TWO,力士,半導體業,TPEX,上櫃,2022/03/14,ESVUFR,^TWII,半導體業,TW,TWSE_ISIN
4924,4924.TWO,欣厚-KY,綠能環保,TPEX,上櫃,2011/10/18,ESVUFR,^TWII,綠能環保,TW,TWSE_ISIN
4931,4931.TWO,新盛力,電腦及週邊設備業,TPEX,上櫃,2019/09/17,ESVUFR,^TWII,電腦及週邊設備業,TW,TWSE_ISIN
4933,4933.TWO,友輝,光電業,TPEX,上櫃,2010/05/04,ESVUFR,^TWII,光電業,TW,TWSE_ISIN
4939,4939.TWO,亞電,電子零組件業,TPEX,上櫃,2011/09/19,ESVUFR,^TWII,電子零組件業,TW,TWSE_ISIN
4946,4946.TWO,辣椒,文化創意業,TPEX,上櫃,2011/06/10,ESVUFR,^TWII,文化創意業,TW,TWSE_ISIN
4950,4950.TWO,金耘國際,鋼鐵工業,TPEX,上櫃,2012/04/27,ESVUFR,^TWII,鋼鐵工業,TW,TWSE_ISIN
4951,4951.TWO,精拓科,半導體業,TPEX,上櫃,2022/11/03,ESVUFR,^TWII,半導體業,TW,TWSE_ISIN
4953,4953.TWO,緯致,資訊服務業,TPEX,上櫃,2026/07/30,ESVUFR,^TWII,資訊服務業,TW,TWSE_ISIN
4966,4966.TWO,譜瑞-KY,半導體業,TPEX,上櫃,2011/09/13,ESVUFR,^TWII,半導體業,TW,TWSE_ISIN
4971,4971.TWO,IET-KY,半導體業,TPEX,上櫃,2013/07/24,ESVUFR,^TWII,半導體業,TW,TWSE_ISIN
4972,4972.TWO,湯石照明,光電業,TPEX,上櫃,2013/06/17,ESVUFR,^TWII,光電業,TW,TWSE_ISIN
4973,4973.TWO,廣穎,半導體業,TPEX,上櫃,2012/06/19,ESVUFR,^TWII,半導體業,TW,TWSE_ISIN
4974,4974.TWO,亞泰,電子零組件業,TPEX,上櫃,2011/11/29,ESVUFR,^TWII,電子零組件業,TW,TWSE_ISIN
4979,4979.TWO,華星光,通信網路業,TPEX,上櫃,2011/12/12,ESVUFR,^TWII,通信網路業,TW,TWSE_ISIN
4991,4991.TWO,環宇-KY,半導體業,TPEX,上櫃,2014/09/15,ESVUFR,^TWII,半導體業,TW,TWSE_ISIN
4995,4995.TWO,晶達,光電業,TPEX,上櫃,2012/05/09,ESVUFR,^TWII,光電業,TW,TWSE_ISIN
5009,5009.TWO,榮剛,鋼鐵工業,TPEX,上櫃,1998/10/17,ESVUFR,^TWII,鋼鐵工業,TW,TWSE_ISIN
5011,5011.TWO,久陽,鋼鐵工業,TPEX,上櫃,1999/05/06,ESVUFR,^TWII,鋼鐵工業,TW,TWSE_ISIN
5013,5013.TWO,強新,鋼鐵工業,TPEX,上櫃,2000/05/08,ESVUFR,^TWII,鋼鐵工業,TW,TWSE_ISIN
5014,5014.TWO,建錩,鋼鐵工業,TPEX,上櫃,2001/02/15,ESVUFR,^TWII,鋼鐵工業,TW,TWSE_ISIN
5015,5015.TWO,華祺,鋼鐵工業,TPEX,上櫃,2000/12/15,ESVUFR,^TWII,鋼鐵工業,TW,TWSE_ISIN
5016,5016.TWO,松和,鋼鐵工業,TPEX,上櫃,2001/03/05,ESVUFR,^TWII,鋼鐵工業,TW,TWSE_ISIN
5201,5201.TWO,凱衛,資訊服務業,TPEX,上櫃,2000/10/12,ESVUFR,^TWII,資訊服務業,TW,TWSE_ISIN
5202,5202.TWO,力新,資訊服務業,TPEX,上櫃,2000/10/18,ESVUFR,^TWII,資訊服務業,TW,TWSE_ISIN
5205,5205.TWO,中茂,綠能環保,TPEX,上櫃,2001/05/14,ESVUFR,^TWII,綠能環保,TW,TWSE_ISIN
5206,5206.TWO,坤悅,建材營造業,TPEX,上櫃,2001/10/08,ESVUFR,^TWII,建材營造業,TW,TWSE_ISIN
5209,5209.TWO,新鼎,其他業,TPEX,上櫃,2002/02/25,ESVUFR,^TWII,其他業,TW,TWSE_ISIN
5210,5210.TWO,寶碩,資訊服務業,TPEX,上櫃,2002/04/25,ESVUFR,^TWII,資訊服務業,TW,TWSE_ISIN
5211,5211.TWO,蒙恬,資訊服務業,TPEX,上櫃,2002/12/23,ESVUFR,^TWII,資訊服務業,TW,TWSE_ISIN
5212,5212.TWO,凌網,資訊服務業,TPEX,上櫃,2003/03/24,ESVUFR,^TWII,資訊服務業,TW,TWSE_ISIN
5213,5213.TWO,亞昕,建材營造業,TPEX,上櫃,2003/04/24,ESVUFR,^TWII,建材營造業,TW,TWSE_ISIN
5220,5220.TWO,萬達光電,光電業,TPEX,上櫃,2018/04/26,ESVUFR,^TWII,光電業,TW,TWSE_ISIN
5223,5223.TWO,安力-KY,電腦及週邊設備業,TPEX,上櫃,2018/07/02,ESVUFR,^TWII,電腦及週邊設備業,TW,TWSE_ISIN
5227,5227.TWO,立凱-KY,電子零組件業,TPEX,上櫃,2013/12/09,ESVUFR,^TWII,電子零組件業,TW,TWSE_ISIN
5228,5228.TWO,鈺鎧,電子零組件業,TPEX,上櫃,2022/05/20,ESVUFR,^TWII,電子零組件業,TW,TWSE_ISIN
5230,5230.TWO,雷笛克光學,光電業,TPEX,上櫃,2012/06/05,ESVUFR,^TWII,光電業,TW,TWSE_ISIN
5245,5245.TWO,智晶,光電業,TPEX,上櫃,2015/05/25,ESVUFR,^TWII,光電業,TW,TWSE_ISIN
5251,5251.TWO,天鉞電,光電業,TPEX,上櫃,2012/11/26,ESVUFR,^TWII,光電業,TW,TWSE_ISIN
5263,5263.TWO,智崴,文化創意業,TPEX,上櫃,2012/12/18,ESVUFR,^TWII,文化創意業,TW,TWSE_ISIN
5272,5272.TWO,笙科,半導體業,TPEX,上櫃,2013/05/30,ESVUFR,^TWII,半導體業,TW,TWSE_ISIN
5274,5274.TWO,信驊,半導體業,TPEX,上櫃,2013/04/30,ESVUFR,^TWII,半導體業,TW,TWSE_ISIN
5276,5276.TWO,達輝-KY,其他業,TPEX,上櫃,2014/06/12,ESVUFR,^TWII,其他業,TW,TWSE_ISIN
5278,5278.TWO,尚凡*,數位雲端,TPEX,上櫃,2013/06/04,ESVUFR,^TWII,數位雲端,TW,TWSE_ISIN
5287,5287.TWO,數字,數位雲端,TPEX,上櫃,2014/01/20,ESVUFR,^TWII,數位雲端,TW,TWSE_ISIN
5289,5289.TWO,宜鼎,電腦及週邊設備業,TPEX,上櫃,2013/11/27,ESVUFR,^TWII,電腦及週邊設備業,TW,TWSE_ISIN
5291,5291.TWO,邑昇,電子零組件業,TPEX,上櫃,2014/12/23,ESVUFR,^TWII,電子零組件業,TW,TWSE_ISIN
5299,5299.TWO,杰力,半導體業,TPEX,上櫃,2018/01/23,ESVUFR,^TWII,半導體業,TW,TWSE_ISIN
5301,5301.TWO,寶得利,觀光餐旅,TPEX,上櫃,1990/06/25,ESVUFR,^TWII,觀光餐旅,TW,TWSE_ISIN
5302,5302.TWO,太欣,半導體業,TPEX,上櫃,1991/01/17,ESVUFR,^TWII,半導體業,TW,TWSE_ISIN
5309,5309.TWO,系統電,電子零組件業,TPEX,上櫃,1996/03/18,ESVUFR,^TWII,電子零組件業,TW,TWSE_ISIN
5310,5310.TWO,天剛,資訊服務業,TPEX,上櫃,1996/04/09,ESVUFR,^TWII,資訊服務業,TW,TWSE_ISIN
5312,5312.TWO,寶島科,生技醫療業,TPEX,上櫃,1996/05/25,ESVUFR,^TWII,生技醫療業,TW,TWSE_ISIN
5314,5314.TWO,世紀*,其他業,TPEX,上櫃,1996/09/16,ESVUFR,^TWII,其他業,TW,TWSE_ISIN
5315,5315.TWO,光聯,光電業,TPEX,上櫃,1996/11/02,ESVUFR,^TWII,光電業,TW,TWSE_ISIN
5321,5321.TWO,美而快,數位雲端,TPEX,上櫃,1996/12/30,ESVUFR,^TWII,數位雲端,TW,TWSE_ISIN
5324,5324.TWO,士開,建材營造業,TPEX,上櫃,1997/01/30,ESVUFR,^TWII,建材營造業,TW,TWSE_ISIN
5328,5328.TWO,華容,電子零組件業,TPEX,上櫃,1997/08/28,ESVUFR,^TWII,電子零組件業,TW,TWSE_ISIN
5340,5340.TWO,建榮,電子零組件業,TPEX,上櫃,1998/01/20,ESVUFR,^TWII,電子零組件業,TW,TWSE_ISIN
5344,5344.TWO,立衛,半導體業,TPEX,上櫃,1998/03/23,ESVUFR,^TWII,半導體業,TW,TWSE_ISIN
5345,5345.TWO,馥鴻,其他業,TPEX,上櫃,1998/03/23,ESVUFR,^TWII,其他業,TW,TWSE_ISIN
5347,5347.TWO,世界,半導體業,TPEX,上櫃,1998/03/25,ESVUFR,^TWII,半導體業,TW,TWSE_ISIN
5348,5348.TWO,正能量智能,運動休閒,TPEX,上櫃,2025/06/02,ESVUFR,^TWII,運動休閒,TW,TWSE_ISIN
5351,5351.TWO,鈺創,半導體業,TPEX,上櫃,1998/05/15,ESVUFR,^TWII,半導體業,TW,TWSE_ISIN
5353,5353.TWO,台林,通信網路業,TPEX,上櫃,1998/05/18,ESVUFR,^TWII,通信網路業,TW,TWSE_ISIN
5355,5355.TWO,佳總,電子零組件業,TPEX,上櫃,1998/06/23,ESVUFR,^TWII,電子零組件業,TW,TWSE_ISIN
5356,5356.TWO,協益,電腦及週邊設備業,TPEX,上櫃,1998/07/20,ESVUFR,^TWII,電腦及週邊設備業,TW,TWSE_ISIN
5364,5364.TWO,力麗店,觀光餐旅,TPEX,上櫃,2013/08/26,ESVUFR,^TWII,觀光餐旅,TW,TWSE_ISIN
5381,5381.TWO,光譜,電機機械,TPEX,上櫃,2026/06/01,ESVUFR,^TWII,電機機械,TW,TWSE_ISIN
5386,5386.TWO,青雲,電腦及週邊設備業,TPEX,上櫃,1999/05/13,ESVUFR,^TWII,電腦及週邊設備業,TW,TWSE_ISIN
5392,5392.TWO,能率,光電業,TPEX,上櫃,1999/06/14,ESVUFR,^TWII,光電業,TW,TWSE_ISIN
5398,5398.TWO,慕康生醫,其他業,TPEX,上櫃,1999/10/11,ESVUFR,^TWII,其他業,TW,TWSE_ISIN
5403,5403.TWO,中菲,資訊服務業,TPEX,上櫃,1999/10/15,ESVUFR,^TWII,資訊服務業,TW,TWSE_ISIN
5410,5410.TWO,國眾,資訊服務業,TPEX,上櫃,1999/11/26,ESVUFR,^TWII,資訊服務業,TW,TWSE_ISIN
5425,5425.TWO,台半,半導體業,TPEX,上櫃,2000/02/21,ESVUFR,^TWII,半導體業,TW,TWSE_ISIN
5426,5426.TWO,振發,電腦及週邊設備業,TPEX,上櫃,2000/02/09,ESVUFR,^TWII,電腦及週邊設備業,TW,TWSE_ISIN
5432,5432.TWO,新門,綠能環保,TPEX,上櫃,2000/03/21,ESVUFR,^TWII,綠能環保,TW,TWSE_ISIN
5438,5438.TWO,東友,電腦及週邊設備業,TPEX,上櫃,2000/06/17,ESVUFR,^TWII,電腦及週邊設備業,TW,TWSE_ISIN
5439,5439.TWO,高技,電子零組件業,TPEX,上櫃,2000/06/26,ESVUFR,^TWII,電子零組件業,TW,TWSE_ISIN
5443,5443.TWO,均豪,半導體業,TPEX,上櫃,1998/02/09,ESVUFR,^TWII,半導體業,TW,TWSE_ISIN
5450,5450.TWO,南良,其他業,TPEX,上櫃,2020/06/01,ESVUFR,^TWII,其他業,TW,TWSE_ISIN
5452,5452.TWO,佶優,其他電子業,TPEX,上櫃,2000/10/02,ESVUFR,^TWII,其他電子業,TW,TWSE_ISIN
5455,5455.TWO,昇益,建材營造業,TPEX,上櫃,2000/10/19,ESVUFR,^TWII,建材營造業,TW,TWSE_ISIN
5457,5457.TWO,宣德,電子零組件業,TPEX,上櫃,2000/09/29,ESVUFR,^TWII,電子零組件業,TW,TWSE_ISIN
5460,5460.TWO,同協,電子零組件業,TPEX,上櫃,2000/09/28,ESVUFR,^TWII,電子零組件業,TW,TWSE_ISIN
5464,5464.TWO,霖宏,電子零組件業,TPEX,上櫃,2000/11/08,ESVUFR,^TWII,電子零組件業,TW,TWSE_ISIN
5465,5465.TWO,富驊,電腦及週邊設備業,TPEX,上櫃,2000/11/08,ESVUFR,^TWII,電腦及週邊設備業,TW,TWSE_ISIN
5468,5468.TWO,凱鈺,半導體業,TPEX,上櫃,2001/01/17,ESVUFR,^TWII,半導體業,TW,TWSE_ISIN
5474,5474.TWO,聰泰,電腦及週邊設備業,TPEX,上櫃,2001/03/20,ESVUFR,^TWII,電腦及週邊設備業,TW,TWSE_ISIN
5475,5475.TWO,德宏,電子零組件業,TPEX,上櫃,2001/01/16,ESVUFR,^TWII,電子零組件業,TW,TWSE_ISIN
5478,5478.TWO,智冠,文化創意業,TPEX,上櫃,2001/03/29,ESVUFR,^TWII,文化創意業,TW,TWSE_ISIN
5481,5481.TWO,新華,其他業,TPEX,上櫃,2020/06/01,ESVUFR,^TWII,其他業,TW,TWSE_ISIN
5483,5483.TWO,中美晶,半導體業,TPEX,上櫃,2001/03/02,ESVUFR,^TWII,半導體業,TW,TWSE_ISIN
5487,5487.TWO,通泰,半導體業,TPEX,上櫃,2001/02/20,ESVUFR,^TWII,半導體業,TW,TWSE_ISIN
5488,5488.TWO,松普,電子零組件業,TPEX,上櫃,2001/03/12,ESVUFR,^TWII,電子零組件業,TW,TWSE_ISIN
5489,5489.TWO,彩富,其他電子業,TPEX,上櫃,2001/03/12,ESVUFR,^TWII,其他電子業,TW,TWSE_ISIN
5490,5490.TWO,同亨,電腦及週邊設備業,TPEX,上櫃,2001/05/14,ESVUFR,^TWII,電腦及週邊設備業,TW,TWSE_ISIN
5493,5493.TWO,三聯,其他電子業,TPEX,上櫃,2001/05/03,ESVUFR,^TWII,其他電子業,TW,TWSE_ISIN
5498,5498.TWO,凱崴,電子零組件業,TPEX,上櫃,2001/03/29,ESVUFR,^TWII,電子零組件業,TW,TWSE_ISIN
5508,5508.TWO,永信建,建材營造業,TPEX,上櫃,1998/05/13,ESVUFR,^TWII,建材營造業,TW,TWSE_ISIN
5511,5511.TWO,德昌,建材營造業,TPEX,上櫃,1998/12/09,ESVUFR,^TWII,建材營造業,TW,TWSE_ISIN
5512,5512.TWO,力麒,建材營造業,TPEX,上櫃,1998/12/04,ESVUFR,^TWII,建材營造業,TW,TWSE_ISIN
5514,5514.TWO,三豐,建材營造業,TPEX,上櫃,1998/12/29,ESVUFR,^TWII,建材營造業,TW,TWSE_ISIN
5516,5516.TWO,雙喜,建材營造業,TPEX,上櫃,1999/03/23,ESVUFR,^TWII,建材營造業,TW,TWSE_ISIN
5520,5520.TWO,力泰,建材營造業,TPEX,上櫃,1999/10/27,ESVUFR,^TWII,建材營造業,TW,TWSE_ISIN
5523,5523.TWO,豐謙,建材營造業,TPEX,上櫃,1999/12/27,ESVUFR,^TWII,建材營造業,TW,TWSE_ISIN
5529,5529.TWO,鉅陞,建材營造業,TPEX,上櫃,1996/01/12,ESVUFR,^TWII,建材營造業,TW,TWSE_ISIN
5530,5530.TWO,龍巖,其他業,TPEX,上櫃,2000/10/04,ESVUFR,^TWII,其他業,TW,TWSE_ISIN
5536,5536.TWO,聖暉*,其他電子業,TPEX,上櫃,2010/11/10,ESVUFR,^TWII,其他電子業,TW,TWSE_ISIN
5543,5543.TWO,桓鼎-KY,建材營造業,TPEX,上櫃,2016/05/09,ESVUFR,^TWII,建材營造業,TW,TWSE_ISIN
5547,5547.TWO,久舜,建材營造業,TPEX,上櫃,2026/02/03,ESVUFR,^TWII,建材營造業,TW,TWSE_ISIN
5548,5548.TWO,安倉,建材營造業,TPEX,上櫃,2024/03/18,ESVUFR,^TWII,建材營造業,TW,TWSE_ISIN
5601,5601.TWO,台聯櫃,航運業,TPEX,上櫃,1994/11/24,ESVUFR,^TWII,航運業,TW,TWSE_ISIN
5603,5603.TWO,陸海,航運業,TPEX,上櫃,1997/01/25,ESVUFR,^TWII,航運業,TW,TWSE_ISIN
5604,5604.TWO,中連,其他業,TPEX,上櫃,1997/05/22,ESVUFR,^TWII,其他業,TW,TWSE_ISIN
5609,5609.TWO,中菲行,航運業,TPEX,上櫃,2001/10/15,ESVUFR,^TWII,航運業,TW,TWSE_ISIN
5701,5701.TWO,劍湖山,觀光餐旅,TPEX,上櫃,1998/03/12,ESVUFR,^TWII,觀光餐旅,TW,TWSE_ISIN
5703,5703.TWO,亞都,觀光餐旅,TPEX,上櫃,1999/06/15,ESVUFR,^TWII,觀光餐旅,TW,TWSE_ISIN
5704,5704.TWO,老爺知,觀光餐旅,TPEX,上櫃,1999/12/21,ESVUFR,^TWII,觀光餐旅,TW,TWSE_ISIN
5864,5864.TWO,致和證,金融保險業,TPEX,上櫃,2018/04/02,ESVUFR,^TWII,金融保險業,TW,TWSE_ISIN
5878,5878.TWO,台名,金融保險業,TPEX,上櫃,2014/10/28,ESVUFR,^TWII,金融保險業,TW,TWSE_ISIN
5902,5902.TWO,德記,居家生活,TPEX,上櫃,1998/02/07,ESVUFR,^TWII,居家生活,TW,TWSE_ISIN
5903,5903.TWO,全家,居家生活,TPEX,上櫃,2002/02/25,ESVUFR,^TWII,居家生活,TW,TWSE_ISIN
5904,5904.TWO,寶雅*,居家生活,TPEX,上櫃,2002/09/06,ESVUFR,^TWII,居家生活,TW,TWSE_ISIN
5905,5905.TWO,南仁湖,觀光餐旅,TPEX,上櫃,2003/06/17,ESVUFR,^TWII,觀光餐旅,TW,TWSE_ISIN
6015,6015.TWO,宏遠證,金融保險業,TPEX,上櫃,1996/07/25,ESVUFR,^TWII,金融保險業,TW,TWSE_ISIN
6016,6016.TWO,康和證,金融保險業,TPEX,上櫃,1996/12/04,ESVUFR,^TWII,金融保險業,TW,TWSE_ISIN
6020,6020.TWO,大展證,金融保險業,TPEX,上櫃,2003/01/23,ESVUFR,^TWII,金融保險業,TW,TWSE_ISIN
6021,6021.TWO,美好證,金融保險業,TPEX,上櫃,2003/04/21,ESVUFR,^TWII,金融保險業,TW,TWSE_ISIN
6023,6023.TWO,元大期,金融保險業,TPEX,上櫃,2007/11/28,ESVUFR,^TWII,金融保險業,TW,TWSE_ISIN
6026,6026.TWO,福邦證,金融保險業,TPEX,上櫃,2016/01/27,ESVUFR,^TWII,金融保險業,TW,TWSE_ISIN
6028,6028.TWO,公勝保經,金融保險業,TPEX,上櫃,2026/03/30,ESVUFR,^TWII,金融保險業,TW,TWSE_ISIN
6101,6101.TWO,寬魚國際,文化創意業,TPEX,上櫃,2001/03/29,ESVUFR,^TWII,文化創意業,TW,TWSE_ISIN
6103,6103.TWO,合邦,半導體業,TPEX,上櫃,2001/05/07,ESVUFR,^TWII,半導體業,TW,TWSE_ISIN
6104,6104.TWO,創惟,半導體業,TPEX,上櫃,2001/05/22,ESVUFR,^TWII,半導體業,TW,TWSE_ISIN
6109,6109.TWO,亞元,通信網路業,TPEX,上櫃,2001/07/26,ESVUFR,^TWII,通信網路業,TW,TWSE_ISIN
6111,6111.TWO,光聚晶電,文化創意業,TPEX,上櫃,2026/03/12,ESVUFR,^TWII,文化創意業,TW,TWSE_ISIN
6113,6113.TWO,亞矽,電子通路業,TPEX,上櫃,2001/08/10,ESVUFR,^TWII,電子通路業,TW,TWSE_ISIN
6114,6114.TWO,久威,電子零組件業,TPEX,上櫃,2001/09/27,ESVUFR,^TWII,電子零組件業,TW,TWSE_ISIN
6118,6118.TWO,建達,電子通路業,TPEX,上櫃,2001/10/25,ESVUFR,^TWII,電子通路業,TW,TWSE_ISIN
6121,6121.TWO,新普,電腦及週邊設備業,TPEX,上櫃,2001/11/27,ESVUFR,^TWII,電腦及週邊設備業,TW,TWSE_ISIN
6122,6122.TWO,擎邦,電機機械,TPEX,上櫃,2000/07/14,ESVUFR,^TWII,電機機械,TW,TWSE_ISIN
6123,6123.TWO,上奇,資訊服務業,TPEX,上櫃,2002/01/23,ESVUFR,^TWII,資訊服務業,TW,TWSE_ISIN
6124,6124.TWO,業強,電子零組件業,TPEX,上櫃,2002/03/19,ESVUFR,^TWII,電子零組件業,TW,TWSE_ISIN
6125,6125.TWO,廣運,電機機械,TPEX,上櫃,2026/06/01,ESVUFR,^TWII,電機機械,TW,TWSE_ISIN
6126,6126.TWO,信音,電子零組件業,TPEX,上櫃,2002/01/18,ESVUFR,^TWII,電子零組件業,TW,TWSE_ISIN
6127,6127.TWO,九豪,電子零組件業,TPEX,上櫃,2002/01/10,ESVUFR,^TWII,電子零組件業,TW,TWSE_ISIN
6129,6129.TWO,普誠,半導體業,TPEX,上櫃,2001/12/25,ESVUFR,^TWII,半導體業,TW,TWSE_ISIN
6130,6130.TWO,上亞科技,生技醫療業,TPEX,上櫃,2002/03/26,ESVUFR,^TWII,生技醫療業,TW,TWSE_ISIN
6134,6134.TWO,萬旭,電子零組件業,TPEX,上櫃,2002/01/08,ESVUFR,^TWII,電子零組件業,TW,TWSE_ISIN
6138,6138.TWO,茂達,半導體業,TPEX,上櫃,2002/01/18,ESVUFR,^TWII,半導體業,TW,TWSE_ISIN
6140,6140.TWO,訊達,資訊服務業,TPEX,上櫃,2002/02/04,ESVUFR,^TWII,資訊服務業,TW,TWSE_ISIN
6143,6143.TWO,振曜,通信網路業,TPEX,上櫃,2002/01/28,ESVUFR,^TWII,通信網路業,TW,TWSE_ISIN
6144,6144.TWO,得利影,文化創意業,TPEX,上櫃,2002/01/23,ESVUFR,^TWII,文化創意業,TW,TWSE_ISIN
6146,6146.TWO,耕興,其他電子業,TPEX,上櫃,2002/01/23,ESVUFR,^TWII,其他電子業,TW,TWSE_ISIN
6147,6147.TWO,頎邦,半導體業,TPEX,上櫃,2002/01/31,ESVUFR,^TWII,半導體業,TW,TWSE_ISIN
6148,6148.TWO,驊宏資,資訊服務業,TPEX,上櫃,2002/02/01,ESVUFR,^TWII,資訊服務業,TW,TWSE_ISIN
6150,6150.TWO,撼訊,電腦及週邊設備業,TPEX,上櫃,2002/03/11,ESVUFR,^TWII,電腦及週邊設備業,TW,TWSE_ISIN
6151,6151.TWO,晉倫,其他電子業,TPEX,上櫃,2002/02/25,ESVUFR,^TWII,其他電子業,TW,TWSE_ISIN
6154,6154.TWO,順發,電子通路業,TPEX,上櫃,2002/02/18,ESVUFR,^TWII,電子通路業,TW,TWSE_ISIN
6156,6156.TWO,松上,電子零組件業,TPEX,上櫃,2002/02/19,ESVUFR,^TWII,電子零組件業,TW,TWSE_ISIN
6158,6158.TWO,禾昌,電子零組件業,TPEX,上櫃,2002/02/19,ESVUFR,^TWII,電子零組件業,TW,TWSE_ISIN
6160,6160.TWO,欣技,電腦及週邊設備業,TPEX,上櫃,2002/03/01,ESVUFR,^TWII,電腦及週邊設備業,TW,TWSE_ISIN
6161,6161.TWO,捷波,電腦及週邊設備業,TPEX,上櫃,2002/03/01,ESVUFR,^TWII,電腦及週邊設備業,TW,TWSE_ISIN
6163,6163.TWO,華電網,資訊服務業,TPEX,上櫃,2002/03/19,ESVUFR,^TWII,資訊服務業,TW,TWSE_ISIN
6167,6167.TWO,久正,光電業,TPEX,上櫃,2002/03/26,ESVUFR,^TWII,光電業,TW,TWSE_ISIN
6169,6169.TWO,昱泉,文化創意業,TPEX,上櫃,2002/03/22,ESVUFR,^TWII,文化創意業,TW,TWSE_ISIN
6170,6170.TWO,統振,通信網路業,TPEX,上櫃,2002/04/16,ESVUFR,^TWII,通信網路業,TW,TWSE_ISIN
6171,6171.TWO,大城地產,建材營造業,TPEX,上櫃,2002/04/22,ESVUFR,^TWII,建材營造業,TW,TWSE_ISIN
6173,6173.TWO,信昌電,電子零組件業,TPEX,上櫃,2002/04/19,ESVUFR,^TWII,電子零組件業,TW,TWSE_ISIN
6174,6174.TWO,安碁,電子零組件業,TPEX,上櫃,2002/05/02,ESVUFR,^TWII,電子零組件業,TW,TWSE_ISIN
6175,6175.TWO,立敦,電子零組件業,TPEX,上櫃,2002/06/10,ESVUFR,^TWII,電子零組件業,TW,TWSE_ISIN
6179,6179.TWO,亞通,其他業,TPEX,上櫃,2002/05/17,ESVUFR,^TWII,其他業,TW,TWSE_ISIN
6180,6180.TWO,橘子,文化創意業,TPEX,上櫃,2002/05/21,ESVUFR,^TWII,文化創意業,TW,TWSE_ISIN
6182,6182.TWO,合晶,半導體業,TPEX,上櫃,2002/05/16,ESVUFR,^TWII,半導體業,TW,TWSE_ISIN
6185,6185.TWO,幃翔,電子零組件業,TPEX,上櫃,2002/08/09,ESVUFR,^TWII,電子零組件業,TW,TWSE_ISIN
6186,6186.TWO,新潤,建材營造業,TPEX,上櫃,2002/08/02,ESVUFR,^TWII,建材營造業,TW,TWSE_ISIN
6187,6187.TWO,萬潤,半導體業,TPEX,上櫃,2002/09/27,ESVUFR,^TWII,半導體業,TW,TWSE_ISIN
6188,6188.TWO,廣明,電腦及週邊設備業,TPEX,上櫃,2002/08/27,ESVUFR,^TWII,電腦及週邊設備業,TW,TWSE_ISIN
6190,6190.TWO,萬泰科,通信網路業,TPEX,上櫃,1998/02/04,ESVUFR,^TWII,通信網路業,TW,TWSE_ISIN
6194,6194.TWO,育富,電子零組件業,TPEX,上櫃,2002/12/05,ESVUFR,^TWII,電子零組件業,TW,TWSE_ISIN
6195,6195.TWO,詩肯,居家生活,TPEX,上櫃,2002/10/21,ESVUFR,^TWII,居家生活,TW,TWSE_ISIN
6198,6198.TWO,瑞築,建材營造業,TPEX,上櫃,2002/12/26,ESVUFR,^TWII,建材營造業,TW,TWSE_ISIN
6199,6199.TWO,天品,其他業,TPEX,上櫃,2016/10/07,ESVUFR,^TWII,其他業,TW,TWSE_ISIN
6203,6203.TWO,海韻電,電子零組件業,TPEX,上櫃,2002/12/26,ESVUFR,^TWII,電子零組件業,TW,TWSE_ISIN
6204,6204.TWO,艾華,電子零組件業,TPEX,上櫃,2002/11/13,ESVUFR,^TWII,電子零組件業,TW,TWSE_ISIN
6207,6207.TWO,雷科,電子零組件業,TPEX,上櫃,2002/12/23,ESVUFR,^TWII,電子零組件業,TW,TWSE_ISIN
6208,6208.TWO,日揚,半導體業,TPEX,上櫃,2002/12/23,ESVUFR,^TWII,半導體業,TW,TWSE_ISIN
6210,6210.TWO,慶生,電子零組件業,TPEX,上櫃,2003/02/14,ESVUFR,^TWII,電子零組件業,TW,TWSE_ISIN
6212,6212.TWO,理銘,建材營造業,TPEX,上櫃,2002/12/26,ESVUFR,^TWII,建材營造業,TW,TWSE_ISIN
6217,6217.TWO,中探針,電子零組件業,TPEX,上櫃,2003/01/09,ESVUFR,^TWII,電子零組件業,TW,TWSE_ISIN
6218,6218.TWO,豪勉,通信網路業,TPEX,上櫃,2003/01/14,ESVUFR,^TWII,通信網路業,TW,TWSE_ISIN
6219,6219.TWO,富旺,建材營造業,TPEX,上櫃,2003/02/26,ESVUFR,^TWII,建材營造業,TW,TWSE_ISIN
6220,6220.TWO,岳豐,電子零組件業,TPEX,上櫃,2003/01/09,ESVUFR,^TWII,電子零組件業,TW,TWSE_ISIN
6221,6221.TWO,晉泰,資訊服務業,TPEX,上櫃,2003/01/06,ESVUFR,^TWII,資訊服務業,TW,TWSE_ISIN
6222,6222.TWO,立軒,光電業,TPEX,上櫃,2003/01/09,ESVUFR,^TWII,光電業,TW,TWSE_ISIN
6223,6223.TWO,旺矽,半導體業,TPEX,上櫃,2003/01/06,ESVUFR,^TWII,半導體業,TW,TWSE_ISIN
6227,6227.TWO,茂綸,電子通路業,TPEX,上櫃,2003/01/14,ESVUFR,^TWII,電子通路業,TW,TWSE_ISIN
6228,6228.TWO,全譜,電腦及週邊設備業,TPEX,上櫃,2003/01/21,ESVUFR,^TWII,電腦及週邊設備業,TW,TWSE_ISIN
6229,6229.TWO,研通,半導體業,TPEX,上櫃,2003/01/14,ESVUFR,^TWII,半導體業,TW,TWSE_ISIN
6231,6231.TWO,系微,資訊服務業,TPEX,上櫃,2003/01/23,ESVUFR,^TWII,資訊服務業,TW,TWSE_ISIN
6233,6233.TWO,旺玖,半導體業,TPEX,上櫃,2003/02/20,ESVUFR,^TWII,半導體業,TW,TWSE_ISIN
6234,6234.TWO,高僑,光電業,TPEX,上櫃,2003/03/12,ESVUFR,^TWII,光電業,TW,TWSE_ISIN
6236,6236.TWO,中湛,數位雲端,TPEX,上櫃,2003/03/31,ESVUFR,^TWII,數位雲端,TW,TWSE_ISIN
6237,6237.TWO,驊訊,半導體業,TPEX,上櫃,2003/04/21,ESVUFR,^TWII,半導體業,TW,TWSE_ISIN
6240,6240.TWO,松崗,資訊服務業,TPEX,上櫃,2003/05/30,ESVUFR,^TWII,資訊服務業,TW,TWSE_ISIN
6241,6241.TWO,鑫永洋,通信網路業,TPEX,上櫃,2003/04/08,ESVUFR,^TWII,通信網路業,TW,TWSE_ISIN
6242,6242.TWO,立康,生技醫療業,TPEX,上櫃,2003/04/23,ESVUFR,^TWII,生技醫療業,TW,TWSE_ISIN
6244,6244.TWO,茂迪,光電業,TPEX,上櫃,2003/05/15,ESVUFR,^TWII,光電業,TW,TWSE_ISIN
6245,6245.TWO,立端,通信網路業,TPEX,上櫃,2003/05/19,ESVUFR,^TWII,通信網路業,TW,TWSE_ISIN
6246,6246.TWO,臺龍,光電業,TPEX,上櫃,2003/06/18,ESVUFR,^TWII,光電業,TW,TWSE_ISIN
6248,6248.TWO,沛波,鋼鐵工業,TPEX,上櫃,2003/09/03,ESVUFR,^TWII,鋼鐵工業,TW,TWSE_ISIN
6259,6259.TWO,百徽,電子零組件業,TPEX,上櫃,2003/09/17,ESVUFR,^TWII,電子零組件業,TW,TWSE_ISIN
6261,6261.TWO,久元,半導體業,TPEX,上櫃,2004/03/29,ESVUFR,^TWII,半導體業,TW,TWSE_ISIN
6263,6263.TWO,普萊德,通信網路業,TPEX,上櫃,2003/09/17,ESVUFR,^TWII,通信網路業,TW,TWSE_ISIN
6264,6264.TWO,富裔,建材營造業,TPEX,上櫃,2004/02/24,ESVUFR,^TWII,建材營造業,TW,TWSE_ISIN
6265,6265.TWO,方土昶,電子通路業,TPEX,上櫃,2003/10/24,ESVUFR,^TWII,電子通路業,TW,TWSE_ISIN
6266,6266.TWO,泰詠,電子零組件業,TPEX,上櫃,2004/04/29,ESVUFR,^TWII,電子零組件業,TW,TWSE_ISIN
6270,6270.TWO,倍微,電子通路業,TPEX,上櫃,2003/09/17,ESVUFR,^TWII,電子通路業,TW,TWSE_ISIN
6274,6274.TWO,台燿,電子零組件業,TPEX,上櫃,2003/12/18,ESVUFR,^TWII,電子零組件業,TW,TWSE_ISIN
6275,6275.TWO,元山,電子零組件業,TPEX,上櫃,2004/12/23,ESVUFR,^TWII,電子零組件業,TW,TWSE_ISIN
6276,6276.TWO,安鈦克,電腦及週邊設備業,TPEX,上櫃,2003/10/30,ESVUFR,^TWII,電腦及週邊設備業,TW,TWSE_ISIN
6279,6279.TWO,胡連,電子零組件業,TPEX,上櫃,2003/11/26,ESVUFR,^TWII,電子零組件業,TW,TWSE_ISIN
6284,6284.TWO,佳邦,電子零組件業,TPEX,上櫃,2004/06/29,ESVUFR,^TWII,電子零組件業,TW,TWSE_ISIN
6290,6290.TWO,良維,電子零組件業,TPEX,上櫃,2005/06/03,ESVUFR,^TWII,電子零組件業,TW,TWSE_ISIN
6291,6291.TWO,沛亨,半導體業,TPEX,上櫃,2004/01/28,ESVUFR,^TWII,半導體業,TW,TWSE_ISIN
6292,6292.TWO,迅德,電子零組件業,TPEX,上櫃,2003/11/26,ESVUFR,^TWII,電子零組件業,TW,TWSE_ISIN
6294,6294.TWO,智基,文化創意業,TPEX,上櫃,2004/01/13,ESVUFR,^TWII,文化創意業,TW,TWSE_ISIN
6411,6411.TWO,晶焱,半導體業,TPEX,上櫃,2014/03/11,ESVUFR,^TWII,半導體業,TW,TWSE_ISIN
6417,6417.TWO,韋僑,通信網路業,TPEX,上櫃,2015/10/08,ESVUFR,^TWII,通信網路業,TW,TWSE_ISIN
6418,6418.TWO,詠昇,電子零組件業,TPEX,上櫃,2019/02/18,ESVUFR,^TWII,電子零組件業,TW,TWSE_ISIN
6419,6419.TWO,京晨科,光電業,TPEX,上櫃,2014/12/29,ESVUFR,^TWII,光電業,TW,TWSE_ISIN
6423,6423.TWO,億而得,半導體業,TPEX,上櫃,2026/01/22,ESVUFR,^TWII,半導體業,TW,TWSE_ISIN
6425,6425.TWO,易發,電機機械,TPEX,上櫃,2019/01/18,ESVUFR,^TWII,電機機械,TW,TWSE_ISIN
6432,6432.TWO,今展科,電子零組件業,TPEX,上櫃,2015/05/20,ESVUFR,^TWII,電子零組件業,TW,TWSE_ISIN
6435,6435.TWO,大中,半導體業,TPEX,上櫃,2016/01/07,ESVUFR,^TWII,半導體業,TW,TWSE_ISIN
6441,6441.TWO,廣錠,電腦及週邊設備業,TPEX,上櫃,2017/09/27,ESVUFR,^TWII,電腦及週邊設備業,TW,TWSE_ISIN
6461,6461.TWO,益得,生技醫療業,TPEX,上櫃,2018/03/28,ESVUFR,^TWII,生技醫療業,TW,TWSE_ISIN
6462,6462.TWO,神盾,半導體業,TPEX,上櫃,2015/12/23,ESVUFR,^TWII,半導體業,TW,TWSE_ISIN
6465,6465.TWO,威潤,通信網路業,TPEX,上櫃,2015/11/20,ESVUFR,^TWII,通信網路業,TW,TWSE_ISIN
6469,6469.TWO,大樹,生技醫療業,TPEX,上櫃,2016/03/30,ESVUFR,^TWII,生技醫療業,TW,TWSE_ISIN
6470,6470.TWO,宇智,通信網路業,TPEX,上櫃,2015/11/03,ESVUFR,^TWII,通信網路業,TW,TWSE_ISIN
6474,6474.TWO,華豫寧,電子通路業,TPEX,上櫃,2025/11/25,ESVUFR,^TWII,電子通路業,TW,TWSE_ISIN
6482,6482.TWO,弘煜科,文化創意業,TPEX,上櫃,2016/06/13,ESVUFR,^TWII,文化創意業,TW,TWSE_ISIN
6485,6485.TWO,點序,半導體業,TPEX,上櫃,2015/11/17,ESVUFR,^TWII,半導體業,TW,TWSE_ISIN
6486,6486.TWO,互動,通信網路業,TPEX,上櫃,2016/09/13,ESVUFR,^TWII,通信網路業,TW,TWSE_ISIN
6488,6488.TWO,環球晶,半導體業,TPEX,上櫃,2015/09/25,ESVUFR,^TWII,半導體業,TW,TWSE_ISIN
6492,6492.TWO,生華科,生技醫療業,TPEX,上櫃,2017/04/24,ESVUFR,^TWII,生技醫療業,TW,TWSE_ISIN
6494,6494.TWO,九齊,半導體業,TPEX,上櫃,2016/05/09,ESVUFR,^TWII,半導體業,TW,TWSE_ISIN
6496,6496.TWO,科懋,生技醫療業,TPEX,上櫃,2016/01/07,ESVUFR,^TWII,生技醫療業,TW,TWSE_ISIN
6498,6498.TWO,久禾光,光電業,TPEX,上櫃,2025/05/20,ESVUFR,^TWII,光電業,TW,TWSE_ISIN
6499,6499.TWO,益安,生技醫療業,TPEX,上櫃,2016/07/27,ESVUFR,^TWII,生技醫療業,TW,TWSE_ISIN
6506,6506.TWO,雙邦,紡織纖維,TPEX,上櫃,2011/05/03,ESVUFR,^TWII,紡織纖維,TW,TWSE_ISIN
6508,6508.TWO,惠光,農業科技業,TPEX,上櫃,2004/03/22,ESVUFR,^TWII,農業科技業,TW,TWSE_ISIN
6509,6509.TWO,聚和,化學工業,TPEX,上櫃,2004/04/12,ESVUFR,^TWII,化學工業,TW,TWSE_ISIN
6510,6510.TWO,精測,半導體業,TPEX,上櫃,2016/03/24,ESVUFR,^TWII,半導體業,TW,TWSE_ISIN
6512,6512.TWO,啟發電,其他電子業,TPEX,上櫃,2016/03/25,ESVUFR,^TWII,其他電子業,TW,TWSE_ISIN
6516,6516.TWO,勤崴國際,資訊服務業,TPEX,上櫃,2019/05/06,ESVUFR,^TWII,資訊服務業,TW,TWSE_ISIN
6517,6517.TWO,保勝光學,光電業,TPEX,上櫃,2022/12/15,ESVUFR,^TWII,光電業,TW,TWSE_ISIN
6523,6523.TWO,達爾膚,生技醫療業,TPEX,上櫃,2016/06/16,ESVUFR,^TWII,生技醫療業,TW,TWSE_ISIN
6527,6527.TWO,明達醫,生技醫療業,TPEX,上櫃,2019/12/25,ESVUFR,^TWII,生技醫療業,TW,TWSE_ISIN
6530,6530.TWO,創威,通信網路業,TPEX,上櫃,2018/01/23,ESVUFR,^TWII,通信網路業,TW,TWSE_ISIN
6532,6532.TWO,瑞耘,半導體業,TPEX,上櫃,2016/09/26,ESVUFR,^TWII,半導體業,TW,TWSE_ISIN
6535,6535.TWO,順藥,生技醫療業,TPEX,上櫃,2016/09/26,ESVUFR,^TWII,生技醫療業,TW,TWSE_ISIN
6538,6538.TWO,倉和,電子零組件業,TPEX,上櫃,2016/10/21,ESVUFR,^TWII,電子零組件業,TW,TWSE_ISIN
6542,6542.TWO,隆中,文化創意業,TPEX,上櫃,2016/09/08,ESVUFR,^TWII,文化創意業,TW,TWSE_ISIN
6546,6546.TWO,正基,通信網路業,TPEX,上櫃,2022/05/24,ESVUFR,^TWII,通信網路業,TW,TWSE_ISIN
6547,6547.TWO,高端疫苗,生技醫療業,TPEX,上櫃,2018/04/17,ESVUFR,^TWII,生技醫療業,TW,TWSE_ISIN
6548,6548.TWO,長科*,半導體業,TPEX,上櫃,2016/09/13,ESVUFR,^TWII,半導體業,TW,TWSE_ISIN
6556,6556.TWO,勝品,光電業,TPEX,上櫃,2017/10/31,ESVUFR,^TWII,光電業,TW,TWSE_ISIN
6560,6560.TWO,欣普羅,光電業,TPEX,上櫃,2017/01/24,ESVUFR,^TWII,光電業,TW,TWSE_ISIN
6561,6561.TWO,是方,通信網路業,TPEX,上櫃,2018/06/05,ESVUFR,^TWII,通信網路業,TW,TWSE_ISIN
6568,6568.TWO,宏觀,半導體業,TPEX,上櫃,2016/12/28,ESVUFR,^TWII,半導體業,TW,TWSE_ISIN
6569,6569.TWO,醫揚,生技醫療業,TPEX,上櫃,2016/12/21,ESVUFR,^TWII,生技醫療業,TW,TWSE_ISIN
6570,6570.TWO,維田,電腦及週邊設備業,TPEX,上櫃,2017/12/11,ESVUFR,^TWII,電腦及週邊設備業,TW,TWSE_ISIN
6574,6574.TWO,霈方,生技醫療業,TPEX,上櫃,2017/09/04,ESVUFR,^TWII,生技醫療業,TW,TWSE_ISIN
6576,6576.TWO,逸達,生技醫療業,TPEX,上櫃,2018/06/29,ESVUFR,^TWII,生技醫療業,TW,TWSE_ISIN
6577,6577.TWO,勁豐,電腦及週邊設備業,TPEX,上櫃,2017/03/21,ESVUFR,^TWII,電腦及週邊設備業,TW,TWSE_ISIN
6578,6578.TWO,達邦蛋白,農業科技業,TPEX,上櫃,2018/09/18,ESVUFR,^TWII,農業科技業,TW,TWSE_ISIN
6584,6584.TWO,南俊國際,電子零組件業,TPEX,上櫃,2023/05/18,ESVUFR,^TWII,電子零組件業,TW,TWSE_ISIN
6588,6588.TWO,東典光電,通信網路業,TPEX,上櫃,2020/07/01,ESVUFR,^TWII,通信網路業,TW,TWSE_ISIN
6590,6590.TWO,普鴻,資訊服務業,TPEX,上櫃,2018/12/24,ESVUFR,^TWII,資訊服務業,TW,TWSE_ISIN
6593,6593.TWO,台灣銘板,資訊服務業,TPEX,上櫃,2017/11/03,ESVUFR,^TWII,資訊服務業,TW,TWSE_ISIN
6596,6596.TWO,寬宏藝術,文化創意業,TPEX,上櫃,2018/01/04,ESVUFR,^TWII,文化創意業,TW,TWSE_ISIN
6597,6597.TWO,立誠,電子零組件業,TPEX,上櫃,2025/05/08,ESVUFR,^TWII,電子零組件業,TW,TWSE_ISIN
6603,6603.TWO,富強鑫,電機機械,TPEX,上櫃,2004/04/05,ESVUFR,^TWII,電機機械,TW,TWSE_ISIN
6609,6609.TWO,瀧澤科,電機機械,TPEX,上櫃,2003/09/23,ESVUFR,^TWII,電機機械,TW,TWSE_ISIN
6612,6612.TWO,奈米醫材,生技醫療業,TPEX,上櫃,2018/07/18,ESVUFR,^TWII,生技醫療業,TW,TWSE_ISIN
6613,6613.TWO,朋億*,其他電子業,TPEX,上櫃,2017/12/28,ESVUFR,^TWII,其他電子業,TW,TWSE_ISIN
6615,6615.TWO,慧智,生技醫療業,TPEX,上櫃,2018/01/22,ESVUFR,^TWII,生技醫療業,TW,TWSE_ISIN
6616,6616.TWO,特昇-KY,居家生活,TPEX,上櫃,2018/01/10,ESVUFR,^TWII,居家生活,TW,TWSE_ISIN
6617,6617.TWO,共信-KY,生技醫療業,TPEX,上櫃,2024/06/18,ESVUFR,^TWII,生技醫療業,TW,TWSE_ISIN
6620,6620.TWO,漢達,生技醫療業,TPEX,上櫃,2025/12/23,ESVUFR,^TWII,生技醫療業,TW,TWSE_ISIN
6624,6624.TWO,萬年清,綠能環保,TPEX,上櫃,2019/05/28,ESVUFR,^TWII,綠能環保,TW,TWSE_ISIN
6629,6629.TWO,泰金-KY,居家生活,TPEX,上櫃,2019/06/06,ESVUFR,^TWII,居家生活,TW,TWSE_ISIN
6637,6637.TWO,醫影,生技醫療業,TPEX,上櫃,2024/06/18,ESVUFR,^TWII,生技醫療業,TW,TWSE_ISIN
6640,6640.TWO,均華,半導體業,TPEX,上櫃,2018/10/23,ESVUFR,^TWII,半導體業,TW,TWSE_ISIN
6642,6642.TWO,富致,電子零組件業,TPEX,上櫃,2019/09/23,ESVUFR,^TWII,電子零組件業,TW,TWSE_ISIN
6643,6643.TWO,M31,半導體業,TPEX,上櫃,2019/01/23,ESVUFR,^TWII,半導體業,TW,TWSE_ISIN
6649,6649.TWO,台生材,生技醫療業,TPEX,上櫃,2019/06/05,ESVUFR,^TWII,生技醫療業,TW,TWSE_ISIN
6651,6651.TWO,全宇昕,半導體業,TPEX,上櫃,2021/02/01,ESVUFR,^TWII,半導體業,TW,TWSE_ISIN
6654,6654.TWO,天正國際,其他電子業,TPEX,上櫃,2018/10/23,ESVUFR,^TWII,其他電子業,TW,TWSE_ISIN
6661,6661.TWO,威健生技,生技醫療業,TPEX,上櫃,2021/01/27,ESVUFR,^TWII,生技醫療業,TW,TWSE_ISIN
6662,6662.TWO,樂斯科,生技醫療業,TPEX,上櫃,2019/03/26,ESVUFR,^TWII,生技醫療業,TW,TWSE_ISIN
6664,6664.TWO,群翊,電子零組件業,TPEX,上櫃,2018/09/12,ESVUFR,^TWII,電子零組件業,TW,TWSE_ISIN
6667,6667.TWO,信紘科,其他電子業,TPEX,上櫃,2018/11/13,ESVUFR,^TWII,其他電子業,TW,TWSE_ISIN
6679,6679.TWO,鈺太,半導體業,TPEX,上櫃,2019/05/09,ESVUFR,^TWII,半導體業,TW,TWSE_ISIN
6680,6680.TWO,鑫創電子,電腦及週邊設備業,TPEX,上櫃,2019/09/16,ESVUFR,^TWII,電腦及週邊設備業,TW,TWSE_ISIN
6683,6683.TWO,雍智科技,半導體業,TPEX,上櫃,2019/04/23,ESVUFR,^TWII,半導體業,TW,TWSE_ISIN
6684,6684.TWO,安格,半導體業,TPEX,上櫃,2021/08/11,ESVUFR,^TWII,半導體業,TW,TWSE_ISIN
6690,6690.TWO,安碁資訊,數位雲端,TPEX,上櫃,2019/10/30,ESVUFR,^TWII,數位雲端,TW,TWSE_ISIN
6692,6692.TWO,進能服,綠能環保,TPEX,上櫃,2024/02/02,ESVUFR,^TWII,綠能環保,TW,TWSE_ISIN
6693,6693.TWO,廣閎科,半導體業,TPEX,上櫃,2022/03/01,ESVUFR,^TWII,半導體業,TW,TWSE_ISIN
6697,6697.TWO,東捷資訊,資訊服務業,TPEX,上櫃,2019/12/26,ESVUFR,^TWII,資訊服務業,TW,TWSE_ISIN
6703,6703.TWO,軒郁,生技醫療業,TPEX,上櫃,2020/10/20,ESVUFR,^TWII,生技醫療業,TW,TWSE_ISIN
6708,6708.TWO,天擎,半導體業,TPEX,上櫃,2022/12/29,ESVUFR,^TWII,半導體業,TW,TWSE_ISIN
6712,6712.TWO,長聖,生技醫療業,TPEX,上櫃,2021/01/08,ESVUFR,^TWII,生技醫療業,TW,TWSE_ISIN
6716,6716.TWO,應廣,半導體業,TPEX,上櫃,2020/03/27,ESVUFR,^TWII,半導體業,TW,TWSE_ISIN
6720,6720.TWO,久昌,半導體業,TPEX,上櫃,2024/12/04,ESVUFR,^TWII,半導體業,TW,TWSE_ISIN
6721,6721.TWO,信實,其他業,TPEX,上櫃,2022/04/29,ESVUFR,^TWII,其他業,TW,TWSE_ISIN
6725,6725.TWO,矽科宏晟,其他電子業,TPEX,上櫃,2025/12/30,ESVUFR,^TWII,其他電子業,TW,TWSE_ISIN
6727,6727.TWO,亞泰金屬,電子零組件業,TPEX,上櫃,2020/12/01,ESVUFR,^TWII,電子零組件業,TW,TWSE_ISIN
6728,6728.TWO,上洋,居家生活,TPEX,上櫃,2020/12/25,ESVUFR,^TWII,居家生活,TW,TWSE_ISIN
6730,6730.TWO,常廣,生技醫療業,TPEX,上櫃,2025/12/10,ESVUFR,^TWII,生技醫療業,TW,TWSE_ISIN
6732,6732.TWO,昇佳電子,半導體業,TPEX,上櫃,2020/06/08,ESVUFR,^TWII,半導體業,TW,TWSE_ISIN
6733,6733.TWO,博晟生醫,生技醫療業,TPEX,上櫃,2021/01/28,ESVUFR,^TWII,生技醫療業,TW,TWSE_ISIN
6735,6735.TWO,美達科技,其他電子業,TPEX,上櫃,2022/04/29,ESVUFR,^TWII,其他電子業,TW,TWSE_ISIN
6739,6739.TWO,竹陞科技,其他電子業,TPEX,上櫃,2024/09/02,ESVUFR,^TWII,其他電子業,TW,TWSE_ISIN
6741,6741.TWO,91APP*-KY,數位雲端,TPEX,上櫃,2021/05/25,ESVUFR,^TWII,數位雲端,TW,TWSE_ISIN
6751,6751.TWO,智聯服務,資訊服務業,TPEX,上櫃,2020/12/25,ESVUFR,^TWII,資訊服務業,TW,TWSE_ISIN
6752,6752.TWO,叡揚,資訊服務業,TPEX,上櫃,2020/12/10,ESVUFR,^TWII,資訊服務業,TW,TWSE_ISIN
6761,6761.TWO,穩得,電子零組件業,TPEX,上櫃,2021/11/08,ESVUFR,^TWII,電子零組件業,TW,TWSE_ISIN
6762,6762.TWO,達亞,生技醫療業,TPEX,上櫃,2020/12/18,ESVUFR,^TWII,生技醫療業,TW,TWSE_ISIN
6763,6763.TWO,綠界科技*,數位雲端,TPEX,上櫃,2022/03/15,ESVUFR,^TWII,數位雲端,TW,TWSE_ISIN
6767,6767.TWO,台微醫,生技醫療業,TPEX,上櫃,2021/01/25,ESVUFR,^TWII,生技醫療業,TW,TWSE_ISIN
6785,6785.TWO,昱展新藥,生技醫療業,TPEX,上櫃,2024/01/24,ESVUFR,^TWII,生技醫療業,TW,TWSE_ISIN
6788,6788.TWO,華景電,半導體業,TPEX,上櫃,2021/09/29,ESVUFR,^TWII,半導體業,TW,TWSE_ISIN
6791,6791.TWO,虎門科技,資訊服務業,TPEX,上櫃,2022/11/14,ESVUFR,^TWII,資訊服務業,TW,TWSE_ISIN
6803,6803.TWO,崑鼎,綠能環保,TPEX,上櫃,2010/05/27,ESVUFR,^TWII,綠能環保,TW,TWSE_ISIN
6804,6804.TWO,明係,運動休閒,TPEX,上櫃,2022/03/31,ESVUFR,^TWII,運動休閒,TW,TWSE_ISIN
6811,6811.TWO,宏碁資訊,數位雲端,TPEX,上櫃,2022/08/09,ESVUFR,^TWII,數位雲端,TW,TWSE_ISIN
6821,6821.TWO,聯寶,電子零組件業,TPEX,上櫃,2023/05/22,ESVUFR,^TWII,電子零組件業,TW,TWSE_ISIN
6823,6823.TWO,濾能,半導體業,TPEX,上櫃,2022/06/30,ESVUFR,^TWII,半導體業,TW,TWSE_ISIN
6829,6829.TWO,千附精密,半導體業,TPEX,上櫃,2022/03/11,ESVUFR,^TWII,半導體業,TW,TWSE_ISIN
6840,6840.TWO,東研信超,其他電子業,TPEX,上櫃,2023/03/24,ESVUFR,^TWII,其他電子業,TW,TWSE_ISIN
6841,6841.TWO,長佳智能,生技醫療業,TPEX,上櫃,2023/03/01,ESVUFR,^TWII,生技醫療業,TW,TWSE_ISIN
6843,6843.TWO,進典,電機機械,TPEX,上櫃,2022/11/21,ESVUFR,^TWII,電機機械,TW,TWSE_ISIN
6844,6844.TWO,諾貝兒,生技醫療業,TPEX,上櫃,2024/03/08,ESVUFR,^TWII,生技醫療業,TW,TWSE_ISIN
6846,6846.TWO,綠茵,食品工業,TPEX,上櫃,2023/05/15,ESVUFR,^TWII,食品工業,TW,TWSE_ISIN
6855,6855.TWO,數泓科,其他電子業,TPEX,上櫃,2022/10/06,ESVUFR,^TWII,其他電子業,TW,TWSE_ISIN
6856,6856.TWO,鑫傳,文化創意業,TPEX,上櫃,2023/10/27,ESVUFR,^TWII,文化創意業,TW,TWSE_ISIN
6859,6859.TWO,伯特光,光電業,TPEX,上櫃,2022/11/28,ESVUFR,^TWII,光電業,TW,TWSE_ISIN
6865,6865.TWO,偉康科技,數位雲端,TPEX,上櫃,2023/01/11,ESVUFR,^TWII,數位雲端,TW,TWSE_ISIN
6870,6870.TWO,騰雲,數位雲端,TPEX,上櫃,2023/09/14,ESVUFR,^TWII,數位雲端,TW,TWSE_ISIN
6872,6872.TWO,浩宇生醫,生技醫療業,TPEX,上櫃,2025/03/07,ESVUFR,^TWII,生技醫療業,TW,TWSE_ISIN
6874,6874.TWO,倍力,資訊服務業,TPEX,上櫃,2022/12/14,ESVUFR,^TWII,資訊服務業,TW,TWSE_ISIN
6875,6875.TWO,國邑*,生技醫療業,TPEX,上櫃,2024/03/26,ESVUFR,^TWII,生技醫療業,TW,TWSE_ISIN
6877,6877.TWO,鏵友益,其他電子業,TPEX,上櫃,2023/06/16,ESVUFR,^TWII,其他電子業,TW,TWSE_ISIN
6881,6881.TWO,潤德,其他業,TPEX,上櫃,2024/05/21,ESVUFR,^TWII,其他業,TW,TWSE_ISIN
6884,6884.TWO,海柏特,資訊服務業,TPEX,上櫃,2025/12/17,ESVUFR,^TWII,資訊服務業,TW,TWSE_ISIN
6894,6894.TWO,衛司特,綠能環保,TPEX,上櫃,2023/11/29,ESVUFR,^TWII,綠能環保,TW,TWSE_ISIN
6895,6895.TWO,宏碩系統,半導體業,TPEX,上櫃,2023/08/22,ESVUFR,^TWII,半導體業,TW,TWSE_ISIN
6899,6899.TWO,創為精密,光電業,TPEX,上櫃,2024/04/08,ESVUFR,^TWII,光電業,TW,TWSE_ISIN
6903,6903.TWO,巨漢,其他電子業,TPEX,上櫃,2024/06/12,ESVUFR,^TWII,其他電子業,TW,TWSE_ISIN
6904,6904.TWO,伯鑫,其他業,TPEX,上櫃,2023/12/05,ESVUFR,^TWII,其他業,TW,TWSE_ISIN
6907,6907.TWO,雅特力-KY,半導體業,TPEX,上櫃,2026/01/29,ESVUFR,^TWII,半導體業,TW,TWSE_ISIN
6910,6910.TWO,德鴻,數位雲端,TPEX,上櫃,2025/12/11,ESVUFR,^TWII,數位雲端,TW,TWSE_ISIN
6913,6913.TWO,鴻呈,電子零組件業,TPEX,上櫃,2024/10/01,ESVUFR,^TWII,電子零組件業,TW,TWSE_ISIN
6922,6922.TWO,宸曜,電腦及週邊設備業,TPEX,上櫃,2023/11/09,ESVUFR,^TWII,電腦及週邊設備業,TW,TWSE_ISIN
6925,6925.TWO,意藍,數位雲端,TPEX,上櫃,2025/05/28,ESVUFR,^TWII,數位雲端,TW,TWSE_ISIN
6929,6929.TWO,佑全,生技醫療業,TPEX,上櫃,2024/03/28,ESVUFR,^TWII,生技醫療業,TW,TWSE_ISIN
6945,6945.TWO,圓祥生技,生技醫療業,TPEX,上櫃,2026/06/05,ESVUFR,^TWII,生技醫療業,TW,TWSE_ISIN
6953,6953.TWO,家碩,半導體業,TPEX,上櫃,2024/05/13,ESVUFR,^TWII,半導體業,TW,TWSE_ISIN
6961,6961.TWO,旅天下,觀光餐旅,TPEX,上櫃,2026/01/22,ESVUFR,^TWII,觀光餐旅,TW,TWSE_ISIN
6967,6967.TWO,汎瑋材料,電子零組件業,TPEX,上櫃,2024/09/25,ESVUFR,^TWII,電子零組件業,TW,TWSE_ISIN
6968,6968.TWO,萬達寵物,居家生活,TPEX,上櫃,2024/08/14,ESVUFR,^TWII,居家生活,TW,TWSE_ISIN
6971,6971.TWO,惠民實業,綠能環保,TPEX,上櫃,2025/10/02,ESVUFR,^TWII,綠能環保,TW,TWSE_ISIN
6982,6982.TWO,大井泵浦,電機機械,TPEX,上櫃,2024/12/18,ESVUFR,^TWII,電機機械,TW,TWSE_ISIN
6983,6983.TWO,華洋精機,其他電子業,TPEX,上櫃,2026/05/25,ESVUFR,^TWII,其他電子業,TW,TWSE_ISIN
6986,6986.TWO,和迅,生技醫療業,TPEX,上櫃,2026/06/26,ESVUFR,^TWII,生技醫療業,TW,TWSE_ISIN
6996,6996.TWO,力領科技,半導體業,TPEX,上櫃,2024/12/10,ESVUFR,^TWII,半導體業,TW,TWSE_ISIN
6997,6997.TWO,博弘,數位雲端,TPEX,上櫃,2024/12/16,ESVUFR,^TWII,數位雲端,TW,TWSE_ISIN
7402,7402.TWO,邑錡,光電業,TPEX,上櫃,2015/12/29,ESVUFR,^TWII,光電業,TW,TWSE_ISIN
7547,7547.TWO,碩網,數位雲端,TPEX,上櫃,2025/07/29,ESVUFR,^TWII,數位雲端,TW,TWSE_ISIN
7556,7556.TWO,意德士,半導體業,TPEX,上櫃,2020/10/30,ESVUFR,^TWII,半導體業,TW,TWSE_ISIN
7584,7584.TWO,樂意,文化創意業,TPEX,上櫃,2024/07/25,ESVUFR,^TWII,文化創意業,TW,TWSE_ISIN
7642,7642.TWO,昶瑞機電,電機機械,TPEX,上櫃,2025/05/22,ESVUFR,^TWII,電機機械,TW,TWSE_ISIN
7703,7703.TWO,銳澤,其他電子業,TPEX,上櫃,2024/11/13,ESVUFR,^TWII,其他電子業,TW,TWSE_ISIN
7704,7704.TWO,明遠精密,半導體業,TPEX,上櫃,2024/12/16,ESVUFR,^TWII,半導體業,TW,TWSE_ISIN
7708,7708.TWO,全家餐飲,觀光餐旅,TPEX,上櫃,2024/11/15,ESVUFR,^TWII,觀光餐旅,TW,TWSE_ISIN
7709,7709.TWO,榮田,電機機械,TPEX,上櫃,2025/02/25,ESVUFR,^TWII,電機機械,TW,TWSE_ISIN
7712,7712.TWO,博盛半導體,半導體業,TPEX,上櫃,2024/12/26,ESVUFR,^TWII,半導體業,TW,TWSE_ISIN
7713,7713.TWO,威力德生醫,生技醫療業,TPEX,上櫃,2025/02/24,ESVUFR,^TWII,生技醫療業,TW,TWSE_ISIN
7714,7714.TWO,創泓科技,數位雲端,TPEX,上櫃,2025/01/15,ESVUFR,^TWII,數位雲端,TW,TWSE_ISIN
7715,7715.TWO,裕山,綠能環保,TPEX,上櫃,2025/01/15,ESVUFR,^TWII,綠能環保,TW,TWSE_ISIN
7716,7716.TWO,昱臺國際,航運業,TPEX,上櫃,2025/10/28,ESVUFR,^TWII,航運業,TW,TWSE_ISIN
7717,7717.TWO,萊德光電-KY,通信網路業,TPEX,上櫃,2025/11/17,ESVUFR,^TWII,通信網路業,TW,TWSE_ISIN
7718,7718.TWO,友鋮,電機機械,TPEX,上櫃,2025/03/18,ESVUFR,^TWII,電機機械,TW,TWSE_ISIN
7723,7723.TWO,築間,觀光餐旅,TPEX,上櫃,2025/04/30,ESVUFR,^TWII,觀光餐旅,TW,TWSE_ISIN
7728,7728.TWO,光焱科技,其他電子業,TPEX,上櫃,2025/03/06,ESVUFR,^TWII,其他電子業,TW,TWSE_ISIN
7734,7734.TWO,印能科技,半導體業,TPEX,上櫃,2025/02/26,ESVUFR,^TWII,半導體業,TW,TWSE_ISIN
7738,7738.TWO,東聯互動,數位雲端,TPEX,上櫃,2025/10/16,ESVUFR,^TWII,數位雲端,TW,TWSE_ISIN
7743,7743.TWO,金利食安,食品工業,TPEX,上櫃,2025/05/20,ESVUFR,^TWII,食品工業,TW,TWSE_ISIN
7744,7744.TWO,崴寶,電子零組件業,TPEX,上櫃,2025/11/27,ESVUFR,^TWII,電子零組件業,TW,TWSE_ISIN
7747,7747.TWO,昕奇雲端,數位雲端,TPEX,上櫃,2025/07/11,ESVUFR,^TWII,數位雲端,TW,TWSE_ISIN
7751,7751.TWO,竑騰,半導體業,TPEX,上櫃,2025/08/26,ESVUFR,^TWII,半導體業,TW,TWSE_ISIN
7753,7753.TWO,星亞,光電業,TPEX,上櫃,2025/08/11,ESVUFR,^TWII,光電業,TW,TWSE_ISIN
7757,7757.TWO,金色三麥,觀光餐旅,TPEX,上櫃,2025/10/20,ESVUFR,^TWII,觀光餐旅,TW,TWSE_ISIN
7767,7767.TWO,仁大資訊,資訊服務業,TPEX,上櫃,2025/12/10,ESVUFR,^TWII,資訊服務業,TW,TWSE_ISIN
7770,7770.TWO,君曜,半導體業,TPEX,上櫃,2025/12/10,ESVUFR,^TWII,半導體業,TW,TWSE_ISIN
7772,7772.TWO,耀穎,半導體業,TPEX,上櫃,2026/05/08,ESVUFR,^TWII,半導體業,TW,TWSE_ISIN
7777,7777.TWO,能率亞洲,其他業,TPEX,上櫃,2025/12/22,ESVUFR,^TWII,其他業,TW,TWSE_ISIN
7782,7782.TWO,光速火箭,居家生活,TPEX,上櫃,2025/10/28,ESVUFR,^TWII,居家生活,TW,TWSE_ISIN
7792,7792.TWO,安葆,其他電子業,TPEX,上櫃,2026/01/28,ESVUFR,^TWII,其他電子業,TW,TWSE_ISIN
7794,7794.TWO,宏碁智新,居家生活,TPEX,上櫃,2026/04/20,ESVUFR,^TWII,居家生活,TW,TWSE_ISIN
7805,7805.TWO,威聯通,數位雲端,TPEX,上櫃,2025/12/22,ESVUFR,^TWII,數位雲端,TW,TWSE_ISIN
7810,7810.TWO,捷創科技,半導體業,TPEX,上櫃,2025/12/23,ESVUFR,^TWII,半導體業,TW,TWSE_ISIN
7811,7811.TWO,民盛,運動休閒,TPEX,上櫃,2026/03/25,ESVUFR,^TWII,運動休閒,TW,TWSE_ISIN
7814,7814.TWO,海昌生技,生技醫療業,TPEX,上櫃,2026/07/16,ESVUFR,^TWII,生技醫療業,TW,TWSE_ISIN
7819,7819.TWO,精誠金融,資訊服務業,TPEX,上櫃,2026/05/27,ESVUFR,^TWII,資訊服務業,TW,TWSE_ISIN
7820,7820.TWO,立盈,綠能環保,TPEX,上櫃,2026/04/27,ESVUFR,^TWII,綠能環保,TW,TWSE_ISIN
7828,7828.TWO,創新服務,半導體業,TPEX,上櫃,2026/04/22,ESVUFR,^TWII,半導體業,TW,TWSE_ISIN
7839,7839.TWO,達人網,數位雲端,TPEX,上櫃,2026/06/15,ESVUFR,^TWII,數位雲端,TW,TWSE_ISIN
7842,7842.TWO,天能綠電,綠能環保,TPEX,上櫃,2026/05/11,ESVUFR,^TWII,綠能環保,TW,TWSE_ISIN
8024,8024.TWO,佑華,半導體業,TPEX,上櫃,2006/09/25,ESVUFR,^TWII,半導體業,TW,TWSE_ISIN
8027,8027.TWO,鈦昇,電機機械,TPEX,上櫃,2015/06/09,ESVUFR,^TWII,電機機械,TW,TWSE_ISIN
8032,8032.TWO,光菱,電子通路業,TPEX,上櫃,2003/10/02,ESVUFR,^TWII,電子通路業,TW,TWSE_ISIN
8034,8034.TWO,榮群,通信網路業,TPEX,上櫃,2004/05/06,ESVUFR,^TWII,通信網路業,TW,TWSE_ISIN
8038,8038.TWO,長園科,電子零組件業,TPEX,上櫃,2013/11/21,ESVUFR,^TWII,電子零組件業,TW,TWSE_ISIN
8040,8040.TWO,九暘,半導體業,TPEX,上櫃,2007/04/30,ESVUFR,^TWII,半導體業,TW,TWSE_ISIN
8042,8042.TWO,金山電,電子零組件業,TPEX,上櫃,2004/03/22,ESVUFR,^TWII,電子零組件業,TW,TWSE_ISIN
8043,8043.TWO,蜜望實,電子零組件業,TPEX,上櫃,2003/10/24,ESVUFR,^TWII,電子零組件業,TW,TWSE_ISIN
8044,8044.TWO,網家,數位雲端,TPEX,上櫃,2005/01/24,ESVUFR,^TWII,數位雲端,TW,TWSE_ISIN
8047,8047.TWO,星雲,其他電子業,TPEX,上櫃,2004/02/09,ESVUFR,^TWII,其他電子業,TW,TWSE_ISIN
8048,8048.TWO,德勝,通信網路業,TPEX,上櫃,2009/09/08,ESVUFR,^TWII,通信網路業,TW,TWSE_ISIN
8049,8049.TWO,晶采,光電業,TPEX,上櫃,2004/02/02,ESVUFR,^TWII,光電業,TW,TWSE_ISIN
8050,8050.TWO,廣積,電腦及週邊設備業,TPEX,上櫃,2003/10/24,ESVUFR,^TWII,電腦及週邊設備業,TW,TWSE_ISIN
8054,8054.TWO,安國,半導體業,TPEX,上櫃,2004/11/08,ESVUFR,^TWII,半導體業,TW,TWSE_ISIN
8059,8059.TWO,凱碩,通信網路業,TPEX,上櫃,2010/03/16,ESVUFR,^TWII,通信網路業,TW,TWSE_ISIN
8064,8064.TWO,東捷,光電業,TPEX,上櫃,2006/09/25,ESVUFR,^TWII,光電業,TW,TWSE_ISIN
8066,8066.TWO,來思達,居家生活,TPEX,上櫃,2004/12/24,ESVUFR,^TWII,居家生活,TW,TWSE_ISIN
8067,8067.TWO,志旭,電子通路業,TPEX,上櫃,2004/04/23,ESVUFR,^TWII,電子通路業,TW,TWSE_ISIN
8068,8068.TWO,全達,電子通路業,TPEX,上櫃,2004/03/25,ESVUFR,^TWII,電子通路業,TW,TWSE_ISIN
8069,8069.TWO,元太,光電業,TPEX,上櫃,2004/03/30,ESVUFR,^TWII,光電業,TW,TWSE_ISIN
8071,8071.TWO,能率網通,電子零組件業,TPEX,上櫃,2003/12/29,ESVUFR,^TWII,電子零組件業,TW,TWSE_ISIN
8074,8074.TWO,鉅橡,電子零組件業,TPEX,上櫃,2004/01/27,ESVUFR,^TWII,電子零組件業,TW,TWSE_ISIN
8076,8076.TWO,伍豐,電腦及週邊設備業,TPEX,上櫃,2003/12/15,ESVUFR,^TWII,電腦及週邊設備業,TW,TWSE_ISIN
8077,8077.TWO,洛碁,觀光餐旅,TPEX,上櫃,2004/12/06,ESVUFR,^TWII,觀光餐旅,TW,TWSE_ISIN
8080,8080.TWO,泰霖,建材營造業,TPEX,上櫃,2021/04/07,ESVUFR,^TWII,建材營造業,TW,TWSE_ISIN
8083,8083.TWO,瑞穎,電機機械,TPEX,上櫃,2004/09/23,ESVUFR,^TWII,電機機械,TW,TWSE_ISIN
8084,8084.TWO,巨虹,電子通路業,TPEX,上櫃,2004/03/08,ESVUFR,^TWII,電子通路業,TW,TWSE_ISIN
8085,8085.TWO,福華,其他電子業,TPEX,上櫃,2004/03/01,ESVUFR,^TWII,其他電子業,TW,TWSE_ISIN
8086,8086.TWO,宏捷科,半導體業,TPEX,上櫃,2009/06/01,ESVUFR,^TWII,半導體業,TW,TWSE_ISIN
8087,8087.TWO,麗升能源,綠能環保,TPEX,上櫃,2004/02/25,ESVUFR,^TWII,綠能環保,TW,TWSE_ISIN
8088,8088.TWO,品安,半導體業,TPEX,上櫃,2004/02/27,ESVUFR,^TWII,半導體業,TW,TWSE_ISIN
8089,8089.TWO,康全電訊,通信網路業,TPEX,上櫃,2020/09/23,ESVUFR,^TWII,通信網路業,TW,TWSE_ISIN
8091,8091.TWO,翔名,半導體業,TPEX,上櫃,2004/06/24,ESVUFR,^TWII,半導體業,TW,TWSE_ISIN
8092,8092.TWO,建暐,其他電子業,TPEX,上櫃,2004/02/02,ESVUFR,^TWII,其他電子業,TW,TWSE_ISIN
8093,8093.TWO,保銳,電子零組件業,TPEX,上櫃,2004/12/31,ESVUFR,^TWII,電子零組件業,TW,TWSE_ISIN
8096,8096.TWO,擎亞,電子通路業,TPEX,上櫃,2004/07/15,ESVUFR,^TWII,電子通路業,TW,TWSE_ISIN
8097,8097.TWO,常珵,通信網路業,TPEX,上櫃,2004/03/01,ESVUFR,^TWII,通信網路業,TW,TWSE_ISIN
8099,8099.TWO,大世科,資訊服務業,TPEX,上櫃,2004/03/29,ESVUFR,^TWII,資訊服務業,TW,TWSE_ISIN
8102,8102.TWO,傑霖科技,半導體業,TPEX,上櫃,2025/12/22,ESVUFR,^TWII,半導體業,TW,TWSE_ISIN
8107,8107.TWO,大億金茂,電機機械,TPEX,上櫃,2005/11/15,ESVUFR,^TWII,電機機械,TW,TWSE_ISIN
8109,8109.TWO,博大,電子零組件業,TPEX,上櫃,2005/03/22,ESVUFR,^TWII,電子零組件業,TW,TWSE_ISIN
8111,8111.TWO,立碁,光電業,TPEX,上櫃,2004/02/09,ESVUFR,^TWII,光電業,TW,TWSE_ISIN
8121,8121.TWO,越峰,電子零組件業,TPEX,上櫃,2005/02/17,ESVUFR,^TWII,電子零組件業,TW,TWSE_ISIN
8147,8147.TWO,正淩,電子零組件業,TPEX,上櫃,2013/04/30,ESVUFR,^TWII,電子零組件業,TW,TWSE_ISIN
8155,8155.TWO,博智,電子零組件業,TPEX,上櫃,2012/12/18,ESVUFR,^TWII,電子零組件業,TW,TWSE_ISIN
8171,8171.TWO,天宇,綠能環保,TPEX,上櫃,2011/12/19,ESVUFR,^TWII,綠能環保,TW,TWSE_ISIN
8176,8176.TWO,智捷,通信網路業,TPEX,上櫃,2013/06/25,ESVUFR,^TWII,通信網路業,TW,TWSE_ISIN
8182,8182.TWO,加高,電子零組件業,TPEX,上櫃,2006/05/25,ESVUFR,^TWII,電子零組件業,TW,TWSE_ISIN
8183,8183.TWO,精星,其他電子業,TPEX,上櫃,2005/03/30,ESVUFR,^TWII,其他電子業,TW,TWSE_ISIN
8227,8227.TWO,巨有科技,半導體業,TPEX,上櫃,2022/12/20,ESVUFR,^TWII,半導體業,TW,TWSE_ISIN
8234,8234.TWO,新漢,電腦及週邊設備業,TPEX,上櫃,2007/06/07,ESVUFR,^TWII,電腦及週邊設備業,TW,TWSE_ISIN
8240,8240.TWO,華宏,光電業,TPEX,上櫃,2005/06/23,ESVUFR,^TWII,光電業,TW,TWSE_ISIN
8255,8255.TWO,朋程,電機機械,TPEX,上櫃,2006/04/25,ESVUFR,^TWII,電機機械,TW,TWSE_ISIN
8272,8272.TWO,全景軟體,資訊服務業,TPEX,上櫃,2024/10/23,ESVUFR,^TWII,資訊服務業,TW,TWSE_ISIN
8277,8277.TWO,商丞,半導體業,TPEX,上櫃,2004/12/27,ESVUFR,^TWII,半導體業,TW,TWSE_ISIN
8279,8279.TWO,生展,生技醫療業,TPEX,上櫃,2016/09/26,ESVUFR,^TWII,生技醫療業,TW,TWSE_ISIN
8284,8284.TWO,三竹,資訊服務業,TPEX,上櫃,2020/05/18,ESVUFR,^TWII,資訊服務業,TW,TWSE_ISIN
8289,8289.TWO,泰藝,電子零組件業,TPEX,上櫃,2008/04/24,ESVUFR,^TWII,電子零組件業,TW,TWSE_ISIN
8291,8291.TWO,尚茂,電子零組件業,TPEX,上櫃,2011/11/29,ESVUFR,^TWII,電子零組件業,TW,TWSE_ISIN
8299,8299.TWO,群聯,半導體業,TPEX,上櫃,2004/12/06,ESVUFR,^TWII,半導體業,TW,TWSE_ISIN
8342,8342.TWO,益張,其他業,TPEX,上櫃,2017/11/23,ESVUFR,^TWII,其他業,TW,TWSE_ISIN
8349,8349.TWO,恒耀,鋼鐵工業,TPEX,上櫃,2006/03/10,ESVUFR,^TWII,鋼鐵工業,TW,TWSE_ISIN
8354,8354.TWO,冠好,其他業,TPEX,上櫃,2004/04/15,ESVUFR,^TWII,其他業,TW,TWSE_ISIN
8358,8358.TWO,金居,電子零組件業,TPEX,上櫃,2010/09/27,ESVUFR,^TWII,電子零組件業,TW,TWSE_ISIN
8383,8383.TWO,千附,半導體業,TPEX,上櫃,2004/09/10,ESVUFR,^TWII,半導體業,TW,TWSE_ISIN
8390,8390.TWO,金益鼎,綠能環保,TPEX,上櫃,2008/05/21,ESVUFR,^TWII,綠能環保,TW,TWSE_ISIN
8401,8401.TWO,白紗科,其他業,TPEX,上櫃,2010/03/29,ESVUFR,^TWII,其他業,TW,TWSE_ISIN
8403,8403.TWO,盛弘,生技醫療業,TPEX,上櫃,2011/03/01,ESVUFR,^TWII,生技醫療業,TW,TWSE_ISIN
8409,8409.TWO,商之器,生技醫療業,TPEX,上櫃,2013/11/25,ESVUFR,^TWII,生技醫療業,TW,TWSE_ISIN
8410,8410.TWO,森田,電腦及週邊設備業,TPEX,上櫃,2011/02/23,ESVUFR,^TWII,電腦及週邊設備業,TW,TWSE_ISIN
8415,8415.TWO,大國鋼,鋼鐵工業,TPEX,上櫃,2016/09/07,ESVUFR,^TWII,鋼鐵工業,TW,TWSE_ISIN
8416,8416.TWO,實威,資訊服務業,TPEX,上櫃,2012/09/19,ESVUFR,^TWII,資訊服務業,TW,TWSE_ISIN
8421,8421.TWO,旭源,其他業,TPEX,上櫃,2012/11/23,ESVUFR,^TWII,其他業,TW,TWSE_ISIN
8423,8423.TWO,保綠-KY,綠能環保,TPEX,上櫃,2012/03/14,ESVUFR,^TWII,綠能環保,TW,TWSE_ISIN
8424,8424.TWO,惠普,建材營造業,TPEX,上櫃,2012/12/18,ESVUFR,^TWII,建材營造業,TW,TWSE_ISIN
8426,8426.TWO,紅木-KY,其他業,TPEX,上櫃,2011/12/13,ESVUFR,^TWII,其他業,TW,TWSE_ISIN
8431,8431.TWO,匯鑽科,其他電子業,TPEX,上櫃,2015/03/30,ESVUFR,^TWII,其他電子業,TW,TWSE_ISIN
8432,8432.TWO,東生華,生技醫療業,TPEX,上櫃,2012/04/30,ESVUFR,^TWII,生技醫療業,TW,TWSE_ISIN
8433,8433.TWO,弘帆,居家生活,TPEX,上櫃,2012/12/19,ESVUFR,^TWII,居家生活,TW,TWSE_ISIN
8435,8435.TWO,鉅邁,其他業,TPEX,上櫃,2012/12/28,ESVUFR,^TWII,其他業,TW,TWSE_ISIN
8436,8436.TWO,大江,生技醫療業,TPEX,上櫃,2013/09/12,ESVUFR,^TWII,生技醫療業,TW,TWSE_ISIN
8437,8437.TWO,大地-KY,其他業,TPEX,上櫃,2015/05/06,ESVUFR,^TWII,其他業,TW,TWSE_ISIN
8440,8440.TWO,綠電,綠能環保,TPEX,上櫃,2018/03/28,ESVUFR,^TWII,綠能環保,TW,TWSE_ISIN
8444,8444.TWO,綠河-KY,其他業,TPEX,上櫃,2015/10/27,ESVUFR,^TWII,其他業,TW,TWSE_ISIN
8446,8446.TWO,華研,文化創意業,TPEX,上櫃,2013/12/19,ESVUFR,^TWII,文化創意業,TW,TWSE_ISIN
8450,8450.TWO,霹靂,文化創意業,TPEX,上櫃,2014/10/07,ESVUFR,^TWII,文化創意業,TW,TWSE_ISIN
8455,8455.TWO,大拓-KY,其他電子業,TPEX,上櫃,2016/01/08,ESVUFR,^TWII,其他電子業,TW,TWSE_ISIN
8472,8472.TWO,夠麻吉,數位雲端,TPEX,上櫃,2016/01/11,ESVUFR,^TWII,數位雲端,TW,TWSE_ISIN
8477,8477.TWO,創業家,數位雲端,TPEX,上櫃,2025/08/25,ESVUFR,^TWII,數位雲端,TW,TWSE_ISIN
8489,8489.TWO,三貝德,其他業,TPEX,上櫃,2017/04/27,ESVUFR,^TWII,其他業,TW,TWSE_ISIN
8905,8905.TWO,裕國,其他業,TPEX,上櫃,1996/01/31,ESVUFR,^TWII,其他業,TW,TWSE_ISIN
8906,8906.TWO,花王,其他業,TPEX,上櫃,1996/04/23,ESVUFR,^TWII,其他業,TW,TWSE_ISIN
8908,8908.TWO,欣雄,油電燃氣業,TPEX,上櫃,1997/02/14,ESVUFR,^TWII,油電燃氣業,TW,TWSE_ISIN
8916,8916.TWO,光隆,其他業,TPEX,上櫃,1999/04/20,ESVUFR,^TWII,其他業,TW,TWSE_ISIN
8917,8917.TWO,欣泰,油電燃氣業,TPEX,上櫃,1999/05/06,ESVUFR,^TWII,油電燃氣業,TW,TWSE_ISIN
8921,8921.TWO,沈氏,其他業,TPEX,上櫃,2000/03/21,ESVUFR,^TWII,其他業,TW,TWSE_ISIN
8923,8923.TWO,時報,文化創意業,TPEX,上櫃,1999/12/27,ESVUFR,^TWII,文化創意業,TW,TWSE_ISIN
8924,8924.TWO,大田,運動休閒,TPEX,上櫃,2000/02/09,ESVUFR,^TWII,運動休閒,TW,TWSE_ISIN
8927,8927.TWO,北基,油電燃氣業,TPEX,上櫃,2000/11/02,ESVUFR,^TWII,油電燃氣業,TW,TWSE_ISIN
8928,8928.TWO,鉅明,運動休閒,TPEX,上櫃,2001/02/02,ESVUFR,^TWII,運動休閒,TW,TWSE_ISIN
8929,8929.TWO,富堡,其他業,TPEX,上櫃,2000/11/30,ESVUFR,^TWII,其他業,TW,TWSE_ISIN
8930,8930.TWO,青鋼,鋼鐵工業,TPEX,上櫃,2000/12/06,ESVUFR,^TWII,鋼鐵工業,TW,TWSE_ISIN
8931,8931.TWO,大汽電,油電燃氣業,TPEX,上櫃,2001/05/10,ESVUFR,^TWII,油電燃氣業,TW,TWSE_ISIN
8932,8932.TWO,智通*,數位雲端,TPEX,上櫃,2001/03/29,ESVUFR,^TWII,數位雲端,TW,TWSE_ISIN
8933,8933.TWO,愛地雅,運動休閒,TPEX,上櫃,2001/03/28,ESVUFR,^TWII,運動休閒,TW,TWSE_ISIN
8935,8935.TWO,邦泰,其他業,TPEX,上櫃,2002/03/26,ESVUFR,^TWII,其他業,TW,TWSE_ISIN
8936,8936.TWO,國統,其他業,TPEX,上櫃,2002/09/09,ESVUFR,^TWII,其他業,TW,TWSE_ISIN
8937,8937.TWO,合騏*,其他業,TPEX,上櫃,2002/10/29,ESVUFR,^TWII,其他業,TW,TWSE_ISIN
8938,8938.TWO,明安,運動休閒,TPEX,上櫃,2002/12/02,ESVUFR,^TWII,運動休閒,TW,TWSE_ISIN
8941,8941.TWO,關中,居家生活,TPEX,上櫃,2003/01/20,ESVUFR,^TWII,居家生活,TW,TWSE_ISIN
8942,8942.TWO,森鉅,其他業,TPEX,上櫃,2003/05/16,ESVUFR,^TWII,其他業,TW,TWSE_ISIN
9949,9949.TWO,琉園,文化創意業,TPEX,上櫃,2003/11/21,ESVUFR,^TWII,文化創意業,TW,TWSE_ISIN
9950,9950.TWO,萬國通,塑膠工業,TPEX,上櫃,2004/02/17,ESVUFR,^TWII,塑膠工業,TW,TWSE_ISIN
9951,9951.TWO,皇田,電機機械,TPEX,上櫃,2003/12/18,ESVUFR,^TWII,電機機械,TW,TWSE_ISIN
9960,9960.TWO,邁達康,運動休閒,TPEX,上櫃,2004/12/06,ESVUFR,^TWII,運動休閒,TW,TWSE_ISIN
9962,9962.TWO,有益,鋼鐵工業,TPEX,上櫃,2006/07/10,ESVUFR,^TWII,鋼鐵工業,TW,TWSE_ISIN
1101,1101.TW,台泥,水泥工業,TWSE,上市,1962/02/09,ESVUFR,^TWII,水泥工業,TW,TWSE_ISIN
1102,1102.TW,亞泥,水泥工業,TWSE,上市,1962/06/08,ESVUFR,^TWII,水泥工業,TW,TWSE_ISIN
1103,1103.TW,嘉泥,水泥工業,TWSE,上市,1969/11/14,ESVUFR,^TWII,水泥工業,TW,TWSE_ISIN
1104,1104.TW,環泥,水泥工業,TWSE,上市,1971/02/01,ESVUFR,^TWII,水泥工業,TW,TWSE_ISIN
1108,1108.TW,幸福,水泥工業,TWSE,上市,1990/06/06,ESVUFR,^TWII,水泥工業,TW,TWSE_ISIN
1109,1109.TW,信大,水泥工業,TWSE,上市,1991/12/05,ESVUFR,^TWII,水泥工業,TW,TWSE_ISIN
1110,1110.TW,東泥,水泥工業,TWSE,上市,1994/10/22,ESVUFR,^TWII,水泥工業,TW,TWSE_ISIN
1201,1201.TW,味全,食品工業,TWSE,上市,1962/02/09,ESVUFR,^TWII,食品工業,TW,TWSE_ISIN
1203,1203.TW,味王,食品工業,TWSE,上市,1964/08/24,ESVUFR,^TWII,食品工業,TW,TWSE_ISIN
1210,1210.TW,大成,食品工業,TWSE,上市,1978/05/20,ESVUFR,^TWII,食品工業,TW,TWSE_ISIN
1213,1213.TW,大飲,食品工業,TWSE,上市,1981/04/10,ESVUFR,^TWII,食品工業,TW,TWSE_ISIN
1215,1215.TW,卜蜂,食品工業,TWSE,上市,1987/07/27,ESVUFR,^TWII,食品工業,TW,TWSE_ISIN
1216,1216.TW,統一,食品工業,TWSE,上市,1987/12/28,ESVUFR,^TWII,食品工業,TW,TWSE_ISIN
1217,1217.TW,愛之味,食品工業,TWSE,上市,1989/10/28,ESVUFR,^TWII,食品工業,TW,TWSE_ISIN
1218,1218.TW,泰山,食品工業,TWSE,上市,1989/11/11,ESVUFR,^TWII,食品工業,TW,TWSE_ISIN
1219,1219.TW,福壽,食品工業,TWSE,上市,1990/12/01,ESVUFR,^TWII,食品工業,TW,TWSE_ISIN
1220,1220.TW,台榮,食品工業,TWSE,上市,1991/11/20,ESVUFR,^TWII,食品工業,TW,TWSE_ISIN
1225,1225.TW,福懋油,食品工業,TWSE,上市,1993/09/27,ESVUFR,^TWII,食品工業,TW,TWSE_ISIN
1227,1227.TW,佳格,食品工業,TWSE,上市,1994/04/09,ESVUFR,^TWII,食品工業,TW,TWSE_ISIN
1229,1229.TW,聯華,食品工業,TWSE,上市,1976/07/19,ESVUFR,^TWII,食品工業,TW,TWSE_ISIN
1231,1231.TW,聯華食,食品工業,TWSE,上市,1995/11/02,ESVUFR,^TWII,食品工業,TW,TWSE_ISIN
1232,1232.TW,大統益,食品工業,TWSE,上市,1996/02/09,ESVUFR,^TWII,食品工業,TW,TWSE_ISIN
1233,1233.TW,天仁,食品工業,TWSE,上市,1999/01/20,ESVUFR,^TWII,食品工業,TW,TWSE_ISIN
1234,1234.TW,黑松,食品工業,TWSE,上市,1999/03/12,ESVUFR,^TWII,食品工業,TW,TWSE_ISIN
1235,1235.TW,興泰,食品工業,TWSE,上市,2000/09/11,ESVUFR,^TWII,食品工業,TW,TWSE_ISIN
1236,1236.TW,宏亞,食品工業,TWSE,上市,2001/09/17,ESVUFR,^TWII,食品工業,TW,TWSE_ISIN
1256,1256.TW,鮮活果汁-KY,食品工業,TWSE,上市,2016/03/17,ESVUFR,^TWII,食品工業,TW,TWSE_ISIN
1301,1301.TW,台塑,塑膠工業,TWSE,上市,1964/07/27,ESVUFR,^TWII,塑膠工業,TW,TWSE_ISIN
1303,1303.TW,南亞,塑膠工業,TWSE,上市,1967/11/05,ESVUFR,^TWII,塑膠工業,TW,TWSE_ISIN
1304,1304.TW,台聚,塑膠工業,TWSE,上市,1972/05/20,ESVUFR,^TWII,塑膠工業,TW,TWSE_ISIN
1305,1305.TW,華夏,塑膠工業,TWSE,上市,1973/03/05,ESVUFR,^TWII,塑膠工業,TW,TWSE_ISIN
1307,1307.TW,三芳,塑膠工業,TWSE,上市,1985/11/23,ESVUFR,^TWII,塑膠工業,TW,TWSE_ISIN
1308,1308.TW,亞聚,塑膠工業,TWSE,上市,1986/06/20,ESVUFR,^TWII,塑膠工業,TW,TWSE_ISIN
1309,1309.TW,台達化,塑膠工業,TWSE,上市,1986/06/27,ESVUFR,^TWII,塑膠工業,TW,TWSE_ISIN
1310,1310.TW,台苯,塑膠工業,TWSE,上市,1987/08/06,ESVUFR,^TWII,塑膠工業,TW,TWSE_ISIN
1312,1312.TW,國喬,塑膠工業,TWSE,上市,1988/12/21,ESVUFR,^TWII,塑膠工業,TW,TWSE_ISIN
1313,1313.TW,聯成,塑膠工業,TWSE,上市,1989/03/27,ESVUFR,^TWII,塑膠工業,TW,TWSE_ISIN
1314,1314.TW,中石化,塑膠工業,TWSE,上市,1991/07/12,ESVUFR,^TWII,塑膠工業,TW,TWSE_ISIN
1315,1315.TW,達新,塑膠工業,TWSE,上市,1992/05/09,ESVUFR,^TWII,塑膠工業,TW,TWSE_ISIN
1316,1316.TW,上曜,建材營造業,TWSE,上市,1992/10/15,ESVUFR,^TWII,建材營造業,TW,TWSE_ISIN
1319,1319.TW,東陽,汽車工業,TWSE,上市,1994/12/12,ESVUFR,^TWII,汽車工業,TW,TWSE_ISIN
1321,1321.TW,大洋,塑膠工業,TWSE,上市,1999/01/26,ESVUFR,^TWII,塑膠工業,TW,TWSE_ISIN
1323,1323.TW,永裕,塑膠工業,TWSE,上市,2000/09/11,ESVUFR,^TWII,塑膠工業,TW,TWSE_ISIN
1324,1324.TW,地球,塑膠工業,TWSE,上市,2000/09/11,ESVUFR,^TWII,塑膠工業,TW,TWSE_ISIN
1325,1325.TW,恆大,塑膠工業,TWSE,上市,2000/09/11,ESVUFR,^TWII,塑膠工業,TW,TWSE_ISIN
1326,1326.TW,台化,塑膠工業,TWSE,上市,1984/12/20,ESVUFR,^TWII,塑膠工業,TW,TWSE_ISIN
1337,1337.TW,再生-KY,塑膠工業,TWSE,上市,2011/07/01,ESVUFR,^TWII,塑膠工業,TW,TWSE_ISIN
1338,1338.TW,廣華-KY,汽車工業,TWSE,上市,2012/12/19,ESVUFR,^TWII,汽車工業,TW,TWSE_ISIN
1339,1339.TW,昭輝,汽車工業,TWSE,上市,2012/04/24,ESVUFR,^TWII,汽車工業,TW,TWSE_ISIN
1340,1340.TW,勝悅-KY,塑膠工業,TWSE,上市,2013/12/06,ESVUFR,^TWII,塑膠工業,TW,TWSE_ISIN
1341,1341.TW,富林-KY,塑膠工業,TWSE,上市,2018/12/24,ESVUFR,^TWII,塑膠工業,TW,TWSE_ISIN
1342,1342.TW,八貫,其他業,TWSE,上市,2020/11/24,ESVUFR,^TWII,其他業,TW,TWSE_ISIN
1402,1402.TW,遠東新,紡織纖維,TWSE,上市,1967/04/14,ESVUFR,^TWII,紡織纖維,TW,TWSE_ISIN
1409,1409.TW,新纖,紡織纖維,TWSE,上市,1973/08/31,ESVUFR,^TWII,紡織纖維,TW,TWSE_ISIN
1410,1410.TW,南染,紡織纖維,TWSE,上市,1973/10/18,ESVUFR,^TWII,紡織纖維,TW,TWSE_ISIN
1413,1413.TW,宏洲,紡織纖維,TWSE,上市,1975/12/23,ESVUFR,^TWII,紡織纖維,TW,TWSE_ISIN
1414,1414.TW,東和,紡織纖維,TWSE,上市,1976/02/02,ESVUFR,^TWII,紡織纖維,TW,TWSE_ISIN
1416,1416.TW,廣豐,其他業,TWSE,上市,1976/04/20,ESVUFR,^TWII,其他業,TW,TWSE_ISIN
1417,1417.TW,嘉裕,紡織纖維,TWSE,上市,1976/12/28,ESVUFR,^TWII,紡織纖維,TW,TWSE_ISIN
1418,1418.TW,東華,紡織纖維,TWSE,上市,1977/02/14,ESVUFR,^TWII,紡織纖維,TW,TWSE_ISIN
1419,1419.TW,新紡,紡織纖維,TWSE,上市,1977/03/14,ESVUFR,^TWII,紡織纖維,TW,TWSE_ISIN
1423,1423.TW,利華,紡織纖維,TWSE,上市,1979/04/02,ESVUFR,^TWII,紡織纖維,TW,TWSE_ISIN
1432,1432.TW,大魯閣,運動休閒,TWSE,上市,1982/07/26,ESVUFR,^TWII,運動休閒,TW,TWSE_ISIN
1434,1434.TW,福懋,紡織纖維,TWSE,上市,1985/12/24,ESVUFR,^TWII,紡織纖維,TW,TWSE_ISIN
1435,1435.TW,中福,其他業,TWSE,上市,1987/12/28,ESVUFR,^TWII,其他業,TW,TWSE_ISIN
1436,1436.TW,華友聯,建材營造業,TWSE,上市,1988/04/11,ESVUFR,^TWII,建材營造業,TW,TWSE_ISIN
1437,1437.TW,勤益控,其他業,TWSE,上市,1988/11/10,ESVUFR,^TWII,其他業,TW,TWSE_ISIN
1438,1438.TW,三地開發,建材營造業,TWSE,上市,1988/12/15,ESVUFR,^TWII,建材營造業,TW,TWSE_ISIN
1439,1439.TW,雋揚,建材營造業,TWSE,上市,1989/05/22,ESVUFR,^TWII,建材營造業,TW,TWSE_ISIN
1440,1440.TW,南紡,紡織纖維,TWSE,上市,1989/10/03,ESVUFR,^TWII,紡織纖維,TW,TWSE_ISIN
1441,1441.TW,大東,紡織纖維,TWSE,上市,1989/10/27,ESVUFR,^TWII,紡織纖維,TW,TWSE_ISIN
1442,1442.TW,名軒,建材營造業,TWSE,上市,1989/11/16,ESVUFR,^TWII,建材營造業,TW,TWSE_ISIN
1443,1443.TW,立益物流,其他業,TWSE,上市,1990/04/21,ESVUFR,^TWII,其他業,TW,TWSE_ISIN
1444,1444.TW,力麗,紡織纖維,TWSE,上市,1990/08/08,ESVUFR,^TWII,紡織纖維,TW,TWSE_ISIN
1445,1445.TW,大宇,紡織纖維,TWSE,上市,1991/02/05,ESVUFR,^TWII,紡織纖維,TW,TWSE_ISIN
1446,1446.TW,宏和,紡織纖維,TWSE,上市,1991/10/15,ESVUFR,^TWII,紡織纖維,TW,TWSE_ISIN
1447,1447.TW,力鵬,紡織纖維,TWSE,上市,1992/01/28,ESVUFR,^TWII,紡織纖維,TW,TWSE_ISIN
1449,1449.TW,佳和,紡織纖維,TWSE,上市,1992/03/12,ESVUFR,^TWII,紡織纖維,TW,TWSE_ISIN
1451,1451.TW,年興,紡織纖維,TWSE,上市,1992/12/21,ESVUFR,^TWII,紡織纖維,TW,TWSE_ISIN
1452,1452.TW,宏益,紡織纖維,TWSE,上市,1992/12/28,ESVUFR,^TWII,紡織纖維,TW,TWSE_ISIN
1453,1453.TW,大將,建材營造業,TWSE,上市,1993/04/19,ESVUFR,^TWII,建材營造業,TW,TWSE_ISIN
1454,1454.TW,台富,紡織纖維,TWSE,上市,1993/05/07,ESVUFR,^TWII,紡織纖維,TW,TWSE_ISIN
1455,1455.TW,集盛,紡織纖維,TWSE,上市,1993/10/07,ESVUFR,^TWII,紡織纖維,TW,TWSE_ISIN
1456,1456.TW,怡華,建材營造業,TWSE,上市,1993/12/09,ESVUFR,^TWII,建材營造業,TW,TWSE_ISIN
1457,1457.TW,宜進,紡織纖維,TWSE,上市,1994/10/20,ESVUFR,^TWII,紡織纖維,TW,TWSE_ISIN
1459,1459.TW,聯發,紡織纖維,TWSE,上市,1994/10/26,ESVUFR,^TWII,紡織纖維,TW,TWSE_ISIN
1460,1460.TW,宏遠,紡織纖維,TWSE,上市,1995/04/28,ESVUFR,^TWII,紡織纖維,TW,TWSE_ISIN
1463,1463.TW,強盛新,紡織纖維,TWSE,上市,1996/12/05,ESVUFR,^TWII,紡織纖維,TW,TWSE_ISIN
1464,1464.TW,得力,紡織纖維,TWSE,上市,1997/01/18,ESVUFR,^TWII,紡織纖維,TW,TWSE_ISIN
1465,1465.TW,偉全,紡織纖維,TWSE,上市,1997/09/08,ESVUFR,^TWII,紡織纖維,TW,TWSE_ISIN
1466,1466.TW,聚隆,紡織纖維,TWSE,上市,1998/04/04,ESVUFR,^TWII,紡織纖維,TW,TWSE_ISIN
1467,1467.TW,南緯,紡織纖維,TWSE,上市,1998/12/21,ESVUFR,^TWII,紡織纖維,TW,TWSE_ISIN
1468,1468.TW,昶和,紡織纖維,TWSE,上市,1999/01/21,ESVUFR,^TWII,紡織纖維,TW,TWSE_ISIN
1470,1470.TW,大統新創,紡織纖維,TWSE,上市,1999/05/21,ESVUFR,^TWII,紡織纖維,TW,TWSE_ISIN
1471,1471.TW,首利,電子零組件業,TWSE,上市,2000/03/06,ESVUFR,^TWII,電子零組件業,TW,TWSE_ISIN
1472,1472.TW,三洋實業,建材營造業,TWSE,上市,2000/09/11,ESVUFR,^TWII,建材營造業,TW,TWSE_ISIN
1473,1473.TW,台南,紡織纖維,TWSE,上市,2000/09/11,ESVUFR,^TWII,紡織纖維,TW,TWSE_ISIN
1474,1474.TW,弘裕,紡織纖維,TWSE,上市,2000/10/31,ESVUFR,^TWII,紡織纖維,TW,TWSE_ISIN
1475,1475.TW,業旺,紡織纖維,TWSE,上市,2000/10/27,ESVUFR,^TWII,紡織纖維,TW,TWSE_ISIN
1476,1476.TW,儒鴻,紡織纖維,TWSE,上市,2001/04/18,ESVUFR,^TWII,紡織纖維,TW,TWSE_ISIN
1477,1477.TW,聚陽,紡織纖維,TWSE,上市,2003/01/21,ESVUFR,^TWII,紡織纖維,TW,TWSE_ISIN
1503,1503.TW,士電,電機機械,TWSE,上市,1969/12/15,ESVUFR,^TWII,電機機械,TW,TWSE_ISIN
1504,1504.TW,東元,電機機械,TWSE,上市,1973/11/05,ESVUFR,^TWII,電機機械,TW,TWSE_ISIN
1506,1506.TW,正道,電機機械,TWSE,上市,1980/08/11,ESVUFR,^TWII,電機機械,TW,TWSE_ISIN
1512,1512.TW,瑞利,汽車工業,TWSE,上市,1994/01/28,ESVUFR,^TWII,汽車工業,TW,TWSE_ISIN
1513,1513.TW,中興電,電機機械,TWSE,上市,1994/03/08,ESVUFR,^TWII,電機機械,TW,TWSE_ISIN
1514,1514.TW,亞力,電機機械,TWSE,上市,1994/03/26,ESVUFR,^TWII,電機機械,TW,TWSE_ISIN
1515,1515.TW,力山,電機機械,TWSE,上市,1995/02/04,ESVUFR,^TWII,電機機械,TW,TWSE_ISIN
1516,1516.TW,川飛,其他業,TWSE,上市,1995/04/01,ESVUFR,^TWII,其他業,TW,TWSE_ISIN
1517,1517.TW,利奇,電機機械,TWSE,上市,1995/11/14,ESVUFR,^TWII,電機機械,TW,TWSE_ISIN
1519,1519.TW,華城,電機機械,TWSE,上市,1997/04/16,ESVUFR,^TWII,電機機械,TW,TWSE_ISIN
1521,1521.TW,大億,汽車工業,TWSE,上市,1997/10/06,ESVUFR,^TWII,汽車工業,TW,TWSE_ISIN
1522,1522.TW,堤維西,汽車工業,TWSE,上市,1997/10/06,ESVUFR,^TWII,汽車工業,TW,TWSE_ISIN
1524,1524.TW,耿鼎,汽車工業,TWSE,上市,1998/10/30,ESVUFR,^TWII,汽車工業,TW,TWSE_ISIN
1525,1525.TW,江申,汽車工業,TWSE,上市,1999/05/15,ESVUFR,^TWII,汽車工業,TW,TWSE_ISIN
1526,1526.TW,日馳,電機機械,TWSE,上市,2000/03/27,ESVUFR,^TWII,電機機械,TW,TWSE_ISIN
1527,1527.TW,鑽全,電機機械,TWSE,上市,2000/06/21,ESVUFR,^TWII,電機機械,TW,TWSE_ISIN
1528,1528.TW,恩德,電機機械,TWSE,上市,2000/09/11,ESVUFR,^TWII,電機機械,TW,TWSE_ISIN
1529,1529.TW,樂事綠能,電機機械,TWSE,上市,2000/09/11,ESVUFR,^TWII,電機機械,TW,TWSE_ISIN
1530,1530.TW,亞崴,電機機械,TWSE,上市,2000/09/11,ESVUFR,^TWII,電機機械,TW,TWSE_ISIN
1531,1531.TW,高林股,電機機械,TWSE,上市,2000/09/11,ESVUFR,^TWII,電機機械,TW,TWSE_ISIN
1532,1532.TW,勤美,電機機械,TWSE,上市,2000/09/11,ESVUFR,^TWII,電機機械,TW,TWSE_ISIN
1533,1533.TW,車王電,汽車工業,TWSE,上市,2001/04/06,ESVUFR,^TWII,汽車工業,TW,TWSE_ISIN
1535,1535.TW,中宇,電機機械,TWSE,上市,2001/09/17,ESVUFR,^TWII,電機機械,TW,TWSE_ISIN
1536,1536.TW,和大,汽車工業,TWSE,上市,2001/09/17,ESVUFR,^TWII,汽車工業,TW,TWSE_ISIN
1537,1537.TW,廣隆,電機機械,TWSE,上市,2002/01/22,ESVUFR,^TWII,電機機械,TW,TWSE_ISIN
1538,1538.TW,正峰,電機機械,TWSE,上市,2002/08/26,ESVUFR,^TWII,電機機械,TW,TWSE_ISIN
1539,1539.TW,巨庭,電機機械,TWSE,上市,2002/10/29,ESVUFR,^TWII,電機機械,TW,TWSE_ISIN
1540,1540.TW,喬福,電機機械,TWSE,上市,2002/08/26,ESVUFR,^TWII,電機機械,TW,TWSE_ISIN
1541,1541.TW,錩泰,電機機械,TWSE,上市,2003/03/19,ESVUFR,^TWII,電機機械,TW,TWSE_ISIN
1558,1558.TW,伸興,電機機械,TWSE,上市,2014/12/23,ESVUFR,^TWII,電機機械,TW,TWSE_ISIN
1560,1560.TW,中砂,電機機械,TWSE,上市,2005/01/31,ESVUFR,^TWII,電機機械,TW,TWSE_ISIN
1563,1563.TW,巧新,汽車工業,TWSE,上市,2024/05/13,ESVUFR,^TWII,汽車工業,TW,TWSE_ISIN
1568,1568.TW,倉佑,汽車工業,TWSE,上市,2014/05/14,ESVUFR,^TWII,汽車工業,TW,TWSE_ISIN
1582,1582.TW,信錦,電子零組件業,TWSE,上市,2009/12/17,ESVUFR,^TWII,電子零組件業,TW,TWSE_ISIN
1583,1583.TW,程泰,電機機械,TWSE,上市,2008/01/24,ESVUFR,^TWII,電機機械,TW,TWSE_ISIN
1587,1587.TW,吉茂,汽車工業,TWSE,上市,2018/04/16,ESVUFR,^TWII,汽車工業,TW,TWSE_ISIN
1589,1589.TW,永冠-KY,電機機械,TWSE,上市,2012/04/27,ESVUFR,^TWII,電機機械,TW,TWSE_ISIN
1590,1590.TW,亞德客-KY,電機機械,TWSE,上市,2010/12/13,ESVUFR,^TWII,電機機械,TW,TWSE_ISIN
1597,1597.TW,直得,電機機械,TWSE,上市,2020/12/23,ESVUFR,^TWII,電機機械,TW,TWSE_ISIN
1598,1598.TW,岱宇,運動休閒,TWSE,上市,2016/09/20,ESVUFR,^TWII,運動休閒,TW,TWSE_ISIN
1603,1603.TW,華電,電器電纜,TWSE,上市,1968/06/03,ESVUFR,^TWII,電器電纜,TW,TWSE_ISIN
1604,1604.TW,聲寶,電器電纜,TWSE,上市,1970/12/14,ESVUFR,^TWII,電器電纜,TW,TWSE_ISIN
1605,1605.TW,華新,電器電纜,TWSE,上市,1972/11/03,ESVUFR,^TWII,電器電纜,TW,TWSE_ISIN
1608,1608.TW,華榮,電器電纜,TWSE,上市,1988/07/11,ESVUFR,^TWII,電器電纜,TW,TWSE_ISIN
1609,1609.TW,大亞,電器電纜,TWSE,上市,1988/12/12,ESVUFR,^TWII,電器電纜,TW,TWSE_ISIN
1611,1611.TW,中電,電器電纜,TWSE,上市,1990/01/16,ESVUFR,^TWII,電器電纜,TW,TWSE_ISIN
1612,1612.TW,宏泰,電器電纜,TWSE,上市,1993/05/08,ESVUFR,^TWII,電器電纜,TW,TWSE_ISIN
1614,1614.TW,三洋電,電器電纜,TWSE,上市,1997/09/18,ESVUFR,^TWII,電器電纜,TW,TWSE_ISIN
1615,1615.TW,大山,電器電纜,TWSE,上市,2000/03/30,ESVUFR,^TWII,電器電纜,TW,TWSE_ISIN
1616,1616.TW,億泰,電器電纜,TWSE,上市,2000/09/11,ESVUFR,^TWII,電器電纜,TW,TWSE_ISIN
1617,1617.TW,榮星,電器電纜,TWSE,上市,2000/09/11,ESVUFR,^TWII,電器電纜,TW,TWSE_ISIN
1618,1618.TW,合機,電器電纜,TWSE,上市,2000/09/11,ESVUFR,^TWII,電器電纜,TW,TWSE_ISIN
1623,1623.TW,大東電,電器電纜,TWSE,上市,2026/01/22,ESVUFR,^TWII,電器電纜,TW,TWSE_ISIN
1626,1626.TW,艾美特-KY,電器電纜,TWSE,上市,2013/03/21,ESVUFR,^TWII,電器電纜,TW,TWSE_ISIN
1702,1702.TW,南僑,食品工業,TWSE,上市,1973/05/30,ESVUFR,^TWII,食品工業,TW,TWSE_ISIN
1707,1707.TW,葡萄王,生技醫療業,TWSE,上市,1982/12/20,ESVUFR,^TWII,生技醫療業,TW,TWSE_ISIN
1708,1708.TW,東鹼,化學工業,TWSE,上市,1986/06/16,ESVUFR,^TWII,化學工業,TW,TWSE_ISIN
1709,1709.TW,和益,化學工業,TWSE,上市,1986/07/03,ESVUFR,^TWII,化學工業,TW,TWSE_ISIN
1710,1710.TW,東聯,化學工業,TWSE,上市,1987/10/21,ESVUFR,^TWII,化學工業,TW,TWSE_ISIN
1711,1711.TW,永光,化學工業,TWSE,上市,1988/12/27,ESVUFR,^TWII,化學工業,TW,TWSE_ISIN
1712,1712.TW,興農,化學工業,TWSE,上市,1989/12/14,ESVUFR,^TWII,化學工業,TW,TWSE_ISIN
1713,1713.TW,國化,化學工業,TWSE,上市,1990/01/31,ESVUFR,^TWII,化學工業,TW,TWSE_ISIN
1714,1714.TW,和桐,化學工業,TWSE,上市,1991/08/30,ESVUFR,^TWII,化學工業,TW,TWSE_ISIN
1717,1717.TW,長興,化學工業,TWSE,上市,1994/03/31,ESVUFR,^TWII,化學工業,TW,TWSE_ISIN
1718,1718.TW,中纖,化學工業,TWSE,上市,1963/12/02,ESVUFR,^TWII,化學工業,TW,TWSE_ISIN
1720,1720.TW,生達,生技醫療業,TWSE,上市,1995/12/12,ESVUFR,^TWII,生技醫療業,TW,TWSE_ISIN
1721,1721.TW,國慶科技,化學工業,TWSE,上市,1996/05/16,ESVUFR,^TWII,化學工業,TW,TWSE_ISIN
1722,1722.TW,台肥,化學工業,TWSE,上市,1998/03/24,ESVUFR,^TWII,化學工業,TW,TWSE_ISIN
1723,1723.TW,中碳,化學工業,TWSE,上市,1998/11/27,ESVUFR,^TWII,化學工業,TW,TWSE_ISIN
1725,1725.TW,元禎,化學工業,TWSE,上市,2000/09/11,ESVUFR,^TWII,化學工業,TW,TWSE_ISIN
1726,1726.TW,永記,化學工業,TWSE,上市,2000/09/11,ESVUFR,^TWII,化學工業,TW,TWSE_ISIN
1727,1727.TW,中華化,化學工業,TWSE,上市,2000/09/11,ESVUFR,^TWII,化學工業,TW,TWSE_ISIN
1730,1730.TW,花仙子,化學工業,TWSE,上市,2001/09/17,ESVUFR,^TWII,化學工業,TW,TWSE_ISIN
1731,1731.TW,美吾華,生技醫療業,TWSE,上市,2001/09/17,ESVUFR,^TWII,生技醫療業,TW,TWSE_ISIN
1732,1732.TW,毛寶,化學工業,TWSE,上市,2001/09/17,ESVUFR,^TWII,化學工業,TW,TWSE_ISIN
1733,1733.TW,五鼎,生技醫療業,TWSE,上市,2001/09/17,ESVUFR,^TWII,生技醫療業,TW,TWSE_ISIN
1734,1734.TW,杏輝,生技醫療業,TWSE,上市,2002/08/26,ESVUFR,^TWII,生技醫療業,TW,TWSE_ISIN
1735,1735.TW,日勝化,化學工業,TWSE,上市,2002/08/26,ESVUFR,^TWII,化學工業,TW,TWSE_ISIN
1736,1736.TW,喬山,運動休閒,TWSE,上市,2003/01/09,ESVUFR,^TWII,運動休閒,TW,TWSE_ISIN
1737,1737.TW,臺鹽,食品工業,TWSE,上市,2003/11/18,ESVUFR,^TWII,食品工業,TW,TWSE_ISIN
1752,1752.TW,南光,生技醫療業,TWSE,上市,2022/01/19,ESVUFR,^TWII,生技醫療業,TW,TWSE_ISIN
1760,1760.TW,寶齡富錦,生技醫療業,TWSE,上市,2018/01/23,ESVUFR,^TWII,生技醫療業,TW,TWSE_ISIN
1762,1762.TW,中化生,生技醫療業,TWSE,上市,2010/12/20,ESVUFR,^TWII,生技醫療業,TW,TWSE_ISIN
1773,1773.TW,勝一,化學工業,TWSE,上市,2009/02/27,ESVUFR,^TWII,化學工業,TW,TWSE_ISIN
1776,1776.TW,展宇,化學工業,TWSE,上市,2016/05/09,ESVUFR,^TWII,化學工業,TW,TWSE_ISIN
1783,1783.TW,和康生,生技醫療業,TWSE,上市,2013/12/20,ESVUFR,^TWII,生技醫療業,TW,TWSE_ISIN
1786,1786.TW,科妍,生技醫療業,TWSE,上市,2013/11/12,ESVUFR,^TWII,生技醫療業,TW,TWSE_ISIN
1789,1789.TW,神隆,生技醫療業,TWSE,上市,2011/09/29,ESVUFR,^TWII,生技醫療業,TW,TWSE_ISIN
1795,1795.TW,美時,生技醫療業,TWSE,上市,2019/12/16,ESVUFR,^TWII,生技醫療業,TW,TWSE_ISIN
1802,1802.TW,台玻,玻璃陶瓷,TWSE,上市,1973/07/20,ESVUFR,^TWII,玻璃陶瓷,TW,TWSE_ISIN
1805,1805.TW,寶徠,建材營造業,TWSE,上市,1989/10/20,ESVUFR,^TWII,建材營造業,TW,TWSE_ISIN
1806,1806.TW,冠軍,玻璃陶瓷,TWSE,上市,1992/09/29,ESVUFR,^TWII,玻璃陶瓷,TW,TWSE_ISIN
1808,1808.TW,潤隆,建材營造業,TWSE,上市,1994/10/26,ESVUFR,^TWII,建材營造業,TW,TWSE_ISIN
1809,1809.TW,中釉,玻璃陶瓷,TWSE,上市,1996/04/30,ESVUFR,^TWII,玻璃陶瓷,TW,TWSE_ISIN
1810,1810.TW,和成,玻璃陶瓷,TWSE,上市,1991/10/14,ESVUFR,^TWII,玻璃陶瓷,TW,TWSE_ISIN
1817,1817.TW,凱撒衛,玻璃陶瓷,TWSE,上市,2013/10/24,ESVUFR,^TWII,玻璃陶瓷,TW,TWSE_ISIN
1903,1903.TW,士紙,造紙工業,TWSE,上市,1963/12/09,ESVUFR,^TWII,造紙工業,TW,TWSE_ISIN
1904,1904.TW,正隆,造紙工業,TWSE,上市,1971/09/10,ESVUFR,^TWII,造紙工業,TW,TWSE_ISIN
1905,1905.TW,華紙,造紙工業,TWSE,上市,1975/02/07,ESVUFR,^TWII,造紙工業,TW,TWSE_ISIN
1906,1906.TW,寶隆,造紙工業,TWSE,上市,1976/04/26,ESVUFR,^TWII,造紙工業,TW,TWSE_ISIN
1907,1907.TW,永豐餘,造紙工業,TWSE,上市,1977/02/22,ESVUFR,^TWII,造紙工業,TW,TWSE_ISIN
1909,1909.TW,榮成,造紙工業,TWSE,上市,1985/11/19,ESVUFR,^TWII,造紙工業,TW,TWSE_ISIN
2002,2002.TW,中鋼,鋼鐵工業,TWSE,上市,1974/12/26,ESVUFR,^TWII,鋼鐵工業,TW,TWSE_ISIN
2006,2006.TW,東和鋼鐵,鋼鐵工業,TWSE,上市,1988/07/13,ESVUFR,^TWII,鋼鐵工業,TW,TWSE_ISIN
2007,2007.TW,燁興,鋼鐵工業,TWSE,上市,1988/10/04,ESVUFR,^TWII,鋼鐵工業,TW,TWSE_ISIN
2008,2008.TW,高興昌,鋼鐵工業,TWSE,上市,1988/12/28,ESVUFR,^TWII,鋼鐵工業,TW,TWSE_ISIN
2009,2009.TW,第一銅,鋼鐵工業,TWSE,上市,1989/10/20,ESVUFR,^TWII,鋼鐵工業,TW,TWSE_ISIN
2010,2010.TW,春源,鋼鐵工業,TWSE,上市,1989/12/22,ESVUFR,^TWII,鋼鐵工業,TW,TWSE_ISIN
2012,2012.TW,春雨,鋼鐵工業,TWSE,上市,1991/10/17,ESVUFR,^TWII,鋼鐵工業,TW,TWSE_ISIN
2013,2013.TW,中鋼構,鋼鐵工業,TWSE,上市,1992/01/21,ESVUFR,^TWII,鋼鐵工業,TW,TWSE_ISIN
2014,2014.TW,中鴻,鋼鐵工業,TWSE,上市,1992/02/20,ESVUFR,^TWII,鋼鐵工業,TW,TWSE_ISIN
2015,2015.TW,豐興,鋼鐵工業,TWSE,上市,1992/05/25,ESVUFR,^TWII,鋼鐵工業,TW,TWSE_ISIN
2017,2017.TW,官田鋼,鋼鐵工業,TWSE,上市,1992/11/02,ESVUFR,^TWII,鋼鐵工業,TW,TWSE_ISIN
2020,2020.TW,美亞,鋼鐵工業,TWSE,上市,1993/04/27,ESVUFR,^TWII,鋼鐵工業,TW,TWSE_ISIN
2022,2022.TW,聚亨,鋼鐵工業,TWSE,上市,1995/03/27,ESVUFR,^TWII,鋼鐵工業,TW,TWSE_ISIN
2023,2023.TW,燁輝,鋼鐵工業,TWSE,上市,1995/07/28,ESVUFR,^TWII,鋼鐵工業,TW,TWSE_ISIN
2024,2024.TW,志聯,鋼鐵工業,TWSE,上市,1995/12/30,ESVUFR,^TWII,鋼鐵工業,TW,TWSE_ISIN
2025,2025.TW,千興,鋼鐵工業,TWSE,上市,1996/02/08,ESVUFR,^TWII,鋼鐵工業,TW,TWSE_ISIN
2027,2027.TW,大成鋼,鋼鐵工業,TWSE,上市,1996/10/24,ESVUFR,^TWII,鋼鐵工業,TW,TWSE_ISIN
2028,2028.TW,威致,鋼鐵工業,TWSE,上市,1996/12/13,ESVUFR,^TWII,鋼鐵工業,TW,TWSE_ISIN
2029,2029.TW,盛餘,鋼鐵工業,TWSE,上市,1997/01/11,ESVUFR,^TWII,鋼鐵工業,TW,TWSE_ISIN
2030,2030.TW,彰源,鋼鐵工業,TWSE,上市,1998/12/24,ESVUFR,^TWII,鋼鐵工業,TW,TWSE_ISIN
2031,2031.TW,新光鋼,鋼鐵工業,TWSE,上市,2000/09/11,ESVUFR,^TWII,鋼鐵工業,TW,TWSE_ISIN
2032,2032.TW,新鋼,鋼鐵工業,TWSE,上市,2000/09/11,ESVUFR,^TWII,鋼鐵工業,TW,TWSE_ISIN
2033,2033.TW,佳大,鋼鐵工業,TWSE,上市,2000/09/11,ESVUFR,^TWII,鋼鐵工業,TW,TWSE_ISIN
2034,2034.TW,允強,鋼鐵工業,TWSE,上市,2001/09/17,ESVUFR,^TWII,鋼鐵工業,TW,TWSE_ISIN
2038,2038.TW,海光,鋼鐵工業,TWSE,上市,2008/12/30,ESVUFR,^TWII,鋼鐵工業,TW,TWSE_ISIN
2049,2049.TW,上銀,電機機械,TWSE,上市,2009/06/26,ESVUFR,^TWII,電機機械,TW,TWSE_ISIN
2059,2059.TW,川湖,電子零組件業,TWSE,上市,2008/06/25,ESVUFR,^TWII,電子零組件業,TW,TWSE_ISIN
2062,2062.TW,橋椿,居家生活,TWSE,上市,2007/11/16,ESVUFR,^TWII,居家生活,TW,TWSE_ISIN
2069,2069.TW,運錩,鋼鐵工業,TWSE,上市,2016/03/22,ESVUFR,^TWII,鋼鐵工業,TW,TWSE_ISIN
2072,2072.TW,世紀風電,綠能環保,TWSE,上市,2026/03/26,ESVUFR,^TWII,綠能環保,TW,TWSE_ISIN
2101,2101.TW,南港,橡膠工業,TWSE,上市,1963/11/01,ESVUFR,^TWII,橡膠工業,TW,TWSE_ISIN
2102,2102.TW,泰豐,橡膠工業,TWSE,上市,1979/07/16,ESVUFR,^TWII,橡膠工業,TW,TWSE_ISIN
2103,2103.TW,台橡,橡膠工業,TWSE,上市,1982/09/25,ESVUFR,^TWII,橡膠工業,TW,TWSE_ISIN
2104,2104.TW,國際中橡,橡膠工業,TWSE,上市,1986/07/15,ESVUFR,^TWII,橡膠工業,TW,TWSE_ISIN
2105,2105.TW,正新,橡膠工業,TWSE,上市,1987/12/07,ESVUFR,^TWII,橡膠工業,TW,TWSE_ISIN
2106,2106.TW,建大,橡膠工業,TWSE,上市,1990/12/20,ESVUFR,^TWII,橡膠工業,TW,TWSE_ISIN
2107,2107.TW,厚生,橡膠工業,TWSE,上市,1992/03/03,ESVUFR,^TWII,橡膠工業,TW,TWSE_ISIN
2108,2108.TW,南帝,橡膠工業,TWSE,上市,1992/10/27,ESVUFR,^TWII,橡膠工業,TW,TWSE_ISIN
2109,2109.TW,華豐,橡膠工業,TWSE,上市,2000/05/08,ESVUFR,^TWII,橡膠工業,TW,TWSE_ISIN
2114,2114.TW,鑫永銓,橡膠工業,TWSE,上市,2010/12/29,ESVUFR,^TWII,橡膠工業,TW,TWSE_ISIN
2115,2115.TW,六暉-KY,汽車工業,TWSE,上市,2013/12/25,ESVUFR,^TWII,汽車工業,TW,TWSE_ISIN
2201,2201.TW,裕隆,汽車工業,TWSE,上市,1976/07/08,ESVUFR,^TWII,汽車工業,TW,TWSE_ISIN
2204,2204.TW,中華,汽車工業,TWSE,上市,1991/03/12,ESVUFR,^TWII,汽車工業,TW,TWSE_ISIN
2206,2206.TW,三陽工業,汽車工業,TWSE,上市,1996/07/29,ESVUFR,^TWII,汽車工業,TW,TWSE_ISIN
2207,2207.TW,和泰車,汽車工業,TWSE,上市,1997/02/25,ESVUFR,^TWII,汽車工業,TW,TWSE_ISIN
2208,2208.TW,台船,航運業,TWSE,上市,2008/12/22,ESVUFR,^TWII,航運業,TW,TWSE_ISIN
2211,2211.TW,長榮鋼,鋼鐵工業,TWSE,上市,2021/04/12,ESVUFR,^TWII,鋼鐵工業,TW,TWSE_ISIN
2227,2227.TW,裕日車,汽車工業,TWSE,上市,2004/12/21,ESVUFR,^TWII,汽車工業,TW,TWSE_ISIN
2228,2228.TW,劍麟,汽車工業,TWSE,上市,2013/11/25,ESVUFR,^TWII,汽車工業,TW,TWSE_ISIN
2231,2231.TW,為升,汽車工業,TWSE,上市,2010/11/19,ESVUFR,^TWII,汽車工業,TW,TWSE_ISIN
2233,2233.TW,宇隆,汽車工業,TWSE,上市,2019/09/17,ESVUFR,^TWII,汽車工業,TW,TWSE_ISIN
2236,2236.TW,百達-KY,汽車工業,TWSE,上市,2015/06/03,ESVUFR,^TWII,汽車工業,TW,TWSE_ISIN
2237,2237.TW,華德動能-創,汽車工業,TWSE,上市臺灣創新板,2026/08/10,ESVUFR,^TWII,汽車工業,TW,TWSE_ISIN
2239,2239.TW,英利-KY,汽車工業,TWSE,上市,2016/01/27,ESVUFR,^TWII,汽車工業,TW,TWSE_ISIN
2241,2241.TW,艾姆勒,汽車工業,TWSE,上市,2020/08/26,ESVUFR,^TWII,汽車工業,TW,TWSE_ISIN
2243,2243.TW,宏旭-KY,汽車工業,TWSE,上市,2017/09/27,ESVUFR,^TWII,汽車工業,TW,TWSE_ISIN
2247,2247.TW,汎德永業,汽車工業,TWSE,上市,2020/10/12,ESVUFR,^TWII,汽車工業,TW,TWSE_ISIN
2248,2248.TW,華勝-KY,汽車工業,TWSE,上市,2025/03/13,ESVUFR,^TWII,汽車工業,TW,TWSE_ISIN
2250,2250.TW,IKKA-KY,汽車工業,TWSE,上市,2021/05/31,ESVUFR,^TWII,汽車工業,TW,TWSE_ISIN
2254,2254.TW,巨鎧精密-創,汽車工業,TWSE,上市臺灣創新板,2023/10/20,ESVUFR,^TWII,汽車工業,TW,TWSE_ISIN
2258,2258.TW,鴻華先進-創,汽車工業,TWSE,上市臺灣創新板,2023/11/20,ESVUFR,^TWII,汽車工業,TW,TWSE_ISIN
2301,2301.TW,光寶科,電腦及週邊設備業,TWSE,上市,1995/11/17,ESVUFR,^TWII,電腦及週邊設備業,TW,TWSE_ISIN
2302,2302.TW,麗正,半導體業,TWSE,上市,1985/01/15,ESVUFR,^TWII,半導體業,TW,TWSE_ISIN
2303,2303.TW,聯電,半導體業,TWSE,上市,1985/07/16,ESVUFR,^TWII,半導體業,TW,TWSE_ISIN
2305,2305.TW,全友,電腦及週邊設備業,TWSE,上市,1988/10/21,ESVUFR,^TWII,電腦及週邊設備業,TW,TWSE_ISIN
2308,2308.TW,台達電,電子零組件業,TWSE,上市,1988/12/19,ESVUFR,^TWII,電子零組件業,TW,TWSE_ISIN
2312,2312.TW,金寶,其他電子業,TWSE,上市,1989/11/07,ESVUFR,^TWII,其他電子業,TW,TWSE_ISIN
2313,2313.TW,華通,電子零組件業,TWSE,上市,1990/07/24,ESVUFR,^TWII,電子零組件業,TW,TWSE_ISIN
2314,2314.TW,台揚,通信網路業,TWSE,上市,1990/08/08,ESVUFR,^TWII,通信網路業,TW,TWSE_ISIN
2316,2316.TW,楠梓電,電子零組件業,TWSE,上市,1991/02/05,ESVUFR,^TWII,電子零組件業,TW,TWSE_ISIN
2317,2317.TW,鴻海,其他電子業,TWSE,上市,1991/06/18,ESVUFR,^TWII,其他電子業,TW,TWSE_ISIN
2321,2321.TW,東訊,通信網路業,TWSE,上市,1991/11/08,ESVUFR,^TWII,通信網路業,TW,TWSE_ISIN
2323,2323.TW,中環,光電業,TWSE,上市,1992/02/17,ESVUFR,^TWII,光電業,TW,TWSE_ISIN
2324,2324.TW,仁寶,電腦及週邊設備業,TWSE,上市,1992/02/18,ESVUFR,^TWII,電腦及週邊設備業,TW,TWSE_ISIN
2327,2327.TW,國巨*,電子零組件業,TWSE,上市,1993/10/22,ESVUFR,^TWII,電子零組件業,TW,TWSE_ISIN
2328,2328.TW,廣宇,電子零組件業,TWSE,上市,1993/11/09,ESVUFR,^TWII,電子零組件業,TW,TWSE_ISIN
2329,2329.TW,華泰,半導體業,TWSE,上市,1994/04/20,ESVUFR,^TWII,半導體業,TW,TWSE_ISIN
2330,2330.TW,台積電,半導體業,TWSE,上市,1994/09/05,ESVUFR,^TWII,半導體業,TW,TWSE_ISIN
2331,2331.TW,精英,電腦及週邊設備業,TWSE,上市,1994/09/21,ESVUFR,^TWII,電腦及週邊設備業,TW,TWSE_ISIN
2332,2332.TW,友訊,通信網路業,TWSE,上市,1994/10/17,ESVUFR,^TWII,通信網路業,TW,TWSE_ISIN
2337,2337.TW,旺宏,半導體業,TWSE,上市,1995/03/15,ESVUFR,^TWII,半導體業,TW,TWSE_ISIN
2338,2338.TW,光罩,半導體業,TWSE,上市,1995/04/17,ESVUFR,^TWII,半導體業,TW,TWSE_ISIN
2340,2340.TW,台亞,半導體業,TWSE,上市,1995/05/02,ESVUFR,^TWII,半導體業,TW,TWSE_ISIN
2342,2342.TW,茂矽,半導體業,TWSE,上市,1995/09/19,ESVUFR,^TWII,半導體業,TW,TWSE_ISIN
2344,2344.TW,華邦電,半導體業,TWSE,上市,1995/10/18,ESVUFR,^TWII,半導體業,TW,TWSE_ISIN
2345,2345.TW,智邦,通信網路業,TWSE,上市,1995/11/15,ESVUFR,^TWII,通信網路業,TW,TWSE_ISIN
2347,2347.TW,聯強,電子通路業,TWSE,上市,1995/12/13,ESVUFR,^TWII,電子通路業,TW,TWSE_ISIN
2348,2348.TW,海悅,其他業,TWSE,上市,1996/01/05,ESVUFR,^TWII,其他業,TW,TWSE_ISIN
2349,2349.TW,錸德,光電業,TWSE,上市,1996/04/23,ESVUFR,^TWII,光電業,TW,TWSE_ISIN
2351,2351.TW,順德,半導體業,TWSE,上市,1996/04/25,ESVUFR,^TWII,半導體業,TW,TWSE_ISIN
2352,2352.TW,佳世達,電腦及週邊設備業,TWSE,上市,1996/07/22,ESVUFR,^TWII,電腦及週邊設備業,TW,TWSE_ISIN
2353,2353.TW,宏碁,電腦及週邊設備業,TWSE,上市,1996/09/18,ESVUFR,^TWII,電腦及週邊設備業,TW,TWSE_ISIN
2354,2354.TW,鴻準,其他電子業,TWSE,上市,1996/10/08,ESVUFR,^TWII,其他電子業,TW,TWSE_ISIN
2355,2355.TW,敬鵬,電子零組件業,TWSE,上市,1996/10/14,ESVUFR,^TWII,電子零組件業,TW,TWSE_ISIN
2356,2356.TW,英業達,電腦及週邊設備業,TWSE,上市,1996/11/13,ESVUFR,^TWII,電腦及週邊設備業,TW,TWSE_ISIN
2357,2357.TW,華碩,電腦及週邊設備業,TWSE,上市,1996/11/14,ESVUFR,^TWII,電腦及週邊設備業,TW,TWSE_ISIN
2359,2359.TW,所羅門,其他電子業,TWSE,上市,1996/12/19,ESVUFR,^TWII,其他電子業,TW,TWSE_ISIN
2360,2360.TW,致茂,其他電子業,TWSE,上市,1996/12/21,ESVUFR,^TWII,其他電子業,TW,TWSE_ISIN
2362,2362.TW,藍天,電腦及週邊設備業,TWSE,上市,1997/04/02,ESVUFR,^TWII,電腦及週邊設備業,TW,TWSE_ISIN
2363,2363.TW,矽統,半導體業,TWSE,上市,1997/08/01,ESVUFR,^TWII,半導體業,TW,TWSE_ISIN
2364,2364.TW,倫飛,電腦及週邊設備業,TWSE,上市,1997/08/11,ESVUFR,^TWII,電腦及週邊設備業,TW,TWSE_ISIN
2365,2365.TW,昆盈,電腦及週邊設備業,TWSE,上市,1997/11/03,ESVUFR,^TWII,電腦及週邊設備業,TW,TWSE_ISIN
2367,2367.TW,燿華,電子零組件業,TWSE,上市,1997/12/13,ESVUFR,^TWII,電子零組件業,TW,TWSE_ISIN
2368,2368.TW,金像電,電子零組件業,TWSE,上市,1998/03/09,ESVUFR,^TWII,電子零組件業,TW,TWSE_ISIN
2369,2369.TW,菱生,半導體業,TWSE,上市,1998/04/10,ESVUFR,^TWII,半導體業,TW,TWSE_ISIN
2371,2371.TW,大同,電機機械,TWSE,上市,1962/02/09,ESVUFR,^TWII,電機機械,TW,TWSE_ISIN
2373,2373.TW,震旦行,其他電子業,TWSE,上市,1991/08/01,ESVUFR,^TWII,其他電子業,TW,TWSE_ISIN
2374,2374.TW,佳能,光電業,TWSE,上市,1995/01/16,ESVUFR,^TWII,光電業,TW,TWSE_ISIN
2375,2375.TW,凱美,電子零組件業,TWSE,上市,1998/08/29,ESVUFR,^TWII,電子零組件業,TW,TWSE_ISIN
2376,2376.TW,技嘉,電腦及週邊設備業,TWSE,上市,1998/09/24,ESVUFR,^TWII,電腦及週邊設備業,TW,TWSE_ISIN
2377,2377.TW,微星,電腦及週邊設備業,TWSE,上市,1998/10/31,ESVUFR,^TWII,電腦及週邊設備業,TW,TWSE_ISIN
2379,2379.TW,瑞昱,半導體業,TWSE,上市,1998/10/26,ESVUFR,^TWII,半導體業,TW,TWSE_ISIN
2380,2380.TW,虹光,電腦及週邊設備業,TWSE,上市,1998/12/03,ESVUFR,^TWII,電腦及週邊設備業,TW,TWSE_ISIN
2382,2382.TW,廣達,電腦及週邊設備業,TWSE,上市,1999/01/08,ESVUFR,^TWII,電腦及週邊設備業,TW,TWSE_ISIN
2383,2383.TW,台光電,電子零組件業,TWSE,上市,1998/11/27,ESVUFR,^TWII,電子零組件業,TW,TWSE_ISIN
2385,2385.TW,群光,電子零組件業,TWSE,上市,1999/01/05,ESVUFR,^TWII,電子零組件業,TW,TWSE_ISIN
2387,2387.TW,精元,電腦及週邊設備業,TWSE,上市,1999/01/25,ESVUFR,^TWII,電腦及週邊設備業,TW,TWSE_ISIN
2388,2388.TW,威盛,半導體業,TWSE,上市,1999/03/05,ESVUFR,^TWII,半導體業,TW,TWSE_ISIN
2390,2390.TW,云辰,其他電子業,TWSE,上市,1999/06/15,ESVUFR,^TWII,其他電子業,TW,TWSE_ISIN
2392,2392.TW,正崴,電子零組件業,TWSE,上市,1999/09/20,ESVUFR,^TWII,電子零組件業,TW,TWSE_ISIN
2393,2393.TW,億光,光電業,TWSE,上市,1999/11/04,ESVUFR,^TWII,光電業,TW,TWSE_ISIN
2395,2395.TW,研華,電腦及週邊設備業,TWSE,上市,1999/12/13,ESVUFR,^TWII,電腦及週邊設備業,TW,TWSE_ISIN
2397,2397.TW,友通,電腦及週邊設備業,TWSE,上市,2000/01/15,ESVUFR,^TWII,電腦及週邊設備業,TW,TWSE_ISIN
2399,2399.TW,映泰,電腦及週邊設備業,TWSE,上市,1999/12/16,ESVUFR,^TWII,電腦及週邊設備業,TW,TWSE_ISIN
2401,2401.TW,凌陽,半導體業,TWSE,上市,2000/01/27,ESVUFR,^TWII,半導體業,TW,TWSE_ISIN
2402,2402.TW,毅嘉,電子零組件業,TWSE,上市,2000/01/14,ESVUFR,^TWII,電子零組件業,TW,TWSE_ISIN
2404,2404.TW,漢唐,其他電子業,TWSE,上市,2000/03/14,ESVUFR,^TWII,其他電子業,TW,TWSE_ISIN
2405,2405.TW,輔信,電腦及週邊設備業,TWSE,上市,2000/03/17,ESVUFR,^TWII,電腦及週邊設備業,TW,TWSE_ISIN
2406,2406.TW,國碩,光電業,TWSE,上市,2000/04/29,ESVUFR,^TWII,光電業,TW,TWSE_ISIN
2408,2408.TW,南亞科,半導體業,TWSE,上市,2000/08/17,ESVUFR,^TWII,半導體業,TW,TWSE_ISIN
2409,2409.TW,友達,光電業,TWSE,上市,2000/09/08,ESVUFR,^TWII,光電業,TW,TWSE_ISIN
2412,2412.TW,中華電,通信網路業,TWSE,上市,2000/10/27,ESVUFR,^TWII,通信網路業,TW,TWSE_ISIN
2413,2413.TW,環科,電子零組件業,TWSE,上市,2000/09/11,ESVUFR,^TWII,電子零組件業,TW,TWSE_ISIN
2414,2414.TW,精技,電子通路業,TWSE,上市,2000/09/11,ESVUFR,^TWII,電子通路業,TW,TWSE_ISIN
2415,2415.TW,錩新,電子零組件業,TWSE,上市,2000/09/11,ESVUFR,^TWII,電子零組件業,TW,TWSE_ISIN
2417,2417.TW,圓剛,電腦及週邊設備業,TWSE,上市,2000/09/11,ESVUFR,^TWII,電腦及週邊設備業,TW,TWSE_ISIN
2419,2419.TW,仲琦,通信網路業,TWSE,上市,2000/09/11,ESVUFR,^TWII,通信網路業,TW,TWSE_ISIN
2420,2420.TW,新巨,電子零組件業,TWSE,上市,2000/09/11,ESVUFR,^TWII,電子零組件業,TW,TWSE_ISIN
2421,2421.TW,建準,電子零組件業,TWSE,上市,2000/09/11,ESVUFR,^TWII,電子零組件業,TW,TWSE_ISIN
2423,2423.TW,固緯,其他電子業,TWSE,上市,2000/09/11,ESVUFR,^TWII,其他電子業,TW,TWSE_ISIN
2424,2424.TW,隴華,通信網路業,TWSE,上市,2000/09/11,ESVUFR,^TWII,通信網路業,TW,TWSE_ISIN
2425,2425.TW,承啟,電腦及週邊設備業,TWSE,上市,2000/09/11,ESVUFR,^TWII,電腦及週邊設備業,TW,TWSE_ISIN
2426,2426.TW,鼎元,光電業,TWSE,上市,2000/09/11,ESVUFR,^TWII,光電業,TW,TWSE_ISIN
2427,2427.TW,三商電,資訊服務業,TWSE,上市,2000/09/11,ESVUFR,^TWII,資訊服務業,TW,TWSE_ISIN
2428,2428.TW,興勤,電子零組件業,TWSE,上市,2000/09/11,ESVUFR,^TWII,電子零組件業,TW,TWSE_ISIN
2429,2429.TW,銘旺科,光電業,TWSE,上市,2000/09/11,ESVUFR,^TWII,光電業,TW,TWSE_ISIN
2430,2430.TW,燦坤,電子通路業,TWSE,上市,2000/09/11,ESVUFR,^TWII,電子通路業,TW,TWSE_ISIN
2431,2431.TW,聯昌,電子零組件業,TWSE,上市,2000/09/11,ESVUFR,^TWII,電子零組件業,TW,TWSE_ISIN
2432,2432.TW,倚天酷碁-創,電腦及週邊設備業,TWSE,上市臺灣創新板,2023/05/31,ESVUFR,^TWII,電腦及週邊設備業,TW,TWSE_ISIN
2433,2433.TW,互盛電,其他電子業,TWSE,上市,2000/09/11,ESVUFR,^TWII,其他電子業,TW,TWSE_ISIN
2434,2434.TW,統懋,半導體業,TWSE,上市,2000/09/11,ESVUFR,^TWII,半導體業,TW,TWSE_ISIN
2436,2436.TW,偉詮電,半導體業,TWSE,上市,2000/09/11,ESVUFR,^TWII,半導體業,TW,TWSE_ISIN
2438,2438.TW,翔耀,光電業,TWSE,上市,2000/09/11,ESVUFR,^TWII,光電業,TW,TWSE_ISIN
2439,2439.TW,美律,通信網路業,TWSE,上市,2000/09/11,ESVUFR,^TWII,通信網路業,TW,TWSE_ISIN
2440,2440.TW,太空梭,電子零組件業,TWSE,上市,2000/11/10,ESVUFR,^TWII,電子零組件業,TW,TWSE_ISIN
2441,2441.TW,超豐,半導體業,TWSE,上市,2000/10/26,ESVUFR,^TWII,半導體業,TW,TWSE_ISIN
2442,2442.TW,新美齊,建材營造業,TWSE,上市,2000/11/22,ESVUFR,^TWII,建材營造業,TW,TWSE_ISIN
2444,2444.TW,兆勁,通信網路業,TWSE,上市,2000/12/08,ESVUFR,^TWII,通信網路業,TW,TWSE_ISIN
2449,2449.TW,京元電子,半導體業,TWSE,上市,2001/05/09,ESVUFR,^TWII,半導體業,TW,TWSE_ISIN
2450,2450.TW,神腦,通信網路業,TWSE,上市,2001/05/24,ESVUFR,^TWII,通信網路業,TW,TWSE_ISIN
2451,2451.TW,創見,半導體業,TWSE,上市,2001/05/03,ESVUFR,^TWII,半導體業,TW,TWSE_ISIN
2453,2453.TW,凌群,資訊服務業,TWSE,上市,2001/05/22,ESVUFR,^TWII,資訊服務業,TW,TWSE_ISIN
2454,2454.TW,聯發科,半導體業,TWSE,上市,2001/07/23,ESVUFR,^TWII,半導體業,TW,TWSE_ISIN
2455,2455.TW,全新,通信網路業,TWSE,上市,2002/01/24,ESVUFR,^TWII,通信網路業,TW,TWSE_ISIN
2457,2457.TW,飛宏,電子零組件業,TWSE,上市,2001/09/17,ESVUFR,^TWII,電子零組件業,TW,TWSE_ISIN
2458,2458.TW,義隆,半導體業,TWSE,上市,2001/09/17,ESVUFR,^TWII,半導體業,TW,TWSE_ISIN
2459,2459.TW,敦吉,其他電子業,TWSE,上市,2001/09/17,ESVUFR,^TWII,其他電子業,TW,TWSE_ISIN
2460,2460.TW,建通,電子零組件業,TWSE,上市,2001/09/17,ESVUFR,^TWII,電子零組件業,TW,TWSE_ISIN
2461,2461.TW,光群雷,其他電子業,TWSE,上市,2001/09/17,ESVUFR,^TWII,其他電子業,TW,TWSE_ISIN
2462,2462.TW,良得電,電子零組件業,TWSE,上市,2001/09/17,ESVUFR,^TWII,電子零組件業,TW,TWSE_ISIN
2464,2464.TW,盟立,其他電子業,TWSE,上市,2001/09/17,ESVUFR,^TWII,其他電子業,TW,TWSE_ISIN
2465,2465.TW,麗臺,電腦及週邊設備業,TWSE,上市,2001/09/19,ESVUFR,^TWII,電腦及週邊設備業,TW,TWSE_ISIN
2466,2466.TW,冠西電,光電業,TWSE,上市,2001/09/17,ESVUFR,^TWII,光電業,TW,TWSE_ISIN
2467,2467.TW,志聖,電子零組件業,TWSE,上市,2001/09/17,ESVUFR,^TWII,電子零組件業,TW,TWSE_ISIN
2468,2468.TW,華經,資訊服務業,TWSE,上市,2001/09/17,ESVUFR,^TWII,資訊服務業,TW,TWSE_ISIN
2471,2471.TW,資通,資訊服務業,TWSE,上市,2001/09/17,ESVUFR,^TWII,資訊服務業,TW,TWSE_ISIN
2472,2472.TW,立隆電,電子零組件業,TWSE,上市,2001/09/17,ESVUFR,^TWII,電子零組件業,TW,TWSE_ISIN
2474,2474.TW,可成,其他電子業,TWSE,上市,2001/09/17,ESVUFR,^TWII,其他電子業,TW,TWSE_ISIN
2476,2476.TW,鉅祥,電子零組件業,TWSE,上市,2001/09/17,ESVUFR,^TWII,電子零組件業,TW,TWSE_ISIN
2477,2477.TW,美隆電,其他電子業,TWSE,上市,2001/09/17,ESVUFR,^TWII,其他電子業,TW,TWSE_ISIN
2478,2478.TW,大毅,電子零組件業,TWSE,上市,2001/09/17,ESVUFR,^TWII,電子零組件業,TW,TWSE_ISIN
2480,2480.TW,敦陽科,資訊服務業,TWSE,上市,2001/09/17,ESVUFR,^TWII,資訊服務業,TW,TWSE_ISIN
2481,2481.TW,強茂,半導體業,TWSE,上市,2001/09/17,ESVUFR,^TWII,半導體業,TW,TWSE_ISIN
2482,2482.TW,連宇,其他電子業,TWSE,上市,2001/09/17,ESVUFR,^TWII,其他電子業,TW,TWSE_ISIN
2483,2483.TW,百容,電子零組件業,TWSE,上市,2001/09/17,ESVUFR,^TWII,電子零組件業,TW,TWSE_ISIN
2484,2484.TW,希華,電子零組件業,TWSE,上市,2001/09/17,ESVUFR,^TWII,電子零組件業,TW,TWSE_ISIN
2485,2485.TW,兆赫,通信網路業,TWSE,上市,2001/09/17,ESVUFR,^TWII,通信網路業,TW,TWSE_ISIN
2486,2486.TW,一詮,光電業,TWSE,上市,2001/09/19,ESVUFR,^TWII,光電業,TW,TWSE_ISIN
2488,2488.TW,漢平,其他電子業,TWSE,上市,2001/09/17,ESVUFR,^TWII,其他電子業,TW,TWSE_ISIN
2489,2489.TW,瑞軒,光電業,TWSE,上市,2001/09/17,ESVUFR,^TWII,光電業,TW,TWSE_ISIN
2491,2491.TW,吉祥全,光電業,TWSE,上市,2001/09/17,ESVUFR,^TWII,光電業,TW,TWSE_ISIN
2492,2492.TW,華新科,電子零組件業,TWSE,上市,2001/09/17,ESVUFR,^TWII,電子零組件業,TW,TWSE_ISIN
2493,2493.TW,揚博,電子零組件業,TWSE,上市,2002/01/23,ESVUFR,^TWII,電子零組件業,TW,TWSE_ISIN
2495,2495.TW,普安,電腦及週邊設備業,TWSE,上市,2002/03/25,ESVUFR,^TWII,電腦及週邊設備業,TW,TWSE_ISIN
2496,2496.TW,卓越,其他業,TWSE,上市,2002/03/08,ESVUFR,^TWII,其他業,TW,TWSE_ISIN
2497,2497.TW,怡利電,汽車工業,TWSE,上市,2002/02/04,ESVUFR,^TWII,汽車工業,TW,TWSE_ISIN
2498,2498.TW,宏達電,通信網路業,TWSE,上市,2002/03/26,ESVUFR,^TWII,通信網路業,TW,TWSE_ISIN
2501,2501.TW,國建,建材營造業,TWSE,上市,1967/10/28,ESVUFR,^TWII,建材營造業,TW,TWSE_ISIN
2504,2504.TW,國產,建材營造業,TWSE,上市,1978/03/14,ESVUFR,^TWII,建材營造業,TW,TWSE_ISIN
2505,2505.TW,國揚,建材營造業,TWSE,上市,1979/11/14,ESVUFR,^TWII,建材營造業,TW,TWSE_ISIN
2506,2506.TW,太設,建材營造業,TWSE,上市,1980/02/02,ESVUFR,^TWII,建材營造業,TW,TWSE_ISIN
2509,2509.TW,全坤建,建材營造業,TWSE,上市,1988/05/20,ESVUFR,^TWII,建材營造業,TW,TWSE_ISIN
2511,2511.TW,太子,建材營造業,TWSE,上市,1991/04/24,ESVUFR,^TWII,建材營造業,TW,TWSE_ISIN
2514,2514.TW,龍邦,其他業,TWSE,上市,1992/09/26,ESVUFR,^TWII,其他業,TW,TWSE_ISIN
2515,2515.TW,中工,建材營造業,TWSE,上市,1993/03/02,ESVUFR,^TWII,建材營造業,TW,TWSE_ISIN
2516,2516.TW,新建,建材營造業,TWSE,上市,1993/05/25,ESVUFR,^TWII,建材營造業,TW,TWSE_ISIN
2520,2520.TW,冠德,建材營造業,TWSE,上市,1993/10/27,ESVUFR,^TWII,建材營造業,TW,TWSE_ISIN
2524,2524.TW,京城,建材營造業,TWSE,上市,1994/10/18,ESVUFR,^TWII,建材營造業,TW,TWSE_ISIN
2527,2527.TW,宏璟,建材營造業,TWSE,上市,1995/03/06,ESVUFR,^TWII,建材營造業,TW,TWSE_ISIN
2528,2528.TW,皇普,建材營造業,TWSE,上市,1995/03/10,ESVUFR,^TWII,建材營造業,TW,TWSE_ISIN
2530,2530.TW,華建,建材營造業,TWSE,上市,1995/10/12,ESVUFR,^TWII,建材營造業,TW,TWSE_ISIN
2534,2534.TW,宏盛,建材營造業,TWSE,上市,1996/02/12,ESVUFR,^TWII,建材營造業,TW,TWSE_ISIN
2535,2535.TW,達欣工,建材營造業,TWSE,上市,1996/03/11,ESVUFR,^TWII,建材營造業,TW,TWSE_ISIN
2536,2536.TW,宏普,建材營造業,TWSE,上市,1996/03/14,ESVUFR,^TWII,建材營造業,TW,TWSE_ISIN
2537,2537.TW,聯上發,建材營造業,TWSE,上市,1996/09/06,ESVUFR,^TWII,建材營造業,TW,TWSE_ISIN
2538,2538.TW,基泰,建材營造業,TWSE,上市,1996/11/01,ESVUFR,^TWII,建材營造業,TW,TWSE_ISIN
2539,2539.TW,櫻花建,建材營造業,TWSE,上市,1997/07/16,ESVUFR,^TWII,建材營造業,TW,TWSE_ISIN
2540,2540.TW,愛山林,建材營造業,TWSE,上市,1989/12/26,ESVUFR,^TWII,建材營造業,TW,TWSE_ISIN
2542,2542.TW,興富發,建材營造業,TWSE,上市,1999/05/03,ESVUFR,^TWII,建材營造業,TW,TWSE_ISIN
2543,2543.TW,皇昌,建材營造業,TWSE,上市,1999/10/15,ESVUFR,^TWII,建材營造業,TW,TWSE_ISIN
2545,2545.TW,皇翔,建材營造業,TWSE,上市,2000/09/11,ESVUFR,^TWII,建材營造業,TW,TWSE_ISIN
2546,2546.TW,根基,建材營造業,TWSE,上市,2000/09/11,ESVUFR,^TWII,建材營造業,TW,TWSE_ISIN
2547,2547.TW,日勝生,建材營造業,TWSE,上市,2000/12/22,ESVUFR,^TWII,建材營造業,TW,TWSE_ISIN
2548,2548.TW,華固,建材營造業,TWSE,上市,2002/08/26,ESVUFR,^TWII,建材營造業,TW,TWSE_ISIN
2597,2597.TW,潤弘,建材營造業,TWSE,上市,2010/03/26,ESVUFR,^TWII,建材營造業,TW,TWSE_ISIN
2601,2601.TW,益航,航運業,TWSE,上市,1965/11/04,ESVUFR,^TWII,航運業,TW,TWSE_ISIN
2603,2603.TW,長榮,航運業,TWSE,上市,1987/09/21,ESVUFR,^TWII,航運業,TW,TWSE_ISIN
2605,2605.TW,新興,航運業,TWSE,上市,1989/12/08,ESVUFR,^TWII,航運業,TW,TWSE_ISIN
2606,2606.TW,裕民,航運業,TWSE,上市,1990/12/08,ESVUFR,^TWII,航運業,TW,TWSE_ISIN
2607,2607.TW,榮運,航運業,TWSE,上市,1990/12/14,ESVUFR,^TWII,航運業,TW,TWSE_ISIN
2608,2608.TW,嘉里大榮,航運業,TWSE,上市,1990/12/20,ESVUFR,^TWII,航運業,TW,TWSE_ISIN
2609,2609.TW,陽明,航運業,TWSE,上市,1992/04/20,ESVUFR,^TWII,航運業,TW,TWSE_ISIN
2610,2610.TW,華航,航運業,TWSE,上市,1993/02/26,ESVUFR,^TWII,航運業,TW,TWSE_ISIN
2611,2611.TW,志信,航運業,TWSE,上市,1993/10/28,ESVUFR,^TWII,航運業,TW,TWSE_ISIN
2612,2612.TW,中航,航運業,TWSE,上市,1994/10/20,ESVUFR,^TWII,航運業,TW,TWSE_ISIN
2613,2613.TW,中櫃,航運業,TWSE,上市,1995/01/20,ESVUFR,^TWII,航運業,TW,TWSE_ISIN
2614,2614.TW,東森,其他業,TWSE,上市,1995/09/23,ESVUFR,^TWII,其他業,TW,TWSE_ISIN
2615,2615.TW,萬海,航運業,TWSE,上市,1996/05/16,ESVUFR,^TWII,航運業,TW,TWSE_ISIN
2616,2616.TW,山隆,油電燃氣業,TWSE,上市,1997/11/08,ESVUFR,^TWII,油電燃氣業,TW,TWSE_ISIN
2617,2617.TW,台航,航運業,TWSE,上市,1998/06/24,ESVUFR,^TWII,航運業,TW,TWSE_ISIN
2618,2618.TW,長榮航,航運業,TWSE,上市,2001/09/17,ESVUFR,^TWII,航運業,TW,TWSE_ISIN
2630,2630.TW,亞航,航運業,TWSE,上市,2018/02/22,ESVUFR,^TWII,航運業,TW,TWSE_ISIN
2633,2633.TW,台灣高鐵,航運業,TWSE,上市,2016/10/27,ESVUFR,^TWII,航運業,TW,TWSE_ISIN
2634,2634.TW,漢翔,航運業,TWSE,上市,2014/08/25,ESVUFR,^TWII,航運業,TW,TWSE_ISIN
2636,2636.TW,台驊控股,航運業,TWSE,上市,2016/12/22,ESVUFR,^TWII,航運業,TW,TWSE_ISIN
2637,2637.TW,慧洋-KY,航運業,TWSE,上市,2010/12/01,ESVUFR,^TWII,航運業,TW,TWSE_ISIN
2642,2642.TW,宅配通,航運業,TWSE,上市,2013/12/12,ESVUFR,^TWII,航運業,TW,TWSE_ISIN
2645,2645.TW,長榮航太,航運業,TWSE,上市,2023/03/14,ESVUFR,^TWII,航運業,TW,TWSE_ISIN
2646,2646.TW,星宇航空,航運業,TWSE,上市,2024/10/25,ESVUFR,^TWII,航運業,TW,TWSE_ISIN
2701,2701.TW,萬企,觀光餐旅,TWSE,上市,1965/03/22,ESVUFR,^TWII,觀光餐旅,TW,TWSE_ISIN
2702,2702.TW,華園,觀光餐旅,TWSE,上市,1965/02/14,ESVUFR,^TWII,觀光餐旅,TW,TWSE_ISIN
2704,2704.TW,國賓,觀光餐旅,TWSE,上市,1982/11/10,ESVUFR,^TWII,觀光餐旅,TW,TWSE_ISIN
2705,2705.TW,六福,觀光餐旅,TWSE,上市,1988/12/24,ESVUFR,^TWII,觀光餐旅,TW,TWSE_ISIN
2706,2706.TW,第一店,觀光餐旅,TWSE,上市,1991/06/25,ESVUFR,^TWII,觀光餐旅,TW,TWSE_ISIN
2707,2707.TW,晶華,觀光餐旅,TWSE,上市,1998/03/09,ESVUFR,^TWII,觀光餐旅,TW,TWSE_ISIN
2712,2712.TW,遠雄來,觀光餐旅,TWSE,上市,2013/12/03,ESVUFR,^TWII,觀光餐旅,TW,TWSE_ISIN
2722,2722.TW,夏都,觀光餐旅,TWSE,上市,2012/03/14,ESVUFR,^TWII,觀光餐旅,TW,TWSE_ISIN
2723,2723.TW,美食-KY,觀光餐旅,TWSE,上市,2010/11/22,ESVUFR,^TWII,觀光餐旅,TW,TWSE_ISIN
2727,2727.TW,王品,觀光餐旅,TWSE,上市,2012/03/06,ESVUFR,^TWII,觀光餐旅,TW,TWSE_ISIN
2731,2731.TW,雄獅,觀光餐旅,TWSE,上市,2013/09/24,ESVUFR,^TWII,觀光餐旅,TW,TWSE_ISIN
2739,2739.TW,寒舍,觀光餐旅,TWSE,上市,2016/05/19,ESVUFR,^TWII,觀光餐旅,TW,TWSE_ISIN
2748,2748.TW,雲品,觀光餐旅,TWSE,上市,2016/11/23,ESVUFR,^TWII,觀光餐旅,TW,TWSE_ISIN
2753,2753.TW,八方雲集,觀光餐旅,TWSE,上市,2021/09/09,ESVUFR,^TWII,觀光餐旅,TW,TWSE_ISIN
2762,2762.TW,世界健身-KY,運動休閒,TWSE,上市,2024/01/24,ESVUFR,^TWII,運動休閒,TW,TWSE_ISIN
2801,2801.TW,彰銀,金融保險業,TWSE,上市,1962/02/15,ESVUFR,^TWII,金融保險業,TW,TWSE_ISIN
2812,2812.TW,台中銀,金融保險業,TWSE,上市,1984/05/15,ESVUFR,^TWII,金融保險業,TW,TWSE_ISIN
2816,2816.TW,旺旺保,金融保險業,TWSE,上市,1992/05/05,ESVUFR,^TWII,金融保險業,TW,TWSE_ISIN
2820,2820.TW,華票,金融保險業,TWSE,上市,1994/10/26,ESVUFR,^TWII,金融保險業,TW,TWSE_ISIN
2832,2832.TW,台產,金融保險業,TWSE,上市,1997/09/30,ESVUFR,^TWII,金融保險業,TW,TWSE_ISIN
2834,2834.TW,臺企銀,金融保險業,TWSE,上市,1998/01/03,ESVUFR,^TWII,金融保險業,TW,TWSE_ISIN
2836,2836.TW,高雄銀,金融保險業,TWSE,上市,1998/05/18,ESVUFR,^TWII,金融保險業,TW,TWSE_ISIN
2838,2838.TW,聯邦銀,金融保險業,TWSE,上市,1998/06/29,ESVUFR,^TWII,金融保險業,TW,TWSE_ISIN
2845,2845.TW,遠東銀,金融保險業,TWSE,上市,1998/11/27,ESVUFR,^TWII,金融保險業,TW,TWSE_ISIN
2849,2849.TW,安泰銀,金融保險業,TWSE,上市,1999/09/27,ESVUFR,^TWII,金融保險業,TW,TWSE_ISIN
2850,2850.TW,新產,金融保險業,TWSE,上市,2000/05/22,ESVUFR,^TWII,金融保險業,TW,TWSE_ISIN
2851,2851.TW,中再保,金融保險業,TWSE,上市,2000/07/06,ESVUFR,^TWII,金融保險業,TW,TWSE_ISIN
2852,2852.TW,第一保,金融保險業,TWSE,上市,2000/11/28,ESVUFR,^TWII,金融保險業,TW,TWSE_ISIN
2855,2855.TW,統一證,金融保險業,TWSE,上市,2002/09/16,ESVUFR,^TWII,金融保險業,TW,TWSE_ISIN
2880,2880.TW,華南金,金融保險業,TWSE,上市,2001/12/19,ESVUFR,^TWII,金融保險業,TW,TWSE_ISIN
2881,2881.TW,富邦金,金融保險業,TWSE,上市,2001/12/19,ESVUFR,^TWII,金融保險業,TW,TWSE_ISIN
2882,2882.TW,國泰金,金融保險業,TWSE,上市,2001/12/31,ESVUFR,^TWII,金融保險業,TW,TWSE_ISIN
2883,2883.TW,凱基金,金融保險業,TWSE,上市,2001/12/28,ESVUFR,^TWII,金融保險業,TW,TWSE_ISIN
2884,2884.TW,玉山金,金融保險業,TWSE,上市,2002/01/28,ESVUFR,^TWII,金融保險業,TW,TWSE_ISIN
2885,2885.TW,元大金,金融保險業,TWSE,上市,2002/02/04,ESVUFR,^TWII,金融保險業,TW,TWSE_ISIN
2886,2886.TW,兆豐金,金融保險業,TWSE,上市,2002/02/04,ESVUFR,^TWII,金融保險業,TW,TWSE_ISIN
2887,2887.TW,台新新光金,金融保險業,TWSE,上市,2002/02/18,ESVUFR,^TWII,金融保險業,TW,TWSE_ISIN
2889,2889.TW,國票金,金融保險業,TWSE,上市,2002/03/26,ESVUFR,^TWII,金融保險業,TW,TWSE_ISIN
2890,2890.TW,永豐金,金融保險業,TWSE,上市,2002/05/09,ESVUFR,^TWII,金融保險業,TW,TWSE_ISIN
2891,2891.TW,中信金,金融保險業,TWSE,上市,2002/05/17,ESVUFR,^TWII,金融保險業,TW,TWSE_ISIN
2892,2892.TW,第一金,金融保險業,TWSE,上市,2003/01/02,ESVUFR,^TWII,金融保險業,TW,TWSE_ISIN
2897,2897.TW,王道銀行,金融保險業,TWSE,上市,2017/05/05,ESVUFR,^TWII,金融保險業,TW,TWSE_ISIN
2901,2901.TW,欣欣,貿易百貨業,TWSE,上市,1976/05/07,ESVUFR,^TWII,貿易百貨業,TW,TWSE_ISIN
2903,2903.TW,遠百,貿易百貨業,TWSE,上市,1978/10/11,ESVUFR,^TWII,貿易百貨業,TW,TWSE_ISIN
2904,2904.TW,匯僑,其他業,TWSE,上市,1983/01/05,ESVUFR,^TWII,其他業,TW,TWSE_ISIN
2905,2905.TW,三商,貿易百貨業,TWSE,上市,1988/09/19,ESVUFR,^TWII,貿易百貨業,TW,TWSE_ISIN
2906,2906.TW,高林,貿易百貨業,TWSE,上市,1989/12/26,ESVUFR,^TWII,貿易百貨業,TW,TWSE_ISIN
2908,2908.TW,特力,貿易百貨業,TWSE,上市,1993/02/18,ESVUFR,^TWII,貿易百貨業,TW,TWSE_ISIN
2910,2910.TW,統領,貿易百貨業,TWSE,上市,1996/12/30,ESVUFR,^TWII,貿易百貨業,TW,TWSE_ISIN
2911,2911.TW,麗嬰房,貿易百貨業,TWSE,上市,1997/01/18,ESVUFR,^TWII,貿易百貨業,TW,TWSE_ISIN
2912,2912.TW,統一超,貿易百貨業,TWSE,上市,1997/08/22,ESVUFR,^TWII,貿易百貨業,TW,TWSE_ISIN
2913,2913.TW,農林,貿易百貨業,TWSE,上市,1962/02/09,ESVUFR,^TWII,貿易百貨業,TW,TWSE_ISIN
2915,2915.TW,潤泰全,貿易百貨業,TWSE,上市,1977/07/20,ESVUFR,^TWII,貿易百貨業,TW,TWSE_ISIN
2923,2923.TW,鼎固-KY,建材營造業,TWSE,上市,2012/12/07,ESVUFR,^TWII,建材營造業,TW,TWSE_ISIN
2929,2929.TW,淘帝-KY,貿易百貨業,TWSE,上市,2013/12/30,ESVUFR,^TWII,貿易百貨業,TW,TWSE_ISIN
2939,2939.TW,永邑-KY,貿易百貨業,TWSE,上市,2018/01/11,ESVUFR,^TWII,貿易百貨業,TW,TWSE_ISIN
2945,2945.TW,三商家購,貿易百貨業,TWSE,上市,2021/11/30,ESVUFR,^TWII,貿易百貨業,TW,TWSE_ISIN
3002,3002.TW,歐格,電腦及週邊設備業,TWSE,上市,2002/01/23,ESVUFR,^TWII,電腦及週邊設備業,TW,TWSE_ISIN
3003,3003.TW,健和興,電子零組件業,TWSE,上市,2002/02/19,ESVUFR,^TWII,電子零組件業,TW,TWSE_ISIN
3004,3004.TW,豐達科,鋼鐵工業,TWSE,上市,2002/02/25,ESVUFR,^TWII,鋼鐵工業,TW,TWSE_ISIN
3005,3005.TW,神基,電腦及週邊設備業,TWSE,上市,2002/02/25,ESVUFR,^TWII,電腦及週邊設備業,TW,TWSE_ISIN
3006,3006.TW,晶豪科,半導體業,TWSE,上市,2002/03/04,ESVUFR,^TWII,半導體業,TW,TWSE_ISIN
3008,3008.TW,大立光,光電業,TWSE,上市,2002/03/11,ESVUFR,^TWII,光電業,TW,TWSE_ISIN
3010,3010.TW,華立,電子通路業,TWSE,上市,2002/07/22,ESVUFR,^TWII,電子通路業,TW,TWSE_ISIN
3011,3011.TW,今皓,電子零組件業,TWSE,上市,2002/07/22,ESVUFR,^TWII,電子零組件業,TW,TWSE_ISIN
3013,3013.TW,晟銘電,電腦及週邊設備業,TWSE,上市,2002/09/16,ESVUFR,^TWII,電腦及週邊設備業,TW,TWSE_ISIN
3014,3014.TW,聯陽,半導體業,TWSE,上市,2002/10/29,ESVUFR,^TWII,半導體業,TW,TWSE_ISIN
3015,3015.TW,全漢,電子零組件業,TWSE,上市,2002/10/16,ESVUFR,^TWII,電子零組件業,TW,TWSE_ISIN
3016,3016.TW,嘉晶,半導體業,TWSE,上市,2002/12/24,ESVUFR,^TWII,半導體業,TW,TWSE_ISIN
3017,3017.TW,奇鋐,電腦及週邊設備業,TWSE,上市,2002/09/27,ESVUFR,^TWII,電腦及週邊設備業,TW,TWSE_ISIN
3018,3018.TW,隆銘綠能,其他電子業,TWSE,上市,2002/08/26,ESVUFR,^TWII,其他電子業,TW,TWSE_ISIN
3019,3019.TW,亞光,光電業,TWSE,上市,2002/08/26,ESVUFR,^TWII,光電業,TW,TWSE_ISIN
3021,3021.TW,鴻名,電子零組件業,TWSE,上市,2002/08/26,ESVUFR,^TWII,電子零組件業,TW,TWSE_ISIN
3022,3022.TW,威強電,電腦及週邊設備業,TWSE,上市,2002/08/26,ESVUFR,^TWII,電腦及週邊設備業,TW,TWSE_ISIN
3023,3023.TW,信邦,電子零組件業,TWSE,上市,2002/08/26,ESVUFR,^TWII,電子零組件業,TW,TWSE_ISIN
3024,3024.TW,憶聲,光電業,TWSE,上市,2002/08/26,ESVUFR,^TWII,光電業,TW,TWSE_ISIN
3025,3025.TW,星通,通信網路業,TWSE,上市,2002/08/26,ESVUFR,^TWII,通信網路業,TW,TWSE_ISIN
3026,3026.TW,禾伸堂,電子零組件業,TWSE,上市,2002/08/26,ESVUFR,^TWII,電子零組件業,TW,TWSE_ISIN
3027,3027.TW,盛達,通信網路業,TWSE,上市,2002/08/26,ESVUFR,^TWII,通信網路業,TW,TWSE_ISIN
3028,3028.TW,增你強,電子通路業,TWSE,上市,2002/08/26,ESVUFR,^TWII,電子通路業,TW,TWSE_ISIN
3029,3029.TW,零壹,資訊服務業,TWSE,上市,2002/08/26,ESVUFR,^TWII,資訊服務業,TW,TWSE_ISIN
3030,3030.TW,德律,其他電子業,TWSE,上市,2002/10/29,ESVUFR,^TWII,其他電子業,TW,TWSE_ISIN
3031,3031.TW,佰鴻,光電業,TWSE,上市,2002/08/26,ESVUFR,^TWII,光電業,TW,TWSE_ISIN
3032,3032.TW,偉訓,電子零組件業,TWSE,上市,2002/08/26,ESVUFR,^TWII,電子零組件業,TW,TWSE_ISIN
3033,3033.TW,威健,電子通路業,TWSE,上市,2002/08/26,ESVUFR,^TWII,電子通路業,TW,TWSE_ISIN
3034,3034.TW,聯詠,半導體業,TWSE,上市,2002/08/26,ESVUFR,^TWII,半導體業,TW,TWSE_ISIN
3035,3035.TW,智原,半導體業,TWSE,上市,2002/08/26,ESVUFR,^TWII,半導體業,TW,TWSE_ISIN
3036,3036.TW,文曄,電子通路業,TWSE,上市,2002/08/26,ESVUFR,^TWII,電子通路業,TW,TWSE_ISIN
3037,3037.TW,欣興,電子零組件業,TWSE,上市,2002/08/26,ESVUFR,^TWII,電子零組件業,TW,TWSE_ISIN
3038,3038.TW,全台,光電業,TWSE,上市,2002/08/26,ESVUFR,^TWII,光電業,TW,TWSE_ISIN
3040,3040.TW,遠見,其他業,TWSE,上市,2002/08/26,ESVUFR,^TWII,其他業,TW,TWSE_ISIN
3041,3041.TW,揚智,半導體業,TWSE,上市,2002/08/26,ESVUFR,^TWII,半導體業,TW,TWSE_ISIN
3042,3042.TW,晶技,電子零組件業,TWSE,上市,2002/08/26,ESVUFR,^TWII,電子零組件業,TW,TWSE_ISIN
3043,3043.TW,科風,其他電子業,TWSE,上市,2002/08/26,ESVUFR,^TWII,其他電子業,TW,TWSE_ISIN
3044,3044.TW,健鼎,電子零組件業,TWSE,上市,2002/08/26,ESVUFR,^TWII,電子零組件業,TW,TWSE_ISIN
3045,3045.TW,台灣大,通信網路業,TWSE,上市,2002/08/26,ESVUFR,^TWII,通信網路業,TW,TWSE_ISIN
3046,3046.TW,建碁,電腦及週邊設備業,TWSE,上市,2002/08/26,ESVUFR,^TWII,電腦及週邊設備業,TW,TWSE_ISIN
3047,3047.TW,訊舟,通信網路業,TWSE,上市,2002/08/26,ESVUFR,^TWII,通信網路業,TW,TWSE_ISIN
3048,3048.TW,益登,電子通路業,TWSE,上市,2002/10/01,ESVUFR,^TWII,電子通路業,TW,TWSE_ISIN
3049,3049.TW,精金,光電業,TWSE,上市,2002/09/27,ESVUFR,^TWII,光電業,TW,TWSE_ISIN
3050,3050.TW,鈺德,光電業,TWSE,上市,2002/10/29,ESVUFR,^TWII,光電業,TW,TWSE_ISIN
3051,3051.TW,力特,光電業,TWSE,上市,2002/10/28,ESVUFR,^TWII,光電業,TW,TWSE_ISIN
3052,3052.TW,夆典,建材營造業,TWSE,上市,1995/11/25,ESVUFR,^TWII,建材營造業,TW,TWSE_ISIN
3054,3054.TW,立萬利,電子通路業,TWSE,上市,2026/09/01,ESVUFR,^TWII,電子通路業,TW,TWSE_ISIN
3055,3055.TW,蔚華科,電子通路業,TWSE,上市,2002/12/12,ESVUFR,^TWII,電子通路業,TW,TWSE_ISIN
3056,3056.TW,富華新,建材營造業,TWSE,上市,2003/03/03,ESVUFR,^TWII,建材營造業,TW,TWSE_ISIN
3057,3057.TW,喬鼎,電腦及週邊設備業,TWSE,上市,2002/12/18,ESVUFR,^TWII,電腦及週邊設備業,TW,TWSE_ISIN
3058,3058.TW,立德,電子零組件業,TWSE,上市,2002/12/09,ESVUFR,^TWII,電子零組件業,TW,TWSE_ISIN
3059,3059.TW,華晶科,光電業,TWSE,上市,2002/12/24,ESVUFR,^TWII,光電業,TW,TWSE_ISIN
3060,3060.TW,銘異,電腦及週邊設備業,TWSE,上市,2003/04/21,ESVUFR,^TWII,電腦及週邊設備業,TW,TWSE_ISIN
3062,3062.TW,建漢,通信網路業,TWSE,上市,2003/07/28,ESVUFR,^TWII,通信網路業,TW,TWSE_ISIN
3090,3090.TW,日電貿,電子零組件業,TWSE,上市,2007/12/31,ESVUFR,^TWII,電子零組件業,TW,TWSE_ISIN
3092,3092.TW,鴻碩,電子零組件業,TWSE,上市,2021/05/13,ESVUFR,^TWII,電子零組件業,TW,TWSE_ISIN
3094,3094.TW,聯傑,半導體業,TWSE,上市,2007/08/06,ESVUFR,^TWII,半導體業,TW,TWSE_ISIN
3130,3130.TW,一零四,數位雲端,TWSE,上市,2006/02/17,ESVUFR,^TWII,數位雲端,TW,TWSE_ISIN
3135,3135.TW,凌航,半導體業,TWSE,上市,2025/08/06,ESVUFR,^TWII,半導體業,TW,TWSE_ISIN
3138,3138.TW,耀登,通信網路業,TWSE,上市,2020/12/11,ESVUFR,^TWII,通信網路業,TW,TWSE_ISIN
3149,3149.TW,正達,光電業,TWSE,上市,2011/11/23,ESVUFR,^TWII,光電業,TW,TWSE_ISIN
3150,3150.TW,鈺寶-創,半導體業,TWSE,上市臺灣創新板,2024/06/27,ESVUFR,^TWII,半導體業,TW,TWSE_ISIN
3164,3164.TW,景岳,生技醫療業,TWSE,上市,2010/03/22,ESVUFR,^TWII,生技醫療業,TW,TWSE_ISIN
3167,3167.TW,大量,電機機械,TWSE,上市,2013/10/21,ESVUFR,^TWII,電機機械,TW,TWSE_ISIN
3168,3168.TW,眾福科,光電業,TWSE,上市,2024/03/26,ESVUFR,^TWII,光電業,TW,TWSE_ISIN
3189,3189.TW,景碩,半導體業,TWSE,上市,2004/11/01,ESVUFR,^TWII,半導體業,TW,TWSE_ISIN
3209,3209.TW,全科,電子通路業,TWSE,上市,2008/11/26,ESVUFR,^TWII,電子通路業,TW,TWSE_ISIN
3229,3229.TW,晟鈦,電子零組件業,TWSE,上市,2009/12/31,ESVUFR,^TWII,電子零組件業,TW,TWSE_ISIN
3231,3231.TW,緯創,電腦及週邊設備業,TWSE,上市,2003/08/19,ESVUFR,^TWII,電腦及週邊設備業,TW,TWSE_ISIN
3257,3257.TW,虹冠電,半導體業,TWSE,上市,2011/03/21,ESVUFR,^TWII,半導體業,TW,TWSE_ISIN
3266,3266.TW,昇陽,建材營造業,TWSE,上市,2014/12/24,ESVUFR,^TWII,建材營造業,TW,TWSE_ISIN
3296,3296.TW,勝德,電子零組件業,TWSE,上市,2007/12/31,ESVUFR,^TWII,電子零組件業,TW,TWSE_ISIN
3305,3305.TW,昇貿,其他電子業,TWSE,上市,2008/07/10,ESVUFR,^TWII,其他電子業,TW,TWSE_ISIN
3308,3308.TW,聯德,電子零組件業,TWSE,上市,2008/03/12,ESVUFR,^TWII,電子零組件業,TW,TWSE_ISIN
3311,3311.TW,閎暉,通信網路業,TWSE,上市,2004/03/08,ESVUFR,^TWII,通信網路業,TW,TWSE_ISIN
3312,3312.TW,弘憶股,電子通路業,TWSE,上市,2010/12/29,ESVUFR,^TWII,電子通路業,TW,TWSE_ISIN
3321,3321.TW,同泰,電子零組件業,TWSE,上市,2015/12/15,ESVUFR,^TWII,電子零組件業,TW,TWSE_ISIN
3338,3338.TW,泰碩,電子零組件業,TWSE,上市,2013/12/13,ESVUFR,^TWII,電子零組件業,TW,TWSE_ISIN
3346,3346.TW,麗清,汽車工業,TWSE,上市,2016/12/19,ESVUFR,^TWII,汽車工業,TW,TWSE_ISIN
3356,3356.TW,奇偶,光電業,TWSE,上市,2005/03/28,ESVUFR,^TWII,光電業,TW,TWSE_ISIN
3376,3376.TW,新日興,電子零組件業,TWSE,上市,2007/12/31,ESVUFR,^TWII,電子零組件業,TW,TWSE_ISIN
3380,3380.TW,明泰,通信網路業,TWSE,上市,2004/12/20,ESVUFR,^TWII,通信網路業,TW,TWSE_ISIN
3406,3406.TW,玉晶光,光電業,TWSE,上市,2005/12/20,ESVUFR,^TWII,光電業,TW,TWSE_ISIN
3413,3413.TW,京鼎,半導體業,TWSE,上市,2015/07/28,ESVUFR,^TWII,半導體業,TW,TWSE_ISIN
3416,3416.TW,融程電,電腦及週邊設備業,TWSE,上市,2015/01/23,ESVUFR,^TWII,電腦及週邊設備業,TW,TWSE_ISIN
3419,3419.TW,譁裕,通信網路業,TWSE,上市,2008/01/21,ESVUFR,^TWII,通信網路業,TW,TWSE_ISIN
3432,3432.TW,台端,電子零組件業,TWSE,上市,2010/12/30,ESVUFR,^TWII,電子零組件業,TW,TWSE_ISIN
3437,3437.TW,榮創,光電業,TWSE,上市,2014/07/09,ESVUFR,^TWII,光電業,TW,TWSE_ISIN
3443,3443.TW,創意,半導體業,TWSE,上市,2006/11/03,ESVUFR,^TWII,半導體業,TW,TWSE_ISIN
3447,3447.TW,展達,通信網路業,TWSE,上市,2022/12/15,ESVUFR,^TWII,通信網路業,TW,TWSE_ISIN
3450,3450.TW,聯鈞,半導體業,TWSE,上市,2006/04/12,ESVUFR,^TWII,半導體業,TW,TWSE_ISIN
3481,3481.TW,群創,光電業,TWSE,上市,2006/10/24,ESVUFR,^TWII,光電業,TW,TWSE_ISIN
3494,3494.TW,誠研,電腦及週邊設備業,TWSE,上市,2007/12/13,ESVUFR,^TWII,電腦及週邊設備業,TW,TWSE_ISIN
3501,3501.TW,維熹,電子零組件業,TWSE,上市,2007/09/20,ESVUFR,^TWII,電子零組件業,TW,TWSE_ISIN
3504,3504.TW,揚明光,光電業,TWSE,上市,2007/01/26,ESVUFR,^TWII,光電業,TW,TWSE_ISIN
3515,3515.TW,華擎,電腦及週邊設備業,TWSE,上市,2007/11/08,ESVUFR,^TWII,電腦及週邊設備業,TW,TWSE_ISIN
3518,3518.TW,柏騰,其他電子業,TWSE,上市,2007/11/28,ESVUFR,^TWII,其他電子業,TW,TWSE_ISIN
3528,3528.TW,安馳,電子通路業,TWSE,上市,2016/05/18,ESVUFR,^TWII,電子通路業,TW,TWSE_ISIN
3530,3530.TW,晶相光,半導體業,TWSE,上市,2018/07/16,ESVUFR,^TWII,半導體業,TW,TWSE_ISIN
3532,3532.TW,台勝科,半導體業,TWSE,上市,2007/12/10,ESVUFR,^TWII,半導體業,TW,TWSE_ISIN
3533,3533.TW,嘉澤,電子零組件業,TWSE,上市,2007/12/10,ESVUFR,^TWII,電子零組件業,TW,TWSE_ISIN
3535,3535.TW,晶彩科,光電業,TWSE,上市,2008/01/31,ESVUFR,^TWII,光電業,TW,TWSE_ISIN
3543,3543.TW,州巧,光電業,TWSE,上市,2020/04/15,ESVUFR,^TWII,光電業,TW,TWSE_ISIN
3545,3545.TW,敦泰,半導體業,TWSE,上市,2007/07/03,ESVUFR,^TWII,半導體業,TW,TWSE_ISIN
3550,3550.TW,聯穎,電子零組件業,TWSE,上市,2010/11/10,ESVUFR,^TWII,電子零組件業,TW,TWSE_ISIN
3557,3557.TW,嘉威,居家生活,TWSE,上市,2008/02/27,ESVUFR,^TWII,居家生活,TW,TWSE_ISIN
3563,3563.TW,牧德,光電業,TWSE,上市,2019/04/02,ESVUFR,^TWII,光電業,TW,TWSE_ISIN
3576,3576.TW,聯合再生,光電業,TWSE,上市,2009/01/12,ESVUFR,^TWII,光電業,TW,TWSE_ISIN
3583,3583.TW,辛耘,半導體業,TWSE,上市,2013/03/12,ESVUFR,^TWII,半導體業,TW,TWSE_ISIN
3588,3588.TW,通嘉,半導體業,TWSE,上市,2009/08/14,ESVUFR,^TWII,半導體業,TW,TWSE_ISIN
3591,3591.TW,艾笛森,光電業,TWSE,上市,2010/11/12,ESVUFR,^TWII,光電業,TW,TWSE_ISIN
3592,3592.TW,瑞鼎,半導體業,TWSE,上市,2022/01/07,ESVUFR,^TWII,半導體業,TW,TWSE_ISIN
3593,3593.TW,力銘,電子零組件業,TWSE,上市,2009/03/16,ESVUFR,^TWII,電子零組件業,TW,TWSE_ISIN
3596,3596.TW,智易,通信網路業,TWSE,上市,2009/03/11,ESVUFR,^TWII,通信網路業,TW,TWSE_ISIN
3605,3605.TW,宏致,電子零組件業,TWSE,上市,2009/03/26,ESVUFR,^TWII,電子零組件業,TW,TWSE_ISIN
3607,3607.TW,谷崧,電子零組件業,TWSE,上市,2009/10/28,ESVUFR,^TWII,電子零組件業,TW,TWSE_ISIN
3617,3617.TW,碩天,其他電子業,TWSE,上市,2009/12/23,ESVUFR,^TWII,其他電子業,TW,TWSE_ISIN
3622,3622.TW,洋華,光電業,TWSE,上市,2009/03/25,ESVUFR,^TWII,光電業,TW,TWSE_ISIN
3645,3645.TW,達邁,電子零組件業,TWSE,上市,2011/10/05,ESVUFR,^TWII,電子零組件業,TW,TWSE_ISIN
3652,3652.TW,精聯,電腦及週邊設備業,TWSE,上市,2022/09/21,ESVUFR,^TWII,電腦及週邊設備業,TW,TWSE_ISIN
3653,3653.TW,健策,電子零組件業,TWSE,上市,2009/11/18,ESVUFR,^TWII,電子零組件業,TW,TWSE_ISIN
3661,3661.TW,世芯-KY,半導體業,TWSE,上市,2014/10/28,ESVUFR,^TWII,半導體業,TW,TWSE_ISIN
3665,3665.TW,貿聯-KY,其他電子業,TWSE,上市,2011/04/21,ESVUFR,^TWII,其他電子業,TW,TWSE_ISIN
3669,3669.TW,圓展,通信網路業,TWSE,上市,2011/08/25,ESVUFR,^TWII,通信網路業,TW,TWSE_ISIN
3673,3673.TW,TPK-KY,光電業,TWSE,上市,2010/10/29,ESVTFR,^TWII,光電業,TW,TWSE_ISIN
3679,3679.TW,新至陞,電子零組件業,TWSE,上市,2011/10/05,ESVUFR,^TWII,電子零組件業,TW,TWSE_ISIN
3686,3686.TW,達能,半導體業,TWSE,上市,2010/07/20,ESVUFR,^TWII,半導體業,TW,TWSE_ISIN
3694,3694.TW,海華,通信網路業,TWSE,上市,2011/05/03,ESVUFR,^TWII,通信網路業,TW,TWSE_ISIN
3701,3701.TW,大眾控,電腦及週邊設備業,TWSE,上市,2004/08/30,ESVUFR,^TWII,電腦及週邊設備業,TW,TWSE_ISIN
3702,3702.TW,大聯大,電子通路業,TWSE,上市,2005/11/09,ESVUFR,^TWII,電子通路業,TW,TWSE_ISIN
3703,3703.TW,欣陸,建材營造業,TWSE,上市,2010/04/08,ESVUFR,^TWII,建材營造業,TW,TWSE_ISIN
3704,3704.TW,合勤控,通信網路業,TWSE,上市,2010/08/16,ESVUFR,^TWII,通信網路業,TW,TWSE_ISIN
3705,3705.TW,永信,生技醫療業,TWSE,上市,2011/01/03,ESVUFR,^TWII,生技醫療業,TW,TWSE_ISIN
3706,3706.TW,神達,電腦及週邊設備業,TWSE,上市,2013/09/12,ESVUFR,^TWII,電腦及週邊設備業,TW,TWSE_ISIN
3708,3708.TW,上緯投控,綠能環保,TWSE,上市,2016/08/31,ESVUFR,^TWII,綠能環保,TW,TWSE_ISIN
3711,3711.TW,日月光投控,半導體業,TWSE,上市,2018/04/30,ESVUFR,^TWII,半導體業,TW,TWSE_ISIN
3712,3712.TW,永崴投控,電腦及週邊設備業,TWSE,上市,2018/10/01,ESVUFR,^TWII,電腦及週邊設備業,TW,TWSE_ISIN
3714,3714.TW,富采,光電業,TWSE,上市,2021/01/06,ESVUFR,^TWII,光電業,TW,TWSE_ISIN
3715,3715.TW,定穎投控,電子零組件業,TWSE,上市,2022/08/25,ESVUFR,^TWII,電子零組件業,TW,TWSE_ISIN
3716,3716.TW,中化控股,生技醫療業,TWSE,上市,2024/09/02,ESVUFR,^TWII,生技醫療業,TW,TWSE_ISIN
3717,3717.TW,聯嘉投控,汽車工業,TWSE,上市,2018/05/09,ESVUFR,^TWII,汽車工業,TW,TWSE_ISIN
4104,4104.TW,佳醫,生技醫療業,TWSE,上市,2007/12/31,ESVUFR,^TWII,生技醫療業,TW,TWSE_ISIN
4106,4106.TW,雃博,生技醫療業,TWSE,上市,2004/11/08,ESVUFR,^TWII,生技醫療業,TW,TWSE_ISIN
4108,4108.TW,懷特,生技醫療業,TWSE,上市,2008/07/16,ESVUFR,^TWII,生技醫療業,TW,TWSE_ISIN
4119,4119.TW,旭富,生技醫療業,TWSE,上市,2004/01/07,ESVUFR,^TWII,生技醫療業,TW,TWSE_ISIN
4133,4133.TW,亞諾法,生技醫療業,TWSE,上市,2009/12/28,ESVUFR,^TWII,生技醫療業,TW,TWSE_ISIN
4137,4137.TW,麗豐-KY,生技醫療業,TWSE,上市,2013/11/27,ESVUFR,^TWII,生技醫療業,TW,TWSE_ISIN
4142,4142.TW,國光生,生技醫療業,TWSE,上市,2012/05/03,ESVUFR,^TWII,生技醫療業,TW,TWSE_ISIN
4148,4148.TW,全宇生技-KY,生技醫療業,TWSE,上市,2017/06/08,ESVUFR,^TWII,生技醫療業,TW,TWSE_ISIN
4155,4155.TW,訊映,生技醫療業,TWSE,上市,2017/12/05,ESVUFR,^TWII,生技醫療業,TW,TWSE_ISIN
4164,4164.TW,承業醫,生技醫療業,TWSE,上市,2012/10/24,ESVUFR,^TWII,生技醫療業,TW,TWSE_ISIN
4169,4169.TW,泰宗,生技醫療業,TWSE,上市,2026/04/08,ESVUFR,^TWII,生技醫療業,TW,TWSE_ISIN
4178,4178.TW,永笙-KY,生技醫療業,TWSE,上市,2026/04/30,ESVUFR,^TWII,生技醫療業,TW,TWSE_ISIN
4190,4190.TW,佐登-KY,生技醫療業,TWSE,上市,2015/10/21,ESVUFR,^TWII,生技醫療業,TW,TWSE_ISIN
4195,4195.TW,基米-創,生技醫療業,TWSE,上市臺灣創新板,2026/05/11,ESVUFR,^TWII,生技醫療業,TW,TWSE_ISIN
4306,4306.TW,炎洲,塑膠工業,TWSE,上市,2008/01/21,ESVUFR,^TWII,塑膠工業,TW,TWSE_ISIN
4414,4414.TW,如興,紡織纖維,TWSE,上市,2004/09/06,ESVUFR,^TWII,紡織纖維,TW,TWSE_ISIN
4426,4426.TW,利勤,紡織纖維,TWSE,上市,2011/12/16,ESVUFR,^TWII,紡織纖維,TW,TWSE_ISIN
4438,4438.TW,廣越,紡織纖維,TWSE,上市,2016/10/18,ESVUFR,^TWII,紡織纖維,TW,TWSE_ISIN
4439,4439.TW,冠星-KY,紡織纖維,TWSE,上市,2019/12/05,ESVUFR,^TWII,紡織纖維,TW,TWSE_ISIN
4440,4440.TW,宜新實業,紡織纖維,TWSE,上市,2021/10/25,ESVUFR,^TWII,紡織纖維,TW,TWSE_ISIN
4441,4441.TW,振大環球,紡織纖維,TWSE,上市,2025/09/09,ESVUFR,^TWII,紡織纖維,TW,TWSE_ISIN
4526,4526.TW,東台,電機機械,TWSE,上市,2003/09/15,ESVUFR,^TWII,電機機械,TW,TWSE_ISIN
4532,4532.TW,瑞智,電機機械,TWSE,上市,2003/08/04,ESVUFR,^TWII,電機機械,TW,TWSE_ISIN
4536,4536.TW,拓凱,運動休閒,TWSE,上市,2013/10/09,ESVUFR,^TWII,運動休閒,TW,TWSE_ISIN
4540,4540.TW,全球傳動,電機機械,TWSE,上市,2018/08/15,ESVUFR,^TWII,電機機械,TW,TWSE_ISIN
4545,4545.TW,銘鈺,電子零組件業,TWSE,上市,2016/01/06,ESVUFR,^TWII,電子零組件業,TW,TWSE_ISIN
4551,4551.TW,智伸科,汽車工業,TWSE,上市,2015/08/10,ESVUFR,^TWII,汽車工業,TW,TWSE_ISIN
4552,4552.TW,力達-KY,電機機械,TWSE,上市,2016/07/20,ESVUFR,^TWII,電機機械,TW,TWSE_ISIN
4555,4555.TW,氣立,電機機械,TWSE,上市,2015/10/27,ESVUFR,^TWII,電機機械,TW,TWSE_ISIN
4557,4557.TW,永新-KY,汽車工業,TWSE,上市,2015/10/12,ESVUFR,^TWII,汽車工業,TW,TWSE_ISIN
4560,4560.TW,強信-KY,電機機械,TWSE,上市,2017/05/26,ESVUFR,^TWII,電機機械,TW,TWSE_ISIN
4562,4562.TW,穎漢,電機機械,TWSE,上市,2017/08/21,ESVUFR,^TWII,電機機械,TW,TWSE_ISIN
4564,4564.TW,元翎,電機機械,TWSE,上市,2019/03/07,ESVUFR,^TWII,電機機械,TW,TWSE_ISIN
4566,4566.TW,時碩工業,電機機械,TWSE,上市,2018/02/05,ESVUFR,^TWII,電機機械,TW,TWSE_ISIN
4569,4569.TW,六方科-KY,汽車工業,TWSE,上市,2023/07/31,ESVUFR,^TWII,汽車工業,TW,TWSE_ISIN
4571,4571.TW,鈞興-KY,電機機械,TWSE,上市,2019/09/17,ESVUFR,^TWII,電機機械,TW,TWSE_ISIN
4572,4572.TW,駐龍,電機機械,TWSE,上市,2019/09/10,ESVUFR,^TWII,電機機械,TW,TWSE_ISIN
4576,4576.TW,大銀微系統,電機機械,TWSE,上市,2019/09/04,ESVUFR,^TWII,電機機械,TW,TWSE_ISIN
4581,4581.TW,光隆精密-KY,汽車工業,TWSE,上市,2020/03/09,ESVUFR,^TWII,汽車工業,TW,TWSE_ISIN
4582,4582.TW,聚恆-創,綠能環保,TWSE,上市臺灣創新板,2026/05/22,ESVUFR,^TWII,綠能環保,TW,TWSE_ISIN
4583,4583.TW,台灣精銳,電機機械,TWSE,上市,2022/05/09,ESVUFR,^TWII,電機機械,TW,TWSE_ISIN
4585,4585.TW,達明,其他電子業,TWSE,上市,2025/09/26,ESVUFR,^TWII,其他電子業,TW,TWSE_ISIN
4588,4588.TW,玖鼎電力,其他電子業,TWSE,上市,2024/01/29,ESVUFR,^TWII,其他電子業,TW,TWSE_ISIN
4590,4590.TW,富田-創,電機機械,TWSE,上市臺灣創新板,2026/01/29,ESVUFR,^TWII,電機機械,TW,TWSE_ISIN
4720,4720.TW,德淵,化學工業,TWSE,上市,2015/06/24,ESVUFR,^TWII,化學工業,TW,TWSE_ISIN
4722,4722.TW,國精化,化學工業,TWSE,上市,2012/08/15,ESVUFR,^TWII,化學工業,TW,TWSE_ISIN
4736,4736.TW,泰博,生技醫療業,TWSE,上市,2023/12/22,ESVUFR,^TWII,生技醫療業,TW,TWSE_ISIN
4737,4737.TW,華廣,生技醫療業,TWSE,上市,2010/12/23,ESVUFR,^TWII,生技醫療業,TW,TWSE_ISIN
4739,4739.TW,康普,化學工業,TWSE,上市,2017/09/08,ESVUFR,^TWII,化學工業,TW,TWSE_ISIN
4746,4746.TW,台耀,生技醫療業,TWSE,上市,2011/03/01,ESVUFR,^TWII,生技醫療業,TW,TWSE_ISIN
4755,4755.TW,三福化,化學工業,TWSE,上市,2013/11/27,ESVUFR,^TWII,化學工業,TW,TWSE_ISIN
4763,4763.TW,材料*-KY,化學工業,TWSE,上市,2015/11/09,ESVUFR,^TWII,化學工業,TW,TWSE_ISIN
4764,4764.TW,雙鍵,化學工業,TWSE,上市,2018/01/04,ESVUFR,^TWII,化學工業,TW,TWSE_ISIN
4766,4766.TW,南寶,化學工業,TWSE,上市,2018/11/28,ESVUFR,^TWII,化學工業,TW,TWSE_ISIN
4770,4770.TW,上品,化學工業,TWSE,上市,2021/12/22,ESVUFR,^TWII,化學工業,TW,TWSE_ISIN
4771,4771.TW,望隼,生技醫療業,TWSE,上市,2024/03/18,ESVUFR,^TWII,生技醫療業,TW,TWSE_ISIN
4807,4807.TW,日成-KY,貿易百貨業,TWSE,上市,2017/06/26,ESVUFR,^TWII,貿易百貨業,TW,TWSE_ISIN
4904,4904.TW,遠傳,通信網路業,TWSE,上市,2005/08/24,ESVUFR,^TWII,通信網路業,TW,TWSE_ISIN
4906,4906.TW,正文,通信網路業,TWSE,上市,2003/06/30,ESVUFR,^TWII,通信網路業,TW,TWSE_ISIN
4912,4912.TW,聯德控股-KY,電子零組件業,TWSE,上市,2015/05/21,ESVUFR,^TWII,電子零組件業,TW,TWSE_ISIN
4915,4915.TW,致伸,電子零組件業,TWSE,上市,2012/10/05,ESVUFR,^TWII,電子零組件業,TW,TWSE_ISIN
4916,4916.TW,事欣科,電腦及週邊設備業,TWSE,上市,2013/11/21,ESVUFR,^TWII,電腦及週邊設備業,TW,TWSE_ISIN
4919,4919.TW,新唐,半導體業,TWSE,上市,2010/09/27,ESVUFR,^TWII,半導體業,TW,TWSE_ISIN
4927,4927.TW,泰鼎-KY,電子零組件業,TWSE,上市,2015/09/08,ESVUFR,^TWII,電子零組件業,TW,TWSE_ISIN
4930,4930.TW,燦星網,電器電纜,TWSE,上市,2010/06/21,ESVUFR,^TWII,電器電纜,TW,TWSE_ISIN
4934,4934.TW,太極,光電業,TWSE,上市,2010/03/10,ESVUFR,^TWII,光電業,TW,TWSE_ISIN
4935,4935.TW,茂林-KY,光電業,TWSE,上市,2011/07/28,ESVUFR,^TWII,光電業,TW,TWSE_ISIN
4938,4938.TW,和碩,電腦及週邊設備業,TWSE,上市,2010/06/24,ESVUFR,^TWII,電腦及週邊設備業,TW,TWSE_ISIN
4942,4942.TW,嘉彰,光電業,TWSE,上市,2011/06/27,ESVUFR,^TWII,光電業,TW,TWSE_ISIN
4943,4943.TW,康控-KY,電子零組件業,TWSE,上市,2016/11/11,ESVUFR,^TWII,電子零組件業,TW,TWSE_ISIN
4949,4949.TW,有成精密,光電業,TWSE,上市,2024/05/09,ESVUFR,^TWII,光電業,TW,TWSE_ISIN
4952,4952.TW,凌通,半導體業,TWSE,上市,2011/11/01,ESVUFR,^TWII,半導體業,TW,TWSE_ISIN
4956,4956.TW,光鋐,光電業,TWSE,上市,2011/10/24,ESVUFR,^TWII,光電業,TW,TWSE_ISIN
4958,4958.TW,臻鼎-KY,電子零組件業,TWSE,上市,2011/12/26,ESVUFR,^TWII,電子零組件業,TW,TWSE_ISIN
4960,4960.TW,誠美材,光電業,TWSE,上市,2011/10/24,ESVUFR,^TWII,光電業,TW,TWSE_ISIN
4961,4961.TW,天鈺,半導體業,TWSE,上市,2018/10/17,ESVUFR,^TWII,半導體業,TW,TWSE_ISIN
4967,4967.TW,十銓,半導體業,TWSE,上市,2019/01/14,ESVUFR,^TWII,半導體業,TW,TWSE_ISIN
4968,4968.TW,立積,半導體業,TWSE,上市,2015/11/13,ESVUFR,^TWII,半導體業,TW,TWSE_ISIN
4976,4976.TW,佳凌,光電業,TWSE,上市,2012/11/20,ESVUFR,^TWII,光電業,TW,TWSE_ISIN
4977,4977.TW,眾達-KY,通信網路業,TWSE,上市,2013/11/20,ESVUFR,^TWII,通信網路業,TW,TWSE_ISIN
4989,4989.TW,榮科,電子零組件業,TWSE,上市,2018/06/28,ESVUFR,^TWII,電子零組件業,TW,TWSE_ISIN
4994,4994.TW,傳奇,資訊服務業,TWSE,上市,2013/12/25,ESVUFR,^TWII,資訊服務業,TW,TWSE_ISIN
4999,4999.TW,鑫禾,電子零組件業,TWSE,上市,2013/06/03,ESVUFR,^TWII,電子零組件業,TW,TWSE_ISIN
5007,5007.TW,三星,鋼鐵工業,TWSE,上市,2011/09/16,ESVUFR,^TWII,鋼鐵工業,TW,TWSE_ISIN
5203,5203.TW,訊連,資訊服務業,TWSE,上市,2004/09/27,ESVUFR,^TWII,資訊服務業,TW,TWSE_ISIN
5215,5215.TW,科嘉-KY,電腦及週邊設備業,TWSE,上市,2011/12/26,ESVUFR,^TWII,電腦及週邊設備業,TW,TWSE_ISIN
5222,5222.TW,全訊,半導體業,TWSE,上市,2021/10/25,ESVUFR,^TWII,半導體業,TW,TWSE_ISIN
5225,5225.TW,東科-KY,其他電子業,TWSE,上市,2012/11/05,ESVUFR,^TWII,其他電子業,TW,TWSE_ISIN
5234,5234.TW,達興材料,光電業,TWSE,上市,2012/07/16,ESVUFR,^TWII,光電業,TW,TWSE_ISIN
5236,5236.TW,凌陽創新,半導體業,TWSE,上市,2026/07/16,ESVUFR,^TWII,半導體業,TW,TWSE_ISIN
5243,5243.TW,乙盛-KY,光電業,TWSE,上市,2013/11/25,ESVUFR,^TWII,光電業,TW,TWSE_ISIN
5244,5244.TW,弘凱,光電業,TWSE,上市,2022/01/19,ESVUFR,^TWII,光電業,TW,TWSE_ISIN
5258,5258.TW,虹堡,電腦及週邊設備業,TWSE,上市,2016/12/30,ESVUFR,^TWII,電腦及週邊設備業,TW,TWSE_ISIN
5269,5269.TW,祥碩,半導體業,TWSE,上市,2012/12/12,ESVUFR,^TWII,半導體業,TW,TWSE_ISIN
5283,5283.TW,禾聯碩,電器電纜,TWSE,上市,2019/05/24,ESVUFR,^TWII,電器電纜,TW,TWSE_ISIN
5284,5284.TW,jpp-KY,其他業,TWSE,上市,2017/03/09,ESVUFR,^TWII,其他業,TW,TWSE_ISIN
5285,5285.TW,界霖,半導體業,TWSE,上市,2014/02/25,ESVUFR,^TWII,半導體業,TW,TWSE_ISIN
5288,5288.TW,豐祥-KY,電機機械,TWSE,上市,2014/09/25,ESVUFR,^TWII,電機機械,TW,TWSE_ISIN
5292,5292.TW,華懋,綠能環保,TWSE,上市,2020/01/07,ESVUFR,^TWII,綠能環保,TW,TWSE_ISIN
5306,5306.TW,桂盟,運動休閒,TWSE,上市,2022/03/08,ESVUFR,^TWII,運動休閒,TW,TWSE_ISIN
5388,5388.TW,中磊,通信網路業,TWSE,上市,2007/12/03,ESVUFR,^TWII,通信網路業,TW,TWSE_ISIN
5434,5434.TW,崇越,電子通路業,TWSE,上市,2003/08/25,ESVUFR,^TWII,電子通路業,TW,TWSE_ISIN
5469,5469.TW,瀚宇博,電子零組件業,TWSE,上市,2003/08/25,ESVUFR,^TWII,電子零組件業,TW,TWSE_ISIN
5471,5471.TW,松翰,半導體業,TWSE,上市,2003/08/25,ESVUFR,^TWII,半導體業,TW,TWSE_ISIN
5484,5484.TW,慧友,光電業,TWSE,上市,2003/08/25,ESVUFR,^TWII,光電業,TW,TWSE_ISIN
5515,5515.TW,建國,建材營造業,TWSE,上市,2003/10/06,ESVUFR,^TWII,建材營造業,TW,TWSE_ISIN
5519,5519.TW,隆大,建材營造業,TWSE,上市,2014/02/10,ESVUFR,^TWII,建材營造業,TW,TWSE_ISIN
5521,5521.TW,工信,建材營造業,TWSE,上市,2012/12/18,ESVUFR,^TWII,建材營造業,TW,TWSE_ISIN
5522,5522.TW,遠雄,建材營造業,TWSE,上市,2007/08/06,ESVUFR,^TWII,建材營造業,TW,TWSE_ISIN
5525,5525.TW,順天,建材營造業,TWSE,上市,2004/11/26,ESVUFR,^TWII,建材營造業,TW,TWSE_ISIN
5531,5531.TW,鄉林,建材營造業,TWSE,上市,2005/01/31,ESVUFR,^TWII,建材營造業,TW,TWSE_ISIN
5533,5533.TW,皇鼎,建材營造業,TWSE,上市,2008/04/30,ESVUFR,^TWII,建材營造業,TW,TWSE_ISIN
5534,5534.TW,長虹,建材營造業,TWSE,上市,2004/05/24,ESVUFR,^TWII,建材營造業,TW,TWSE_ISIN
5538,5538.TW,東明-KY,鋼鐵工業,TWSE,上市,2013/12/16,ESVUFR,^TWII,鋼鐵工業,TW,TWSE_ISIN
5546,5546.TW,永固-KY,建材營造業,TWSE,上市,2020/05/20,ESVUFR,^TWII,建材營造業,TW,TWSE_ISIN
5607,5607.TW,遠雄港,航運業,TWSE,上市,2004/12/02,ESVUFR,^TWII,航運業,TW,TWSE_ISIN
5608,5608.TW,四維航,航運業,TWSE,上市,2003/08/25,ESVUFR,^TWII,航運業,TW,TWSE_ISIN
5706,5706.TW,鳳凰,觀光餐旅,TWSE,上市,2011/10/21,ESVUFR,^TWII,觀光餐旅,TW,TWSE_ISIN
5871,5871.TW,中租-KY,其他業,TWSE,上市,2011/12/13,ESVUFR,^TWII,其他業,TW,TWSE_ISIN
5876,5876.TW,上海商銀,金融保險業,TWSE,上市,2018/10/19,ESVUFR,^TWII,金融保險業,TW,TWSE_ISIN
5880,5880.TW,合庫金,金融保險業,TWSE,上市,2011/12/01,ESVUFR,^TWII,金融保險業,TW,TWSE_ISIN
5906,5906.TW,台南-KY,貿易百貨業,TWSE,上市,2011/10/24,ESVUFR,^TWII,貿易百貨業,TW,TWSE_ISIN
5907,5907.TW,大洋-KY,貿易百貨業,TWSE,上市,2012/06/06,ESVUFR,^TWII,貿易百貨業,TW,TWSE_ISIN
6005,6005.TW,群益證,金融保險業,TWSE,上市,2005/11/21,ESVUFR,^TWII,金融保險業,TW,TWSE_ISIN
6024,6024.TW,群益期,金融保險業,TWSE,上市,2017/10/16,ESVUFR,^TWII,金融保險業,TW,TWSE_ISIN
6108,6108.TW,競國,電子零組件業,TWSE,上市,2008/12/30,ESVUFR,^TWII,電子零組件業,TW,TWSE_ISIN
6112,6112.TW,邁達特,資訊服務業,TWSE,上市,2003/08/04,ESVUFR,^TWII,資訊服務業,TW,TWSE_ISIN
6115,6115.TW,鎰勝,電子零組件業,TWSE,上市,2004/07/19,ESVUFR,^TWII,電子零組件業,TW,TWSE_ISIN
6116,6116.TW,彩晶,光電業,TWSE,上市,2004/09/06,ESVUFR,^TWII,光電業,TW,TWSE_ISIN
6117,6117.TW,迎廣,電腦及週邊設備業,TWSE,上市,2003/08/25,ESVUFR,^TWII,電腦及週邊設備業,TW,TWSE_ISIN
6120,6120.TW,達運,光電業,TWSE,上市,2006/09/13,ESVUFR,^TWII,光電業,TW,TWSE_ISIN
6128,6128.TW,上福,電腦及週邊設備業,TWSE,上市,2003/06/16,ESVUFR,^TWII,電腦及週邊設備業,TW,TWSE_ISIN
6133,6133.TW,金橋,電子零組件業,TWSE,上市,2003/08/15,ESVUFR,^TWII,電子零組件業,TW,TWSE_ISIN
6136,6136.TW,富爾特,通信網路業,TWSE,上市,2003/08/25,ESVUFR,^TWII,通信網路業,TW,TWSE_ISIN
6139,6139.TW,亞翔,其他電子業,TWSE,上市,2003/08/25,ESVUFR,^TWII,其他電子業,TW,TWSE_ISIN
6141,6141.TW,柏承,電子零組件業,TWSE,上市,2003/10/22,ESVUFR,^TWII,電子零組件業,TW,TWSE_ISIN
6142,6142.TW,友勁,通信網路業,TWSE,上市,2003/08/04,ESVUFR,^TWII,通信網路業,TW,TWSE_ISIN
6152,6152.TW,百一,通信網路業,TWSE,上市,2009/12/08,ESVUFR,^TWII,通信網路業,TW,TWSE_ISIN
6153,6153.TW,嘉聯益,電子零組件業,TWSE,上市,2008/01/21,ESVUFR,^TWII,電子零組件業,TW,TWSE_ISIN
6155,6155.TW,鈞寶,電子零組件業,TWSE,上市,2006/08/18,ESVUFR,^TWII,電子零組件業,TW,TWSE_ISIN
6164,6164.TW,華興,光電業,TWSE,上市,2008/10/21,ESVUFR,^TWII,光電業,TW,TWSE_ISIN
6165,6165.TW,浪凡,數位雲端,TWSE,上市,2003/08/04,ESVUFR,^TWII,數位雲端,TW,TWSE_ISIN
6166,6166.TW,凌華,電腦及週邊設備業,TWSE,上市,2004/11/08,ESVUFR,^TWII,電腦及週邊設備業,TW,TWSE_ISIN
6168,6168.TW,宏齊,光電業,TWSE,上市,2003/08/25,ESVUFR,^TWII,光電業,TW,TWSE_ISIN
6176,6176.TW,瑞儀,光電業,TWSE,上市,2007/05/15,ESVUFR,^TWII,光電業,TW,TWSE_ISIN
6177,6177.TW,達麗,建材營造業,TWSE,上市,2013/08/01,ESVUFR,^TWII,建材營造業,TW,TWSE_ISIN
6183,6183.TW,關貿,資訊服務業,TWSE,上市,2011/12/01,ESVUFR,^TWII,資訊服務業,TW,TWSE_ISIN
6184,6184.TW,大豐電,其他業,TWSE,上市,2005/02/15,ESVUFR,^TWII,其他業,TW,TWSE_ISIN
6189,6189.TW,豐藝,電子通路業,TWSE,上市,2004/05/24,ESVUFR,^TWII,電子通路業,TW,TWSE_ISIN
6191,6191.TW,精成科,電子零組件業,TWSE,上市,2007/10/19,ESVUFR,^TWII,電子零組件業,TW,TWSE_ISIN
6192,6192.TW,巨路,其他電子業,TWSE,上市,2004/09/27,ESVUFR,^TWII,其他電子業,TW,TWSE_ISIN
6196,6196.TW,帆宣,其他電子業,TWSE,上市,2004/05/24,ESVUFR,^TWII,其他電子業,TW,TWSE_ISIN
6197,6197.TW,佳必琪,電子零組件業,TWSE,上市,2004/11/08,ESVUFR,^TWII,電子零組件業,TW,TWSE_ISIN
6201,6201.TW,亞弘電,其他電子業,TWSE,上市,2004/09/27,ESVUFR,^TWII,其他電子業,TW,TWSE_ISIN
6202,6202.TW,盛群,半導體業,TWSE,上市,2004/09/27,ESVUFR,^TWII,半導體業,TW,TWSE_ISIN
6205,6205.TW,詮欣,電子零組件業,TWSE,上市,2008/01/21,ESVUFR,^TWII,電子零組件業,TW,TWSE_ISIN
6206,6206.TW,飛捷,電腦及週邊設備業,TWSE,上市,2004/08/03,ESVUFR,^TWII,電腦及週邊設備業,TW,TWSE_ISIN
6209,6209.TW,今國光,光電業,TWSE,上市,2004/11/08,ESVUFR,^TWII,光電業,TW,TWSE_ISIN
6213,6213.TW,聯茂,電子零組件業,TWSE,上市,2008/01/21,ESVUFR,^TWII,電子零組件業,TW,TWSE_ISIN
6214,6214.TW,精誠,資訊服務業,TWSE,上市,2010/12/30,ESVUFR,^TWII,資訊服務業,TW,TWSE_ISIN
6215,6215.TW,和椿,其他電子業,TWSE,上市,2007/12/31,ESVUFR,^TWII,其他電子業,TW,TWSE_ISIN
6216,6216.TW,居易,通信網路業,TWSE,上市,2004/09/27,ESVUFR,^TWII,通信網路業,TW,TWSE_ISIN
6224,6224.TW,聚鼎,電子零組件業,TWSE,上市,2009/09/17,ESVUFR,^TWII,電子零組件業,TW,TWSE_ISIN
6225,6225.TW,天瀚,光電業,TWSE,上市,2004/09/27,ESVUFR,^TWII,光電業,TW,TWSE_ISIN
6226,6226.TW,光鼎,光電業,TWSE,上市,2008/11/10,ESVUFR,^TWII,光電業,TW,TWSE_ISIN
6230,6230.TW,尼得科超眾,電腦及週邊設備業,TWSE,上市,2010/09/16,ESVUFR,^TWII,電腦及週邊設備業,TW,TWSE_ISIN
6235,6235.TW,華孚,電腦及週邊設備業,TWSE,上市,2004/08/23,ESVUFR,^TWII,電腦及週邊設備業,TW,TWSE_ISIN
6239,6239.TW,力成,半導體業,TWSE,上市,2004/11/08,ESVUFR,^TWII,半導體業,TW,TWSE_ISIN
6243,6243.TW,迅杰,半導體業,TWSE,上市,2009/12/17,ESVUFR,^TWII,半導體業,TW,TWSE_ISIN
6257,6257.TW,矽格,半導體業,TWSE,上市,2003/08/25,ESVUFR,^TWII,半導體業,TW,TWSE_ISIN
6269,6269.TW,台郡,電子零組件業,TWSE,上市,2003/09/23,ESVUFR,^TWII,電子零組件業,TW,TWSE_ISIN
6271,6271.TW,同欣電,半導體業,TWSE,上市,2007/11/16,ESVUFR,^TWII,半導體業,TW,TWSE_ISIN
6272,6272.TW,驊陞,電子零組件業,TWSE,上市,2025/12/22,ESVUFR,^TWII,電子零組件業,TW,TWSE_ISIN
6277,6277.TW,宏正,電腦及週邊設備業,TWSE,上市,2003/10/30,ESVUFR,^TWII,電腦及週邊設備業,TW,TWSE_ISIN
6278,6278.TW,台表科,光電業,TWSE,上市,2010/08/24,ESVUFR,^TWII,光電業,TW,TWSE_ISIN
6281,6281.TW,全國電,電子通路業,TWSE,上市,2005/12/08,ESVUFR,^TWII,電子通路業,TW,TWSE_ISIN
6282,6282.TW,康舒,電子零組件業,TWSE,上市,2003/09/08,ESVUFR,^TWII,電子零組件業,TW,TWSE_ISIN
6283,6283.TW,淳安,其他電子業,TWSE,上市,2008/01/21,ESVUFR,^TWII,其他電子業,TW,TWSE_ISIN
6285,6285.TW,啟碁,通信網路業,TWSE,上市,2003/09/22,ESVUFR,^TWII,通信網路業,TW,TWSE_ISIN
6405,6405.TW,悅城,光電業,TWSE,上市,2013/11/28,ESVUFR,^TWII,光電業,TW,TWSE_ISIN
6409,6409.TW,旭隼,其他電子業,TWSE,上市,2014/03/31,ESVUFR,^TWII,其他電子業,TW,TWSE_ISIN
6412,6412.TW,群電,電子零組件業,TWSE,上市,2013/11/08,ESVUFR,^TWII,電子零組件業,TW,TWSE_ISIN
6414,6414.TW,樺漢,電腦及週邊設備業,TWSE,上市,2014/03/28,ESVUFR,^TWII,電腦及週邊設備業,TW,TWSE_ISIN
6415,6415.TW,矽力*-KY,半導體業,TWSE,上市,2013/12/12,ESVUFR,^TWII,半導體業,TW,TWSE_ISIN
6416,6416.TW,瑞祺電通,通信網路業,TWSE,上市,2018/04/16,ESVUFR,^TWII,通信網路業,TW,TWSE_ISIN
6426,6426.TW,統新,通信網路業,TWSE,上市,2021/03/24,ESVUFR,^TWII,通信網路業,TW,TWSE_ISIN
6431,6431.TW,光麗-KY,生技醫療業,TWSE,上市,2014/12/04,ESVUFR,^TWII,生技醫療業,TW,TWSE_ISIN
6438,6438.TW,迅得,其他電子業,TWSE,上市,2021/01/19,ESVUFR,^TWII,其他電子業,TW,TWSE_ISIN
6442,6442.TW,光聖,通信網路業,TWSE,上市,2015/07/14,ESVUFR,^TWII,通信網路業,TW,TWSE_ISIN
6443,6443.TW,元晶,光電業,TWSE,上市,2015/10/01,ESVUFR,^TWII,光電業,TW,TWSE_ISIN
6446,6446.TW,藥華藥,生技醫療業,TWSE,上市,2024/01/25,ESVUFR,^TWII,生技醫療業,TW,TWSE_ISIN
6449,6449.TW,鈺邦,電子零組件業,TWSE,上市,2014/12/09,ESVUFR,^TWII,電子零組件業,TW,TWSE_ISIN
6451,6451.TW,訊芯-KY,半導體業,TWSE,上市,2015/01/26,ESVUFR,^TWII,半導體業,TW,TWSE_ISIN
6456,6456.TW,GIS-KY,光電業,TWSE,上市,2015/06/12,ESVUFR,^TWII,光電業,TW,TWSE_ISIN
6464,6464.TW,台數科,其他業,TWSE,上市,2015/12/16,ESVUFR,^TWII,其他業,TW,TWSE_ISIN
6472,6472.TW,保瑞,生技醫療業,TWSE,上市,2023/12/19,ESVUFR,^TWII,生技醫療業,TW,TWSE_ISIN
6477,6477.TW,安集,光電業,TWSE,上市,2016/06/21,ESVUFR,^TWII,光電業,TW,TWSE_ISIN
6491,6491.TW,晶碩,生技醫療業,TWSE,上市,2019/10/07,ESVUFR,^TWII,生技醫療業,TW,TWSE_ISIN
6504,6504.TW,南六,其他業,TWSE,上市,2013/05/07,ESVUFR,^TWII,其他業,TW,TWSE_ISIN
6505,6505.TW,台塑化,油電燃氣業,TWSE,上市,2003/12/26,ESVUFR,^TWII,油電燃氣業,TW,TWSE_ISIN
6515,6515.TW,穎崴,半導體業,TWSE,上市,2021/01/20,ESVUFR,^TWII,半導體業,TW,TWSE_ISIN
6525,6525.TW,捷敏-KY,半導體業,TWSE,上市,2016/04/12,ESVUFR,^TWII,半導體業,TW,TWSE_ISIN
6526,6526.TW,達發,半導體業,TWSE,上市,2023/10/19,ESVUFR,^TWII,半導體業,TW,TWSE_ISIN
6531,6531.TW,愛普*,半導體業,TWSE,上市,2016/05/31,ESVUFR,^TWII,半導體業,TW,TWSE_ISIN
6533,6533.TW,晶心科,半導體業,TWSE,上市,2017/03/14,ESVUFR,^TWII,半導體業,TW,TWSE_ISIN
6534,6534.TW,正瀚-創,生技醫療業,TWSE,上市臺灣創新板,2023/12/21,ESVUFR,^TWII,生技醫療業,TW,TWSE_ISIN
6541,6541.TW,泰福-KY,生技醫療業,TWSE,上市,2017/10/26,ESVUFR,^TWII,生技醫療業,TW,TWSE_ISIN
6550,6550.TW,北極星藥業-KY,生技醫療業,TWSE,上市,2022/06/06,ESVUFR,^TWII,生技醫療業,TW,TWSE_ISIN
6552,6552.TW,易華電,半導體業,TWSE,上市,2017/01/10,ESVUFR,^TWII,半導體業,TW,TWSE_ISIN
6558,6558.TW,興能高,其他電子業,TWSE,上市,2018/12/05,ESVUFR,^TWII,其他電子業,TW,TWSE_ISIN
6573,6573.TW,虹揚-KY,半導體業,TWSE,上市,2017/09/26,ESVUFR,^TWII,半導體業,TW,TWSE_ISIN
6579,6579.TW,研揚,電腦及週邊設備業,TWSE,上市,2017/08/21,ESVUFR,^TWII,電腦及週邊設備業,TW,TWSE_ISIN
6581,6581.TW,鋼聯,綠能環保,TWSE,上市,2018/01/30,ESVUFR,^TWII,綠能環保,TW,TWSE_ISIN
6582,6582.TW,申豐,橡膠工業,TWSE,上市,2017/06/14,ESVUFR,^TWII,橡膠工業,TW,TWSE_ISIN
6585,6585.TW,鼎基,其他業,TWSE,上市,2022/05/20,ESVUFR,^TWII,其他業,TW,TWSE_ISIN
6589,6589.TW,台康生技,生技醫療業,TWSE,上市,2025/07/21,ESVUFR,^TWII,生技醫療業,TW,TWSE_ISIN
6591,6591.TW,動力-KY,電腦及週邊設備業,TWSE,上市,2017/12/28,ESVUFR,^TWII,電腦及週邊設備業,TW,TWSE_ISIN
6592,6592.TW,和潤企業,其他業,TWSE,上市,2019/12/09,ESVUFR,^TWII,其他業,TW,TWSE_ISIN
6598,6598.TW,ABC-KY,生技醫療業,TWSE,上市,2020/06/09,ESVUFR,^TWII,生技醫療業,TW,TWSE_ISIN
6605,6605.TW,帝寶,汽車工業,TWSE,上市,2004/03/17,ESVUFR,^TWII,汽車工業,TW,TWSE_ISIN
6606,6606.TW,建德工業,電機機械,TWSE,上市,2023/03/24,ESVUFR,^TWII,電機機械,TW,TWSE_ISIN
6614,6614.TW,資拓宏宇,數位雲端,TWSE,上市,2025/11/25,ESVUFR,^TWII,數位雲端,TW,TWSE_ISIN
6625,6625.TW,必應,其他業,TWSE,上市,2018/02/07,ESVUFR,^TWII,其他業,TW,TWSE_ISIN
6641,6641.TW,基士德-KY,綠能環保,TWSE,上市,2018/09/21,ESVUFR,^TWII,綠能環保,TW,TWSE_ISIN
6645,6645.TW,金萬林-創,生技醫療業,TWSE,上市臺灣創新板,2023/12/21,ESVUFR,^TWII,生技醫療業,TW,TWSE_ISIN
6655,6655.TW,科定,其他業,TWSE,上市,2018/11/28,ESVUFR,^TWII,其他業,TW,TWSE_ISIN
6657,6657.TW,華安,生技醫療業,TWSE,上市,2023/06/12,ESVUFR,^TWII,生技醫療業,TW,TWSE_ISIN
6658,6658.TW,聯策,其他電子業,TWSE,上市,2023/11/02,ESVUFR,^TWII,其他電子業,TW,TWSE_ISIN
6666,6666.TW,羅麗芬-KY,生技醫療業,TWSE,上市,2018/11/19,ESVUFR,^TWII,生技醫療業,TW,TWSE_ISIN
6668,6668.TW,中揚光,光電業,TWSE,上市,2018/12/12,ESVUFR,^TWII,光電業,TW,TWSE_ISIN
6669,6669.TW,緯穎,電腦及週邊設備業,TWSE,上市,2019/03/27,ESVUFR,^TWII,電腦及週邊設備業,TW,TWSE_ISIN
6670,6670.TW,復盛應用,運動休閒,TWSE,上市,2018/12/18,ESVUFR,^TWII,運動休閒,TW,TWSE_ISIN
6671,6671.TW,三能-KY,居家生活,TWSE,上市,2018/12/11,ESVUFR,^TWII,居家生活,TW,TWSE_ISIN
6672,6672.TW,騰輝電子-KY,電子零組件業,TWSE,上市,2019/04/17,ESVUFR,^TWII,電子零組件業,TW,TWSE_ISIN
6674,6674.TW,鋐寶科技,通信網路業,TWSE,上市,2018/11/28,ESVUFR,^TWII,通信網路業,TW,TWSE_ISIN
6689,6689.TW,伊雲谷,數位雲端,TWSE,上市,2022/09/13,ESVUFR,^TWII,數位雲端,TW,TWSE_ISIN
6691,6691.TW,洋基工程,其他電子業,TWSE,上市,2022/01/03,ESVUFR,^TWII,其他電子業,TW,TWSE_ISIN
6695,6695.TW,芯鼎,半導體業,TWSE,上市,2022/11/04,ESVUFR,^TWII,半導體業,TW,TWSE_ISIN
6698,6698.TW,旭暉應材,其他電子業,TWSE,上市,2019/11/25,ESVUFR,^TWII,其他電子業,TW,TWSE_ISIN
6706,6706.TW,惠特,光電業,TWSE,上市,2019/12/19,ESVUFR,^TWII,光電業,TW,TWSE_ISIN
6715,6715.TW,嘉基,電子零組件業,TWSE,上市,2019/12/12,ESVUFR,^TWII,電子零組件業,TW,TWSE_ISIN
6719,6719.TW,力智,半導體業,TWSE,上市,2022/01/13,ESVUFR,^TWII,半導體業,TW,TWSE_ISIN
6722,6722.TW,輝創,其他電子業,TWSE,上市,2026/01/16,ESVUFR,^TWII,其他電子業,TW,TWSE_ISIN
6742,6742.TW,澤米,光電業,TWSE,上市,2023/12/05,ESVUFR,^TWII,光電業,TW,TWSE_ISIN
6743,6743.TW,安普新,其他電子業,TWSE,上市,2020/12/14,ESVUFR,^TWII,其他電子業,TW,TWSE_ISIN
6753,6753.TW,龍德造船,航運業,TWSE,上市,2023/03/10,ESVUFR,^TWII,航運業,TW,TWSE_ISIN
6754,6754.TW,匯僑設計,居家生活,TWSE,上市,2020/08/25,ESVUFR,^TWII,居家生活,TW,TWSE_ISIN
6756,6756.TW,威鋒電子,半導體業,TWSE,上市,2020/12/24,ESVUFR,^TWII,半導體業,TW,TWSE_ISIN
6757,6757.TW,台灣虎航,航運業,TWSE,上市,2024/11/29,ESVUFR,^TWII,航運業,TW,TWSE_ISIN
6768,6768.TW,志強-KY,運動休閒,TWSE,上市,2021/04/22,ESVUFR,^TWII,運動休閒,TW,TWSE_ISIN
6770,6770.TW,力積電,半導體業,TWSE,上市,2021/12/06,ESVUFR,^TWII,半導體業,TW,TWSE_ISIN
6771,6771.TW,平和環保-創,綠能環保,TWSE,上市臺灣創新板,2024/05/17,ESVUFR,^TWII,綠能環保,TW,TWSE_ISIN
6776,6776.TW,展碁國際,電子通路業,TWSE,上市,2021/03/31,ESVUFR,^TWII,電子通路業,TW,TWSE_ISIN
6781,6781.TW,AES-KY,電子零組件業,TWSE,上市,2021/03/22,ESVUFR,^TWII,電子零組件業,TW,TWSE_ISIN
6782,6782.TW,視陽,生技醫療業,TWSE,上市,2022/11/28,ESVUFR,^TWII,生技醫療業,TW,TWSE_ISIN
6789,6789.TW,采鈺,半導體業,TWSE,上市,2022/06/30,ESVUFR,^TWII,半導體業,TW,TWSE_ISIN
6790,6790.TW,永豐實,造紙工業,TWSE,上市,2021/09/29,ESVUFR,^TWII,造紙工業,TW,TWSE_ISIN
6792,6792.TW,詠業,通信網路業,TWSE,上市,2021/12/08,ESVUFR,^TWII,通信網路業,TW,TWSE_ISIN
6794,6794.TW,向榮生技,生技醫療業,TWSE,上市,2025/10/16,ESVUFR,^TWII,生技醫療業,TW,TWSE_ISIN
6796,6796.TW,晉弘,生技醫療業,TWSE,上市,2022/06/01,ESVUFR,^TWII,生技醫療業,TW,TWSE_ISIN
6799,6799.TW,來頡,半導體業,TWSE,上市,2022/05/12,ESVUFR,^TWII,半導體業,TW,TWSE_ISIN
6805,6805.TW,富世達,電子零組件業,TWSE,上市,2023/11/09,ESVUFR,^TWII,電子零組件業,TW,TWSE_ISIN
6807,6807.TW,峰源-KY,居家生活,TWSE,上市,2022/04/25,ESVUFR,^TWII,居家生活,TW,TWSE_ISIN
6830,6830.TW,汎銓,其他電子業,TWSE,上市,2022/08/31,ESVUFR,^TWII,其他電子業,TW,TWSE_ISIN
6831,6831.TW,邁科,電腦及週邊設備業,TWSE,上市,2025/11/25,ESVUFR,^TWII,電腦及週邊設備業,TW,TWSE_ISIN
6834,6834.TW,天二科技,電子零組件業,TWSE,上市,2022/09/01,ESVUFR,^TWII,電子零組件業,TW,TWSE_ISIN
6835,6835.TW,圓裕,電子零組件業,TWSE,上市,2022/11/10,ESVUFR,^TWII,電子零組件業,TW,TWSE_ISIN
6838,6838.TW,台新藥,生技醫療業,TWSE,上市,2024/08/13,ESVUFR,^TWII,生技醫療業,TW,TWSE_ISIN
6854,6854.TW,錼創科技-KY創,半導體業,TWSE,上市臺灣創新板,2022/08/18,ESVUFR,^TWII,半導體業,TW,TWSE_ISIN
6861,6861.TW,睿生光電,生技醫療業,TWSE,上市,2023/03/27,ESVUFR,^TWII,生技醫療業,TW,TWSE_ISIN
6862,6862.TW,三集瑞-KY,電子零組件業,TWSE,上市,2024/10/23,ESVUFR,^TWII,電子零組件業,TW,TWSE_ISIN
6863,6863.TW,永道-KY,通信網路業,TWSE,上市,2023/03/21,ESVUFR,^TWII,通信網路業,TW,TWSE_ISIN
6869,6869.TW,雲豹能源,綠能環保,TWSE,上市,2024/06/19,ESVUFR,^TWII,綠能環保,TW,TWSE_ISIN
6873,6873.TW,泓德能源,綠能環保,TWSE,上市,2024/09/26,ESVUFR,^TWII,綠能環保,TW,TWSE_ISIN
6885,6885.TW,全福生技,生技醫療業,TWSE,上市,2024/12/16,ESVUFR,^TWII,生技醫療業,TW,TWSE_ISIN
6887,6887.TW,寶綠特-KY,綠能環保,TWSE,上市,2025/03/10,ESVUFR,^TWII,綠能環保,TW,TWSE_ISIN
6890,6890.TW,來億-KY,運動休閒,TWSE,上市,2024/06/12,ESVUFR,^TWII,運動休閒,TW,TWSE_ISIN
6901,6901.TW,鑽石投資,其他業,TWSE,上市,2023/09/19,ESVUFR,^TWII,其他業,TW,TWSE_ISIN
6902,6902.TW,GOGOLOOK,數位雲端,TWSE,上市,2025/05/16,ESVUFR,^TWII,數位雲端,TW,TWSE_ISIN
6906,6906.TW,現觀科,數位雲端,TWSE,上市,2024/01/15,ESVUFR,^TWII,數位雲端,TW,TWSE_ISIN
6908,6908.TW,宏碁遊戲-創,電子通路業,TWSE,上市臺灣創新板,2026/03/25,ESVUFR,^TWII,電子通路業,TW,TWSE_ISIN
6909,6909.TW,創控,半導體業,TWSE,上市,2025/05/21,ESVUFR,^TWII,半導體業,TW,TWSE_ISIN
6914,6914.TW,阜爾運通,其他業,TWSE,上市,2024/05/03,ESVUFR,^TWII,其他業,TW,TWSE_ISIN
6916,6916.TW,華凌,光電業,TWSE,上市,2023/12/05,ESVUFR,^TWII,光電業,TW,TWSE_ISIN
6918,6918.TW,愛派司,生技醫療業,TWSE,上市,2025/06/10,ESVUFR,^TWII,生技醫療業,TW,TWSE_ISIN
6919,6919.TW,康霈*,生技醫療業,TWSE,上市,2024/10/02,ESVUFR,^TWII,生技醫療業,TW,TWSE_ISIN
6921,6921.TW,嘉雨思-創,半導體業,TWSE,上市臺灣創新板,2025/12/23,ESVUFR,^TWII,半導體業,TW,TWSE_ISIN
6923,6923.TW,中台,綠能環保,TWSE,上市,2024/09/25,ESVUFR,^TWII,綠能環保,TW,TWSE_ISIN
6924,6924.TW,榮惠-KY創,電子零組件業,TWSE,上市臺灣創新板,2024/12/03,ESVUFR,^TWII,電子零組件業,TW,TWSE_ISIN
6928,6928.TW,攸泰科技,電腦及週邊設備業,TWSE,上市,2024/05/16,ESVUFR,^TWII,電腦及週邊設備業,TW,TWSE_ISIN
6931,6931.TW,青松健康,生技醫療業,TWSE,上市,2025/01/15,ESVUFR,^TWII,生技醫療業,TW,TWSE_ISIN
6933,6933.TW,AMAX-KY,電腦及週邊設備業,TWSE,上市,2023/11/08,ESVUFR,^TWII,電腦及週邊設備業,TW,TWSE_ISIN
6934,6934.TW,心誠鎂,生技醫療業,TWSE,上市,2026/02/02,ESVUFR,^TWII,生技醫療業,TW,TWSE_ISIN
6936,6936.TW,永鴻生技,生技醫療業,TWSE,上市,2025/04/28,ESVUFR,^TWII,生技醫療業,TW,TWSE_ISIN
6937,6937.TW,天虹,半導體業,TWSE,上市,2023/12/12,ESVUFR,^TWII,半導體業,TW,TWSE_ISIN
6944,6944.TW,兆聯實業,綠能環保,TWSE,上市,2025/05/28,ESVUFR,^TWII,綠能環保,TW,TWSE_ISIN
6947,6947.TW,台鎔科技,綠能環保,TWSE,上市,2026/07/23,ESVUFR,^TWII,綠能環保,TW,TWSE_ISIN
6949,6949.TW,沛爾生醫*-創,生技醫療業,TWSE,上市臺灣創新板,2024/03/08,ESVUFR,^TWII,生技醫療業,TW,TWSE_ISIN
6951,6951.TW,青新-創,綠能環保,TWSE,上市臺灣創新板,2024/06/18,ESVUFR,^TWII,綠能環保,TW,TWSE_ISIN
6952,6952.TW,大武山,其他業,TWSE,上市,2024/06/13,ESVUFR,^TWII,其他業,TW,TWSE_ISIN
6955,6955.TW,邦睿生技-創,生技醫療業,TWSE,上市臺灣創新板,2024/12/06,ESVUFR,^TWII,生技醫療業,TW,TWSE_ISIN
6957,6957.TW,裕慶-KY,其他業,TWSE,上市,2024/06/25,ESVUFR,^TWII,其他業,TW,TWSE_ISIN
6958,6958.TW,日盛台駿,其他業,TWSE,上市,2024/08/20,ESVUFR,^TWII,其他業,TW,TWSE_ISIN
6962,6962.TW,奕力-KY,半導體業,TWSE,上市,2024/11/26,ESVUFR,^TWII,半導體業,TW,TWSE_ISIN
6965,6965.TW,中傑-KY,運動休閒,TWSE,上市,2025/03/07,ESVUFR,^TWII,運動休閒,TW,TWSE_ISIN
6969,6969.TW,成信實業*-創,綠能環保,TWSE,上市臺灣創新板,2024/09/09,ESVUFR,^TWII,綠能環保,TW,TWSE_ISIN
6988,6988.TW,威力暘-創,汽車工業,TWSE,上市臺灣創新板,2024/10/23,ESVUFR,^TWII,汽車工業,TW,TWSE_ISIN
6994,6994.TW,富威電力,綠能環保,TWSE,上市,2025/01/15,ESVUFR,^TWII,綠能環保,TW,TWSE_ISIN
7610,7610.TW,聯友金屬-創,綠能環保,TWSE,上市臺灣創新板,2025/09/09,ESVUFR,^TWII,綠能環保,TW,TWSE_ISIN
7631,7631.TW,聚賢研發-創,其他電子業,TWSE,上市臺灣創新板,2025/03/13,ESVUFR,^TWII,其他電子業,TW,TWSE_ISIN
7689,7689.TW,大鵬科CLMX,通信網路業,TWSE,上市,2026/07/28,ESVUFR,^TWII,通信網路業,TW,TWSE_ISIN
7705,7705.TW,三商餐飲,觀光餐旅,TWSE,上市,2024/11/26,ESVUFR,^TWII,觀光餐旅,TW,TWSE_ISIN
7711,7711.TW,永擎,電腦及週邊設備業,TWSE,上市,2025/11/19,ESVUFR,^TWII,電腦及週邊設備業,TW,TWSE_ISIN
7721,7721.TW,微程式,數位雲端,TWSE,上市,2025/07/29,ESVUFR,^TWII,數位雲端,TW,TWSE_ISIN
7722,7722.TW,LINEPAY,數位雲端,TWSE,上市,2024/12/05,ESVUFR,^TWII,數位雲端,TW,TWSE_ISIN
7730,7730.TW,暉盛-創,半導體業,TWSE,上市臺灣創新板,2025/11/04,ESVUFR,^TWII,半導體業,TW,TWSE_ISIN
7732,7732.TW,金興精密,汽車工業,TWSE,上市,2025/01/14,ESVUFR,^TWII,汽車工業,TW,TWSE_ISIN
7736,7736.TW,虎山,汽車工業,TWSE,上市,2025/03/18,ESVUFR,^TWII,汽車工業,TW,TWSE_ISIN
7740,7740.TW,熙特爾-創,綠能環保,TWSE,上市臺灣創新板,2025/06/16,ESVUFR,^TWII,綠能環保,TW,TWSE_ISIN
7749,7749.TW,意騰-KY,半導體業,TWSE,上市,2025/06/13,ESVUFR,^TWII,半導體業,TW,TWSE_ISIN
7750,7750.TW,新代,電機機械,TWSE,上市,2025/09/17,ESVUFR,^TWII,電機機械,TW,TWSE_ISIN
7760,7760.TW,享溫馨,觀光餐旅,TWSE,上市,2026/04/28,ESVUFR,^TWII,觀光餐旅,TW,TWSE_ISIN
7765,7765.TW,中華資安,數位雲端,TWSE,上市,2025/09/08,ESVUFR,^TWII,數位雲端,TW,TWSE_ISIN
7768,7768.TW,頌勝科技,半導體業,TWSE,上市,2026/05/07,ESVUFR,^TWII,半導體業,TW,TWSE_ISIN
7769,7769.TW,鴻勁,半導體業,TWSE,上市,2025/11/27,ESVUFR,^TWII,半導體業,TW,TWSE_ISIN
7780,7780.TW,大研生醫*,食品工業,TWSE,上市,2026/01/19,ESVUFR,^TWII,食品工業,TW,TWSE_ISIN
7786,7786.TW,東方風能,綠能環保,TWSE,上市,2025/11/18,ESVUFR,^TWII,綠能環保,TW,TWSE_ISIN
7788,7788.TW,松川精密,電子零組件業,TWSE,上市,2025/10/16,ESVUFR,^TWII,電子零組件業,TW,TWSE_ISIN
7791,7791.TW,皇家可口,食品工業,TWSE,上市,2025/10/28,ESVUFR,^TWII,食品工業,TW,TWSE_ISIN
7795,7795.TW,長廣,電子零組件業,TWSE,上市,2026/01/16,ESVUFR,^TWII,電子零組件業,TW,TWSE_ISIN
7799,7799.TW,禾榮科,生技醫療業,TWSE,上市,2025/09/15,ESVUFR,^TWII,生技醫療業,TW,TWSE_ISIN
7803,7803.TW,雲象科技-創,生技醫療業,TWSE,上市臺灣創新板,2026/05/20,ESVUFR,^TWII,生技醫療業,TW,TWSE_ISIN
7818,7818.TW,溢泰實業,綠能環保,TWSE,上市,2026/05/18,ESVUFR,^TWII,綠能環保,TW,TWSE_ISIN
7821,7821.TW,神數,汽車工業,TWSE,上市,2026/04/20,ESVUFR,^TWII,汽車工業,TW,TWSE_ISIN
7822,7822.TW,倍利科,半導體業,TWSE,上市,2026/03/30,ESVUFR,^TWII,半導體業,TW,TWSE_ISIN
7823,7823.TW,奧義賽博-KY創,數位雲端,TWSE,上市臺灣創新板,2026/02/05,ESVUFR,^TWII,數位雲端,TW,TWSE_ISIN
7827,7827.TW,漢康-KY創,生技醫療業,TWSE,上市臺灣創新板,2026/05/29,ESVUFR,^TWII,生技醫療業,TW,TWSE_ISIN
7835,7835.TW,永悅健康-創,數位雲端,TWSE,上市臺灣創新板,2026/07/24,ESVUFR,^TWII,數位雲端,TW,TWSE_ISIN
7855,7855.TW,和運租車,其他業,TWSE,上市,2026/08/11,ESVUFR,^TWII,其他業,TW,TWSE_ISIN
8011,8011.TW,台通,通信網路業,TWSE,上市,2011/09/19,ESVUFR,^TWII,通信網路業,TW,TWSE_ISIN
8016,8016.TW,矽創,半導體業,TWSE,上市,2003/12/25,ESVUFR,^TWII,半導體業,TW,TWSE_ISIN
8021,8021.TW,尖點,其他電子業,TWSE,上市,2008/01/21,ESVUFR,^TWII,其他電子業,TW,TWSE_ISIN
8028,8028.TW,昇陽半導體,半導體業,TWSE,上市,2018/07/10,ESVUFR,^TWII,半導體業,TW,TWSE_ISIN
8033,8033.TW,雷虎,其他業,TWSE,上市,2007/06/21,ESVUFR,^TWII,其他業,TW,TWSE_ISIN
8039,8039.TW,台虹,電子零組件業,TWSE,上市,2009/12/17,ESVUFR,^TWII,電子零組件業,TW,TWSE_ISIN
8045,8045.TW,達運光電,通信網路業,TWSE,上市,2024/12/11,ESVUFR,^TWII,通信網路業,TW,TWSE_ISIN
8046,8046.TW,南電,電子零組件業,TWSE,上市,2006/04/07,ESVUFR,^TWII,電子零組件業,TW,TWSE_ISIN
8070,8070.TW,長華*,電子通路業,TWSE,上市,2007/12/31,ESVUFR,^TWII,電子通路業,TW,TWSE_ISIN
8072,8072.TW,陞泰,電子通路業,TWSE,上市,2005/08/19,ESVUFR,^TWII,電子通路業,TW,TWSE_ISIN
8081,8081.TW,致新,半導體業,TWSE,上市,2008/12/30,ESVUFR,^TWII,半導體業,TW,TWSE_ISIN
8101,8101.TW,華冠,通信網路業,TWSE,上市,2004/07/01,ESVUFR,^TWII,通信網路業,TW,TWSE_ISIN
8103,8103.TW,瀚荃,電子零組件業,TWSE,上市,2009/09/29,ESVUFR,^TWII,電子零組件業,TW,TWSE_ISIN
8104,8104.TW,錸寶,光電業,TWSE,上市,2019/01/17,ESVUFR,^TWII,光電業,TW,TWSE_ISIN
8105,8105.TW,凌巨,光電業,TWSE,上市,2006/12/27,ESVUFR,^TWII,光電業,TW,TWSE_ISIN
8110,8110.TW,華東,半導體業,TWSE,上市,2007/10/31,ESVUFR,^TWII,半導體業,TW,TWSE_ISIN
8112,8112.TW,至上,電子通路業,TWSE,上市,2007/12/31,ESVUFR,^TWII,電子通路業,TW,TWSE_ISIN
8114,8114.TW,振樺電,電腦及週邊設備業,TWSE,上市,2012/11/26,ESVUFR,^TWII,電腦及週邊設備業,TW,TWSE_ISIN
8131,8131.TW,福懋科,半導體業,TWSE,上市,2007/11/29,ESVUFR,^TWII,半導體業,TW,TWSE_ISIN
8150,8150.TW,南茂,半導體業,TWSE,上市,2014/04/11,ESVUFR,^TWII,半導體業,TW,TWSE_ISIN
8162,8162.TW,微矽電子-創,半導體業,TWSE,上市臺灣創新板,2024/03/07,ESVUFR,^TWII,半導體業,TW,TWSE_ISIN
8163,8163.TW,達方,電腦及週邊設備業,TWSE,上市,2007/11/28,ESVUFR,^TWII,電腦及週邊設備業,TW,TWSE_ISIN
8201,8201.TW,無敵,其他電子業,TWSE,上市,2007/10/29,ESVUFR,^TWII,其他電子業,TW,TWSE_ISIN
8210,8210.TW,勤誠,電腦及週邊設備業,TWSE,上市,2011/12/01,ESVUFR,^TWII,電腦及週邊設備業,TW,TWSE_ISIN
8213,8213.TW,志超,電子零組件業,TWSE,上市,2009/12/25,ESVUFR,^TWII,電子零組件業,TW,TWSE_ISIN
8215,8215.TW,明基材,光電業,TWSE,上市,2010/11/12,ESVUFR,^TWII,光電業,TW,TWSE_ISIN
8222,8222.TW,寶一,電機機械,TWSE,上市,2015/01/27,ESVUFR,^TWII,電機機械,TW,TWSE_ISIN
8249,8249.TW,菱光,電子零組件業,TWSE,上市,2005/05/17,ESVUFR,^TWII,電子零組件業,TW,TWSE_ISIN
8261,8261.TW,富鼎,半導體業,TWSE,上市,2009/12/11,ESVUFR,^TWII,半導體業,TW,TWSE_ISIN
8271,8271.TW,宇瞻,半導體業,TWSE,上市,2010/12/29,ESVUFR,^TWII,半導體業,TW,TWSE_ISIN
8341,8341.TW,日友,綠能環保,TWSE,上市,2015/03/23,ESVUFR,^TWII,綠能環保,TW,TWSE_ISIN
8367,8367.TW,建新國際,航運業,TWSE,上市,2018/09/12,ESVUFR,^TWII,航運業,TW,TWSE_ISIN
8374,8374.TW,羅昇,電機機械,TWSE,上市,2008/12/25,ESVUFR,^TWII,電機機械,TW,TWSE_ISIN
8404,8404.TW,百和興業-KY,其他業,TWSE,上市,2011/05/18,ESVUFR,^TWII,其他業,TW,TWSE_ISIN
8411,8411.TW,福貞-KY,其他業,TWSE,上市,2011/11/01,ESVUFR,^TWII,其他業,TW,TWSE_ISIN
8422,8422.TW,可寧衛*,綠能環保,TWSE,上市,2011/10/05,ESVUFR,^TWII,綠能環保,TW,TWSE_ISIN
8429,8429.TW,金麗-KY,貿易百貨業,TWSE,上市,2012/12/20,ESVUFR,^TWII,貿易百貨業,TW,TWSE_ISIN
8438,8438.TW,昶昕,綠能環保,TWSE,上市,2022/03/11,ESVUFR,^TWII,綠能環保,TW,TWSE_ISIN
8442,8442.TW,威宏-KY,其他業,TWSE,上市,2016/11/08,ESVUFR,^TWII,其他業,TW,TWSE_ISIN
8443,8443.TW,阿瘦,貿易百貨業,TWSE,上市,2014/09/15,ESVUFR,^TWII,貿易百貨業,TW,TWSE_ISIN
8454,8454.TW,富邦媒,數位雲端,TWSE,上市,2014/12/19,ESVUFR,^TWII,數位雲端,TW,TWSE_ISIN
8462,8462.TW,柏文,運動休閒,TWSE,上市,2019/03/15,ESVUFR,^TWII,運動休閒,TW,TWSE_ISIN
8463,8463.TW,潤泰材,其他業,TWSE,上市,2015/07/13,ESVUFR,^TWII,其他業,TW,TWSE_ISIN
8464,8464.TW,億豐,居家生活,TWSE,上市,2015/12/22,ESVUFR,^TWII,居家生活,TW,TWSE_ISIN
8466,8466.TW,美吉吉-KY,其他業,TWSE,上市,2016/11/01,ESVUFR,^TWII,其他業,TW,TWSE_ISIN
8467,8467.TW,波力-KY,運動休閒,TWSE,上市,2015/12/15,ESVUFR,^TWII,運動休閒,TW,TWSE_ISIN
8473,8473.TW,山林水,綠能環保,TWSE,上市,2016/09/08,ESVUFR,^TWII,綠能環保,TW,TWSE_ISIN
8476,8476.TW,台境*,綠能環保,TWSE,上市,2023/10/31,ESVUFR,^TWII,綠能環保,TW,TWSE_ISIN
8478,8478.TW,東哥遊艇,運動休閒,TWSE,上市,2017/12/11,ESVUFR,^TWII,運動休閒,TW,TWSE_ISIN
8481,8481.TW,政伸,其他業,TWSE,上市,2017/02/24,ESVUFR,^TWII,其他業,TW,TWSE_ISIN
8482,8482.TW,商億-KY,居家生活,TWSE,上市,2018/08/15,ESVUFR,^TWII,居家生活,TW,TWSE_ISIN
8487,8487.TW,愛爾達-創,數位雲端,TWSE,上市臺灣創新板,2024/03/26,ESVUFR,^TWII,數位雲端,TW,TWSE_ISIN
8488,8488.TW,吉源-KY,其他業,TWSE,上市,2016/12/13,ESVUFR,^TWII,其他業,TW,TWSE_ISIN
8499,8499.TW,鼎炫-KY,其他電子業,TWSE,上市,2017/11/24,ESVUFR,^TWII,其他電子業,TW,TWSE_ISIN
8926,8926.TW,台汽電,油電燃氣業,TWSE,上市,2003/08/25,ESVUFR,^TWII,油電燃氣業,TW,TWSE_ISIN
8940,8940.TW,新天地,觀光餐旅,TWSE,上市,2009/05/15,ESVUFR,^TWII,觀光餐旅,TW,TWSE_ISIN
8996,8996.TW,高力,電機機械,TWSE,上市,2014/02/14,ESVUFR,^TWII,電機機械,TW,TWSE_ISIN
9802,9802.TW,鈺齊-KY,運動休閒,TWSE,上市,2012/10/18,ESVUFR,^TWII,運動休閒,TW,TWSE_ISIN
9902,9902.TW,台火,其他業,TWSE,上市,1964/07/14,ESVUFR,^TWII,其他業,TW,TWSE_ISIN
9904,9904.TW,寶成,運動休閒,TWSE,上市,1990/01/19,ESVUFR,^TWII,運動休閒,TW,TWSE_ISIN
9905,9905.TW,大華,其他業,TWSE,上市,1990/08/08,ESVUFR,^TWII,其他業,TW,TWSE_ISIN
9906,9906.TW,欣巴巴,建材營造業,TWSE,上市,1990/12/15,ESVUFR,^TWII,建材營造業,TW,TWSE_ISIN
9907,9907.TW,統一實,其他業,TWSE,上市,1991/01/29,ESVUFR,^TWII,其他業,TW,TWSE_ISIN
9908,9908.TW,大台北,油電燃氣業,TWSE,上市,1991/02/06,ESVUFR,^TWII,油電燃氣業,TW,TWSE_ISIN
9910,9910.TW,豐泰,運動休閒,TWSE,上市,1992/02/18,ESVUFR,^TWII,運動休閒,TW,TWSE_ISIN
9911,9911.TW,櫻花,居家生活,TWSE,上市,1992/07/16,ESVUFR,^TWII,居家生活,TW,TWSE_ISIN
9912,9912.TW,偉聯,電腦及週邊設備業,TWSE,上市,1992/08/08,ESVUFR,^TWII,電腦及週邊設備業,TW,TWSE_ISIN
9914,9914.TW,美利達,運動休閒,TWSE,上市,1992/09/30,ESVUFR,^TWII,運動休閒,TW,TWSE_ISIN
9917,9917.TW,中保科,其他業,TWSE,上市,1993/12/08,ESVUFR,^TWII,其他業,TW,TWSE_ISIN
9918,9918.TW,欣天然,油電燃氣業,TWSE,上市,1994/04/26,ESVUFR,^TWII,油電燃氣業,TW,TWSE_ISIN
9919,9919.TW,康那香,其他業,TWSE,上市,1994/11/04,ESVUFR,^TWII,其他業,TW,TWSE_ISIN
9921,9921.TW,巨大,運動休閒,TWSE,上市,1994/12/29,ESVUFR,^TWII,運動休閒,TW,TWSE_ISIN
9924,9924.TW,福興,居家生活,TWSE,上市,1995/03/15,ESVUFR,^TWII,居家生活,TW,TWSE_ISIN
9925,9925.TW,新保,其他業,TWSE,上市,1995/12/09,ESVUFR,^TWII,其他業,TW,TWSE_ISIN
9926,9926.TW,新海,油電燃氣業,TWSE,上市,1998/04/08,ESVUFR,^TWII,油電燃氣業,TW,TWSE_ISIN
9927,9927.TW,泰銘,其他業,TWSE,上市,1999/03/12,ESVUFR,^TWII,其他業,TW,TWSE_ISIN
9928,9928.TW,中視,其他業,TWSE,上市,1999/08/09,ESVUFR,^TWII,其他業,TW,TWSE_ISIN
9929,9929.TW,秋雨,其他業,TWSE,上市,1999/06/28,ESVUFR,^TWII,其他業,TW,TWSE_ISIN
9930,9930.TW,中聯資源,綠能環保,TWSE,上市,1999/11/22,ESVUFR,^TWII,綠能環保,TW,TWSE_ISIN
9931,9931.TW,欣高,油電燃氣業,TWSE,上市,2000/03/21,ESVUFR,^TWII,油電燃氣業,TW,TWSE_ISIN
9933,9933.TW,中鼎,其他業,TWSE,上市,1993/05/28,ESVUFR,^TWII,其他業,TW,TWSE_ISIN
9934,9934.TW,成霖,居家生活,TWSE,上市,2000/09/11,ESVUFR,^TWII,居家生活,TW,TWSE_ISIN
9935,9935.TW,慶豐富,居家生活,TWSE,上市,2000/09/11,ESVUFR,^TWII,居家生活,TW,TWSE_ISIN
9937,9937.TW,全國,油電燃氣業,TWSE,上市,2000/09/11,ESVUFR,^TWII,油電燃氣業,TW,TWSE_ISIN
9938,9938.TW,百和,其他業,TWSE,上市,2001/01/12,ESVUFR,^TWII,其他業,TW,TWSE_ISIN
9939,9939.TW,宏全,其他業,TWSE,上市,2001/03/02,ESVUFR,^TWII,其他業,TW,TWSE_ISIN
9940,9940.TW,信義,其他業,TWSE,上市,2001/09/17,ESVUFR,^TWII,其他業,TW,TWSE_ISIN
9941,9941.TW,裕融,其他業,TWSE,上市,2001/09/17,ESVUFR,^TWII,其他業,TW,TWSE_ISIN
9942,9942.TW,茂順,其他業,TWSE,上市,2002/01/28,ESVUFR,^TWII,其他業,TW,TWSE_ISIN
9943,9943.TW,好樂迪,觀光餐旅,TWSE,上市,2002/08/26,ESVUFR,^TWII,觀光餐旅,TW,TWSE_ISIN
9944,9944.TW,新麗,其他業,TWSE,上市,2002/08/26,ESVUFR,^TWII,其他業,TW,TWSE_ISIN
9945,9945.TW,潤泰新,其他業,TWSE,上市,1992/04/30,ESVUFR,^TWII,其他業,TW,TWSE_ISIN
9946,9946.TW,三發地產,建材營造業,TWSE,上市,2013/09/17,ESVUFR,^TWII,建材營造業,TW,TWSE_ISIN
9955,9955.TW,佳龍,綠能環保,TWSE,上市,2008/01/21,ESVUFR,^TWII,綠能環保,TW,TWSE_ISIN
9958,9958.TW,世紀鋼,鋼鐵工業,TWSE,上市,2008/03/12,ESVUFR,^TWII,鋼鐵工業,TW,TWSE_ISIN
