code,ticker,name,industry,exchange,market,listed_date,cfi_code,benchmark,theme,region,source,price,ret_1d,ret_5d,ret_20d,ret_60d,ma5,ma20,ma60,ma20_slope,ma60_slope,bias20,dist_20d_high,dist_52w_high,last_price_date,calendar_staleness_days,volume_ratio20,atr_pct14,er20,vol20,maxdd20,keynes_legacy,keynes_v2,trend,rs_5d_vs_bench,rs_20d_vs_bench,rs_60d_vs_bench,avg_turnover20_twd,acceleration,r_rs20,r_rs60,r_accel,r_slope,r_volume,r_high,r_quality,leader_score_v1,r_turnover,extension_quality,r_extension,taiwan_candidate_score_v1,reaction_state,taiwan_early_score_v2,candidate_eligible,candidate_bucket,candidate_rank
7799,7799.TW,禾榮科,生技醫療業,TWSE,上市,2025/09/15,ESVUFR,^TWII,生技醫療業,TW,TWSE_ISIN,457.0,0.09987966305655838,0.18240620957309184,0.32463768115942027,0.10653753026634383,426.0,384.575,387.18333333333334,0.006477274005708996,0.0011339625214552647,0.18832477410128057,0.0,-0.4686046511627907,2026-09-16,0,3.471553134142568,0.044388871522350735,0.4,0.21223599071243535,-0.08213820078226863,2.4509180345037094,0.6118428454470406,REBOUND,0.21068865819855065,0.2993791110877737,0.10313672684117225,190555500.9,0.10124678928323677,0.9786910197869102,0.8457635717909691,0.9852866565195332,0.9289700659563673,0.9771457592686643,0.09538305428716387,0.9527439024390244,0.8570427459779733,0.8188736681887366,0.05837612949359716,0.0167427701674277,0.865838191523753,CONFIRMING,0.854393702221554,True,CONFIRMED,1
6706,6706.TW,惠特,光電業,TWSE,上市,2019/12/19,ESVUFR,^TWII,光電業,TW,TWSE_ISIN,147.0,0.024390243902439046,0.185483870967742,0.2727272727272727,-0.08125000000000004,140.8,127.0,124.04833335876465,0.005471251849835116,-0.006623963644856022,0.15748031496062986,-0.054662379421221874,-0.3466666666666667,2026-09-16,0,2.693060750155335,0.05903790087463557,0.4228187919463087,0.1844813617036305,-0.051181102362204745,1.8305984664853465,0.6250724459125,STRONG_UP,0.2137663195932008,0.24746870265562615,-0.0743413639510172,595288512.325,0.11730205278592382,0.9690512430238457,0.35058346017250125,0.9873160832064941,0.9127346524606799,0.9598781107160995,0.30948756976154235,0.9542682926829268,0.7741137778335605,0.8883815322171487,0.21259842519685068,0.020801623541349568,0.8652534432256483,CONFIRMING,0.8585782226492417,True,CONFIRMED,2
2254,2254.TW,巨鎧精密-創,汽車工業,TWSE,上市臺灣創新板,2023/10/20,ESVUFR,^TWII,汽車工業,TW,TWSE_ISIN,74.19999694824219,0.015047859057213397,0.1380368162769161,0.2640544460620984,0.25126472011604406,69.9,63.509999656677245,61.17999998728434,0.00553011934109802,0.0001185568854440825,0.16831990787833417,-0.03636367599685475,-0.2081109993074105,2026-09-16,0,3.111406063216592,0.03080477233483308,0.7635466388099797,0.09585539168555907,-0.031404983898824845,2.0367545929005435,2.10335465964113,STRONG_UP,0.16631926490237492,0.23879587599045182,0.2842031341610025,60967534.13961868,0.07202320476139151,0.9685438863521055,0.958904109589041,0.9771689497716894,0.9137493658041603,0.968511934992382,0.6357179096905125,0.9939024390243902,0.9316803009227326,0.715372907153729,0.15840046060832913,0.018772196854388634,0.8626534976410011,PERSISTENT,0.8489544034582783,True,CONFIRMED,3
6957,6957.TW,裕慶-KY,其他業,TWSE,上市,2024/06/25,ESVUFR,^TWII,其他業,TW,TWSE_ISIN,258.5,0.055102040816326525,0.17233560090702937,0.2107728337236534,0.4251364605080943,239.9,224.525,215.7006093343099,0.0029972000386201507,0.00337855110280103,0.15131945217681775,-0.005769230769230749,-0.005769230769230749,2026-09-16,0,3.6612614640712313,0.031085935341254492,0.5487804878048781,0.09575251103697631,-0.05676855895196509,1.500682930684737,1.2079894015752337,STRONG_UP,0.20061804953248819,0.18551426365200685,0.466954657442068,24749179.0,0.11964239247611602,0.954337899543379,0.9852866565195332,0.9883307965499746,0.8488077118214105,0.9801929913661758,0.9898528665651953,0.983739837398374,0.9641507663873632,0.6123795027904617,0.24340273911591126,0.0243531202435312,0.850652604008479,PERSISTENT,0.8314479165278142,True,CONFIRMED,4
2481,2481.TW,強茂,半導體業,TWSE,上市,2001/09/17,ESVUFR,^TWII,半導體業,TW,TWSE_ISIN,168.5,0.09771986970684043,0.10855263157894735,0.2344322344322345,-0.13589743589743586,157.1,150.475,156.5,0.005106497345965156,4.933076128004007e-05,0.11978734008971603,0.0,-0.2752688172043011,2026-09-16,0,1.6371315463754093,0.0712166172106825,0.29906542056074764,0.199356157179968,-0.0573248407643312,1.6110102942362123,0.35168502330319273,REBOUND,0.13683508020440616,0.20917366436058793,-0.10262289916662548,5841444942.375,0.04994457297088872,0.9634703196347032,0.2765093860984272,0.9629629629629629,0.9056316590563166,0.9024885728796344,0.4855403348554033,0.9181910569105691,0.7617990639429979,0.9786910197869102,0.40106329955141984,0.037037037037037035,0.8505232939364394,CONFIRMING,0.8461030649453368,True,CONFIRMED,5
2801,2801.TW,彰銀,金融保險業,TWSE,上市,1962/02/15,ESVUFR,^TWII,金融保險業,TW,TWSE_ISIN,28.899999618530273,0.03214284351893837,0.07635006361025365,0.2092050242596395,0.3370666733026173,28.039999771118165,25.960000133514406,23.95462640126546,0.00781243850922201,0.003828948870411504,0.11325113520397578,0.0,0.0,2026-09-16,0,1.467447640290184,0.027310913416261233,0.6329115757746373,0.07838401350723752,-0.019264422128130843,1.5349258123250031,1.6892255912860834,STRONG_UP,0.10463251223571246,0.18394645418799294,0.3463530767521519,717055360.2357631,0.024048807545343776,0.9538305428716387,0.969558599695586,0.91324200913242,0.9507864028411973,0.8765871000507872,0.9974632166412988,0.9908536585365854,0.9509246948338768,0.9010654490106544,0.4337443239801211,0.043125317097919835,0.8493504970142729,PERSISTENT,0.846381764415988,True,CONFIRMED,6
3311,3311.TW,閎暉,通信網路業,TWSE,上市,2004/03/08,ESVUFR,^TWII,通信網路業,TW,TWSE_ISIN,38.099998474121094,0.03532606695685314,0.17956654408851236,0.21337576232443367,0.008083594841413078,35.349999618530276,32.93000001907349,33.90838047663371,0.0021786076201879127,-0.002716199417585487,0.1569996493183441,-0.007812579162415734,-0.09449333614673872,2026-09-16,0,4.170409186250772,0.0316835436871249,0.6036036871981642,0.12080300167693102,-0.038109756984007204,1.5772015831743613,1.066152290173948,REBOUND,0.20784899271397117,0.1881171922527871,0.010322272440533076,17745488.506055545,0.12622260350740394,0.9563673262303399,0.5946220192795535,0.9898528665651953,0.8132927447995941,0.9832402234636871,0.8746829020801623,0.9806910569105691,0.8716848581236762,0.5667174023338407,0.21500175340827954,0.0213089802130898,0.8449949582338098,CONFIRMING,0.8212491965182017,True,CONFIRMED,7
6870,6870.TWO,騰雲,數位雲端,TPEX,上櫃,2023/09/14,ESVUFR,^TWII,數位雲端,TW,TWSE_ISIN,316.0,-0.03951367781155013,0.09342560553633228,0.20841300191204581,0.29320081216207394,308.5,281.9,266.4657625834147,0.0073621644328296645,0.0014120721460199916,0.12096488116353332,-0.05530642750373693,-0.05530642750373693,2026-09-16,0,3.8176421662038877,0.05910940325497287,0.3504823151125402,0.172155732184025,-0.04975124378109452,1.4800056752113864,0.4242964813486833,STRONG_UP,0.12170805416179109,0.18315443184039926,0.3641152516682138,37024285.975,0.041322355058320825,0.9518011161846778,0.9726027397260274,0.9518011161846778,0.9452054794520548,0.9812087353986796,0.9365804160324708,0.9329268292682927,0.9548331404342264,0.6636225266362252,0.3951755941823334,0.03602232369355657,0.8443206483230039,PERSISTENT,0.8286382226631308,True,CONFIRMED,8
3029,3029.TW,零壹,資訊服務業,TWSE,上市,2002/08/26,ESVUFR,^TWII,資訊服務業,TW,TWSE_ISIN,119.5,0.00843881856540074,0.07657657657657668,0.08636363636363642,0.2034239307899457,116.8,112.725,107.15666669209799,0.001975145294328638,0.0011484367222037047,0.06010201818585048,-0.051587301587301626,-0.051587301587301626,2026-09-16,0,4.056407367448435,0.036461446503287503,0.30158730158730157,0.07564022069110368,-0.03964757709251099,0.6057734999227612,0.3443429409406713,STRONG_UP,0.1048590252020355,0.06110506629198986,0.2227722451670635,336025716.3,0.05498566748566758,0.8736681887366818,0.9386098427194317,0.9675291730086251,0.8026382546930492,0.9827323514474352,0.9406392694063926,0.9146341463414634,0.9153327938681844,0.8564180618975139,0.6994899090707476,0.15930999492643327,0.8368317234693529,PERSISTENT,0.8391590675190489,True,CONFIRMED,9
6416,6416.TW,瑞祺電通,通信網路業,TWSE,上市,2018/04/16,ESVUFR,^TWII,通信網路業,TW,TWSE_ISIN,118.0,0.0,0.11848341232227488,0.21775023882209088,0.47964194310764974,116.2,104.7400001525879,96.50677769978842,0.0063574685342646705,0.003711021871153343,0.12659919637287187,-0.04453441295546556,-0.04453441295546556,2026-09-16,0,1.0052984252934356,0.044007266693484696,0.4537634824959511,0.13177292002308952,-0.06829268292682922,1.5960112958400907,0.7498286193014758,STRONG_UP,0.1467658609477337,0.19249166875044432,0.4990353638445184,120139827.41367874,0.06404585261675216,0.958904109589041,0.9883307965499746,0.9731100963977676,0.9274479959411466,0.7465718638902996,0.9512937595129376,0.9608739837398373,0.9419774614753424,0.7777777777777778,0.36700401813564065,0.032470826991374935,0.8367711003363886,PERSISTENT,0.8269507711114068,True,CONFIRMED,10
4915,4915.TW,致伸,電子零組件業,TWSE,上市,2012/10/05,ESVUFR,^TWII,電子零組件業,TW,TWSE_ISIN,65.5999984741211,0.0,0.06840385739195742,0.09698995503441488,-0.05856732863021541,64.13999862670899,61.164999389648436,63.545921579996744,0.0017878283334642638,-0.0027287055494897607,0.07250877346077833,-0.013533857532013638,-0.22451819346069313,2026-09-16,0,1.9470937787280886,0.021777003990861275,0.5000001644266819,0.048326647241373276,-0.01980193033758304,0.6406859916318279,1.0034835071990371,REBOUND,0.09668630601741623,0.07173138496276832,-0.04325827256135251,205279577.83331567,0.044156368633353704,0.8858447488584474,0.43734145104008115,0.9568746829020801,0.7884322678843226,0.92534281361097,0.5986808726534754,0.9786585365853658,0.7815721289313535,0.8234398782343988,0.6374561326961083,0.1111111111111111,0.8357799409866429,CONFIRMING,0.8359812594952618,True,CONFIRMED,11
1709,1709.TW,和益,化學工業,TWSE,上市,1986/07/03,ESVUFR,^TWII,化學工業,TW,TWSE_ISIN,39.04999923706055,0.09999997850874776,0.09691013794417391,0.23588261393167276,0.8886374819355063,36.41999969482422,34.56241598129272,28.36032600402832,0.009606222990723862,0.009436625036080492,0.12983997583377205,0.0,0.0,2026-09-16,0,1.3102045226355066,0.06072801394966506,0.22053407044929602,0.27169392929649205,-0.08104397360648796,1.2727545566204845,0.19146601152727066,STRONG_UP,0.12519258656963272,0.2106240438600262,0.9286080840056934,523230725.3749571,0.037939484461255724,0.9639776763064434,0.9949264332825977,0.9462201927955353,0.9660071029934043,0.8450990350431691,0.9974632166412988,0.8714430894308943,0.9499139790633373,0.8822932521562659,0.35080012083113976,0.030948756976154235,0.8319593534554375,PERSISTENT,0.8224620000629537,True,CONFIRMED,12
2890,2890.TW,永豐金,金融保險業,TWSE,上市,2002/05/09,ESVUFR,^TWII,金融保險業,TW,TWSE_ISIN,45.29999923706055,0.016835017123324247,0.04861107493133776,0.14974612900221262,0.20166636764457513,44.25,41.80999965667725,39.79936752319336,0.00488592731071299,0.004085520340405289,0.08347284403351884,0.0,0.0,2026-09-16,0,1.578982404263298,0.02633238289104759,0.6082476172872764,0.05551193054178302,-0.01641408424817037,1.0194990041196772,1.6407774918768552,STRONG_UP,0.07689352355679657,0.12448755893056607,0.22069422891200374,1048185698.497455,0.011174542680784605,0.9244038559107052,0.9375951293759512,0.8457635717909691,0.900050735667174,0.8974098527171153,0.9974632166412988,0.9898373983739838,0.923960645961469,0.9218670725520041,0.5826357798324058,0.0821917808219178,0.828347734352901,PERSISTENT,0.8263429020899664,True,CONFIRMED,13
6690,6690.TWO,安碁資訊,數位雲端,TPEX,上櫃,2019/10/30,ESVUFR,^TWII,數位雲端,TW,TWSE_ISIN,181.0,-0.013623978201634857,0.12074303405572762,0.11384615384615393,0.10030395136778125,176.8,166.95,164.64166666666668,0.0015256710029053957,-0.0003404948036389366,0.08415693321353701,-0.09950248756218905,-0.09950248756218905,2026-09-16,0,3.4170917203537354,0.03038674033149171,0.3978494623655914,0.12533946653183964,-0.037234042553191515,0.8462018614765046,0.3613676709608217,STRONG_UP,0.14902548268118643,0.08858758377450737,0.111250710550864,40324067.35,0.09228149559418913,0.900050735667174,0.8564180618975139,0.9837645865043125,0.7727042110603755,0.9751142712036567,0.8635210553018772,0.921239837398374,0.8971189217683714,0.6732623033992897,0.579215333932315,0.0806697108066971,0.8267111957162251,PERSISTENT,0.8142495955009079,True,CONFIRMED,14
2880,2880.TW,華南金,金融保險業,TWSE,上市,2001/12/19,ESVUFR,^TWII,金融保險業,TW,TWSE_ISIN,47.349998474121094,0.009594817347583273,0.06764374528108608,0.21410252497746396,0.334651944245016,46.23999938964844,42.77249946594238,40.16255702972412,0.006111658094796916,0.003728946751257987,0.10701967538332768,-0.00733757407170299,-0.00733757407170299,2026-09-16,0,1.0541299952677787,0.025871186767146795,0.6987443745207689,0.05572494382088312,-0.01771878238584934,1.5474503230221925,2.684667307688359,STRONG_UP,0.09592619390654489,0.1888439549058174,0.3416791928968763,735871753.8124679,0.014118114036720086,0.9573820395738204,0.9675291730086251,0.8655504819888381,0.9228817858954845,0.7679024885728797,0.9873160832064941,0.9974593495934959,0.9302398875203413,0.9025875190258752,0.4649016230833616,0.04819888381532217,0.8263835901103352,PERSISTENT,0.8193311390207558,True,CONFIRMED,15
3094,3094.TW,聯傑,半導體業,TWSE,上市,2007/08/06,ESVUFR,^TWII,半導體業,TW,TWSE_ISIN,44.54999923706055,0.05443785176474658,0.0919117664245861,0.2289654961947738,-0.015469630120208855,42.720000457763675,40.86000003814697,38.70666675567627,0.006673330563220874,0.003555238586150305,0.09030835035410156,-0.12303149791073986,-0.12303149791073986,2026-09-16,0,0.9519760993469959,0.06661857876866806,0.30402928457935835,0.1971173403834624,-0.12258066156859038,1.6735818731538354,0.35315115284142273,STRONG_UP,0.1201942150500449,0.20370692612312724,0.10920055290644726,263359687.69775772,0.034670392375892645,0.9619482496194824,0.8528665651953323,0.9421613394216134,0.9309994926433283,0.7221940071102082,0.8209030948756976,0.9186991869918699,0.8916641545192896,0.8401826484018264,0.5484582482294922,0.0669710806697108,0.8256954126400899,PERSISTENT,0.8149078960891252,True,CONFIRMED,16
3016,3016.TW,嘉晶,半導體業,TWSE,上市,2002/12/24,ESVUFR,^TWII,半導體業,TW,TWSE_ISIN,115.5,0.050000000000000044,0.15500000000000003,0.13400262698695387,-0.15663907869707594,111.5,103.23861656188964,106.92146860758463,0.0014250159423230956,-0.002157891869112966,0.11876741326497608,-0.02941176470588236,-0.242077603404235,2026-09-16,0,2.2327298676867766,0.06165739305976296,0.24757215649299452,0.15755609902314183,-0.060194160929608165,0.8557389345813731,0.2105619493283705,REBOUND,0.18328244862545884,0.10874405691530731,-0.21301651136496635,918999518.959515,0.12149934325326156,0.9137493658041603,0.10603754439370877,0.9888381532217149,0.76103500761035,0.9431183341797867,0.5621511922881786,0.8775406504065041,0.712355091761521,0.9162861491628614,0.4061629336751196,0.03906646372399797,0.8256038295571182,CONFIRMING,0.8200389544163575,True,CONFIRMED,17
2412,2412.TW,中華電,通信網路業,TWSE,上市,2000/10/27,ESVUFR,^TWII,通信網路業,TW,TWSE_ISIN,143.5,0.0,0.028673835125448077,0.05514705882352944,0.03871929941018504,141.9,138.2,137.31195424397785,0.0015450967510386862,3.9614182959866276e-05,0.0383502170767005,-0.00347222222222221,-0.00347222222222221,2026-09-16,0,1.470359405139631,0.010701841712294675,0.7142857142857143,0.021481012750197908,-0.0073260073260073,0.4062057875875547,1.8337476338101477,STRONG_UP,0.05695628375090689,0.02988848875188288,0.061688650017268865,1400386223.15,0.014887070419565718,0.821917808219178,0.7615423642820903,0.8691019786910198,0.7742262810755961,0.8770949720670391,0.9918822932521563,0.991869918699187,0.8516605682242635,0.9355657026889903,0.8082489146164975,0.3206494165398275,0.8240083921591238,PERSISTENT,0.8381630245730279,True,CONFIRMED,18
6213,6213.TW,聯茂,電子零組件業,TWSE,上市,2008/01/21,ESVUFR,^TWII,電子零組件業,TW,TWSE_ISIN,550.0,0.05973025048169567,0.05162523900573612,0.13636363636363646,0.7948872444033019,522.4,529.225,419.8305735270182,0.005207236795935235,0.011877412315298512,0.03925551514006331,-0.08180300500834725,-0.08180300500834725,2026-09-16,0,1.2083149783073257,0.06655844155844155,0.18696883852691218,0.20130037817102275,-0.1269296740994854,0.6776365760754237,0.12665525489750637,STRONG_UP,0.07990768763119493,0.1111050662919899,1.000313306462662,9406761622.675,0.017534329914827007,0.9147640791476408,0.9959411466260781,0.8802638254693049,0.9071537290715372,0.8227526663280853,0.8939624556062912,0.8363821138211383,0.9059439194152268,0.9878234398782344,0.8037224242996834,0.3099949264332826,0.8236764991382842,PERSISTENT,0.821304838720767,True,CONFIRMED,19
2891,2891.TW,中信金,金融保險業,TWSE,上市,2002/05/17,ESVUFR,^TWII,金融保險業,TW,TWSE_ISIN,70.80000305175781,0.01578201078448349,0.06306313324119261,0.09090911228293708,0.050448811451647924,68.6,66.40999965667724,65.82899335225423,0.001275170148977755,0.0002230969938674591,0.06610455379876168,-0.002816858425946256,-0.002816858425946256,2026-09-16,0,1.5197877288369699,0.02189266289041416,0.3121692416869915,0.07169726493095548,-0.0263158335029684,0.6230096870219171,0.39581745093248755,STRONG_UP,0.09134558186665143,0.06565054221129052,0.040752508122976705,2208622795.4903793,0.040335855170458346,0.8772196854388635,0.7057331303906647,0.9497716894977168,0.7493658041603247,0.8852209243270696,0.9928970065956367,0.9283536585365854,0.8585010402244679,0.9518011161846778,0.6694772310061916,0.136986301369863,0.8233049499644787,PERSISTENT,0.8268256262956712,True,CONFIRMED,20
3045,3045.TW,台灣大,通信網路業,TWSE,上市,2002/08/26,ESVUFR,^TWII,通信網路業,TW,TWSE_ISIN,124.5,0.0040322580645162365,0.04184100418410042,0.09691629955947145,0.08749943020861961,122.2,117.8,113.53753051757812,0.004488364545599099,0.0007541772410708038,0.05687606112054322,0.0,0.0,2026-09-16,0,0.967900937479491,0.01491681009753299,0.7857142857142857,0.03183419608630282,-0.008474576271186418,0.7260309650976673,2.3920353093259354,STRONG_UP,0.07012345280955923,0.0716577294878249,0.11864486039940236,1001347333.925,0.017611929294232553,0.8853373921867073,0.8706240487062404,0.8807711821410451,0.8919330289193302,0.7303199593702387,0.9974632166412988,0.9954268292682927,0.8890891385289978,0.9183155758498224,0.7156196943972839,0.17605276509386097,0.8220919939570955,PERSISTENT,0.8293468463286786,True,CONFIRMED,21
6168,6168.TW,宏齊,光電業,TWSE,上市,2003/08/25,ESVUFR,^TWII,光電業,TW,TWSE_ISIN,32.150001525878906,0.09914535131209945,0.08614868620088045,0.3285124178638168,-0.09436615420059424,30.120000457763673,28.55500011444092,26.877500025431313,0.008813502157882068,0.0011548474192242017,0.12589743992401226,0.0,-0.12278307810771871,2026-09-16,0,2.696840766921296,0.04776716482322129,0.5015773834880632,0.15239355331912127,-0.06913994143120883,2.4664542760425348,1.0812425815048947,STRONG_UP,0.11443113482633926,0.30325384779217024,-0.03336542958083666,188714729.996593,0.004020581734926254,0.9802130898021308,0.46473871131405375,0.7701674277016742,0.9578893962455606,0.9603859827323514,0.8214104515474379,0.9811991869918699,0.8256146306203167,0.8183663115169965,0.3705128003799387,0.0334855403348554,0.8209187197913452,CONFIRMING,0.8012572179537242,True,CONFIRMED,22
6112,6112.TW,邁達特,資訊服務業,TWSE,上市,2003/08/04,ESVUFR,^TWII,資訊服務業,TW,TWSE_ISIN,49.70000076293945,0.03219105270905298,0.12189619907174554,0.12698418327847727,0.16993200352796456,47.85999984741211,45.72750015258789,43.63555876413981,0.00036576282760039105,3.605277015851123e-05,0.08687333873699066,-0.06049150606118603,-0.08254884320665523,2026-09-16,0,3.2421665194025437,0.03384593660569733,0.29787259514173736,0.13113116419059673,-0.04841891348070326,0.9279465275601376,0.2884524700790114,STRONG_UP,0.15017864769720435,0.10172561320683071,0.19123226520399328,110785335.67405109,0.09015015325212622,0.9112125824454591,0.9259259259259259,0.9827498731608321,0.6595636732623034,0.9700355510411376,0.8924403855910705,0.9004065040650406,0.9026454231666299,0.7686453576864536,0.5656333063150467,0.0745814307458143,0.8168616189815562,PERSISTENT,0.8001873729011958,True,CONFIRMED,23
2471,2471.TW,資通,資訊服務業,TWSE,上市,2001/09/17,ESVUFR,^TWII,資訊服務業,TW,TWSE_ISIN,51.900001525878906,0.0038684866535403373,0.050607285886222764,0.06352463805909458,0.04192314078093107,50.76000061035156,49.937500190734866,49.37389081319173,0.00033813660574896146,-5.6730829067605394e-05,0.03929915049108024,-0.038888860631872135,-0.038888860631872135,2026-09-16,0,2.2425890977224983,0.018854962316189192,0.5344825204858866,0.034713182386889856,-0.02178214800239786,0.44935533205325884,0.9780955339779371,STRONG_UP,0.07888973451168158,0.03826606798744803,0.07046141234564351,12806791.595087815,0.03472612637144912,0.8356164383561644,0.7803145611364789,0.9426686960933536,0.656519533231862,0.9441340782122905,0.9604261796042618,0.9776422764227642,0.8602395329774578,0.5276509386098427,0.8035042475445988,0.30948756976154235,0.8157155820301858,PERSISTENT,0.8038163665768441,True,CONFIRMED,24
2453,2453.TW,凌群,資訊服務業,TWSE,上市,2001/05/22,ESVUFR,^TWII,資訊服務業,TW,TWSE_ISIN,55.29999923706055,0.03171643304729277,0.06551055127592442,0.07587543959931731,0.01700562965399155,53.79999923706055,52.48499927520752,52.55353927612305,0.0007345935776111594,-0.0009834384581072922,0.05363437173910279,-0.01601426180891452,-0.1132206363493391,2026-09-16,0,3.6148905393726953,0.01795402419574508,0.4020615880858755,0.0700605159082394,-0.03074142470873953,0.5197707658347956,0.4354321310161483,REBOUND,0.09379299990138323,0.05061686952767075,0.058007315335266485,20753118.32811718,0.046541691376095096,0.8564180618975139,0.7549467275494672,0.9599188229325215,0.7016742770167428,0.979177247333672,0.8386605783866058,0.9354674796747967,0.8545796426653318,0.5885337392186707,0.731828141304486,0.19431760527650938,0.8153004139712186,CONFIRMING,0.8032965175338522,True,CONFIRMED,25
3066,3066.TWO,李洲,光電業,TPEX,上櫃,2004/12/02,ESVUFR,^TWII,光電業,TW,TWSE_ISIN,25.75,0.06625260483408235,0.08879494356627093,0.11956521739130443,0.08879494356627093,24.10999984741211,24.477499961853027,23.8866668065389,0.0016009804336136791,0.002446017615936692,0.051986519870497405,-0.0996503616593053,-0.18124008345514286,2026-09-16,0,1.7248650641283638,0.06074896401075979,0.21400780751361861,0.16541088319817215,-0.15636360862038357,0.7957230180125241,0.15469290492903312,STRONG_UP,0.11707739219172975,0.09430664731965788,0.08843173734473608,30358293.281950094,0.058903639218444825,0.9051243023845763,0.8193810248604769,0.9690512430238457,0.7792998477929984,0.909598781107161,0.6945712836123795,0.853150406504065,0.8591769989234769,0.6357179096905125,0.740067400647513,0.20446473871131404,0.8150399847793628,PERSISTENT,0.7958760946530186,True,CONFIRMED,26
2340,2340.TW,台亞,半導體業,TWSE,上市,1995/05/02,ESVUFR,^TWII,半導體業,TW,TWSE_ISIN,33.099998474121094,0.06260028505524673,0.02795023881544423,0.10702337446210697,-0.21190479823521202,31.91999931335449,32.83749980926514,33.0441666285197,0.001602211151147509,-0.0016056518826626722,0.007993868789666125,-0.07282919420879819,-0.2788671596130784,2026-09-16,0,1.1692140046089423,0.04596460576526074,0.22695026730611093,0.12710721250586604,-0.10359713327970432,0.6971879626902389,0.19109052085503203,REBOUND,0.05623268744090304,0.08176480439046041,-0.21337803025571378,107064366.60487413,0.0011943951999174862,0.893455098934551,0.1050228310502283,0.7311009639776763,0.7798072044647387,0.8105637379380396,0.4794520547945205,0.8709349593495935,0.648109281195024,0.7640791476407914,0.9600306560516694,0.8117706747843734,0.8140713717520027,CONFIRMING,0.7926764657367326,True,CONFIRMED,27
6227,6227.TWO,茂綸,電子通路業,TPEX,上櫃,2003/01/14,ESVUFR,^TWII,電子通路業,TW,TWSE_ISIN,133.0,0.0037735849056603765,0.1367521367521367,0.181623861668899,0.15690373361884213,127.2,117.52689933776855,114.96719652811686,0.0004049491395740505,-0.0010117689485077024,0.13165582304492052,-0.01115241635687736,-0.033216822181995176,2026-09-16,0,1.5337793815134275,0.04752953813104189,0.31778819212393167,0.18721455706363133,-0.11199999999999999,1.0004412785105266,0.30829824107485954,STRONG_UP,0.16503458537759552,0.15636529159725243,0.18347980086048543,140260123.65,0.09134617133491196,0.9416539827498731,0.9208523592085236,0.9832572298325722,0.6646372399797057,0.8892839004570848,0.9660071029934043,0.9070121951219512,0.9097665958592737,0.793505834601725,0.3417208847753974,0.0289193302891933,0.8135068818351926,PERSISTENT,0.7925967102620156,True,CONFIRMED,28
6689,6689.TW,伊雲谷,數位雲端,TWSE,上市,2022/09/13,ESVUFR,^TWII,數位雲端,TW,TWSE_ISIN,67.0,-0.03318907576439811,0.09120518460835547,0.10378911297983096,0.041242667759388674,66.2,62.74500007629395,61.345591926574706,0.0009409529656436191,-0.0012993090473432155,0.06781416716124378,-0.10307894595467426,-0.21642076471546,2026-09-16,0,3.2442378941214285,0.038912584024197505,0.24901175996966338,0.1395091669303997,-0.049645390070921946,0.7417296635536526,0.18525456253130457,STRONG_UP,0.11948763323381428,0.0785305429081844,0.0709549734094177,51599045.98204327,0.06525790636339773,0.8919330289193302,0.7828513444951801,0.9736174530695079,0.7184170471841704,0.9705434230573895,0.6230339928970066,0.869410569105691,0.8437366473137204,0.700152207001522,0.6609291641937811,0.1308980213089802,0.8126665423775115,PERSISTENT,0.7973598004116899,True,CONFIRMED,29
9933,9933.TW,中鼎,其他業,TWSE,上市,1993/05/28,ESVUFR,^TWII,其他業,TW,TWSE_ISIN,42.75,0.020286359025454948,0.06475712018205648,0.0782203766526901,0.03549365790330805,41.58000030517578,40.165222358703616,39.02852071126302,0.0011974308552278024,-0.00017149824521077748,0.06435362459125726,-0.005813953488372103,-0.009527731822379648,2026-09-16,0,1.8538342759750028,0.025080882705071618,0.29133376334838385,0.07235847610699907,-0.051764678011225196,0.3841530361632788,0.3149352767885615,STRONG_UP,0.0930395688075153,0.05296180658104355,0.05250399430194319,93837398.40797882,0.045202026018883956,0.8599695585996956,0.7397260273972602,0.958904109589041,0.7417554540842212,0.919756221432199,0.9857940131912735,0.9090447154471545,0.862408251983217,0.7549467275494672,0.6782318770437137,0.1430745814307458,0.8117348442788203,PERSISTENT,0.8079734828923752,True,CONFIRMED,30
6133,6133.TW,金橋,電子零組件業,TWSE,上市,2003/08/15,ESVUFR,^TWII,電子零組件業,TW,TWSE_ISIN,23.700000762939453,0.032679737475701076,0.046357667200583874,0.11550842177650011,0.07195274500973992,23.110000228881837,22.470357513427736,21.78035748799642,0.0038397085159966905,4.386556819900008e-05,0.0547229054445133,-0.024691296006545627,-0.1777533790635828,2026-09-16,0,1.4714675641214063,0.04219408916813163,0.32268910344993634,0.10798011816859741,-0.07095052661102785,0.4605763833994648,0.34518677786385016,STRONG_UP,0.07464011582604269,0.09024985170485356,0.10555040466320786,31436075.354093075,0.017480561756458846,0.9015728056823947,0.8493150684931506,0.8797564687975646,0.8751902587519026,0.877602844083291,0.702181633688483,0.9166666666666666,0.8643838257578979,0.6407914764079148,0.7263854727774335,0.1887366818873668,0.8097795639618552,PERSISTENT,0.7950852463565786,True,CONFIRMED,31
2427,2427.TW,三商電,資訊服務業,TWSE,上市,2000/09/11,ESVUFR,^TWII,資訊服務業,TW,TWSE_ISIN,23.649999618530273,-0.028747464146741897,0.06053813576935685,0.07744869232356066,0.08887121633307138,23.139999771118163,22.494999980926515,22.711995760599773,0.001103680640781912,0.00020211159849457485,0.05134472720973915,-0.03469389312121329,-0.17179240818929697,2026-09-16,0,4.685294504813627,0.02672909797316755,0.2698408757811419,0.08765262061897917,-0.04595190927264414,0.5262126922346024,0.2384278167282616,REBOUND,0.08882058439481566,0.052190122251914106,0.13273094288207266,19681418.204601385,0.04117596268846668,0.8584474885844748,0.884830035514967,0.9507864028411973,0.7336377473363774,0.9862874555611986,0.7194317605276509,0.8871951219512195,0.8668510482129365,0.5814307458143074,0.7432763639513043,0.20953830542871638,0.8088430109407828,CONFIRMING,0.7948060141210429,True,CONFIRMED,32
3605,3605.TW,宏致,電子零組件業,TWSE,上市,2009/03/26,ESVUFR,^TWII,電子零組件業,TW,TWSE_ISIN,140.0,0.0980392156862746,0.08108108108108114,0.17647058823529416,0.8539325729178306,128.9,122.775,102.99901962280273,0.001802768217102889,0.008747763526451648,0.14029729179393202,-0.007092198581560294,-0.007092198581560294,2026-09-16,0,1.5058654871294745,0.08061224489795919,0.1794871794871795,0.25830183389565664,-0.1762589928057554,1.10643743502244,0.12262479002604167,STRONG_UP,0.10936352970653995,0.1512120181636476,0.8241865781722431,1748645320.275,0.0369634340222576,0.9386098427194317,0.9934043632673769,0.9446981227803145,0.7899543378995434,0.8821736922295581,0.9888381532217149,0.8333333333333334,0.9244680034187955,0.9452054794520548,0.2985135410303399,0.026382546930492135,0.8076744975841936,PERSISTENT,0.7956120927135698,True,CONFIRMED,33
6199,6199.TWO,天品,其他業,TPEX,上櫃,2016/10/07,ESVUFR,^TWII,其他業,TW,TWSE_ISIN,102.5,0.0,0.05561278692829341,0.0688216722534678,0.02499999999999991,100.24000091552735,95.82999992370605,98.8349998474121,9.477978978391434e-05,0.00026869051691630217,0.06960242180532394,-0.004854368932038833,-0.196078431372549,2026-09-16,0,2.442612428193192,0.029547034074205142,0.4342107310521093,0.047459311198590114,-0.03753908672409789,0.4828945130182166,0.629657444802837,REBOUND,0.08389523555375222,0.043563102181821245,0.03642828399041176,150863960.57104912,0.03840736886492646,0.8457635717909691,0.6889903602232369,0.9477422628107559,0.6154236428209031,0.9537836465210767,0.6626078132927448,0.9547764227642277,0.8100594569538984,0.8016235413495687,0.6519878909733803,0.12430238457635717,0.8064757090730404,CONFIRMING,0.8033012882021194,True,CONFIRMED,34
6214,6214.TW,精誠,資訊服務業,TWSE,上市,2010/12/30,ESVUFR,^TWII,資訊服務業,TW,TWSE_ISIN,191.0,0.0052631578947368585,0.01866666666666661,0.07002801120448177,0.4580152671755726,188.9,184.225,157.59166666666667,0.00797877397657077,0.005207577446017985,0.036775681910707014,-0.02051282051282055,-0.02051282051282055,2026-09-16,0,1.2337400694710325,0.01907255048616305,0.5555555555555556,0.03211326009943076,-0.008219178082191747,0.3554996588346818,1.2114762110324064,STRONG_UP,0.04694911529212542,0.04476944113283521,0.49580683647241264,359967827.825,0.0011596638655461677,0.84779299847793,0.9873160832064941,0.7300862506341959,0.9512937595129376,0.8303707465718639,0.9776763064434297,0.9842479674796748,0.8932832818567015,0.8604769152714358,0.8161215904464649,0.3439878234398782,0.8045188345661098,PERSISTENT,0.8112654795154358,True,CONFIRMED,35
3580,3580.TWO,友威科,其他電子業,TPEX,上櫃,2010/07/09,ESVUFR,^TWII,其他電子業,TW,TWSE_ISIN,90.80000305175781,0.03181821649724781,0.05092594268717687,0.1670951091268149,-0.06406258908591611,86.01999969482422,83.4150001525879,84.25594787597656,0.003026669270872726,-0.0030552037179155255,0.08853327202134875,-0.027837242308831223,-0.22031653559440045,2026-09-16,0,4.576241355489647,0.04539019058193289,0.31707305272802855,0.13785894363506837,-0.07977526375416955,1.1400034867532547,0.3843156994370363,REBOUND,0.07920839131263568,0.14183653905516835,-0.01903957898876585,32321508.451893616,0.009152165405473145,0.9345509893455098,0.5032978183663115,0.8264840182648402,0.8503297818366311,0.9857795835449467,0.6133942161339422,0.9263211382113821,0.7958523857220561,0.6463723997970573,0.5573336398932562,0.0700152207001522,0.8017265086756143,CONFIRMING,0.7772916777120079,True,CONFIRMED,36
6811,6811.TWO,宏碁資訊,數位雲端,TPEX,上櫃,2022/08/09,ESVUFR,^TWII,數位雲端,TW,TWSE_ISIN,246.0,-0.019920318725099584,0.10313901345291487,0.09090909090909083,0.14685314685314688,238.2,228.0,226.44166666666666,-0.0001345834191218717,0.00034926646438838873,0.07894736842105265,-0.03718199608610573,-0.03718199608610573,2026-09-16,0,3.148321109303667,0.028600464576074333,0.328,0.11228601008045598,-0.03719912472647702,0.6520660619861259,0.26555562707069436,STRONG_UP,0.13142146207837369,0.06565052083744427,0.16583419878508687,55602583.125,0.08041174072564217,0.8767123287671232,0.9091831557584982,0.9791983764586504,0.5722983257229832,0.9695276790248857,0.9634703196347032,0.8953252032520326,0.8879566225757385,0.7072552004058853,0.6052631578947367,0.0928462709284627,0.7980370881064212,PERSISTENT,0.780398477644974,True,CONFIRMED,37
2905,2905.TW,三商,貿易百貨業,TWSE,上市,1988/09/19,ESVUFR,^TWII,貿易百貨業,TW,TWSE_ISIN,18.549999237060547,-0.015915179752680086,0.02770083219579278,0.08163263263385723,0.2582993153227797,18.55,17.80495662689209,16.37568260828654,0.004996460596296544,0.003700831815982647,0.04184467425453686,-0.023684250681023866,-0.023684250681023866,2026-09-16,0,1.3976203680580341,0.025974987194125745,0.32701871974031077,0.06164736495609239,-0.019830132054273086,0.35861802731783743,0.43303390229198907,STRONG_UP,0.05598328082125159,0.05637406256221067,0.28069494115594806,26287425.610329628,0.007292674037328473,0.867579908675799,0.9578893962455606,0.8036529680365296,0.9020801623541349,0.8659217877094972,0.974124809741248,0.9344512195121951,0.8966785995552489,0.6235413495687468,0.7907766287273157,0.28056823947234905,0.7973535540787666,PERSISTENT,0.7870238573171872,True,CONFIRMED,38
2820,2820.TW,華票,金融保險業,TWSE,上市,1994/10/26,ESVUFR,^TWII,金融保險業,TW,TWSE_ISIN,17.299999237060547,-0.0028819102772229543,0.02064887659983783,0.0646153376652645,0.029606437147364106,17.299999618530272,16.83499994277954,16.684166558583577,0.0026616868311940666,0.0003131567602936588,0.02762098579515837,-0.008596075605766251,-0.008596075605766251,2026-09-16,0,1.1428803702396593,0.01445085981421636,0.41176452988704004,0.04273065527417289,-0.014619882714792864,0.4739537146926849,0.6226514423080068,STRONG_UP,0.04893132522529664,0.03935676759361795,0.056182504389007404,48203775.28580952,0.0044950421835217025,0.8381532217148655,0.7498731608320649,0.776255707762557,0.8346017250126839,0.8004062976130015,0.9863013698630136,0.9532520325203252,0.8334074362604155,0.6920345002536783,0.8618950710242081,0.4535768645357686,0.7958051915165067,PERSISTENT,0.790981745450996,True,CONFIRMED,39
2892,2892.TW,第一金,金融保險業,TWSE,上市,2003/01/02,ESVUFR,^TWII,金融保險業,TW,TWSE_ISIN,40.0,0.011378022038437186,0.058201079559347946,0.19047624453936285,0.2962658258753488,39.25999984741211,36.31499977111817,34.05778881708781,0.007320470093451864,0.00365844108625005,0.10147322737456177,-0.00990102749433508,-0.00990102749433508,2026-09-16,0,0.6670500274457951,0.026160717010498047,0.7272726484566954,0.0553613942112008,-0.013313632340146375,1.386154885979548,2.5022520622538864,STRONG_UP,0.08648352818480676,0.1652176744677163,0.3068632410309302,1306012319.2705255,0.010582018424507234,0.9452054794520548,0.9639776763064434,0.839167935058346,0.9431760527650939,0.5109192483494159,0.984779299847793,0.9969512195121951,0.8985546774305042,0.9294774226281075,0.49263386312719115,0.0532724505327245,0.7954339698535653,PERSISTENT,0.7918315054613414,True,CONFIRMED,40
7765,7765.TW,中華資安,數位雲端,TWSE,上市,2025/09/08,ESVUFR,^TWII,數位雲端,TW,TWSE_ISIN,240.0,0.02127659574468077,0.09839816933638446,0.08108108108108114,0.0738255033557047,229.7,224.55,224.08333333333334,-0.0004715054233284695,-0.0013147360836935655,0.06880427521710075,-0.07692307692307687,-0.22226517957859904,2026-09-16,0,3.4498984895178215,0.028125,0.35294117647058826,0.1084421648284429,-0.04656319290465627,0.5664455253165068,0.2638904543406729,STRONG_UP,0.12668061796184327,0.05582251100943458,0.08152112218669827,45199737.9,0.07812789906611417,0.8660578386605784,0.8061897513952309,0.9781836631151699,0.5058346017250127,0.9766378872524124,0.6047691527143582,0.8948170731707317,0.8226858308977179,0.6864535768645358,0.6559786239144962,0.12836123795027904,0.7921269496810517,PERSISTENT,0.7721798276927085,True,CONFIRMED,41
5876,5876.TW,上海商銀,金融保險業,TWSE,上市,2018/10/19,ESVUFR,^TWII,金融保險業,TW,TWSE_ISIN,49.75,-0.0010040007595690792,0.047368421052631504,0.14367816091954033,0.25798610739341976,49.20000076293945,45.93250045776367,43.625078709920246,0.006313748985318253,0.002462746045401703,0.08311107612673152,-0.0050000000000000044,-0.0050000000000000044,2026-09-16,0,0.71805026504465,0.025269206444821765,0.5020078475494333,0.07275237347002551,-0.028312569802909304,1.0598266181115545,0.9914118380316019,STRONG_UP,0.07565086967809032,0.11841959084789377,0.27703836284734695,399735879.9154051,0.011448880822746421,0.9193302891933028,0.9558599695585996,0.84779299847793,0.9264332825976661,0.5606907059421026,0.9903602232369355,0.978150406504065,0.8937369778098121,0.867579908675799,0.5844446193663424,0.08320649416539827,0.7918564324632629,PERSISTENT,0.7889882044373752,True,CONFIRMED,42
1727,1727.TW,中華化,化學工業,TWSE,上市,2000/09/11,ESVUFR,^TWII,化學工業,TW,TWSE_ISIN,95.5999984741211,0.06104328627241573,0.04939626866490365,0.03128372838564486,0.008034035323272404,90.77999877929688,92.6199993133545,85.79567419687906,0.006241225290074808,0.00038295520705875337,0.032174467532488205,-0.0981132219422538,-0.14497109948707287,2026-09-16,0,1.8467581375984716,0.05118051486351895,0.06636158402974102,0.13716735199422578,-0.11711716115045157,0.09208180326246262,0.015135072157075389,STRONG_UP,0.07767871729036246,0.006025158313998302,0.018941169395079727,447335073.5913067,0.04157533656849244,0.7498731608320649,0.6286149162861492,0.9523084728564181,0.9249112125824455,0.9192483494159471,0.7742262810755961,0.6808943089430894,0.7859655595954166,0.8741755454084221,0.839127662337559,0.3937087772704211,0.7917262233664379,PERSISTENT,0.8133660681895436,True,CONFIRMED,43
2399,2399.TW,映泰,電腦及週邊設備業,TWSE,上市,1999/12/16,ESVUFR,^TWII,電腦及週邊設備業,TW,TWSE_ISIN,47.29999923706055,0.028260852979577145,0.03275109224862671,0.048780506371898014,-0.1289134456418629,45.80999984741211,46.19250011444092,44.10666672388712,0.0011816763469224244,-0.0008976467589603853,0.023975734586260122,-0.04444445985736267,-0.1773913176163383,2026-09-16,0,1.1607279096229548,0.0365448522399284,0.12429382305710687,0.11520994180275786,-0.07306889120053695,0.22220897095953915,0.05262667034417015,STRONG_UP,0.06103354087408552,0.023521936300251456,-0.04415089112569626,234224789.3572197,0.02055596565565221,0.8097412480974124,0.43429731100963975,0.8970065956367326,0.7402333840690005,0.8075165058405281,0.7047184170471842,0.7723577235772358,0.7263283666251859,0.8330796549974632,0.8801213270686994,0.510908168442415,0.7881912318291805,CONFIRMING,0.7883768501237194,True,CONFIRMED,44
2439,2439.TW,美律,通信網路業,TWSE,上市,2000/09/11,ESVUFR,^TWII,通信網路業,TW,TWSE_ISIN,78.0,0.01827678268625399,0.04138849680864154,0.03771700991075244,-0.10584517946389282,77.11999969482422,77.61695175170898,79.45074234008788,-8.462162954962244e-05,-0.001914145003169728,0.004935110689689992,-0.03345721251977074,-0.2954213507289395,2026-09-16,0,0.6120780151753338,0.01785716381701794,0.19161588643792746,0.061021156908633314,-0.04949240323401116,-0.20726842045074273,0.11843725445353558,BEAR,0.06967094543410035,0.012458439839105884,-0.07239855486254498,113130681.39620133,0.03195924433095343,0.7737189244038559,0.3561643835616438,0.9381024860476915,0.5859969558599696,0.45657694261046217,0.441400304414003,0.8307926829268293,0.636854669301573,0.7701674277016742,0.97532444655155,0.8838153221714865,0.7865752364273355,CONFIRMING,0.7880844291733725,True,CONFIRMED,45
3024,3024.TW,憶聲,光電業,TWSE,上市,2002/08/26,ESVUFR,^TWII,光電業,TW,TWSE_ISIN,14.5,0.013986000461365,0.039426537509310355,0.07806692978624152,0.1856092021855129,14.489999961853027,14.4125,13.315500688552856,0.003167341443499964,0.0023515332774410847,0.006071118820468291,-0.0429042663298318,-0.1977807223704271,2026-09-16,0,0.34322621293841016,0.032266001395991284,0.2079209005256919,0.10113096268582643,-0.07692305238810582,0.4589383491554848,0.16050224294667165,STRONG_UP,0.06770898613476917,0.052808359714594966,0.22664382009023853,19538360.51664505,0.019909805062749975,0.8594622019279553,0.9421613394216134,0.8939624556062912,0.8564180618975139,0.17267648552564754,0.6580416032470827,0.8567073170731707,0.7917765334815967,0.5799086757990868,0.9696444058976585,0.8528665651953323,0.7839160627536018,PERSISTENT,0.7713734478868138,True,CONFIRMED,46
2897,2897.TW,王道銀行,金融保險業,TWSE,上市,2017/05/05,ESVUFR,^TWII,金融保險業,TW,TWSE_ISIN,11.149999618530273,-0.004464302820210819,0.027649698296131175,0.09852217119046558,0.11193946030009072,11.079999923706055,10.665000057220459,10.272499895095825,0.00398632694381007,0.0013783691014718823,0.04547581422481639,-0.01762121200154132,-0.01762121200154132,2026-09-16,0,0.9543968623812029,0.020819975681243004,0.5263158951439898,0.0488183311291208,-0.013761433374297583,0.7451955579497439,1.062178561255811,STRONG_UP,0.05593214692158999,0.07326360111881902,0.12807484930751012,63143260.78306756,0.0030191554985147806,0.8883815322171487,0.8817858954845256,0.7574835109081685,0.8792491121258245,0.7242254951752158,0.9797057331303907,0.9801829268292683,0.8684114155134876,0.7179096905124303,0.772620928875918,0.24556062912227294,0.7838827777042784,PERSISTENT,0.7729477332796333,True,CONFIRMED,47
6861,6861.TW,睿生光電,生技醫療業,TWSE,上市,2023/03/27,ESVUFR,^TWII,生技醫療業,TW,TWSE_ISIN,223.0,-0.021929824561403466,0.202156334231806,0.15544041450777213,-0.3682719546742209,221.0,197.3,227.81666666666666,-0.0015407335797422309,-0.00996120858435422,0.1302584896097314,-0.08041237113402067,-0.5418840416682371,2026-09-16,0,2.7156351391894527,0.06614349775784753,0.22058823529411764,0.19922794410991654,-0.09160305343511455,0.6660963570698234,0.17210601094562478,BEAR,0.23043878285726482,0.13018184443612557,-0.3505189048253958,204252656.175,0.16329623060486298,0.928462709284627,0.014713343480466767,0.9954337899543378,0.3378995433789954,0.9614017267648552,0.04058853373921867,0.8628048780487805,0.6046428827035858,0.8229325215626585,0.34870755195134295,0.029934043632673768,0.7811821224110513,CONFIRMING,0.7464431172013645,True,CONFIRMED,48
2342,2342.TW,茂矽,半導體業,TWSE,上市,1995/09/19,ESVUFR,^TWII,半導體業,TW,TWSE_ISIN,40.54999923706055,0.055989521503864825,0.03974357018103958,0.045103093670384675,-0.2600364999706588,39.11000061035156,39.567500305175784,42.305000178019206,9.980040271721919e-05,-0.0017154756875652675,0.02483095783931155,-0.043632127883042826,-0.3654147375780864,2026-09-16,0,1.6873738555149673,0.048264938974989145,0.10638309713876516,0.12567922846635876,-0.08827080642979934,0.1190780821785507,0.03817820059644716,BEAR,0.06802601880649839,0.019844523598738117,-0.2620204373713295,88670989.21177177,0.02846779676344341,0.7940131912734653,0.06291222729578894,0.9274479959411466,0.6164383561643836,0.9070594210259014,0.2678843226788432,0.7459349593495935,0.6039346485905683,0.7503805175038052,0.8758452108034422,0.4972095383054287,0.77944138653466,CONFIRMING,0.7726488397279135,True,CONFIRMED,49
3176,3176.TWO,基亞,生技醫療業,TPEX,上櫃,2011/11/23,ESVUFR,^TWII,生技醫療業,TW,TWSE_ISIN,37.849998474121094,-0.0052562619434864954,0.04558004630958079,0.11323524923885575,0.13323343547736832,36.76999969482422,36.660000038146975,34.95,0.0030998478697370274,0.0017043670420902126,0.032460404657279174,-0.06658448369270986,-0.1318807385604137,2026-09-16,0,0.6657738491714051,0.04359313685613933,0.19592866031336814,0.15324060997727668,-0.1268844053735092,0.8136787380210944,0.14477905489223258,STRONG_UP,0.0738624949350396,0.08797667916720919,0.16835575749514398,38662723.31074371,0.017271233999866853,0.8990360223236935,0.9127346524606799,0.8792491121258245,0.8528665651953323,0.5083798882681564,0.8031456113647895,0.8485772357723578,0.8404902329519967,0.6671740233384069,0.8376979767136041,0.3906646372399797,0.7778847398879336,PERSISTENT,0.760470882244791,True,CONFIRMED,50
6491,6491.TW,晶碩,生技醫療業,TWSE,上市,2019/10/07,ESVUFR,^TWII,生技醫療業,TW,TWSE_ISIN,393.0,0.007692307692307665,0.0536193029490617,0.046604527296937315,0.23820861321528364,379.7,379.9,358.10322825113934,0.0006597735580095535,0.003250091575940412,0.034482758620689724,-0.04029304029304026,-0.04029304029304026,2026-09-16,0,0.998755591521729,0.032897128316975645,0.14644351464435146,0.09505105842974598,-0.08260325406758451,0.24711629463811663,0.0718027856654174,STRONG_UP,0.08190175157452051,0.021345957225290757,0.26668675234041883,141775771.75,0.04196817112482737,0.7980720446473871,0.9528158295281582,0.9538305428716387,0.6950786402841197,0.7430167597765364,0.9578893962455606,0.7942073170731707,0.8521749698361629,0.7945205479452054,0.8275862068965514,0.37341451040081175,0.7777905265054282,PERSISTENT,0.7800579699846575,True,CONFIRMED,51
7714,7714.TWO,創泓科技,數位雲端,TPEX,上櫃,2025/01/15,ESVUFR,^TWII,數位雲端,TW,TWSE_ISIN,181.5,0.0196629213483146,0.1451104100946372,0.10334346504559266,0.41318015504988526,174.8,171.025,163.02510147094728,0.002593587358053534,0.004227136949029292,0.06124835550358121,-0.05714285714285716,-0.1475015861383906,2026-09-16,0,0.7054842599168083,0.046044864226682414,0.15178571428571427,0.19851767337449192,-0.15489130434782605,0.6018047634213513,0.07901594549274812,STRONG_UP,0.17339285872009602,0.0780848949739461,0.44521248183686835,86271150.625,0.11927454383323904,0.8914256722475901,0.9837645865043125,0.9878234398782344,0.8305428716387621,0.547993905535805,0.7686453576864536,0.7997967479674797,0.8624807396273452,0.747843734145104,0.693758222482094,0.15575849822425164,0.7760220582597097,PERSISTENT,0.7660372634916707,True,CONFIRMED,52
6204,6204.TWO,艾華,電子零組件業,TPEX,上櫃,2002/11/13,ESVUFR,^TWII,電子零組件業,TW,TWSE_ISIN,91.19999694824219,0.0189943793099685,0.05421165093358282,0.09840016730853063,-0.24822608951806413,89.58022613525391,87.37709693908691,87.64268023173014,0.004088128203893355,-0.0035194627948133203,0.04375173979309843,-0.03456400144725058,-0.2944890979148864,2026-09-16,0,0.7071102462250897,0.041857626880284056,0.18246071621349008,0.15878624968986854,-0.0662100362635264,0.4644251427362679,0.11307128317287368,REBOUND,0.08249409955904163,0.07314159723688407,-0.19944572668641314,23665649.078139495,0.029611609106450165,0.8878741755454084,0.12734652460679857,0.9315068493150684,0.8807711821410451,0.5505332656170645,0.4439370877727042,0.8267276422764228,0.6573607939856957,0.6047691527143582,0.7812413010345078,0.26230339928970065,0.7753963182336323,CONFIRMING,0.7600102244468954,True,CONFIRMED,53
4768,4768.TWO,晶呈科技,化學工業,TPEX,上櫃,2022/04/13,ESVUFR,^TWII,化學工業,TW,TWSE_ISIN,313.0,0.07008547008547006,0.03300330033003296,0.06901853055896434,-0.16605360295506488,301.9,307.58087463378905,313.36826248168944,-0.0006856546788416181,-0.005099697418458941,0.01761853812485259,-0.10057471264367812,-0.4554401562810986,2026-09-16,0,1.6419230215642469,0.0427886809675947,0.10393558855835514,0.1785184358735555,-0.12264899412193231,0.2550813011120236,0.04018342172883338,BEAR,0.06128574895549177,0.043759960487317784,-0.12163908010846325,104852140.52469024,0.015748667690291873,0.8462709284627092,0.23693556570268898,0.8731608320649417,0.4657534246575342,0.9029964448958863,0.11314053779807204,0.7494918699186992,0.6130671977929755,0.7620497209538305,0.911907309375737,0.624048706240487,0.7748251113195994,CONFIRMING,0.7480937180068077,True,CONFIRMED,54
2838,2838.TW,聯邦銀,金融保險業,TWSE,上市,1998/06/29,ESVUFR,^TWII,金融保險業,TW,TWSE_ISIN,21.549999237060547,0.004661933359642045,0.026190439860026116,0.07481297042781887,0.03498277289201068,21.309999847412108,20.714999866485595,20.742840576171876,0.002772923389358877,0.0006065425251596738,0.04030892473843939,-0.004618955345575881,-0.06269631657268937,2026-09-16,0,0.782575823205289,0.017069923719454635,0.46875044703526214,0.04186645271777238,-0.01877932548627992,0.5304560082761778,0.8376303951155922,REBOUND,0.05447288848548493,0.04955440035617231,0.05246014087746076,40172861.08692379,0.007487197253071398,0.854388635210553,0.73921867072552,0.8051750380517504,0.8406900050735667,0.611477907567293,0.923896499238965,0.9649390243902439,0.8163174922825118,0.671740233384069,0.798455376307803,0.3008625063419584,0.7740493450005821,CONFIRMING,0.7672988330034531,True,CONFIRMED,55
6909,6909.TW,創控,半導體業,TWSE,上市,2025/05/21,ESVUFR,^TWII,半導體業,TW,TWSE_ISIN,41.70000076293945,0.03345730705997907,0.041198540756826496,0.06106874230205239,-0.3096026538166108,41.54000015258789,40.75,44.3625,0.00010717464977221866,-0.0027417093223000358,0.023312902158023396,-0.05011391085356931,-0.40567265918262285,2026-09-16,0,1.1314782311368683,0.03614253088757967,0.14457828556616265,0.13827544579564882,-0.08086567035003622,0.26879050165518603,0.06385236375777688,BEAR,0.06948098938228531,0.035810172230405835,-0.2942708427480297,12131438.936088562,0.025931355181313398,0.8305428716387621,0.0395738203957382,0.9213597158802638,0.6184677828513445,0.7968511934992382,0.18366311516996447,0.7860772357723578,0.5922603721001682,0.5164890918315576,0.883435489209883,0.5271435819381025,0.7737346608727362,CONFIRMING,0.7497457778617601,True,CONFIRMED,56
5425,5425.TWO,台半,半導體業,TPEX,上櫃,2000/02/21,ESVUFR,^TWII,半導體業,TW,TWSE_ISIN,94.80000305175781,0.060402700600802106,0.053333367241753526,0.032679737475701076,-0.2670976760646455,89.94000091552735,91.44500007629395,95.89959780375163,0.0013388034808126438,-0.0013978910801051541,0.036688752503305055,-0.09282293730375302,-0.32562809761265377,2026-09-16,0,1.5501808915235025,0.04626281432995235,0.06818179453700862,0.15095927723667324,-0.108695653890853,-0.025599227435342042,0.014760027915331948,BEAR,0.08161581586721234,0.007421167404054518,-0.2487257361248929,1515835610.026792,0.04516343287282826,0.7579908675799086,0.07102993404363267,0.9583967529173009,0.7554540842212075,0.8923311325545963,0.3602232369355657,0.6798780487804879,0.6162518668904845,0.9401319127346525,0.8165562374834747,0.34601725012683915,0.7735598138284014,CONFIRMING,0.7886546802451021,True,CONFIRMED,57
4904,4904.TW,遠傳,通信網路業,TWSE,上市,2005/08/24,ESVUFR,^TWII,通信網路業,TW,TWSE_ISIN,105.0,-0.014084507042253502,0.009615384615384581,0.034482758620689724,0.018994191036532992,105.5,103.05,101.81312917073568,0.0019595355900651366,0.00026102260310633757,0.018922852983988436,-0.023255813953488413,-0.03936228304996603,2026-09-16,0,1.2791949334966133,0.017959179521417942,0.2,0.04578182151134828,-0.019512195121951237,0.21156510235943554,0.15063952233592204,STRONG_UP,0.03789783324084339,0.009224188549043166,0.04557025827817629,501984847.925,0.0009946949602121502,0.7656012176560122,0.7204464738711314,0.7275494672754946,0.8016235413495687,0.8395124428643982,0.9594114662607813,0.850609756097561,0.7897377399367844,0.8792491121258245,0.9053857350800578,0.6012176560121766,0.7733273811984939,PERSISTENT,0.7831587315097137,True,CONFIRMED,58
3147,3147.TWO,大綜,資訊服務業,TPEX,上櫃,2018/05/29,ESVUFR,^TWII,資訊服務業,TW,TWSE_ISIN,233.0,0.026431718061673992,0.028697571743929284,0.08335540972915623,-0.29422579098133195,226.1,220.875,227.19391555786132,0.00028756112933272436,-0.0046888067161338955,0.05489530277306165,-0.02713987473903967,-0.3182862825137651,2026-09-16,0,2.3159255270474124,0.03310852237890865,0.2804344141972288,0.08256190630894314,-0.02934537246049662,0.12013935631511324,0.28312967254044424,REBOUND,0.056980020369388096,0.05809683965750967,-0.23734040021021063,95242872.125,0.007858719311640228,0.86960933536276,0.07965499746321664,0.8112633181126332,0.647894469812278,0.9492127983748095,0.380517503805175,0.8983739837398373,0.6426227066234382,0.756468797564688,0.7255234861346918,0.1856925418569254,0.7725159142313136,CONFIRMING,0.7542940756202333,True,CONFIRMED,59
3675,3675.TWO,德微,半導體業,TPEX,上櫃,2012/06/29,ESVUFR,^TWII,半導體業,TW,TWSE_ISIN,295.5,0.0985130111524164,0.10391864313101085,0.08395633476678799,-0.27430043371348534,273.11528930664065,271.0127807617188,292.05274556477866,-0.0003643149379070258,-0.0038037065349125184,0.09035448132540669,0.0,-0.34702851004787516,2026-09-16,0,1.8072624783421565,0.05152503357504747,0.1492454238579271,0.17843420080291106,-0.08480565873448243,0.231686134360868,0.07022251738425066,REBOUND,0.13220109175646966,0.05869776469514143,-0.3006654186107185,251355666.175,0.08292955943931385,0.8706240487062404,0.03602232369355657,0.9802130898021308,0.5286656519533232,0.9162011173184358,0.3084728564180619,0.7931910569105691,0.6265455086456301,0.8381532217148655,0.5482275933729666,0.06646372399797057,0.7708570039866108,CONFIRMING,0.7537433452644072,True,CONFIRMED,60
3443,3443.TW,創意,半導體業,TWSE,上市,2006/11/03,ESVUFR,^TWII,半導體業,TW,TWSE_ISIN,6170.0,0.022369511184755497,0.04135021097046421,0.1652502360717658,0.264344262295082,6190.0,5929.75,4968.916666666667,0.007062819764537648,0.005067976084519814,0.04051604199165215,-0.06159695817490496,-0.06159695817490496,2026-09-16,0,0.6759447719289821,0.05973605001157675,0.25547445255474455,0.1698631818709029,-0.05703124999999998,1.0969413328982414,0.24853657590767386,STRONG_UP,0.06963265959592302,0.13999166600011925,0.33239617306174907,11056557731.5,3.765195252275477e-05,0.9335362760020294,0.9654997463216641,0.7163876204972095,0.9401319127346525,0.5205688166582021,0.9279553526128869,0.8917682926829268,0.8619845988082886,0.9923896499238964,0.7974197900417392,0.2993404363267377,0.7697814179294478,PERSISTENT,0.760108036520976,True,CONFIRMED,61
9917,9917.TW,中保科,其他業,TWSE,上市,1993/12/08,ESVUFR,^TWII,其他業,TW,TWSE_ISIN,106.0,0.0,0.0,0.03055558831603533,0.05000003778709683,105.9,105.83095245361328,103.71349169413249,0.001621245327557944,-5.077816734508307e-05,0.0015973355853602378,-0.009345794392523366,-0.04836033810537932,2026-09-16,0,1.1620599581201112,0.00906494942636824,0.3905324041375819,0.026895791565254665,-0.009389671361502372,0.19283074326243232,0.4436734028053321,STRONG_UP,0.02828244862545881,0.005297018244388774,0.03564228876666942,35629958.112206265,-0.007638897079008833,0.747843734145104,0.6854388635210553,0.5778792491121258,0.7808219178082192,0.808532249873032,0.9452054794520548,0.9364837398373984,0.7578349323043764,0.6580416032470827,0.9920133220731988,0.9634703196347032,0.7695198359684816,PERSISTENT,0.7676124146397019,True,CONFIRMED,62
2881,2881.TW,富邦金,金融保險業,TWSE,上市,2001/12/19,ESVUFR,^TWII,金融保險業,TW,TWSE_ISIN,153.0,0.013245033112582849,0.04081632653061229,0.19066147859922178,0.17614585276077932,151.0,144.5,132.35286343892415,0.007797035822353638,0.0034600974492128406,0.05882352941176472,-0.01607717041800638,-0.01607717041800638,2026-09-16,0,1.0131626157853055,0.02847805788982259,0.47572815533980584,0.10661820589654848,-0.023255813953488413,1.352129832941995,0.8507274413937962,STRONG_UP,0.0690987751560711,0.16540290852757522,0.1770606369117642,2942479977.175,-0.0068490431191931544,0.945712836123795,0.9188229325215627,0.5925925925925926,0.9502790461694571,0.7511427120365668,0.9807204464738711,0.9664634146341463,0.8739422463555544,0.9599188229325215,0.7058823529411764,0.16463723997970572,0.7651852392649354,PERSISTENT,0.7495053658566123,True,CONFIRMED,63
6742,6742.TW,澤米,光電業,TWSE,上市,2023/12/05,ESVUFR,^TWII,光電業,TW,TWSE_ISIN,46.599998474121094,0.054298589813463805,0.03097340016705341,0.09133483937936049,-0.33712665076540294,45.45,44.69250011444092,48.531666882832845,0.0015948064223545858,-0.00503456688615471,0.042680502428724676,-0.059535838715674916,-0.37783714920192357,2026-09-16,0,1.1425265481244582,0.04667381659304488,0.2052631610648473,0.11285992710292228,-0.044516813703022406,0.4416631055204986,0.1661145663266355,BEAR,0.05925584879251222,0.06607626930771393,-0.3161602166622177,19104976.01196289,0.008139690322213289,0.8777270421106037,0.0273972602739726,0.8148148148148148,0.7787924911212583,0.7998984255967496,0.24302384576357178,0.8592479674796748,0.6152297078007931,0.5758498224251649,0.7865974878563766,0.26991374936580415,0.764751663351399,CONFIRMING,0.7406415097213238,True,CONFIRMED,64
2889,2889.TW,國票金,金融保險業,TWSE,上市,2002/03/26,ESVUFR,^TWII,金融保險業,TW,TWSE_ISIN,17.299999237060547,0.02670616293194228,0.03592805070120764,0.15910061986358293,0.2056196966923749,16.899999618530273,16.016028547286986,15.226530440648396,0.00605836074248184,0.0018827555862598324,0.08016785721770314,-0.0028819102772229543,-0.0028819102772229543,2026-09-16,0,1.0517436372302074,0.025039614977941712,0.5602561353478975,0.06272409728659108,-0.018518483309132527,0.9158438447856946,1.4210981468406292,STRONG_UP,0.06421049932666645,0.13384204979193637,0.2281770127117151,294138897.59416485,-0.003847104264688095,0.9299847792998478,0.9426686960933536,0.6438356164383562,0.9213597158802638,0.7668867445403759,0.9923896499238964,0.9862804878048781,0.8842969363243276,0.8467782851344495,0.5991607139114843,0.08929477422628107,0.7643049952519487,PERSISTENT,0.7482207446548766,True,CONFIRMED,65
2883,2883.TW,凱基金,金融保險業,TWSE,上市,2001/12/28,ESVUFR,^TWII,金融保險業,TW,TWSE_ISIN,39.150001525878906,0.026212318741891893,0.06530616396949407,0.2878290137219306,0.3596138848111412,38.23000030517578,35.04250020980835,31.746048386891683,0.009523027426892995,0.004747308801839056,0.1172148474417607,-0.0012754907165158924,-0.0012754907165158924,2026-09-16,0,0.9440178865317553,0.02818828014244765,0.7028118934684524,0.07298979297350737,-0.017432622832348144,2.0844703162638876,2.771478666921154,STRONG_UP,0.09358861259495288,0.26257044365028404,0.37263895051710105,1641941581.3399408,-0.0066510894609885796,0.9710806697108066,0.974124809741248,0.5966514459665144,0.9649923896499238,0.7160995429151854,0.9939117199391172,0.9984756097560976,0.8944407724969607,0.9416539827498731,0.4139257627911965,0.040081177067478435,0.7622741274857617,PERSISTENT,0.7431466649497208,True,CONFIRMED,66
2887,2887.TW,台新新光金,金融保險業,TWSE,上市,2002/02/18,ESVUFR,^TWII,金融保險業,TW,TWSE_ISIN,44.400001525878906,0.02304147384427413,0.04716980962322137,0.2197802105670883,0.4610971327184208,43.230001068115236,40.23000030517578,36.339840189615884,0.008062644768321013,0.005954677483885238,0.10365401911683891,-0.007821194952426724,-0.007821194952426724,2026-09-16,0,1.1055791556353232,0.029601018764701406,0.606060746178077,0.08401486168589281,-0.020134228187919434,1.507928647734369,1.5854356686256434,STRONG_UP,0.07545225824868018,0.19452164049544174,0.46267773374698407,2353333848.506763,-0.007775243018550704,0.9594114662607813,0.984779299847793,0.5743277524099442,0.9523084728564181,0.7877094972067039,0.9868087265347539,0.9883130081300813,0.8944718598690413,0.9553526128868595,0.48172990441580543,0.0502283105022831,0.759919091681542,PERSISTENT,0.7415518907435508,True,CONFIRMED,67
5880,5880.TW,合庫金,金融保險業,TWSE,上市,2011/12/01,ESVUFR,^TWII,金融保險業,TW,TWSE_ISIN,27.350000381469727,0.012962977091471428,0.018621973664666003,0.10060362018602675,0.18619148891992476,27.17000045776367,26.102499961853027,24.852881336212157,0.004976326076254176,0.0025244283296918676,0.047792373199495586,-0.0072594867923545525,-0.0072594867923545525,2026-09-16,0,1.037200389865938,0.019456793891550958,0.6097557571658118,0.042799119297133884,-0.016393469961101248,0.7165148809224572,1.4332920304801802,STRONG_UP,0.046904422290124814,0.0753450501143802,0.20551990722080604,501945475.66977024,-0.006528931381840686,0.8899036022323693,0.9335362760020294,0.5976661593099949,0.9010654490106544,0.7592686642965972,0.9883307965499746,0.9872967479674797,0.862429245437468,0.8787417554540842,0.7610381340025221,0.22780314561136478,0.7576074235320344,PERSISTENT,0.7478652086726711,True,CONFIRMED,68
4961,4961.TW,天鈺,半導體業,TWSE,上市,2018/10/17,ESVUFR,^TWII,半導體業,TW,TWSE_ISIN,181.0,0.014005602240896309,0.02259887005649719,0.08708708708708701,0.07279251893279093,176.0,169.125,165.55292536417645,0.0017188445806936327,0.0007806220110612677,0.07021433850702152,-0.021621621621621623,-0.021621621621621623,2026-09-16,0,2.3378899715734285,0.03295185477505919,0.27102803738317754,0.10594703756163677,-0.04225352112676062,0.628821458065684,0.22278152214401958,STRONG_UP,0.050881318681956,0.061828517015440454,0.11473807858651042,135557875.775,0.000827098284725436,0.8741755454084221,0.8650431253170979,0.726027397260274,0.7864028411973617,0.9512442864398172,0.976154236428209,0.8800813008130082,0.859844887492406,0.7899543378995434,0.6489283074648924,0.1187214611872146,0.7574927943367711,PERSISTENT,0.741780979113596,True,CONFIRMED,69
2413,2413.TW,環科,電子零組件業,TWSE,上市,2000/09/11,ESVUFR,^TWII,電子零組件業,TW,TWSE_ISIN,53.0,0.0995850448357507,0.04950495049504955,0.22123020887070477,0.03698276744847706,50.54000015258789,45.917528343200686,43.9541966120402,0.006110599575332036,-0.003581841199022689,0.1542433121369884,-0.0037594127832941693,-0.2033877128124686,2026-09-16,0,1.9125922862409472,0.05491914260740872,0.36233848218058323,0.19841244254208687,-0.054483490414284796,1.4701782021064091,0.4040080202011582,STRONG_UP,0.07778739912050836,0.1959716387990582,0.059562777538668676,177050405.9029587,-0.0058026017226266435,0.9599188229325215,0.7605276509386099,0.6078132927447996,0.9223744292237442,0.9222955815134586,0.6438356164383562,0.9288617886178862,0.8249939714119168,0.8132927447995941,0.22878343931505807,0.022323693556570268,0.7570734531656386,PERSISTENT,0.7287068013484354,True,CONFIRMED,70
2884,2884.TW,玉山金,金融保險業,TWSE,上市,2002/01/28,ESVUFR,^TWII,金融保險業,TW,TWSE_ISIN,46.45000076293945,0.017524626732093873,0.04971753136586332,0.22883602382187673,0.3833607564672339,45.94000015258789,41.92250003814697,37.924221229553225,0.009671754060120939,0.004439240840332069,0.10799691623049013,-0.0010752524099042482,-0.0010752524099042482,2026-09-16,0,0.9091727442890323,0.031447036839064114,0.5986161489764994,0.09652003128341954,-0.028540049590227823,1.6747889968125698,1.4192384472514976,STRONG_UP,0.07799997999132213,0.20357745375023018,0.37902383375043214,1930037692.7865028,-0.007491474589605862,0.9614408929477423,0.9756468797564688,0.5814307458143074,0.9680365296803652,0.6998476383951244,0.9944190766108574,0.9857723577235772,0.8875117713013678,0.9487569761542364,0.4600154188475494,0.04667681380010147,0.7536942835831117,PERSISTENT,0.7356059354621876,True,CONFIRMED,71
6651,6651.TWO,全宇昕,半導體業,TPEX,上櫃,2021/02/01,ESVUFR,^TWII,半導體業,TW,TWSE_ISIN,145.0,0.02473498233215543,0.021126760563380254,0.050724637681159424,-0.1049382716049383,141.0,145.35,139.1,0.001396955643512011,0.0009215522452546155,-0.002407980736154114,-0.08227848101265822,-0.18309859154929575,2026-09-16,0,0.47806269275978586,0.035467980295566505,0.10606060606060606,0.12558325791292702,-0.12218649517684887,0.2530513040481282,0.04283919611640081,PULLBACK,0.049409209188839065,0.025466067609512866,-0.025711514457703144,29938813.975,0.008445601143090398,0.8138001014713343,0.48756976154236426,0.817351598173516,0.7600202942668696,0.3209751142712037,0.6915271435819381,0.7586382113821138,0.6766827937525464,0.634703196347032,0.9879600963192294,0.9421613394216134,0.7528763967273889,CONFIRMING,0.7386520414415986,True,CONFIRMED,72
3518,3518.TW,柏騰,其他電子業,TWSE,上市,2007/11/28,ESVUFR,^TWII,其他電子業,TW,TWSE_ISIN,30.299999237060547,0.020201968306673868,0.035897409814035885,0.09386275821333911,0.018487369312959467,29.690000152587892,29.277500057220458,28.701666577657065,0.00224548359472518,-0.00021208521649003856,0.03492440194148072,-0.12805757591192668,-0.24250001907348628,2026-09-16,0,0.5745269368762165,0.05080151269926421,0.2047243384952908,0.13775425794758292,-0.09247645425917828,0.5857522694324223,0.13949471595920598,STRONG_UP,0.0641798584394947,0.06860418814169256,0.039953981075540934,27431752.730880737,0.012431720260701107,0.8812785388127854,0.7026889903602233,0.8533739218670725,0.817351598173516,0.42001015744032505,0.5606291222729579,0.8445121951219512,0.7531138283561769,0.6296296296296297,0.8253779902925964,0.3678335870116692,0.7505026429977478,PERSISTENT,0.7314903024747993,True,CONFIRMED,73
3034,3034.TW,聯詠,半導體業,TWSE,上市,2002/08/26,ESVUFR,^TWII,半導體業,TW,TWSE_ISIN,548.0,0.012939001848428777,0.009208103130755152,0.02621722846441954,0.05393212923840096,547.4,542.2,520.2938507080078,0.0014313195040123246,0.002153531628134523,0.010697159719660565,-0.0335097001763669,-0.05563510125228155,2026-09-16,0,0.9047888047417368,0.03271637122002085,0.0875,0.07835167231098959,-0.05924596050269304,0.12354226032080139,0.029278347519264787,STRONG_UP,0.03749055175621396,0.0009586583927729819,0.07857078900840331,1793980508.25,0.002653796014650267,0.7285641806189751,0.7985794013191273,0.7534246575342466,0.7625570776255708,0.6978161503301168,0.9355657026889903,0.7251016260162602,0.7669746797148002,0.9477422628107559,0.9465142014016972,0.7519025875190258,0.7477040203986178,PERSISTENT,0.7614324654741645,True,CONFIRMED,74
6894,6894.TWO,衛司特,綠能環保,TPEX,上櫃,2023/11/29,ESVUFR,^TWII,綠能環保,TW,TWSE_ISIN,353.0,0.0014184397163119478,0.044378698224851965,0.0680786686838124,-0.06366047745358094,357.4,345.35,342.975,0.0018064419413862118,-0.0009983726525763163,0.022151440567540037,-0.05614973262032086,-0.1555023923444976,2026-09-16,0,0.3705288068522499,0.03672602185350061,0.1836734693877551,0.11798324678571905,-0.050561797752809,0.45354731010437865,0.10598322735740208,STRONG_UP,0.07266114685031078,0.04282009861216585,-0.038324595010012286,19845549.4,0.027359031053898863,0.8447488584474886,0.4530695078640284,0.9254185692541856,0.7909690512430239,0.19857795835449465,0.7569761542364282,0.8226626016260162,0.697532478118802,0.5829528158295282,0.8892427971622998,0.5418569254185692,0.7471249686213325,CONFIRMING,0.7342753488294724,True,CONFIRMED,75
5209,5209.TWO,新鼎,其他業,TPEX,上櫃,2002/02/25,ESVUFR,^TWII,其他業,TW,TWSE_ISIN,173.0,0.0028985507246377384,0.029761904761904656,0.07120743034055721,0.08139231885910281,171.5,161.225,158.6206532796224,0.0013084816769835686,-9.951621341648827e-05,0.07303457900449684,-0.0494505494505495,-0.0494505494505495,2026-09-16,0,0.9212395536716351,0.027250206440957887,0.3150684931506849,0.1093526731333008,-0.058461538461538454,0.49933141856705016,0.20516387149661366,STRONG_UP,0.05804435338736347,0.04594886026891065,0.10175352366807844,22407678.85,0.011960047176765354,0.8503297818366311,0.8442415017757483,0.8503297818366311,0.7519025875190258,0.707465718638903,0.9441907661085743,0.8760162601626016,0.8369377463327127,0.5976661593099949,0.6348271049775158,0.11060375443937087,0.7447321678842341,PERSISTENT,0.7284619509583206,True,CONFIRMED,76
7712,7712.TWO,博盛半導體,半導體業,TPEX,上櫃,2024/12/26,ESVUFR,^TWII,半導體業,TW,TWSE_ISIN,154.0,0.026666666666666616,0.019867549668874274,0.06944444444444442,-0.22455647781987642,150.3,151.55,154.30198389689127,0.0023599198119409926,8.387992350213016e-05,0.016166281755196188,-0.09411764705882353,-0.27435560309749907,2026-09-16,0,0.6452146692348572,0.04336734693877551,0.13333333333333333,0.15145689950604627,-0.09657320872274144,0.34148030472261126,0.06113461512454651,BEAR,0.048149998294333085,0.04418587437279786,-0.1824715267649033,50876779.825,0.0025064385577631687,0.8467782851344495,0.1537290715372907,0.7508878741755454,0.8214104515474379,0.489588623666836,0.48756976154236426,0.7809959349593496,0.6130300438890012,0.6996448503297819,0.9191685912240191,0.6519533231861999,0.7445542949191827,CONFIRMING,0.7278455934428983,True,CONFIRMED,77
5426,5426.TWO,振發,電腦及週邊設備業,TPEX,上櫃,2000/02/09,ESVUFR,^TWII,電腦及週邊設備業,TW,TWSE_ISIN,28.649999618530273,0.055248619560798407,0.0270607658006774,0.0648203501018858,-0.1829869111257607,27.63000030517578,28.08604097366333,27.937338447570802,-0.0008700705285406142,-0.001828831284232279,0.02007967749515771,-0.08777594504193209,-0.28041956379573274,2026-09-16,0,0.8660921622381788,0.041995320211936055,0.16524526575185217,0.12083550337512375,-0.10304835488195074,0.13661486535820788,0.08864328512342945,STRONG_UP,0.05534321442613621,0.039561780030239246,-0.19063710688749835,24670918.974256705,0.010855678275205949,0.8386605783866058,0.1415525114155251,0.8417047184170472,0.4353120243531202,0.6739461655662773,0.4759005580923389,0.8089430894308943,0.6036415383865766,0.6103500761035008,0.8996016125242114,0.5834601725012684,0.7397362532150036,CONFIRMING,0.7068196329529104,True,CONFIRMED,78
6021,6021.TWO,美好證,金融保險業,TPEX,上櫃,2003/04/21,ESVUFR,^TWII,金融保險業,TW,TWSE_ISIN,44.900001525878906,0.01583712106010604,0.051522265190423466,0.25069636817458774,0.09512198843607078,43.94000015258789,40.64749984741211,38.13166659673055,0.008762592977498054,-1.2141291656566526e-05,0.10461902194305672,-0.0022221883138020537,-0.0022221883138020537,2026-09-16,0,1.7374698999843532,0.025214753612438086,0.7086620133328287,0.08385443989245626,-0.027672917587952095,1.8620367051106084,2.118659348672294,STRONG_UP,0.07980471381588228,0.22543779810294118,0.0880418434996344,12536514.064283181,-0.011151826853223468,0.9660071029934043,0.817351598173516,0.5149670218163369,0.9563673262303399,0.9106145251396648,0.9934043632673769,0.994410569105691,0.8676968270298121,0.5225773718924404,0.4769048902847164,0.049213597158802636,0.738573703321406,PERSISTENT,0.6947883971749657,True,CONFIRMED,79
4736,4736.TW,泰博,生技醫療業,TWSE,上市,2023/12/22,ESVUFR,^TWII,生技醫療業,TW,TWSE_ISIN,130.0,0.007751937984496138,0.03585657370517925,0.043207110531638726,0.21283420389248997,128.6,125.7714241027832,117.16526679992675,0.003026551930744064,0.0024503323271590403,0.03362111805111723,-0.003831417624521105,-0.003831417624521105,2026-09-16,0,0.43076508920336126,0.02142857142857143,0.18440129005049988,0.06467988601279016,-0.058419234061070635,-0.06927600912367157,0.1231827607088422,STRONG_UP,0.06413902233063806,0.01794854045999217,0.23941027113413327,45083262.90902062,0.02505479607226957,0.7874175545408422,0.9462201927955353,0.9162861491628614,0.8498224251648909,0.26612493651599795,0.991374936580416,0.834349593495935,0.8177085387444709,0.6859462201927955,0.8318944097444139,0.3815322171486555,0.7374702357906651,PERSISTENT,0.7443069442833207,True,CONFIRMED,80
4119,4119.TW,旭富,生技醫療業,TWSE,上市,2004/01/07,ESVUFR,^TWII,生技醫療業,TW,TWSE_ISIN,59.70000076293945,0.001677890794943293,0.034662044602338904,0.14807693774883557,0.3721234609747408,58.7,55.38500003814697,50.61611213684082,0.003548829942477503,0.004888729065981253,0.0779091942190211,-0.013223127885298336,-0.013223127885298336,2026-09-16,0,0.8813632950579036,0.03278297296615639,0.5167786540773104,0.09027035716266056,-0.044404973958762084,1.0195346986363676,0.8477090707843782,STRONG_UP,0.06294449322779772,0.12281836767718901,0.43204972812134956,12058126.809144784,-0.0023571898348699882,0.9233891425672247,0.9807204464738711,0.6712328767123288,0.8685946220192795,0.6846114779075673,0.9822425164890918,0.9659552845528455,0.8778166965403081,0.5139523084728564,0.6104540289048945,0.09639776763064434,0.7363351067814883,PERSISTENT,0.7026440328559087,True,CONFIRMED,81
5469,5469.TW,瀚宇博,電子零組件業,TWSE,上市,2003/08/25,ESVUFR,^TWII,電子零組件業,TW,TWSE_ISIN,74.69999694824219,0.04475520207331729,0.03176789190454876,0.03462604024474092,-0.09911471773145442,72.5,72.34999961853028,74.32804584503174,-0.0021023217456013874,-0.0020892722597825766,0.032480958425741724,-0.014511953287977053,-0.330211365837067,2026-09-16,0,2.115046924293888,0.024861351178228647,0.13661177125866436,0.07579150351323202,-0.04946529982193315,0.14207297807244212,0.06241233476364552,REBOUND,0.06005034053000757,0.009367470173094361,-0.08603118987108238,74524248.21983758,0.023111381843363532,0.7671232876712328,0.3160832064941654,0.9081684424150177,0.28209030948756975,0.9365159979685119,0.3480466768138001,0.7835365853658537,0.6262416865424675,0.7351598173515982,0.8375952078712914,0.3896499238964992,0.7347576992140097,CONFIRMING,0.7167807994107651,True,CONFIRMED,82
2886,2886.TW,兆豐金,金融保險業,TWSE,上市,2002/02/04,ESVUFR,^TWII,金融保險業,TW,TWSE_ISIN,50.900001525878906,-0.01737447344473575,0.01192847510773487,0.081827892693902,0.18512307111841553,51.36000061035156,49.10250015258789,47.4017832438151,0.003814168073208674,0.0027937299663484327,0.03660712525238452,-0.03780718227430657,-0.03780718227430657,2026-09-16,0,0.9408299604430056,0.02827673438369729,0.28624566946553087,0.07791164763457832,-0.030476161411830405,0.5345531953912586,0.3006338671590894,STRONG_UP,0.04021092373319368,0.05656932262225545,0.1946564011116949,1376969481.7269518,-0.00852849806574063,0.8680872653475393,0.9279553526128869,0.5560629122272958,0.8746829020801623,0.7155916708989335,0.9629629629629629,0.9044715447154471,0.8317932317593072,0.9350583460172501,0.8169643737380774,0.3480466768138001,0.7341125323495734,PERSISTENT,0.7240088645320732,True,CONFIRMED,83
4956,4956.TW,光鋐,光電業,TWSE,上市,2011/10/24,ESVUFR,^TWII,光電業,TW,TWSE_ISIN,35.25,0.09984401994116676,0.03676470588235303,0.21342516095593567,-0.14233573458170778,33.30999984741211,34.839999961853025,33.18083333969116,0.004559383695091918,-0.0025799523660834218,0.011768083771409144,-0.08678752866705575,-0.4134775225463847,2026-09-16,0,2.157998181921623,0.06089161232249716,0.20597997171042434,0.24419228538571428,-0.14873843457799518,1.453437368849059,0.18002742611854933,STRONG_UP,0.06504715450781184,0.1881665908842891,-0.14886252924958476,125816755.6969738,-0.016591584356630884,0.9568746829020801,0.1963470319634703,0.42059868087265345,0.8939624556062912,0.9395632300660234,0.16996448503297817,0.8673780487804879,0.6286647011976902,0.7823439878234398,0.9411595811429543,0.7376966007102993,0.7662396445841102,UNKNOWN,0.7230788666578379,True,EARLY,84
9941,9941.TW,裕融,其他業,TWSE,上市,2001/09/17,ESVUFR,^TWII,其他業,TW,TWSE_ISIN,80.80000305175781,-0.0024690981264468004,0.0062266498256260405,0.019750126691023162,0.07661350702090974,80.80000152587891,80.60998497009277,77.96206385294596,0.001040320433474532,0.0009370035602252532,0.002357252414022293,-0.025331706097321827,-0.15647852005106389,2026-09-16,0,1.0375446975395637,0.020292588165566002,0.11188251613068624,0.05304987903810972,-0.027844981414665293,-0.3337386640203638,0.04165313678668535,STRONG_UP,0.03450909845108485,-0.005508443380623396,0.09920208129009733,112118714.7515995,0.00128911815287025,0.7037037037037037,0.8396752917300863,0.732623033992897,0.7275494672754946,0.760792280345353,0.7549467275494672,0.7540650406504065,0.7534897909529499,0.7691527143581938,0.9882137379298885,0.9446981227803145,0.7564711301270722,PRE_CONFIRMATION,0.764899902200181,True,EARLY,85
4105,4105.TWO,東洋,生技醫療業,TPEX,上櫃,2001/09/27,ESVUFR,^TWII,生技醫療業,TW,TWSE_ISIN,78.5999984741211,0.0038313590123997265,0.018134735508053446,0.020779200962611544,0.0536193040457984,77.98000030517578,77.76000061035157,77.13000005086263,0.00040698858341061236,0.0007225992157501013,0.010802441578912525,-0.012562814311172565,-0.04270382659639371,2026-09-16,0,0.7268590774766588,0.009905469692201904,0.21052657996576804,0.03275616093273788,-0.03164556962025311,0.13325639248192644,0.1335496587058183,STRONG_UP,0.04641718413351226,-0.004479369109035014,0.09017548336068493,35487763.63963394,0.01293993526740056,0.7077625570776256,0.8224251648909183,0.8559107052257737,0.665144596651446,0.568816658202133,0.9553526128868595,0.8440040650406504,0.773144071309565,0.6570268899036023,0.9459877921054374,0.7498731608320649,0.7555657867938431,PRE_CONFIRMATION,0.7651175882193916,True,EARLY,86
2474,2474.TW,可成,其他電子業,TWSE,上市,2001/09/17,ESVUFR,^TWII,其他電子業,TW,TWSE_ISIN,207.0,0.017199017199017286,0.004854368932038833,0.014705882352941124,0.0183707496702068,204.8,206.475,197.63150482177736,0.0005653125263037466,-0.00020185335137899558,0.002542680711950629,-0.034965034965035,-0.19410887481533368,2026-09-16,0,1.1466734296461314,0.018461007591442376,0.08108108108108109,0.051288962269847534,-0.04683840749414525,0.015230069977973104,0.02324805936127597,STRONG_UP,0.033136817557497644,-0.010552687718705434,0.044946816911850096,520625635.825,0.0011778983438035517,0.6823947234906139,0.7199391171993912,0.730593607305936,0.6879756468797564,0.8019299136617573,0.6681887366818874,0.7047764227642277,0.710462617407185,0.8817858954845256,0.9872865964402469,0.9396245560629122,0.7471249375121213,PRE_CONFIRMATION,0.7609025714357207,True,EARLY,87
2480,2480.TW,敦陽科,資訊服務業,TWSE,上市,2001/09/17,ESVUFR,^TWII,資訊服務業,TW,TWSE_ISIN,160.0,-0.006211180124223614,0.02893890675241151,0.009463722397476282,0.06312292358803995,158.5,157.525,157.50833333333333,7.508613245778077e-05,0.0006933080582567784,0.01571179177908255,-0.021406727828746197,-0.06965337941342875,2026-09-16,0,1.751679834093851,0.017857142857142856,0.06976744186046512,0.04116748976922181,-0.031152647975077885,0.030097612849696143,0.016038376540586163,STRONG_UP,0.05722135537787032,-0.015794847674170276,0.0861787162482659,27591854.675,0.026572976153042438,0.6402841197361745,0.8138001014713343,0.9228817858954845,0.6128868594622019,0.9116302691721686,0.915271435819381,0.6849593495934959,0.773738109517358,0.6306443429731101,0.9214410411045872,0.6590563165905632,0.7456587020109541,PRE_CONFIRMATION,0.7601704949599338,True,EARLY,88
2812,2812.TW,台中銀,金融保險業,TWSE,上市,1984/05/15,ESVUFR,^TWII,金融保險業,TW,TWSE_ISIN,19.299999237060547,-0.002584038419816359,0.007832878408265298,0.015789433529502572,0.05877165529655359,19.34000015258789,19.160000038146972,18.882635815938315,0.0015851386358684424,0.001250770625205057,0.007306847527914551,-0.02030464519734476,-0.0964512285520931,2026-09-16,0,0.748722383405443,0.016284247250784843,0.11538438966275122,0.03909060664017687,-0.017994877518803354,0.07818471081752032,0.046605931897965316,STRONG_UP,0.03611532703372411,-0.009469136542143985,0.07740690186262733,294869297.0209066,0.003885520025889655,0.6879756468797564,0.7960426179604262,0.7681380010147133,0.778285134449518,0.5855764347384459,0.8721461187214612,0.7627032520325203,0.7462942294584259,0.8472856418061897,0.9634657623604272,0.8269913749365804,0.7436198565388976,PRE_CONFIRMATION,0.7638453286280935,True,EARLY,89
2609,2609.TW,陽明,航運業,TWSE,上市,1992/04/20,ESVUFR,^TWII,航運業,TW,TWSE_ISIN,60.20000076293945,0.02380955006877805,0.02905984210152912,0.0203389959820246,0.2151767450330706,59.14000015258789,59.214999771118165,53.52342313130696,0.004943032516524175,0.00270113241187085,0.01663431555566297,-0.10549780039917711,-0.10549780039917711,2026-09-16,0,0.5099815793689411,0.035476982851143625,0.04545455202254716,0.14768998333335093,-0.12868215871411703,0.059265458954292416,0.006259733599296486,STRONG_UP,0.05734229072698793,-0.004919574089621959,0.24885913269650906,4906414690.270303,0.02397509310602297,0.7057331303906647,0.9487569761542364,0.9117199391171994,0.9005580923389143,0.35449466734382934,0.8513444951801116,0.646849593495935,0.7782673535319725,0.9710806697108066,0.9168284222216851,0.6448503297818367,0.7369908719886182,PRE_CONFIRMATION,0.767354660643628,True,EARLY,90
4714,4714.TWO,永捷,化學工業,TPEX,上櫃,2000/03/27,ESVUFR,^TWII,化學工業,TW,TWSE_ISIN,11.449999809265137,0.031531478897937504,0.022321428951560307,0.09569378165092246,-0.08400001525878908,11.329999923706055,11.02999997138977,11.088000027338664,0.002714078996228827,-0.0032667382973878807,0.03807795457522989,-0.07661289020085771,-0.4815949287950171,2026-09-16,0,0.8799495458544214,0.04117278621578277,0.18518526367693175,0.13521618621072348,-0.10593220167754547,0.6094369075787793,0.1310573732618959,REBOUND,0.05060387757701912,0.0704352115792759,-0.05742394801714579,18080059.268110324,-0.001602016461170308,0.882800608828006,0.39928970065956365,0.6829020801623541,0.8386605783866058,0.6841036058913154,0.08726534753932014,0.8399390243902439,0.6479902599840159,0.5702688990360223,0.8096102271238506,0.3257229832572298,0.7286356083895547,UNKNOWN,0.6986640157227149,True,EARLY,91
8215,8215.TW,明基材,光電業,TWSE,上市,2010/11/12,ESVUFR,^TWII,光電業,TW,TWSE_ISIN,25.850000381469727,0.05510205638651944,0.0137255051556755,0.08158999138341283,-0.13483909948953454,25.079999923706055,25.05000009536743,25.527781422932943,0.0005792609603382742,-0.002754774620364088,0.0319361390441768,-0.03364484555253355,-0.21643367191787366,2026-09-16,0,4.552563852346253,0.03592151421238229,0.2085561802772448,0.11023127849166613,-0.0684410376150918,0.49838267751796733,0.15436722847285467,REBOUND,0.04200795378113431,0.05633142131176627,-0.1010533446188574,18169819.099067688,-0.006671992690177708,0.8670725520040589,0.2815829528158295,0.595636732623034,0.6894977168949772,0.9852717115286947,0.6225266362252664,0.8526422764227642,0.677424072564806,0.5712836123795028,0.840319304779116,0.39624556062912225,0.7285178283653777,UNKNOWN,0.6905563348805799,True,EARLY,92
2353,2353.TW,宏碁,電腦及週邊設備業,TWSE,上市,1996/09/18,ESVUFR,^TWII,電腦及週邊設備業,TW,TWSE_ISIN,32.0,0.035598718286393494,0.006289332318799801,0.035598718286393494,-0.06432750625325911,31.379999923706055,31.435000038146974,31.105833212534588,0.0002746987632714235,-0.002484418889025397,0.017973595074515236,-0.031770023034770056,-0.2509868163611225,2026-09-16,0,1.2454027924350453,0.030357143708637783,0.10576923253268121,0.09285349631932417,-0.05504590527255315,0.13442558512551273,0.04055042902585199,STRONG_UP,0.03457178094425861,0.010340148214746936,-0.015340144193082605,456469969.80642855,-0.0026103472527985727,0.7676306443429731,0.510908168442415,0.6661593099949265,0.6453576864535768,0.8334179786693753,0.5403348554033486,0.7505081300813008,0.6709750563342254,0.8751902587519026,0.9101320246274238,0.6159309994926433,0.7233977617827412,UNKNOWN,0.7167324021782318,True,EARLY,93
7728,7728.TWO,光焱科技,其他電子業,TPEX,上櫃,2025/03/06,ESVUFR,^TWII,其他電子業,TW,TWSE_ISIN,635.0,0.0,0.012759170653907415,0.09632485266722735,-0.07719419435880592,628.2,620.7886108398437,618.810715230306,0.002923738231780336,-0.0022573975506753807,0.02289247726521615,-0.08764367816091956,-0.3408530421323228,2026-09-16,0,0.8915806598479862,0.05230596175478065,0.23104695513266083,0.11359185572441864,-0.08245877061469264,0.6320637323324153,0.19592570057450695,STRONG_UP,0.041041619279366226,0.07106628259558079,-0.06997771525076901,21781570.587750245,-0.011322042512899422,0.8838153221714865,0.36428209030948755,0.5114155251141552,0.8462709284627092,0.6912138141188421,0.32014205986808725,0.8734756097560976,0.643632818592466,0.593607305936073,0.8855376136739193,0.5301877219685439,0.7157596794158687,UNKNOWN,0.6802350834450231,True,EARLY,94
4540,4540.TW,全球傳動,電機機械,TWSE,上市,2018/08/15,ESVUFR,^TWII,電機機械,TW,TWSE_ISIN,60.400001525878906,0.054101262305311426,0.046793773435678254,0.01683501640255569,0.004991731437181235,58.01999969482422,58.60499992370605,56.646666590372725,-0.0017194082408339122,-0.0018101148940331791,0.030628813318140935,-0.05031441863232544,-0.2625152576243407,2026-09-16,0,2.4849485089045413,0.04623934467472516,0.045871553211519686,0.11803686887814238,-0.08306192446377725,-0.04401533466230831,0.006542433377522793,STRONG_UP,0.07507622206113707,-0.008423553669090866,0.04170214330683497,134976998.39440805,0.04258501933503933,0.6910197869101978,0.7102993404363267,0.9548452562151192,0.32166412988330795,0.9547993905535805,0.5119228817858955,0.6478658536585366,0.7016668288352147,0.7894469812278031,0.8468559334092953,0.4119736174530695,0.7148045050179126,PRE_CONFIRMATION,0.7122916586851116,True,EARLY,95
5434,5434.TW,崇越,電子通路業,TWSE,上市,2003/08/25,ESVUFR,^TWII,電子通路業,TW,TWSE_ISIN,537.0,0.0,0.0037383177570093906,0.013207547169811429,0.12531711148235658,533.4,530.45,525.6318806966145,0.000858494701988104,0.0025587128025552127,0.012348006409652168,-0.02893309222423146,-0.10797342192691028,2026-09-16,0,1.3117952068396916,0.03139132748071296,0.047619047619047616,0.08405140878169765,-0.03917910447761197,-0.025431957639038383,0.007482692160979209,STRONG_UP,0.0320207663824682,-0.012051022901835129,0.14616928708024401,292530386.1,0.0004364309645565334,0.6692034500253679,0.8975139523084729,0.7204464738711314,0.7097919837645865,0.845606907059421,0.8488077118214105,0.6504065040650406,0.760331934719752,0.8457635717909691,0.9382599679517392,0.7250126839167935,0.7143629453494931,PRE_CONFIRMATION,0.7268426820190059,True,EARLY,96
7749,7749.TW,意騰-KY,半導體業,TWSE,上市,2025/06/13,ESVUFR,^TWII,半導體業,TW,TWSE_ISIN,359.0,0.018439716312056653,0.009845288326300938,0.10291858678955457,-0.21946367136147804,351.1,361.225,366.81874593098956,0.00039836316626135873,-0.0049259498879768845,-0.006159595819779984,-0.07474226804123707,-0.344210087013891,2026-09-16,0,0.8704778254740546,0.03362514922403502,0.22259136212624583,0.1388381466507591,-0.11256544502617805,0.5693345961576513,0.16500355971490452,BEAR,0.03812773695175975,0.07766001671790801,-0.20352381148499288,90937122.5,-0.015884358371087703,0.8909183155758498,0.1202435312024353,0.4287163876204972,0.6636225266362252,0.6775012696800407,0.313039066463724,0.858739837398374,0.5623760132953606,0.7524099441907661,0.9692020209011001,0.8513444951801116,0.7139780538591451,UNKNOWN,0.6709688255362684,True,EARLY,97
2603,2603.TW,長榮,航運業,TWSE,上市,1987/09/21,ESVUFR,^TWII,航運業,TW,TWSE_ISIN,239.0,0.023554603854389677,0.02136752136752129,-0.006237006237006182,0.2815013404825737,235.0,236.9,213.99166666666667,0.002604800717286368,0.002261450334369644,0.008864499788940439,-0.06822612085769986,-0.06822612085769986,2026-09-16,0,0.8601646108178995,0.027644949193066346,0.018404907975460124,0.09653282039430773,-0.08946322067594437,-0.17650494912606615,-0.0011891450531081608,STRONG_UP,0.0496499699929801,-0.03149557630865274,0.29112633179190794,3497388948.775,0.022926772926772837,0.5073566717402334,0.9599188229325215,0.9071537290715372,0.8315575849822425,0.6688674454037582,0.9183155758498224,0.5376016260162602,0.7505302151075015,0.9644850329781837,0.9556775010552978,0.791476407914764,0.7131944872981687,PRE_CONFIRMATION,0.7737630516025331,True,EARLY,98
5269,5269.TW,祥碩,半導體業,TWSE,上市,2012/12/12,ESVUFR,^TWII,半導體業,TW,TWSE_ISIN,1475.0,0.07664233576642343,0.057347670250896154,0.010273972602739656,0.06805708313957082,1377.0,1418.5,1417.076259358724,-0.0009244053666630217,0.00031126467544908155,0.03983080719069432,-0.013377926421404673,-0.08863390980425079,2026-09-16,0,3.5948790665306,0.036803874092009685,0.027522935779816515,0.11812460800348644,-0.1054421768707483,0.016783016228199443,0.00239382710282054,STRONG_UP,0.08563011887635497,-0.014984597468906902,0.09463315038121412,624068211.25,0.05477917710021124,0.6484018264840182,0.8320649416539827,0.9670218163368848,0.4226281075596144,0.97866937531742,0.8853373921867073,0.6204268292682927,0.7642728878355372,0.8914256722475901,0.8008459640465284,0.3054287163876205,0.7107650887735284,PRE_CONFIRMATION,0.7261598447473437,True,EARLY,99
2347,2347.TW,聯強,電子通路業,TWSE,上市,1995/12/13,ESVUFR,^TWII,電子通路業,TW,TWSE_ISIN,88.69999694824219,0.002259852522510597,0.0011286509688857027,0.027809893529725516,0.008875539904090735,88.91999969482421,87.80500030517578,88.2425708770752,-0.0008314206069490506,0.0003249424839052485,0.010193003131436118,-0.016629712314299994,-0.09766028286348005,2026-09-16,0,1.1822933360198558,0.01997100682526715,0.16666613684793885,0.044497938043427485,-0.026047598779919023,0.16259793398941558,0.10416139993337162,REBOUND,0.029411099594344514,0.002551323458078958,0.05893989208136219,238315142.97644997,-0.005823822413545676,0.7341451040081177,0.7584982242516489,0.6073059360730594,0.44495180111618465,0.813610970035551,0.8701166920345003,0.8201219512195121,0.7212119527038929,0.8346017250126839,0.9490349843428194,0.7590055809233891,0.7061668165219375,UNKNOWN,0.6946868663913859,True,EARLY,100
4977,4977.TW,眾達-KY,通信網路業,TWSE,上市,2013/11/20,ESVUFR,^TWII,通信網路業,TW,TWSE_ISIN,176.5,0.09968847352024923,0.035190615835777095,0.21724137931034493,-0.017351611827898128,170.4,167.70472717285156,151.30250663757323,0.007226276846785098,-0.0018178967617085175,0.05244499052243912,-0.06860158311345643,-0.34310137606378266,2026-09-16,0,1.1233521818726628,0.060599882464715704,0.23662427478522088,0.22819207896223112,-0.1324324324324324,1.4582001140617848,0.22526892285844685,STRONG_UP,0.0634730644612359,0.19198280923869837,-0.006667453074268526,803049374.3032768,-0.019119728991809137,0.9583967529173009,0.5408422120750888,0.3830542871638762,0.9421613394216134,0.7932960893854749,0.3150684931506849,0.8821138211382114,0.6984897480285229,0.9081684424150177,0.7377750473878044,0.20192795535261288,0.7030126471387925,UNKNOWN,0.6671081910622684,True,EARLY,101
6147,6147.TWO,頎邦,半導體業,TPEX,上櫃,2002/01/31,ESVUFR,^TWII,半導體業,TW,TWSE_ISIN,207.5,0.03750000000000009,0.04797979797979801,0.28482972136222906,-0.16666666666666663,193.6,182.9,179.2,0.008768488680760654,-0.005589448953286064,0.13449972662657195,0.0,-0.3298702508518251,2026-09-16,0,1.616805319906347,0.07504302925989673,0.323943661971831,0.19936114082662848,-0.08585858585858586,1.9295595393935459,0.4628223062624674,STRONG_UP,0.07626224660525682,0.2595711512905825,-0.16916036686688385,7518752783.275,-0.023227632360759254,0.9705733130390665,0.17250126839167934,0.33231861998985285,0.9568746829020801,0.9014728288471305,0.34906139015728055,0.9385162601626016,0.6415838911434897,0.9822425164890918,0.32750136686714026,0.027904616945712835,0.7026349083317438,UNKNOWN,0.6690178497011119,True,EARLY,102
3455,3455.TWO,由田,光電業,TPEX,上櫃,2007/12/27,ESVUFR,^TWII,光電業,TW,TWSE_ISIN,240.5,0.06651884700665178,0.03663793103448265,-0.0130554957033866,-0.05145796122482671,231.8,239.28363571166992,219.8944465637207,0.001698755414092753,0.0012946124927194548,0.005083357600750293,-0.12065813528336378,-0.2441076056700815,2026-09-16,0,0.7014754371743884,0.06638042139659023,0.026422967977509648,0.14540427946037196,-0.14905660377358487,-0.42489903378974425,-0.0023724538657413767,STRONG_UP,0.06492037965994146,-0.03831406577503316,-0.0586948366876493,464105386.85,0.0399018049603293,0.4505327245053272,0.39776763064434295,0.9492643328259767,0.7838660578386606,0.5449466734382935,0.5560629122272958,0.5238821138211383,0.5754521329116357,0.8756976154236428,0.9745832119962485,0.8792491121258245,0.6967901159832472,PRE_CONFIRMATION,0.7633190770776528,True,EARLY,103
2382,2382.TW,廣達,電腦及週邊設備業,TWSE,上市,1999/01/08,ESVUFR,^TWII,電腦及週邊設備業,TW,TWSE_ISIN,340.5,0.022522522522522515,-0.004385964912280715,0.028700906344410804,-0.04559958051732205,335.7,334.7,333.098215230306,0.0020756249435971634,-0.0013045272178653154,0.01732895129967149,-0.031294452347083945,-0.1894133872514262,2026-09-16,0,1.287102062620186,0.029893014474512272,0.09178743961352658,0.09365957357984038,-0.05611510791366903,0.09358528659664009,0.028127212277935486,STRONG_UP,0.023896483713178096,0.003442336272764246,-0.020304656170289315,4426948947.35,-0.011561191498383416,0.7387113140537798,0.49974632166412986,0.5058346017250127,0.8097412480974124,0.8400203148806501,0.6763064434297311,0.7205284552845529,0.6651619292742574,0.9685438863521055,0.9133552435016425,0.6296296296296297,0.6946729178772942,UNKNOWN,0.6971630646394924,True,EARLY,104
3031,3031.TW,佰鴻,光電業,TWSE,上市,2002/08/26,ESVUFR,^TWII,光電業,TW,TWSE_ISIN,24.25,0.05434782608695654,-0.004106791782468533,0.09728504893298529,-0.18406788173577227,23.660000228881835,24.142500019073488,25.19099864959717,0.0020221462027885024,-0.002665062089200642,0.004452727797104039,-0.058252427184465994,-0.31581265298404915,2026-09-16,0,0.8786309464841975,0.035346108437989,0.2429377995318483,0.10331900652914258,-0.0854870636636581,0.5433572034192854,0.22874993197366128,BEAR,0.02417565684299028,0.07202647886133873,-0.18676860374340398,19286770.78176861,-0.028428054015714854,0.8863521055301877,0.14713343480466767,0.28056823947234905,0.806697108066971,0.6830878618588115,0.3911719939117199,0.8841463414634146,0.5696102797944245,0.5768645357686454,0.9777363610144798,0.8964992389649924,0.6917133969443177,UNKNOWN,0.641856787076849,True,EARLY,105
2206,2206.TW,三陽工業,汽車工業,TWSE,上市,1996/07/29,ESVUFR,^TWII,汽車工業,TW,TWSE_ISIN,63.599998474121094,0.0031545259215892685,-0.009345771069191988,0.012738841509227994,0.08612842098350892,63.439999389648435,63.52499980926514,61.94589347839356,0.0015446009246759393,0.0012213096873305062,0.0011806165302028493,-0.015479876526631853,-0.04647674086891829,2026-09-16,0,0.8686362559204164,0.01549865609034684,0.13793073964919297,0.02761590702550904,-0.01866258974623658,0.06081820026765805,0.06362557022004135,STRONG_UP,0.018936677556266823,-0.012519728562418564,0.12883518050142606,38068345.11469517,-0.012530481446498987,0.6656519533231862,0.8822932521562659,0.4916286149162861,0.7737189244038559,0.6759776536312849,0.9472349061390157,0.7850609756097561,0.734815176977884,0.665144596651446,0.9940969173489858,0.9715880263825469,0.6884354297900012,UNKNOWN,0.691082694704431,True,EARLY,106
2379,2379.TW,瑞昱,半導體業,TWSE,上市,1998/10/26,ESVUFR,^TWII,半導體業,TW,TWSE_ISIN,720.0,0.024182076813655806,0.02127659574468077,0.010255007071754196,-0.0715215706608977,707.2,700.8700286865235,719.9370249430339,-0.0011315153463579042,0.0012835965209196441,0.02729460603320044,-0.0367336138750044,-0.23137300766269542,2026-09-16,0,1.0656721055076215,0.03882751376492521,0.03130330443375252,0.09735922105874513,-0.04973118507929375,-0.36427512147977925,0.0032972286019391055,REBOUND,0.04955904437013958,-0.015003562999892361,-0.10949788111619507,1701363651.9,0.01871284397674222,0.6473871131405378,0.2658548959918823,0.8883815322171487,0.3921867072552004,0.7714575926866429,0.5865043125317098,0.6290650406504065,0.5861963526284791,0.9441907661085743,0.8635269698339978,0.46017250126839165,0.6869770322389283,PRE_CONFIRMATION,0.7001908119223872,True,EARLY,107
3026,3026.TW,禾伸堂,電子零組件業,TWSE,上市,2002/08/26,ESVUFR,^TWII,電子零組件業,TW,TWSE_ISIN,772.0,0.06336088154269981,0.01846965699208436,0.11884057971014483,-0.03015075376884424,755.2,710.05,710.0916666666667,0.007001623161339607,-2.424196070400901e-05,0.0872473769452855,-0.06537530266343827,-0.26124401913875595,2026-09-16,0,0.8405734782480343,0.07614729829755737,0.11849710982658959,0.27840847762388093,-0.14016172506738545,0.5727157708559558,0.050581308967154376,REBOUND,0.04675210561754317,0.09358200963849828,-0.017978388203901297,6845554822.35,-0.011240487935451848,0.9041095890410958,0.5053272450532724,0.5139523084728564,0.9386098427194317,0.6551549009649569,0.5159817351598174,0.7693089430894309,0.6920912347352205,0.9802130898021308,0.5637631152735725,0.0730593607305936,0.6788648484759243,UNKNOWN,0.6581471398718977,True,EARLY,108
8478,8478.TW,東哥遊艇,運動休閒,TWSE,上市,2017/12/11,ESVUFR,^TWII,運動休閒,TW,TWSE_ISIN,142.0,0.0035335689045936647,0.007092198581560183,0.02898550724637672,-0.023911059292336723,141.6,142.1,144.51960830688478,-0.0009138840070298497,-0.0008144248888427007,-0.0007037297677691123,-0.02405498281786944,-0.376615437282643,2026-09-16,0,0.4212565095490309,0.015090543259557344,0.16,0.053730634894815034,-0.02422145328719727,0.1692075533492835,0.08631353730509905,BEAR,0.035374647207018994,0.0037269371747301605,0.002665007949306575,11208818.225,-0.00015417823003399667,0.7402333840690005,0.5753424657534246,0.7082699137493658,0.42668696093353625,0.2579989842559675,0.24606798579401318,0.8058943089430894,0.5800321502230005,0.5068493150684932,0.9964813511611544,0.9842719431760527,0.6785312716297397,UNKNOWN,0.6528696197506638,True,EARLY,109
2395,2395.TW,研華,電腦及週邊設備業,TWSE,上市,1999/12/13,ESVUFR,^TWII,電腦及週邊設備業,TW,TWSE_ISIN,695.0,0.014598540145985384,0.06431852986217468,0.0014409221902016434,0.4993603258782813,676.6,676.0,603.2644821166992,-0.0005122798399091528,0.0058164176783295825,0.028106508875739733,-0.044016506189821225,-0.044016506189821225,2026-09-16,0,0.7696465618308727,0.04491264131551902,0.0030581039755351682,0.1271949341562657,-0.08157524613220812,-0.21032249854341134,3.4643595733764694e-05,STRONG_UP,0.09260097848763349,-0.023817647881444914,0.48287788747184157,1987453103.25,0.06395829931462427,0.5788939624556063,0.9863013698630136,0.9726027397260274,0.49822425164890916,0.6023362112747588,0.9523084728564181,0.5807926829268293,0.7512403374161,0.9492643328259767,0.8594674556213013,0.44799594114662605,0.6774068710563222,PRE_CONFIRMATION,0.711672278921588,True,EARLY,110
4951,4951.TWO,精拓科,半導體業,TPEX,上櫃,2022/11/03,ESVUFR,^TWII,半導體業,TW,TWSE_ISIN,81.30000305175781,0.013715787348789199,0.004944394540597807,0.06274513793147474,-0.1820925371858142,81.53999938964844,79.2900001525879,82.51333300272624,0.0010793156500993194,-0.005076322138102114,0.025350017597449925,-0.043529375861672825,-0.411280060193534,2026-09-16,0,0.6640548799864852,0.028114565804617957,0.24999980131813496,0.06406316454868892,-0.03489773260082574,0.18570569324735015,0.24485634025502856,BEAR,0.03322684316605662,0.03748656785982818,-0.16042390224077863,14515458.142152023,-0.010741889942270877,0.8340943683409436,0.18011161846778284,0.5200405885337392,0.7300862506341959,0.505332656170645,0.1735159817351598,0.8902439024390244,0.5524698831567559,0.5408422120750888,0.8732499120127504,0.4901065449010654,0.6744724570637735,UNKNOWN,0.6417142310796872,True,EARLY,111
5285,5285.TW,界霖,半導體業,TWSE,上市,2014/02/25,ESVUFR,^TWII,半導體業,TW,TWSE_ISIN,84.0,0.007194226176781449,0.0,0.0579344884851396,-0.22580645161290325,84.24000091552735,83.1650001525879,84.47000045776367,0.0038850609783437047,-0.0010023396678547434,0.010040279515181716,-0.0697674732983874,-0.2727272727272727,2026-09-16,0,0.5943689333222839,0.05110544736693505,0.1055045927747856,0.16183264731826147,-0.07924105574814011,0.28992926605498076,0.03776960160096467,BEAR,0.02828244862545881,0.032675918413493044,-0.12181106546226761,110524355.93376884,-0.0144836221212849,0.8254693049213597,0.2359208523592085,0.4530695078640284,0.8762049720953831,0.4408329101066531,0.4901065449010654,0.7454268292682927,0.5767690485189253,0.7671232876712328,0.9497986024240914,0.7661085743277524,0.6741174138404782,UNKNOWN,0.651114782701153,True,EARLY,112
8050,8050.TWO,廣積,電腦及週邊設備業,TPEX,上櫃,2003/10/24,ESVUFR,^TWII,電腦及週邊設備業,TW,TWSE_ISIN,57.5,0.00877192982456143,0.030465963910092153,0.014109333797107215,0.08038741558756568,56.459999084472656,56.499999809265134,57.19949162801107,-0.0033924584364038723,0.00033950219211782164,0.017699118479835407,-0.015410984629513846,-0.17146975885067461,2026-09-16,0,0.7561774582567447,0.024968946942631503,0.05797096241223777,0.07399569545793279,-0.06390329301262121,0.011060058025621156,0.011053773522256031,REBOUND,0.058748412535550965,-0.011149236274539343,0.10111295315571933,48656019.10395984,0.02693863046081535,0.6788432267884322,0.8432267884322678,0.9244038559107052,0.15880263825469304,0.5911630269172169,0.7209538305428717,0.665650406504065,0.6906737329920521,0.6930492135971588,0.911504407600823,0.6204972095383054,0.6716984387870552,PRE_CONFIRMATION,0.6580250991426998,True,EARLY,113
1314,1314.TW,中石化,塑膠工業,TWSE,上市,1991/07/12,ESVUFR,^TWII,塑膠工業,TW,TWSE_ISIN,8.149999618530273,0.00493217799585155,-0.007308211856018598,0.04487172041497556,0.020025012765390704,8.145999908447266,8.108999991416932,8.243999981880188,0.00247892691733537,0.0006871332581041605,0.005056064515567726,-0.04678369161184903,-0.2383177790832124,2026-09-16,0,0.522462967466315,0.023225222043976406,0.17948699138562602,0.07659128700667253,-0.0400971403674254,0.2342086661547121,0.10515412927947396,BEAR,0.020974236769440213,0.019613150343329,0.06479259176932706,161735646.7409932,-0.018526141959762488,0.7929984779299848,0.7650938609842719,0.39167935058346015,0.8269913749365804,0.3687150837988827,0.5722983257229832,0.8211382113821138,0.6689345938509256,0.8072044647387113,0.9747196774221614,0.8802638254693049,0.6687044271656972,UNKNOWN,0.6524554016617434,True,EARLY,114
2633,2633.TW,台灣高鐵,航運業,TWSE,上市,2016/10/27,ESVUFR,^TWII,航運業,TW,TWSE_ISIN,25.950000762939453,0.0038684866535403373,-0.005747111737085198,0.0019305461446186278,0.0454545733970404,25.970000076293946,26.120000171661378,25.86623198191325,0.0002832984731361458,0.0010861720740258272,-0.0065083999848654095,-0.01890359113715334,-0.07090599138356435,2026-09-16,0,1.585540585302548,0.008395258023784432,0.02702764005348823,0.020140177991068448,-0.018975331793604777,-0.007298872495087101,0.0025907470294721873,PULLBACK,0.022535336888373614,-0.02332802392702793,0.08015062931424954,79562609.07027464,-0.006229748273239855,0.5824454591577879,0.8016235413495687,0.6002029426686961,0.6473871131405378,0.8984255967496191,0.9112125824454591,0.6219512195121951,0.7038641656444464,0.741248097412481,0.967458000075673,0.8427194317605277,0.6668456904368631,UNKNOWN,0.6808960672420011,True,EARLY,115
5530,5530.TWO,龍巖,其他業,TPEX,上櫃,2000/10/04,ESVUFR,^TWII,其他業,TW,TWSE_ISIN,49.900001525878906,0.0010030702765972954,0.018367378079161334,0.0,0.032057975194920374,49.630000305175784,50.035000038146975,49.003333282470706,-0.0001655390044100354,-3.351763028544979e-05,-0.0026980815861925578,-0.03294567826576167,-0.14554794140259364,2026-09-16,0,0.523199725148362,0.014743766257375399,0.0,0.0297163453391076,-0.0429687642608767,-0.04613774152809069,0.0,PULLBACK,0.046649826704620145,-0.025258570071646558,0.05863404243656367,11144069.961068343,0.018367378079161334,0.5649416539827499,0.7574835109081685,0.884830035514967,0.5662100456621004,0.3697308278313865,0.7721968543886352,0.5688516260162602,0.6531555563944044,0.5053272450532724,0.9865095920690372,0.9360730593607306,0.6604339204166291,PRE_CONFIRMATION,0.673706537232409,True,EARLY,116
5347,5347.TWO,世界,半導體業,TPEX,上櫃,1998/03/25,ESVUFR,^TWII,半導體業,TW,TWSE_ISIN,158.0,0.03267973856209161,0.006369426751592355,0.04290429042904287,-0.1913027002634613,157.9,153.425,163.52748311360676,-0.0005663933374777337,-0.0010684828562174905,0.029819129868013716,-0.030674846625766916,-0.27471091119424174,2026-09-16,0,0.6642876633266929,0.037522603978300186,0.1092436974789916,0.10199887525373773,-0.052631578947368474,0.18289553660553343,0.04595171576668341,BEAR,0.03465187537705117,0.01764572035739631,-0.10618819825288395,1654128743.85,-0.004356645855668362,0.7864028411973617,0.2724505327245053,0.6331811263318112,0.48909183155758496,0.505840528186897,0.487062404870624,0.7621951219512195,0.5704869744506458,0.9426686960933536,0.8509043506599314,0.4200913242009132,0.6566506774118763,UNKNOWN,0.6407269479691023,True,EARLY,117
8464,8464.TW,億豐,居家生活,TWSE,上市,2015/12/22,ESVUFR,^TWII,居家生活,TW,TWSE_ISIN,374.0,-0.020942408376963373,-0.002666666666666706,0.013550135501354976,0.07317073170731714,374.6,371.15,369.68333333333334,-0.00088164803313137,0.0015443582959321126,0.007678836050114546,-0.03359173126614989,-0.17743900863360962,2026-09-16,0,1.073336769124159,0.02683346065699007,0.043859649122807015,0.0806037171750316,-0.03738317757009346,0.016521973954379404,0.0073731610586318715,STRONG_UP,0.025615781958792105,-0.011708434570291582,0.11536791585881945,109788935.025,-0.00605420054200545,0.6712328767123288,0.8665651953323186,0.6037544393708777,0.4332825976661593,0.7724733367191468,0.7042110603754439,0.6498983739837398,0.6876709610246265,0.7666159309994927,0.9616058197494273,0.8203957382039574,0.6561108237908342,UNKNOWN,0.6445418155493818,True,EARLY,118
2376,2376.TW,技嘉,電腦及週邊設備業,TWSE,上市,1998/09/24,ESVUFR,^TWII,電腦及週邊設備業,TW,TWSE_ISIN,350.0,0.020408163265306145,0.0014306151645206988,0.004304160688665792,0.07062825008646678,347.5,350.8,339.43658955891925,-0.0022839695544890084,0.00048254822759312194,-0.0022805017103763037,-0.05660377358490565,-0.12935323383084574,2026-09-16,0,0.8694273346907966,0.029183673469387755,0.014778325123152709,0.07639251017220297,-0.058984910836762716,-0.04711326641573206,0.0008326508174166682,PULLBACK,0.02971306378997951,-0.020954409382980765,0.12473945294156197,1638009856.625,0.0003545749923542507,0.6047691527143582,0.8797564687975646,0.7184170471841704,0.2602739726027397,0.6769933976637887,0.808726534753932,0.5970528455284553,0.6692108140706196,0.9411466260781329,0.9885974914481185,0.9477422628107559,0.6555269560562405,PRE_CONFIRMATION,0.6604176500830437,True,EARLY,119
2546,2546.TW,根基,建材營造業,TWSE,上市,2000/09/11,ESVUFR,^TWII,建材營造業,TW,TWSE_ISIN,106.5,0.009478672985782088,0.024038461538461453,-0.04054054054054057,0.36200744543400765,103.7,106.475,92.29581184387207,0.001709494427252376,0.005355582559011933,0.00023479690068106684,-0.11250000000000004,-0.11250000000000004,2026-09-16,0,1.2373376850041888,0.025821596244131457,0.13043478260869565,0.10490539521131198,-0.1330472103004292,-0.5092893176679216,-0.050406335933370815,STRONG_UP,0.052320910163920265,-0.06579911061218713,0.38272541499790824,24812841.225,0.034173596673596596,0.2734652460679858,0.9766615930999493,0.9416539827498731,0.7843734145104008,0.8308786185881158,0.8406900050735667,0.3648373983739837,0.687024671204074,0.6144089294774226,0.9988260154965947,0.9959411466260781,0.6549137890221929,PRE_CONFIRMATION,0.7354844260641795,True,EARLY,120
2753,2753.TW,八方雲集,觀光餐旅,TWSE,上市,2021/09/09,ESVUFR,^TWII,觀光餐旅,TW,TWSE_ISIN,178.0,0.008498583569405138,-0.0028011204481792618,0.010270274436621873,0.02444459744467764,177.5,179.06071395874022,173.7326296488444,0.0010985702007739041,0.0010528873340182765,-0.0059237670580529755,-0.024657534246575352,-0.10303136379155453,2026-09-16,0,0.4496726452411858,0.009831460674157303,0.09595968995509868,0.03147731624037613,-0.030219780219780223,0.036994613870731274,0.03130928771582703,PULLBACK,0.02548132817727955,-0.014988295635024684,0.05102066468632094,23264572.949454498,-0.00536868905733473,0.647894469812278,0.7371892440385591,0.6184677828513445,0.732623033992897,0.2899949212798375,0.8569254185692542,0.7306910569105691,0.6632050767637389,0.6032470826991375,0.9703811647097351,0.8548959918822933,0.6482477999078651,UNKNOWN,0.652920353768107,True,EARLY,121
3042,3042.TW,晶技,電子零組件業,TWSE,上市,2002/08/26,ESVUFR,^TWII,電子零組件業,TW,TWSE_ISIN,185.5,0.024861878453038777,0.005420054200542035,-0.0026881720430107503,-0.026246719160105014,180.2,181.8,181.65833333333333,-0.001127172700026499,-0.003069727385798471,0.020352035203520247,-0.08168316831683164,-0.258,2026-09-16,0,0.9750016532524136,0.051790527531767425,0.005714285714285714,0.13813000118765592,-0.10416666666666663,-0.23191275075793272,-0.00011120671085820072,STRONG_UP,0.033702502826000846,-0.027946742114657308,0.0003293480815382832,2565156894.975,0.0060920972112947225,0.54337899543379,0.5672247590055809,0.7919837645865043,0.39320142059868085,0.7343829355002539,0.5240994419076611,0.5564024390243902,0.5888958890506379,0.9568746829020801,0.8982398239823988,0.5753424657534246,0.636088644368602,PRE_CONFIRMATION,0.6623359606374268,True,EARLY,122
2302,2302.TW,麗正,半導體業,TWSE,上市,1985/01/15,ESVUFR,^TWII,半導體業,TW,TWSE_ISIN,44.20000076293945,0.09950248567377185,0.05238097054617752,-0.0111856821357047,-0.11303420640289452,41.85,42.76999988555908,43.621819178263344,-0.0026748268314371005,0.0022938907489185013,0.03343467105930942,-0.04843918112042711,-0.2392426519145776,2026-09-16,0,1.9077479879598902,0.04799612193000252,0.024875604894803626,0.15693849178450045,-0.10467707356826095,-0.3513865203298685,-0.0017729914829864185,REBOUND,0.08066341917163633,-0.03644425220735126,0.0019470095042702917,129085024.62153491,0.055177391080103694,0.4687975646879756,0.5728056823947235,0.9680365296803652,0.21714865550481988,0.9217877094972067,0.5697615423642821,0.5289634146341463,0.6007321393030388,0.7853881278538812,0.8328266447034529,0.3835616438356164,0.633080535560974,PRE_CONFIRMATION,0.6642978590070395,True,EARLY,123
6589,6589.TW,台康生技,生技醫療業,TWSE,上市,2025/07/21,ESVUFR,^TWII,生技醫療業,TW,TWSE_ISIN,48.95000076293945,0.006166479499511768,0.015560165728807807,-0.018054117125978708,0.039278181502167886,47.77000045776367,48.79750022888184,48.24666665395101,-0.0029150734219857396,0.0012664096348558719,0.003125171030120777,-0.07641507994453867,-0.4193357177830048,2026-09-16,0,1.1478920541521995,0.03049758848012878,0.05590049749829227,0.10646839444995188,-0.1220930120806143,-0.22920693605000184,-0.009479189899018005,STRONG_UP,0.04384261435426662,-0.043312687197625266,0.07813356595730725,26725026.166396905,0.020073695010302484,0.410958904109589,0.7970573313039067,0.8944698122780315,0.1933028919330289,0.8024377856780092,0.15728056823947234,0.4766260162601626,0.5592863903409506,0.6250634195839675,0.9843741448493961,0.9244038559107052,0.6244020614748308,PRE_CONFIRMATION,0.6516833876556726,True,EARLY,124
3490,3490.TWO,單井,光電業,TPEX,上櫃,2007/10/15,ESVUFR,^TWII,光電業,TW,TWSE_ISIN,44.79999923706055,0.06666664850144155,0.013574625877024404,-0.04273504343171475,0.3986149675208097,42.25999908447265,46.95,36.54698781967163,0.0062107294053651806,0.0059893581614417655,-0.04579341348113852,-0.2249134977784668,-0.2249134977784668,2026-09-16,0,1.6481524419455336,0.06513073239013888,0.049875304129309274,0.24613767890006125,-0.25183150886931116,-0.639134399379158,-0.008659475857824396,PULLBACK,0.041857074502483216,-0.0679936135033613,0.4273427522785824,199226068.9065283,0.02425838673495309,0.2552004058853374,0.9802130898021308,0.9142567224759005,0.923896499238965,0.904520060944642,0.5976661593099949,0.4817073170731707,0.687760231459823,0.8224251648909183,0.7710329325943074,0.24251648909183154,0.6241602883827666,PRE_CONFIRMATION,0.7302344923896469,True,EARLY,125
2636,2636.TW,台驊控股,航運業,TWSE,上市,2016/12/22,ESVUFR,^TWII,航運業,TW,TWSE_ISIN,70.19999694824219,0.01445086768931425,0.01445086768931425,-0.01542785492894172,0.08948006440317768,70.23999786376953,70.34999961853028,67.24176387786865,0.001329378803161332,0.0011837611285823613,-0.0021322341307956627,-0.11026621558154404,-0.11026621558154404,2026-09-16,0,0.3083045301678785,0.018009765687527872,0.06508914205847459,0.08253942878902011,-0.07908849392169393,-0.17855852824993967,-0.01216613509277166,PULLBACK,0.04273331631477306,-0.04068642500058828,0.10827417235308712,70098845.13483009,0.01830783142154968,0.4302384576357179,0.8518518518518519,0.8843226788432268,0.7539320142059868,0.1350939563230066,0.8457635717909691,0.4613821138211382,0.630195552219894,0.7285641806189751,0.9893388293460217,0.9518011161846778,0.6199157017044938,PRE_CONFIRMATION,0.6752780595518166,True,EARLY,126
3450,3450.TW,聯鈞,半導體業,TWSE,上市,2006/04/12,ESVUFR,^TWII,半導體業,TW,TWSE_ISIN,541.0,0.09847715736040619,0.04038461538461546,-0.04585537918871252,-0.0688468158347676,515.5,557.375,506.19166666666666,0.0004359526801034597,0.002010393912262759,-0.029378784480825315,-0.1715160796324655,-0.1715160796324655,2026-09-16,0,0.916619174276603,0.07017428043306047,0.05543710021321962,0.24690553473022686,-0.2376160990712074,-0.5590360345323353,-0.01029579694994432,PULLBACK,0.06866706401007427,-0.07111394926035908,-0.08943700465378157,5480887248.225,0.05184846018179359,0.23845763571790968,0.3059360730593607,0.9649923896499238,0.6722475900558093,0.7039106145251397,0.7204464738711314,0.4715447154471545,0.5223654213787616,0.976154236428209,0.8531060775958734,0.42973110096397765,0.6126452100213969,PRE_CONFIRMATION,0.7192006294568699,True,EARLY,127
2393,2393.TW,億光,光電業,TWSE,上市,1999/11/04,ESVUFR,^TWII,光電業,TW,TWSE_ISIN,63.099998474121094,0.022690400224801177,0.006379548745046648,-0.023219814789947724,-0.023219814789947724,62.23999938964844,64.39999980926514,63.01922747294108,-0.0008311048518609541,0.00035332345570977764,-0.020186356195563526,-0.05961251998452288,-0.09224566098674636,2026-09-16,0,1.3202552294208547,0.02026262822439734,0.0967739553784884,0.06676798380638276,-0.07634733616504163,-0.25860681608975544,-0.03365495245289037,PULLBACK,0.03466199737050546,-0.04847838486159428,0.006167099054557146,91145855.28567962,0.012184502442533579,0.37189244038559105,0.5844748858447488,0.8518518518518519,0.4459665144596651,0.8481462671406805,0.878234398782344,0.41260162601626016,0.5961407456830203,0.7529173008625063,0.8990682190221824,0.5794013191273465,0.5948590513592277,PRE_CONFIRMATION,0.6436474279416237,True,EARLY,128
2305,2305.TW,全友,電腦及週邊設備業,TWSE,上市,1988/10/21,ESVUFR,^TWII,電腦及週邊設備業,TW,TWSE_ISIN,49.400001525878906,0.09899890294570146,0.41142861502511163,0.8432836914997297,0.2699228685894701,43.810000610351565,33.40500020980835,33.038333352406816,0.01717820178508442,0.0035943638996702347,0.47882057223798835,0.0,0.0,2026-09-16,0,1.5071160975889086,0.060294972946207545,0.7533333138359942,0.21277927680872902,-0.06451612903225812,6.384489477197035,2.985599478244304,STRONG_UP,0.43971106365057044,0.8180251214280831,0.35811255127512953,681666368.6942723,0.2006076921501792,0.9979705733130391,0.9710806697108066,0.9964485032978183,0.9918822932521563,0.8831894362620619,0.9974632166412988,0.9994918699186992,0.9803787343725155,0.8975139523084729,0.0,0.008117706747843734,0.8817992557124321,EXTENDED,0.8764719719886814,True,EXTENDED,129
3467,3467.TWO,台灣精材,半導體業,TPEX,上櫃,2025/03/25,ESVUFR,^TWII,半導體業,TW,TWSE_ISIN,71.5999984741211,0.011299369885315658,0.38491290942971745,0.5582153924983047,0.12658446206798524,63.74000015258789,52.63499984741211,52.13806680043538,0.011803949491259756,-0.004500344866262319,0.3603115547010196,-0.06405230752782887,-0.10404387903360202,2026-09-16,0,12.357775225717301,0.04569034719454203,0.7714285910961858,0.17270692013393327,-0.034412969846749575,4.204533397670728,2.493376139353452,STRONG_UP,0.41319535805517627,0.5329568224266581,0.1076248167287508,17740106.273530196,0.2453590613051413,0.9954337899543378,0.8503297818366311,0.9989852866565195,0.9771689497716894,0.9979685119349924,0.854388635210553,0.9964430894308943,0.9513691154892016,0.5662100456621004,0.0,0.008117706747843734,0.8747577166697339,EXTENDED,0.8526113272549264,True,EXTENDED,130
6218,6218.TWO,豪勉,通信網路業,TPEX,上櫃,2003/01/14,ESVUFR,^TWII,通信網路業,TW,TWSE_ISIN,54.099998474121094,0.09847712637809325,0.15351805360324589,0.4033722320313655,0.35249996185302734,47.84000015258789,43.152499771118165,37.89749975204468,0.012259518113485551,0.003642638137798169,0.2536932683174489,0.0,0.0,2026-09-16,0,5.211145359595779,0.060536044055070654,0.5992290638971141,0.16870164267014665,-0.04477616674830176,3.0536624367677367,1.4327801506642823,STRONG_UP,0.1818005022287047,0.37811366195971896,0.37570326257146425,137884724.0120636,0.052674995595404506,0.9873160832064941,0.9751395230847285,0.9660071029934043,0.9786910197869102,0.9908583037074657,0.9974632166412988,0.9867886178861789,0.9821381066697652,0.7909690512430239,0.0,0.008117706747843734,0.8736378715532589,EXTENDED,0.8622974445074358,True,EXTENDED,131
2338,2338.TW,光罩,半導體業,TWSE,上市,1995/04/17,ESVUFR,^TWII,半導體業,TW,TWSE_ISIN,50.70000076293945,0.09978313321204646,0.2216867653720349,0.34126988852505735,-0.017441816623948503,47.64000015258789,41.11499996185303,42.63166694641113,0.0053183617300205255,-0.003977569321881248,0.23312661583313865,-0.032442761706788725,-0.17426710907213272,2026-09-16,0,2.5322598072098046,0.05952380862808838,0.5466100927811722,0.18418206727777978,-0.05625000000000002,2.5139516206555195,1.0128106834025463,REBOUND,0.24996921399749372,0.3160113184534108,-0.01501184768238939,495132514.07569426,0.13636929324077057,0.9817351598173516,0.5114155251141552,0.9923896499238964,0.908675799086758,0.9563230066023362,0.7118214104515475,0.9791666666666666,0.8521740307464842,0.878234398782344,0.0,0.008117706747843734,0.8715011489605887,EXTENDED,0.8630774427201016,True,EXTENDED,132
3624,3624.TWO,光頡,電子零組件業,TPEX,上櫃,2011/03/16,ESVUFR,^TWII,電子零組件業,TW,TWSE_ISIN,123.0,-0.004048582995951455,0.18840579710144922,0.37123750484598395,-0.15917358573580165,121.7,98.63000030517578,102.07415866851807,0.01327926306207035,-0.003885619236187904,0.24708506153725884,-0.050193050193050204,-0.303247769440257,2026-09-16,0,1.402387191334938,0.07003484231946638,0.5083971115920931,0.20053611458495924,-0.07625272077663581,2.5377161768920375,0.9411575344868561,REBOUND,0.21668824572690804,0.3459789347743374,-0.19341200169147454,1791510366.1028953,0.09559642088995324,0.9852866565195332,0.1354642313546423,0.984779299847793,0.9817351598173516,0.866937531742001,0.42212075088787415,0.9751016260162602,0.7457209122243295,0.9472349061390157,0.0,0.008117706747843734,0.8713132666067774,EXTENDED,0.8686984848938918,True,EXTENDED,133
1528,1528.TW,恩德,電機機械,TWSE,上市,2000/09/11,ESVUFR,^TWII,電機機械,TW,TWSE_ISIN,24.950000762939453,0.012170432010216281,0.23209880310812103,0.34501357353657003,0.012170432010216281,22.679999923706056,20.097499942779542,20.339999866485595,0.005535734360996699,-0.005199718051412156,0.24144798278271806,-0.05133074194993692,-0.26617644814883956,2026-09-16,0,5.2107973857431436,0.04551959724486475,0.5079368443297074,0.19333161863168974,-0.0831353949371626,2.524487111281044,0.9064482418001942,REBOUND,0.26038125173357984,0.31975500346492347,0.0285841453611293,129975340.10213557,0.14584540972397853,0.9822425164890918,0.6661593099949265,0.9944190766108574,0.9142567224759005,0.9903504316912138,0.5038051750380518,0.9725609756097561,0.866052683094379,0.7864028411973617,0.0,0.008117706747843734,0.8701580957238478,EXTENDED,0.8570915732207232,True,EXTENDED,134
6173,6173.TWO,信昌電,電子零組件業,TPEX,上櫃,2002/04/19,ESVUFR,^TWII,電子零組件業,TW,TWSE_ISIN,315.0,0.06960950764006801,0.17318435754189943,0.47540983606557385,0.039641656252039636,297.6,254.0,231.15551300048827,0.018363413011706544,0.00025167124037932904,0.24015748031496065,-0.024767801857585092,-0.12526698199911213,2026-09-16,0,1.3944332019108048,0.07596371882086167,0.4309978768577495,0.2520783484797924,-0.10407239819004521,3.426212030404603,0.8128450190873047,STRONG_UP,0.20146680616735824,0.4501512659939273,0.13917503860239955,5320810086.475,0.05433189852550596,0.9923896499238964,0.8924403855910705,0.9665144596651446,0.9939117199391172,0.8649060436769934,0.8132927447995941,0.9644308943089431,0.9352167988214248,0.974124809741248,0.0,0.008117706747843734,0.868392511286312,EXTENDED,0.8648636754842551,True,EXTENDED,135
6148,6148.TWO,驊宏資,資訊服務業,TPEX,上櫃,2002/02/01,ESVUFR,^TWII,資訊服務業,TW,TWSE_ISIN,36.650001525878906,-0.02266662597656255,0.29276899586337457,0.32789858765673174,0.11229137108552156,33.49000015258789,29.380000019073485,29.542500050862632,0.004320941752882256,-0.0031306022446996023,0.24744729414859568,-0.0578406146977436,-0.2458929079483424,2026-09-16,0,13.95965790937369,0.0357630084145185,0.6882132343929154,0.1721972675157059,-0.02266662597656255,2.4781824171443305,1.3104978425022085,REBOUND,0.3210514444888334,0.3026400175850852,0.1508092955030751,55192510.47371273,0.21079434894919163,0.9797057331303907,0.9025875190258752,0.9979705733130391,0.8873668188736682,0.9989842559674962,0.5525114155251142,0.9852642276422764,0.9175521948855841,0.7062404870624048,0.0,0.008117706747843734,0.8672455379948142,EXTENDED,0.8501464967133054,True,EXTENDED,136
8227,8227.TWO,巨有科技,半導體業,TPEX,上櫃,2022/12/20,ESVUFR,^TWII,半導體業,TW,TWSE_ISIN,272.0,0.09018036072144286,0.3737373737373737,0.8378378378378379,0.4522156730816309,243.8,183.225,170.74166666666667,0.018301294139346398,-0.0011281600488223813,0.4845135762041206,-0.007299270072992692,-0.007299270072992692,2026-09-16,0,0.9766302648756263,0.05173319327731092,0.6927374301675978,0.23304963267442705,-0.07121661721068251,6.437690731983886,2.4904636150694475,STRONG_UP,0.4020198223628325,0.8125792677661914,0.4982584007464519,614871162.4,0.16427791427791422,0.9974632166412988,0.9878234398782344,0.9959411466260781,0.9934043632673769,0.7359065515490096,0.9878234398782344,0.9959349593495935,0.9676285955343048,0.8899036022323693,0.0,0.008117706747843734,0.8659029641227395,EXTENDED,0.8601695243682506,True,EXTENDED,137
6221,6221.TWO,晉泰,資訊服務業,TPEX,上櫃,2003/01/06,ESVUFR,^TWII,資訊服務業,TW,TWSE_ISIN,29.100000381469727,0.033747807311304445,0.37588656767512063,0.3765902136989159,0.32604587209388236,25.470000076293946,22.5369891166687,21.25596268971761,0.005706831103440118,-0.0005656602121805519,0.2912106506696994,-0.059773839607945245,-0.25059227602925815,2026-09-16,0,14.033887239355353,0.0293323623490059,0.824894767444848,0.16566101948173995,-0.03204315379935174,2.3466712391772084,1.8751985091182786,STRONG_UP,0.40416901630057944,0.3513316436272693,0.3384547979315249,14889921.79886303,0.28173901425039166,0.9863013698630136,0.9670218163368848,1.0,0.9167935058346017,0.9994921279837481,0.5423642820903095,0.9923780487804879,0.9350825022020453,0.5449010654490106,0.0,0.008117706747843734,0.8654212710577701,EXTENDED,0.8408646280883725,True,EXTENDED,138
2468,2468.TW,華經,資訊服務業,TWSE,上市,2001/09/17,ESVUFR,^TWII,資訊服務業,TW,TWSE_ISIN,43.650001525878906,0.009248590193732031,0.3451463944410986,0.2986109818594176,0.21601995012256814,38.91999969482422,34.920142555236815,34.548104000091556,0.0024898815237689134,-0.002258815220142096,0.249994940794791,-0.029999966091579844,-0.1962086484402662,2026-09-16,0,14.756453100983025,0.034282447791334686,0.5756192346346984,0.17713062180825367,-0.055312890701089246,1.9663961265640195,0.9703924881915842,STRONG_UP,0.37342884306655744,0.27335241178777103,0.25422479401023534,132964552.60158177,0.2704936489762442,0.9726027397260274,0.9502790461694571,0.9994926433282597,0.8274987316083207,1.0,0.6621004566210046,0.9766260162601627,0.9297529111135859,0.7879249112125825,0.0,0.008117706747843734,0.8626768014255485,EXTENDED,0.8477333686008093,True,EXTENDED,139
6683,6683.TWO,雍智科技,半導體業,TPEX,上櫃,2019/04/23,ESVUFR,^TWII,半導體業,TW,TWSE_ISIN,1595.0,0.10000000000000009,0.16423357664233573,0.3403361344537814,-0.17365624528842194,1392.0,1295.0,1344.9065551757812,0.0031464712265375644,-0.0032490860199798936,0.23166023166023164,0.0,-0.37500705531655176,2026-09-16,0,2.311807124664408,0.07321988356471115,0.3446808510638298,0.24954580394962153,-0.11643835616438358,2.4165978867893916,0.47008343404157366,REBOUND,0.19251602526779454,0.31507756438213486,-0.06514809724821824,1306761186.0,0.07914954302889038,0.9812278031456113,0.3769660071029934,0.9786910197869102,0.8554033485540334,0.9487049263585576,0.24708269913749364,0.9395325203252033,0.766576154612567,0.9299847792998478,0.0,0.008117706747843734,0.8565466567719264,EXTENDED,0.8454816795411038,True,EXTENDED,140
5464,5464.TWO,霖宏,電子零組件業,TPEX,上櫃,2000/11/08,ESVUFR,^TWII,電子零組件業,TW,TWSE_ISIN,93.69999694824219,0.0997652617894298,0.13164243351139548,0.32531826015265275,-0.04387758216079396,89.33999786376953,76.19999961853027,79.46166661580403,0.009856311661233259,0.0006998046361754944,0.22965875875747743,0.0,-0.1403670004748423,2026-09-16,0,1.3387727429733471,0.05610612021697491,0.4339622641509434,0.21483447663610844,-0.06756756756756754,2.340137738290089,0.6571377693004913,REBOUND,0.1599248821368543,0.3000596900810062,0.07820343596103951,72336769.47647247,0.0503128684732323,0.9791983764586504,0.7975646879756468,0.9634703196347032,0.9700659563673262,0.8532249873031996,0.7838660578386606,0.9568089430894309,0.9052296741148591,0.7316083206494165,0.0,0.008117706747843734,0.8477903248925999,EXTENDED,0.8330483265879134,True,EXTENDED,141
3441,3441.TWO,聯一光,光電業,TPEX,上櫃,2010/10/04,ESVUFR,^TWII,光電業,TW,TWSE_ISIN,186.0,0.09734513274336276,0.2961672473867596,1.1016949152542375,1.059800594839285,166.6,137.2150001525879,97.43500010172527,0.02820332972977462,0.013784255596317279,0.3555369295861348,0.0,0.0,2026-09-16,0,0.9449977358276175,0.07507680491551459,0.5652173913043478,0.27929995407660363,-0.08391608391608396,8.289226103382358,2.229492403863688,STRONG_UP,0.3244496960122184,1.076436345182591,1.2921059510044235,2775518726.944045,0.020743518573200226,1.0,0.9984779299847792,0.898021308980213,0.9984779299847792,0.7171152869476892,0.9974632166412988,0.9949186991869918,0.9551962956200637,0.9583967529173009,0.0,0.008117706747843734,0.8437799970963479,EXTENDED,0.8362707316498121,True,EXTENDED,142
3021,3021.TW,鴻名,電子零組件業,TWSE,上市,2002/08/26,ESVUFR,^TWII,電子零組件業,TW,TWSE_ISIN,27.100000381469727,0.09939151321924156,0.09494951036241317,0.35839595714766204,-0.06390329301262121,24.270000076293947,22.26499996185303,23.02333329518636,0.008557119075204305,-0.006079432686218097,0.21715699204583783,0.0,-0.32249999046325684,2026-09-16,0,2.743607289838165,0.057590938274247674,0.48805472126207405,0.20882147670512968,-0.11787818900063174,2.534956941018926,0.8376381669503806,REBOUND,0.12323195898787198,0.3331373870760155,-0.06402792352064457,12364458.233335113,0.005350521075497661,0.9842719431760527,0.3815322171486555,0.7853881278538812,0.9553526128868595,0.9619095987811072,0.3698630136986301,0.9654471544715447,0.7654398863856405,0.5190258751902588,0.0,0.008117706747843734,0.8047801370940839,EXTENDED,0.7691864369790004,True,EXTENDED,143
6226,6226.TW,光鼎,光電業,TWSE,上市,2008/11/10,ESVUFR,^TWII,光電業,TW,TWSE_ISIN,39.900001525878906,0.09917361885624865,0.34569990014241747,0.8732395753543325,1.642384140257573,34.35999984741211,30.695000171661377,24.756666564941405,0.02179983766511584,0.014433441567294397,0.29988601735587816,0.0,0.0,2026-09-16,0,0.2770092816511892,0.07787324475787819,0.4397163740968163,0.32357909767616716,-0.13323575230183182,6.502818344981019,1.1866580460550313,STRONG_UP,0.3739823487678763,0.8479810052826859,1.9283943600328364,720389095.2052141,0.12739000630383435,0.9984779299847792,1.0,0.9903602232369355,0.9954337899543378,0.10512950736414424,0.9974632166412988,0.9827235772357723,0.9062485251012905,0.9020801623541349,0.0,0.008117706747843734,0.7998024657776834,EXTENDED,0.7936367674197867,True,EXTENDED,144
6945,6945.TWO,圓祥生技,生技醫療業,TPEX,上櫃,2026/06/05,ESVUFR,^TWII,生技醫療業,TW,TWSE_ISIN,120.0,0.09589041095890405,0.25786161510121053,0.20603015075376874,0.20603015075376874,105.26000061035157,100.76000061035157,100.8983336130778,-0.0028552048776513154,-0.0014278774044679354,0.1909487819879172,0.0,-0.4915254237288136,2026-09-16,0,2.87095002477348,0.037500004541306274,0.4108216935362049,0.166362125515241,-0.1093457658714223,1.3695810997790394,0.5087795986618876,REBOUND,0.28614406372666934,0.18077158068212218,0.22657606724164325,25712718.822167207,0.20635407741276834,0.9512937595129376,0.9416539827498731,0.9974632166412988,0.2009132420091324,0.9659725749111224,0.07965499746321664,0.9446138211382114,0.7948891824765721,0.6210045662100456,0.04525609006041398,0.016235413495687467,0.777909671642651,EXTENDED,0.7258506620399979,True,EXTENDED,145
3055,3055.TW,蔚華科,電子通路業,TWSE,上市,2002/12/12,ESVUFR,^TWII,電子通路業,TW,TWSE_ISIN,164.0,0.041269841269841345,0.09698996655518388,0.4260869565217391,0.6468531768553465,159.1,135.1,133.0074213663737,0.014932207010038901,0.006088640614586674,0.2139156180606958,-0.017964071856287456,-0.1840796019900498,2026-09-16,0,0.3645393042567117,0.07317073170731707,0.4152542372881356,0.23168803449588923,-0.07746478873239437,3.069729342525194,0.7636752348209724,STRONG_UP,0.1252724151806427,0.40082838645009256,0.8364840209471254,615076419.8,-0.009531772575250896,0.9888381532217149,0.9939117199391172,0.5377980720446474,0.9857940131912735,0.191467750126968,0.6894977168949772,0.9623983739837398,0.809577378519645,0.8904109589041096,0.0,0.008117706747843734,0.6877553184040668,EXTENDED,0.6588077586659123,True,EXTENDED,146
2221,2221.TWO,大甲,其他業,TPEX,上櫃,2007/08/01,ESVUFR,^TWII,其他業,TW,TWSE_ISIN,105.5,0.09781479370585267,0.20159449126451734,1.0057034802368943,1.199656405492422,96.68000030517578,81.55499992370605,59.431729316711426,0.02808770739478807,0.012962102242278225,0.29360554348224244,0.0,0.0,2026-09-16,0,2.031839471467356,0.07447530324183047,0.6230861022693094,0.22948969508039052,-0.068393766571203,7.63125640260998,2.7305795204441456,STRONG_UP,0.22987693988997615,0.9804449101652477,1.2151678033868047,395576374.43974817,-0.04983137879470623,0.9994926433282597,0.9979705733130391,0.13597158802638254,0.9979705733130391,0.9288979177247334,0.9974632166412988,0.9979674796747967,0.862092932434017,0.8660578386605784,0.0,0.008117706747843734,0.6702864333187974,EXTENDED,0.6202862786368853,True,EXTENDED,147
6179,6179.TWO,亞通,其他業,TPEX,上櫃,2002/05/17,ESVUFR,^TWII,其他業,TW,TWSE_ISIN,37.70000076293945,0.08177912234156093,0.035714263257277556,0.40409684273068947,0.39343794003925603,36.18000030517578,31.187500286102296,27.609340063730876,0.013086145342390458,0.004674282327682983,0.20881764864429497,-0.045569600938241694,-0.045569600938241694,2026-09-16,0,1.2939941309060907,0.06678665303513513,0.47276692472804077,0.20800137240412606,-0.09947641783157235,3.0587927296043467,0.9184728899717063,STRONG_UP,0.06399671188273637,0.3788382726590429,0.43794423977456964,317723262.796939,-0.06530994742539481,0.9878234398782344,0.9817351598173516,0.08320649416539827,0.9807204464738711,0.8425596749619096,0.9492643328259767,0.9735772357723578,0.8303960350612503,0.8528665651953323,0.0,0.008117706747843734,0.638864869749597,EXTENDED,0.5858187188542981,True,EXTENDED,148
3354,3354.TWO,律勝,電子零組件業,TPEX,上櫃,2005/12/08,ESVUFR,^TWII,電子零組件業,TW,TWSE_ISIN,30.5,0.0990990990990992,0.0627177417843452,0.5136476713355218,0.10108300216391108,29.310000228881837,25.269999980926514,23.74083334604899,0.01683699564237602,-0.0024911177683687655,0.2069647812829849,-0.01453960425998757,-0.1888297543152243,2026-09-16,0,1.5584930589801125,0.07166275989255526,0.43949036951126125,0.257453188773932,-0.0886699735727301,3.839388215760029,0.8768320406086367,STRONG_UP,0.091000190409804,0.48838910126387525,0.1081363216684168,39183037.73158026,-0.06569417604953526,0.9934043632673769,0.8513444951801116,0.08269913749365804,0.991374936580416,0.8948704926358557,0.6768138001014713,0.9690040650406504,0.7842311899127546,0.6676813800101471,0.0,0.008117706747843734,0.6359768526319389,EXTENDED,0.572833955934707,True,EXTENDED,149
6620,6620.TWO,漢達,生技醫療業,TPEX,上櫃,2025/12/23,ESVUFR,^TWII,生技醫療業,TW,TWSE_ISIN,134.0,0.09836065573770503,0.015151515151515138,0.7914437771784419,0.36904072627023865,126.7,101.07500076293945,93.04241142272949,0.025484104034898977,0.005935439923645426,0.3257481967700657,0.0,-0.11190147308096043,2026-09-16,0,1.207397200512216,0.07260127769096066,0.5838263471711276,0.24297222697309956,-0.0757575757575758,6.06530228787632,1.9017224115600948,STRONG_UP,0.04343396377697395,0.7661852071067954,0.5311653106007241,272235862.35037005,-0.18270942914309535,0.9969558599695586,0.9888381532217149,0.0035514967021816335,0.9969558599695586,0.8217369222955815,0.8411973617453069,0.9928861788617886,0.8128169524292834,0.8422120750887874,0.0,0.008117706747843734,0.6236479345975525,EXTENDED,0.5660370431347567,True,EXTENDED,150
