snapshot_date_taipei,last_price_date,candidate_rank,code,ticker,name,exchange,industry,price,ret_5d,ret_20d,ret_60d,rs_20d_vs_bench,rs_60d_vs_bench,acceleration,er20,vol20,maxdd20,keynes_legacy,keynes_v2,avg_turnover20_twd,taiwan_candidate_score_v1,candidate_bucket,reaction_state,bias20,taiwan_early_score_v2
2026-09-06,2026-09-04,101,6669,6669.TW,緯穎,TWSE,電腦及週邊設備業,2565.0,0.0626205610864414,0.2542406955397278,0.6066224486027514,0.2016647566436145,0.4773485510141044,-0.0009396127984905,0.4230368359986516,0.1599188089845527,-0.0551360338317102,1.825617149383635,0.672548652070139,10238039392.519417,0.737495107722874,,,,
2026-09-06,2026-09-04,102,2881,2881.TW,富邦金,TWSE,金融保險業,150.5,0.0451388888888888,0.18503937007874,0.2398947408515792,0.1324634311826267,0.1933237287471223,-0.0011209536307961,0.4653465346534653,0.1079015370936578,-0.0308880308880309,1.2917225519057522,0.798018563589702,2697687876.625,0.7371324862900702,,,,
2026-09-06,2026-09-04,103,2305,2305.TW,全友,TWSE,電腦及週邊設備業,30.850000381469727,0.0637931166024043,0.1641509577913105,0.3501094033454643,0.1115750188951971,0.2850951815139455,0.0227553771545767,0.1972789527556174,0.2191162404550713,-0.1489361489587499,0.9270730533617624,0.1477915510947321,169147412.10156164,0.735545438239692,,,,
2026-09-06,2026-09-04,105,3483,3483.TWO,力致,TPEX,電腦及週邊設備業,80.0,0.0666666666666666,0.0752687951514787,-0.0849477794815044,0.0226928562553654,-0.1517163120794062,0.0478494678787969,0.2333331955804203,0.0888562340963826,-0.0612516453739505,0.4251457107003019,0.1976530817312408,23415893.53595848,0.7349645920975556,,,,
2026-09-06,2026-09-04,106,6005,6005.TW,群益證,TWSE,金融保險業,32.75,0.0413354278386046,0.1090914857311573,-0.0197716839088124,0.056515546835044,-0.0954260942598259,0.0140625564058153,0.4949370801841189,0.0546513871022061,-0.0226536849266185,0.6075157188346991,0.9879606773703814,203208555.14257604,0.7338597998307361,,,,
2026-09-06,2026-09-04,109,4119,4119.TW,旭富,TWSE,生技醫療業,56.09999847412109,0.0312499430249735,0.0872093049044735,0.348821898891815,0.0346333660083602,0.2514731136482329,0.0094476167988551,0.3333333333333333,0.0754236060581849,-0.0598910948901471,0.5556825617138096,0.3854200272400861,11614212.977256965,0.7308869788538632,,,,
2026-09-06,2026-09-04,110,3438,3438.TWO,類比科,TPEX,半導體業,64.5,0.048780487804878,0.0858585579648372,-0.0351072760049511,0.0332826190687238,-0.0991587052074044,0.0273158483136687,0.1895910105884078,0.1363123534922512,-0.0814332227319668,0.5145069421004271,0.1194169886674446,10033642.1912817,0.7302851765141526,,,,
2026-09-06,2026-09-04,111,5274,5274.TWO,信驊,TPEX,半導體業,17470.0,0.1177223288547664,0.0688283878862037,0.0969110563089976,0.0162524489900903,0.0694796122873251,0.1005152318832154,0.1393188854489164,0.1427938297466167,-0.1455624646693046,0.4246696306335198,0.0671534218570028,4709655682.5,0.7296409675816965,,,,
2026-09-06,2026-09-04,112,6024,6024.TW,群益期,TWSE,金融保險業,63.400001525878906,0.0275526862547557,0.0584307163746544,0.1758466219772319,0.0058547774785411,0.0950302404722545,0.012945007161092,0.2892565995930564,0.0608209230389986,-0.0225442471108121,0.383203909001357,0.2778890797083361,18662853.295793723,0.7292702366854704,,,,
2026-09-06,2026-09-04,113,6505,6505.TW,台塑化,TWSE,油電燃氣業,78.0999984741211,0.0938374902669123,0.0999999785087477,0.5539882844299049,0.0474240396126344,0.4892407325555763,0.0688374956397254,0.1903485857897235,0.1372395059636223,-0.0778364286060815,0.5482808699713106,0.1386980691491879,1590313627.161005,0.7288676168586735,,,,
2026-09-06,2026-09-04,114,2885,2885.TW,元大金,TWSE,金融保險業,69.80000305175781,0.0906250476837158,0.0722600270056676,0.213158397754454,0.0196840881095543,0.1225916277728058,0.0725600409322989,0.2651203751761433,0.0759008550220898,-0.073400350282235,0.4561329172874466,0.2524030258210571,1525830736.5439172,0.7286538688730044,,,,
2026-09-06,2026-09-04,115,1310,1310.TW,台苯,TWSE,塑膠工業,8.720000267028809,0.0344009432211971,0.094102948128073,0.0344009432211971,0.0415270092319597,-0.0594327788000119,0.0108752061891788,0.2747256394119982,0.0944595938076527,-0.0325301748866305,0.5782639813550909,0.2736883735460707,31545287.612752818,0.7264189235843727,,,,
2026-09-06,2026-09-04,116,6438,6438.TW,迅得,TWSE,其他電子業,156.5,0.0364238410596027,0.0793103448275862,0.1015920717554677,0.0267344059314729,0.009565964495122,0.0165962548527061,0.2149532710280373,0.0960562776631813,-0.0501672240802675,0.5176365863333704,0.1774794782994782,63845808.6,0.7262116345761115,,,,
2026-09-06,2026-09-04,117,7703,7703.TWO,銳澤,TPEX,其他電子業,187.5,0.0302197802197801,0.053370786516854,0.0219968011034372,0.0007948476207406,-0.0440666887457448,0.0168770835905666,0.1844660194174757,0.0829231964887733,-0.0432432432432432,0.3051625084841298,0.1187254828421481,12637656.55,0.7238808379366702,,,,
2026-09-06,2026-09-04,118,2607,2607.TW,榮運,TWSE,航運業,53.5,0.0348162323113707,0.1169101940653505,0.1397109518254125,0.0643342551692371,0.0696965453235172,0.0055886837950331,0.5384613127398399,0.0575794360628922,-0.0198019801980198,0.8760390646581856,1.0933003320897052,32099685.00710164,0.7228325745991488,,,,
2026-09-06,2026-09-04,120,5263,5263.TWO,智崴,TPEX,文化創意業,103.0,0.0351758793969849,0.1269146420182134,0.0098039215686274,0.0743387031221001,-0.0621574382213254,0.0034472188924316,0.3452382222866079,0.1200744974122149,-0.0707497060628633,0.9210155430718368,0.3649050076144808,26682669.33986168,0.7220243652290663,,,,
2026-09-06,2026-09-04,121,3380,3380.TW,明泰,TWSE,通信網路業,30.0,0.0657193750102904,0.0733452300931154,-0.1079659797694372,0.0207692911970021,-0.1621320048451699,0.0473830674870116,0.2240436885088365,0.0984408363626014,-0.0561403642620956,0.4235180393939072,0.1669280401485269,63194006.41732635,0.721318103780008,,,,
2026-09-06,2026-09-04,122,1558,1558.TW,伸興,TWSE,電機機械,106.5,0.0441176470588235,0.1525973835635927,0.2445814239252408,0.1000214446674794,0.1648982465737052,0.0059683011679254,0.532075567303227,0.0703034496497294,-0.0291262135922329,1.1509312676828742,1.1548983703234137,14186220.422659684,0.7209022996990422,,,,
2026-09-06,2026-09-04,123,2498,2498.TW,宏達電,TWSE,通信網路業,41.59999847412109,0.0258939397488546,0.0426064381761885,0.0012656769259797,-0.0099695007199247,-0.0708793260838969,0.0152423302048075,0.2179480282443711,0.0593032944792659,-0.034229864881376,0.2447261218865789,0.1565847103867499,174545166.29329833,0.7207933579298816,,,,
2026-09-06,2026-09-04,124,6196,6196.TW,帆宣,TWSE,其他電子業,516.0,0.047715736040609,0.0455927051671731,0.0361606428547836,-0.0069832337289401,-0.0324858102568277,0.0363175597488157,0.1253481894150417,0.1034270891033555,-0.0665362035225048,0.1990635127355971,0.0552559594665568,575586718.675,0.720632962783888,,,,
2026-09-06,2026-09-04,125,5876,5876.TW,上海商銀,TWSE,金融保險業,46.29999923706055,0.0730011031237727,0.0655925989431049,0.158205015431738,0.0130166600469916,0.0798921255735125,0.0566029533879964,0.3220337814130675,0.0587952528604754,-0.0283125698029093,0.4478824150522733,0.3592642542159832,340245296.8036753,0.7190265125332507,,,,
2026-09-06,2026-09-04,126,3515,3515.TW,華擎,TWSE,電腦及週邊設備業,227.0,0.0318181818181817,0.0682352941176469,-0.021769125190339,0.0156593552215336,-0.0966920273533873,0.01475935828877,0.1757575757575757,0.104728683495151,-0.0826271186440678,0.4299589882175673,0.1145137079449496,166868007.75,0.7187846502465074,,,,
2026-09-06,2026-09-04,127,1440,1440.TW,南紡,TWSE,紡織纖維,13.899999618530272,0.014598526426977,0.0988142322288252,0.0852755395604707,0.0462382933327119,0.000118053188888,-0.0101050316302293,0.3086421788058106,0.0951888149162458,-0.0357142857142857,0.6934015189717088,0.3203973067525063,40378152.04538579,0.7184091763272646,,,,
2026-09-06,2026-09-04,128,2465,2465.TW,麗臺,TWSE,電腦及週邊設備業,99.1999969482422,0.0442104941920229,0.1656874115974149,0.3069828057173214,0.1131114727013016,0.2097049488669369,0.0027886412926692,0.1551155181992141,0.2741818300235905,-0.1819047473725819,1.183731071343213,0.0937359295720224,541940349.4633617,0.7178337357454914,,,,
2026-09-06,2026-09-04,129,3017,3017.TW,奇鋐,TWSE,電腦及週邊設備業,3570.0,0.0625,0.2894715887100336,0.5379778847944894,0.2368956498139203,0.444750000811253,-0.0098678971775084,0.405011176375005,0.1844484302148781,-0.1122297449283605,2.0596569160500664,0.6356206368035303,12611304827.5,0.717348492226865,,,,
2026-09-06,2026-09-04,130,2312,2312.TW,金寶,TWSE,其他電子業,32.849998474121094,0.0330188447249033,0.0495207436051716,-0.0427215453711322,-0.0030551952909416,-0.1182837626939055,0.0206386588236104,0.1286306502238958,0.0985569457200664,-0.0800000226056134,0.2355366610909365,0.0646315224458821,416377457.169758,0.7170281965921316,,,,
2026-09-06,2026-09-04,131,6515,6515.TW,穎崴,TWSE,半導體業,7075.0,0.1319999999999999,0.0465976331360946,-0.1826471366024439,-0.0059783057600186,-0.1997274864349326,0.1203505917159762,0.1014492753623188,0.1519951687937182,-0.1596931659693166,0.0618679775919675,0.0311016208789614,2714184750.5,0.7169564983969747,,,,
2026-09-06,2026-09-04,132,2354,2354.TW,鴻準,TWSE,其他電子業,65.5999984741211,0.0266040204639699,0.0614886615529559,0.1999866300999435,0.0089127226568426,0.1209194903832324,0.0112318550757309,0.2087912456437503,0.0871947110032436,-0.0507131065867551,0.4056754462131564,0.1472370754016383,871823351.9564632,0.7162942871580783,,,,
2026-09-06,2026-09-04,134,2385,2385.TW,群光,TWSE,電子零組件業,110.5,0.0231481481481481,0.0886699507389161,-0.1622576535068388,0.0360940118428028,-0.2391934168513171,0.0009806604634191,0.36,0.0599250950670658,-0.027906976744186,0.5249529367227551,0.5326847163160086,293066868.7,0.7146338016206781,,,,
2026-09-06,2026-09-04,136,2603,2603.TW,長榮,TWSE,航運業,233.0,0.0064794816414686,0.1228915662650602,0.111636414331115,0.0703156273689469,0.0496553461559639,-0.0242434099247964,0.2698412698412698,0.1127794981836037,-0.0815109343936382,0.8622059668222078,0.294035856053911,4322412154.2,0.71383759058813,,,,
2026-09-06,2026-09-04,137,4580,4580.TWO,捷流閥業,TPEX,電機機械,82.80000305175781,0.056122467350036,0.0783704236440261,0.0797083599295154,0.0257944847479127,0.0027725965850371,0.0365298614390294,0.323216531549677,0.1138825010556677,-0.0505747301825161,0.1802923148399284,0.2224276449102473,10602671.529701617,0.7082604156380815,,,,
2026-09-06,2026-09-04,138,4949,4949.TW,有成精密,TWSE,光電業,77.80000305175781,0.0456989443030624,0.1646706511596565,-0.1355555216471354,0.1120947122635431,-0.2312835562601541,0.0045312815131483,0.2208835882797764,0.1907331593196955,-0.0839894245774246,1.0606837218672718,0.1907012102260935,77647421.7658699,0.7071386531537536,,,,
2026-09-06,2026-09-04,140,2352,2352.TW,佳世達,TWSE,電腦及週邊設備業,29.25,0.0372340144912499,0.0335689324576153,0.006485829320737,-0.0190070064384979,-0.0721218977551747,0.0288417813768461,0.1194969398453488,0.0810424728068543,-0.0540540662449234,0.1387125726677772,0.0494973137372108,166840804.77179536,0.7008409673161983,,,,
2026-09-06,2026-09-04,143,4912,4912.TW,聯德控股-KY,TWSE,電子零組件業,102.0,0.0282258380836313,0.146067415730337,0.1196487564044832,0.0934914768342236,0.0198384302039087,-0.0082910158489529,0.3939395760921483,0.1313561183300362,-0.057022112676896,1.0315192788376224,0.438059045632798,69774849.45185585,0.7002119890992571,,,,
2026-09-06,2026-09-04,144,1304,1304.TW,台聚,TWSE,塑膠工業,12.350000381469728,0.0248962809947115,0.0466101849020912,-0.0007726894779045,-0.0059657539940221,-0.0973011777928,0.0132437347691887,0.1466669040259094,0.0939970134746168,-0.0327868544904811,0.2714504508282052,0.0727275395564664,33628024.60387874,0.6958173640279318,,,,
2026-09-06,2026-09-04,147,3617,3617.TW,碩天,TWSE,其他電子業,248.0,0.0184804928131416,0.0689655172413792,0.2391737077174796,0.0163895783452658,0.1476593510772745,0.0012391135027968,0.1509433962264151,0.1135954971269673,-0.0711538461538461,0.4208136675661592,0.0916399827300362,195795369.925,0.6926566191815201,,,,
2026-09-06,2026-09-04,148,3555,3555.TWO,博士旺,TPEX,半導體業,193.5,0.0516304347826086,0.2364217252396165,-0.0606796116504854,0.1838457863435032,-0.0449357633444782,-0.0074749965272954,0.3032786885245901,0.1977499955127518,-0.0951219512195121,1.6186340287905554,0.3625874710311598,20471161.225,0.6925968348913611,,,,
2026-09-06,2026-09-04,149,1309,1309.TW,台達化,TWSE,塑膠工業,13.649999618530272,0.0419846733621882,0.0664062043069868,-0.0897847493023812,0.0138302654108735,-0.1576183765093699,0.0253831222854415,0.2207792143452526,0.0873586347430149,-0.0342205188075459,0.3576445377453229,0.1678266797286363,27841898.44719534,0.6919401607405695,,,,
2026-09-06,2026-09-04,150,1434,1434.TW,福懋,TWSE,紡織纖維,18.200000762939453,0.0196078640890711,0.0550725079964899,0.1423663964263315,0.0024965691003766,0.0584862120787774,0.0058397370899486,0.2835824464632616,0.0516472923864779,-0.0220994259723763,0.3357889263387903,0.3023894541004265,36908549.44398947,0.691477279984938,,,,
2026-09-06,2026-09-04,1,6640,6640.TWO,均華,TPEX,半導體業,1250.0,0.179245283018868,0.3616557734204793,0.2422013652084145,0.3090798345243659,0.1472627437908715,0.0888313396637481,0.3326653306613226,0.2586480934267487,-0.1207373271889401,2.6258522432520053,0.4651506835273579,558319260.85,0.8591332514497866,CONFIRMED,PERSISTENT,0.1835440041660747,0.849247894645154
2026-09-06,2026-09-04,2,6271,6271.TW,同欣電,TWSE,半導體業,237.0,0.1023255813953487,0.2248062015503875,0.0921658986175115,0.1722302626542742,-0.023602430011145,0.0461240310077518,0.4009216589861751,0.1593317447829953,-0.0670995670995671,1.5611375819158382,0.5656730577997217,1027319374.65,0.8489330309222978,CONFIRMED,CONFIRMING,0.1552522544479648,0.8469465176884341
2026-09-06,2026-09-04,3,6291,6291.TWO,沛亨,TPEX,半導體業,456.5,0.1398252184769037,0.2255033557046979,-0.0777777777777777,0.1729274168085846,-0.1693810913762874,0.0834493795507292,0.3076923076923077,0.1831340336044466,-0.0906832298136646,1.4749081352488915,0.3788790458195483,427140218.2,0.8441447231208244,CONFIRMED,CONFIRMING,0.1433222716173063,0.8379903269279528
2026-09-06,2026-09-04,4,6510,6510.TWO,精測,TPEX,半導體業,3350.0,0.25,0.2430426716141001,-0.0064697200837624,0.1904667327179867,-0.0244146402052751,0.1892393320964749,0.3202933985330073,0.2020168707086511,-0.1237458193979933,1.7335161689191172,0.3853389224709348,1965784090.25,0.8418052072493083,CONFIRMED,CONFIRMING,0.1658256481642597,0.8357779340570459
2026-09-06,2026-09-04,5,6530,6530.TWO,創威,TPEX,通信網路業,98.1999969482422,0.1300344674792455,0.309333292643229,0.054844536829619,0.2567573537471157,-0.0677693278406292,0.0527011443184382,0.3323783105628243,0.2161666522640866,-0.0868571254185267,2.205090723062588,0.4756315376711495,198931966.654192,0.8339033601246837,CONFIRMED,CONFIRMING,0.1307501509813207,0.8211232103256885
2026-09-06,2026-09-04,6,2464,2464.TW,盟立,TWSE,其他電子業,211.0,0.1133710278360953,0.219253562421152,0.4897217133404472,0.1666776235250386,0.3719716906919552,0.0585576372308073,0.2290259499598066,0.2398430524594685,-0.1469194175352077,1.4776078099181378,0.2093650614460136,3610545183.925,0.8324113034319925,CONFIRMED,PERSISTENT,0.1041811343394909,0.828179923554574
2026-09-06,2026-09-04,7,8240,8240.TWO,華宏,TPEX,光電業,51.5,0.1495535910053524,0.2160567144168899,-0.038433894972724,0.1634807755207765,-0.1274756554399038,0.09553941240113,0.3711966785992622,0.1668929739549906,-0.0571992402808549,1.4225249304684242,0.4805447040703335,27043234.662273027,0.8323687580620481,CONFIRMED,CONFIRMING,0.1547085152411846,0.8148401211585071
2026-09-06,2026-09-04,8,6532,6532.TWO,瑞耘,TPEX,半導體業,98.0,0.0986547461079394,0.1936662828427551,0.1890103524444586,0.1410903439466417,0.0875026158332605,0.0502381753972506,0.4066496712628404,0.1177560563622336,-0.0418078751213806,1.3292340515385843,0.6687921851802134,68703773.63487586,0.8322621796947224,CONFIRMED,PERSISTENT,0.0888888796582634,0.8257568454885863
2026-09-06,2026-09-04,9,3591,3591.TW,艾笛森,TWSE,光電業,24.89999961853028,0.1216215658919337,0.1745282416243556,0.1165919493462925,0.1219523027282423,0.0523159591081732,0.0779895054858448,0.5606055307873328,0.111522471251355,-0.0599078847328613,1.2410891088886655,0.87732540747489,19680326.29216347,0.8322381451701324,CONFIRMED,CONFIRMING,0.1485239565295368,0.8152977847411639
2026-09-06,2026-09-04,10,2201,2201.TW,裕隆,TWSE,汽車工業,31.100000381469727,0.0950704506762658,0.1636781501569415,0.151006566911654,0.1111022112608282,0.0719856411598713,0.0541509131370304,0.5241604200882101,0.0857770411911549,-0.0266040801618911,1.0746201902496382,1.0001931373959578,128796533.32901068,0.8317689784259513,CONFIRMED,PERSISTENT,0.0750092174830132,0.8259264352839544
2026-09-06,2026-09-04,11,2883,2883.TW,凱基金,TWSE,金融保險業,36.70000076293945,0.1206107103187619,0.1896272385456296,0.3686838829244017,0.1370512996495163,0.2699073673416614,0.0732039006823545,0.6062179197162022,0.073681723162626,-0.0394944712501088,1.3049863742447974,1.560162074642808,1454395538.3297398,0.82939849419986,CONFIRMED,PERSISTENT,0.1328908991050079,0.8298802363817049
2026-09-06,2026-09-04,12,6683,6683.TWO,雍智科技,TPEX,半導體業,1360.0,0.1333333333333333,0.2142857142857142,-0.0166097684613617,0.1617097753896008,-0.1074942899694173,0.0797619047619047,0.2033898305084746,0.2607415909590471,-0.2329749103942652,1.3020051645880668,0.1671522174450649,895743773.5,0.8219857218925749,CONFIRMED,CONFIRMING,0.0862619808306708,0.8136638023326824
2026-09-06,2026-09-04,13,2421,2421.TW,建準,TWSE,電子零組件業,178.0,0.0886850152905198,0.1749174917491749,0.2535211267605635,0.1223415528530615,0.1506504435520734,0.0449556423532261,0.3212121212121212,0.164879715167633,-0.0835654596100278,1.2775086857443756,0.3407673194045267,812658933.4,0.8219381650727027,CONFIRMED,PERSISTENT,0.148016768784263,0.8209627847240948
2026-09-06,2026-09-04,14,5607,5607.TW,遠雄港,TWSE,航運業,56.79999923706055,0.1029126065448648,0.1603676884937743,0.120941523550021,0.107791749597661,0.0251487542476867,0.0628206844214213,0.391521210292417,0.110330188742304,-0.0787120108367425,1.2172726608888726,0.5690858703915661,76712801.84131165,0.8200203446086778,CONFIRMED,PERSISTENT,0.0652163608157843,0.809806420958943
2026-09-06,2026-09-04,15,1326,1326.TW,台化,TWSE,塑膠工業,69.80000305175781,0.1239936355368114,0.185059443862489,0.5264371122310498,0.1324835049663757,0.451153324824632,0.0777287745711891,0.2891245567819919,0.1785883433425324,-0.0628099047448024,1.2723757623884857,0.2996009072240567,2387366029.552661,0.8164626335664776,CONFIRMED,PERSISTENT,0.1202953648964095,0.8144449143613206
2026-09-06,2026-09-04,16,2884,2884.TW,玉山金,TWSE,金融保險業,43.54999923706055,0.1238709480531754,0.1415464612109798,0.3410571218203202,0.0889705223148664,0.2720917949890824,0.0884843327504305,0.5094336363377906,0.0838719889649934,-0.0366972862354728,1.0137521609674465,0.8597450631050636,1746272707.902753,0.814752475470891,CONFIRMED,PERSISTENT,0.1232187554120356,0.8127942232739442
2026-09-06,2026-09-04,17,2887,2887.TW,台新新光金,TWSE,金融保險業,41.5,0.1066666666666666,0.1806542872962881,0.5010440688966813,0.1280783484001748,0.4163173366826993,0.0615030948425946,0.5059758509964413,0.0880793836046886,-0.0476820989949813,1.191479681776507,1.0377764127090154,2344601382.987993,0.8126702410612532,CONFIRMED,PERSISTENT,0.1013069593541213,0.8144458944104445
2026-09-06,2026-09-04,18,2801,2801.TW,彰銀,TWSE,金融保險業,26.600000381469727,0.0704225341302187,0.1490281131658386,0.2609411664929633,0.0964521742697253,0.184005403148485,0.033165505838759,0.7263153667928862,0.0567923426480148,-0.0145228371755063,1.0744515812862876,1.90591554476546,467587439.4475829,0.811080013375322,CONFIRMED,PERSISTENT,0.092290328089496,0.8052136653471105
2026-09-06,2026-09-04,19,4977,4977.TW,眾達-KY,TWSE,通信網路業,185.0,0.1085411492925736,0.3857677902621723,0.0833992875072682,0.333191851366059,-0.0089256274242759,0.0120992017270305,0.3649313409597128,0.2397681668330023,-0.1095646725425237,2.7543641766948666,0.5871453198267628,772574700.5532768,0.8103216937450802,CONFIRMED,CONFIRMING,0.1658704189633342,0.7942675131524044
2026-09-06,2026-09-04,20,2889,2889.TW,國票金,TWSE,金融保險業,16.600000381469727,0.0877182194761752,0.1303738234609188,0.1568374744276179,0.0777978845648055,0.072215047316166,0.0551247636109454,0.5549027563873646,0.0593864311784648,-0.0185184833091325,0.7071948939205004,1.2182041008966669,224870675.97651443,0.8099109766554875,CONFIRMED,PERSISTENT,0.0887188626493287,0.8034598008258554
2026-09-06,2026-09-04,21,4971,4971.TWO,IET-KY,TPEX,半導體業,624.0,0.0985915492957747,0.3550488599348533,0.2071778772094346,0.30247292103874,0.0662418799841184,0.0098293343120614,0.2870939420544337,0.277947260074843,-0.0986394557823129,2.4595606278946347,0.3667327995720561,1770159758.7,0.807442810078462,CONFIRMED,PERSISTENT,0.1186805306561491,0.7911051537192377
2026-09-06,2026-09-04,22,2520,2520.TW,冠德,TWSE,建材營造業,37.09999847412109,0.0509914809054945,0.1213856210054664,0.165032407957836,0.0688096821093531,0.0161003047232046,0.0206450756541279,0.364556611352744,0.0900214875722271,-0.0407608704102737,0.4508385556572045,0.4915707555398543,61548607.44595452,0.8069496090460864,CONFIRMED,PERSISTENT,0.0340742391071813,0.7955155913341144
2026-09-06,2026-09-04,23,8111,8111.TWO,立碁,TPEX,光電業,70.0,0.121794844363412,0.178451148178893,0.2612612612612612,0.1258752092827797,0.177544454785095,0.0771820573186887,0.2226890150196473,0.2186033864419724,-0.083769651807023,1.2575767254990788,0.181786344044727,808392242.8701389,0.8037515696168095,CONFIRMED,PERSISTENT,0.1078578803362459,0.7954561673826893
2026-09-06,2026-09-04,24,3023,3023.TW,信邦,TWSE,電子零組件業,340.0,0.0725552050473186,0.1038961038961039,0.1397368168263895,0.0513201649999905,0.0683789619690176,0.0465811790732926,0.32,0.0908325990213145,-0.0361067503924646,0.485891452290506,0.3660222607849376,303664936.925,0.803506853276565,CONFIRMED,PERSISTENT,0.068006910632951,0.807915613784685
2026-09-06,2026-09-04,25,2395,2395.TW,研華,TWSE,電腦及週邊設備業,711.0,0.0627802690582959,0.1214511041009462,0.5652828004274588,0.0688751652048329,0.4833031781382439,0.0324174930330593,0.2271386430678466,0.1293322615874084,-0.0702005730659025,0.7371414329865151,0.2132974297827208,2422742983.65,0.8021824881246425,CONFIRMED,PERSISTENT,0.0464346162337183,0.8062298096034956
2026-09-06,2026-09-04,26,6224,6224.TW,聚鼎,TWSE,電子零組件業,84.80000305175781,0.1382550745202391,0.5418182373046876,0.1114023546530404,0.4892422984085742,-0.0116090714183809,0.0028005151940672,0.5228070710834704,0.1968750417651553,-0.0675844984074236,4.090780976974557,1.4388131840640828,130072895.54583208,0.8018186294248829,CONFIRMED,CONFIRMING,0.1778596116012967,0.7751799284406031
2026-09-06,2026-09-04,27,6217,6217.TWO,中探針,TPEX,電子零組件業,188.5,0.0771428571428571,0.1424242424242423,-0.1732456140350877,0.089848303528129,-0.2679228878079975,0.0415367965367965,0.1983122362869198,0.2233839015943471,-0.1345029239766082,0.67836096312578,0.1264391472036883,779708499.275,0.7991494342186501,CONFIRMED,CONFIRMING,0.1248694614351784,0.7988750774155675
2026-09-06,2026-09-04,28,6442,6442.TW,光聖,TWSE,通信網路業,1755.0,0.0866873065015478,0.3245283018867924,-0.0273870097861632,0.271952362990679,-0.1403455163659136,0.0055552310298497,0.43,0.201878590779461,-0.1042944785276073,2.337329441699368,0.6912430350961124,4973408379.25,0.7988228877132086,CONFIRMED,CONFIRMING,0.1016949152542372,0.7843189567424703
2026-09-06,2026-09-04,29,3714,3714.TW,富采,TWSE,光電業,66.80000305175781,0.0670927265177649,0.124579147067108,0.0673632387554472,0.0720032081709947,0.0040461146488874,0.0359479397509879,0.2269939224614768,0.1614261426614943,-0.0753768834588275,0.7986879612314551,0.175180480580321,749833655.2721598,0.79723532823464,CONFIRMED,PERSISTENT,0.1189280243175512,0.7989954431800786
2026-09-06,2026-09-04,30,2617,2617.TW,台航,TWSE,航運業,32.45000076293945,0.0656814433461094,0.1228374114625583,0.1539829229899874,0.070261472566445,0.0751012044481951,0.0349720904804699,0.4201187251861133,0.0783679726164298,-0.0439560314525079,0.9360624124413448,0.6585125911244109,69703438.41454211,0.796378077836528,CONFIRMED,PERSISTENT,0.0604575379675276,0.7896947559298845
2026-09-06,2026-09-04,31,2882,2882.TW,國泰金,TWSE,金融保險業,115.0,0.0900473933649288,0.1569416321393075,0.1851457675482719,0.1043656932431942,0.1153279627391066,0.0508119853301019,0.4239130547456809,0.0966910106650789,-0.0374384537118995,1.088457521195207,0.6880640324196626,2286015391.8354354,0.7951664544038305,CONFIRMED,PERSISTENT,0.1135318365991642,0.7956701027641995
2026-09-06,2026-09-04,32,2419,2419.TW,仲琦,TWSE,通信網路業,27.100000381469727,0.0796812736894025,0.1198346912026304,-0.0524475517480016,0.0672587523065171,-0.1038657450222889,0.0497226008887449,0.3333331871763948,0.1204680125510779,-0.0457256316490345,0.8091603872804909,0.3315807964868303,32825743.53616448,0.7945191690749209,CONFIRMED,CONFIRMING,0.074863674029538,0.7805419938663083
2026-09-06,2026-09-04,33,6290,6290.TWO,良維,TPEX,電子零組件業,270.0,0.0887096774193547,0.3366336633663367,-0.0662476015983012,0.2840577244702233,-0.1320293514108823,0.0045512615777705,0.4533333333333333,0.1794449859281343,-0.0539499036608863,2.429728062147624,0.8504403727791541,1001329064.6,0.7916701052098405,CONFIRMED,CONFIRMING,0.1590470057952351,0.7715045249828533
2026-09-06,2026-09-04,34,2454,2454.TW,聯發科,TWSE,半導體業,4415.0,0.1079046424090339,0.132051282051282,0.0872409129898361,0.0794753431551686,-0.0080117816300731,0.0748918218962134,0.2518337408312958,0.1551910520828563,-0.1242603550295857,0.8823522154692235,0.214284057580769,30698300624.0,0.791356345499199,CONFIRMED,CONFIRMING,0.1001058992088705,0.7940832772340701
2026-09-06,2026-09-04,35,2353,2353.TW,宏碁,TWSE,電腦及週邊設備業,32.70000076293945,0.0599675967129305,0.080991760758329,-0.0831819939746614,0.0284158218622156,-0.1423891702151836,0.0397196565233482,0.2462311191741548,0.0871304171112407,-0.0541795678432114,0.4873196667066632,0.2288832368373448,593140671.0454834,0.7872882712540966,CONFIRMED,CONFIRMING,0.0427296148967626,0.7953230855449848
2026-09-06,2026-09-04,36,4569,4569.TW,六方科-KY,TWSE,汽車工業,180.0,0.0876132930513595,0.1125607009865794,0.1193446501848702,0.0599847620904661,0.0812504667193243,0.0594731178047147,0.2864509541836786,0.1131241308016832,-0.0489400198896867,0.636775238505519,0.2850242470168854,18552959.9,0.7866395581498515,CONFIRMED,PERSISTENT,0.0858313864151343,0.7716448176993177
2026-09-06,2026-09-04,37,7744,7744.TWO,崴寶,TPEX,電子零組件業,545.0,0.064453125,0.1595744680851063,0.0878243512974052,0.106998529188993,0.0490972945067613,0.0245595079787234,0.259515570934256,0.1567145046443439,-0.0361702127659574,1.1274287455355092,0.2642516038041232,71782652.525,0.7865226972680516,CONFIRMED,PERSISTENT,0.0995662261676586,0.7735842184971534
2026-09-06,2026-09-04,38,3518,3518.TW,柏騰,TWSE,其他電子業,30.799999237060547,0.1059245535074977,0.094138531241253,0.1492537355922225,0.0415625923451397,0.0369882750637982,0.0823899206971844,0.2488261750472673,0.1268654057263963,-0.0470383395673282,0.557290075618386,0.1846376521574858,26213486.30613146,0.7857032780176996,CONFIRMED,PERSISTENT,0.0718635530249591,0.7827153320990945
2026-09-06,2026-09-04,39,2855,2855.TW,統一證,TWSE,金融保險業,50.70000076293945,0.044284275173329,0.139325859841336,0.0381975622469721,0.0867499209452227,-0.046833244485257,0.0094528102129949,0.4881887138501353,0.0680657167866088,-0.0347368742290296,0.9602767721379706,0.9992888569034762,178257766.08091506,0.78272794502512,CONFIRMED,CONFIRMING,0.0629488155117976,0.7748030878673537
2026-09-06,2026-09-04,40,2606,2606.TW,裕民,TWSE,航運業,78.19999694824219,0.0831024965873781,0.1585184733072917,0.2053175494088437,0.1059425344111784,0.1125686646446886,0.0434728782605551,0.2997198280928435,0.1493866705812511,-0.0769230769230768,1.1628980745915984,0.3180412909956399,777545852.6408489,0.781853157861795,CONFIRMED,PERSISTENT,0.0911119975582104,0.7808009767245647
2026-09-06,2026-09-04,41,4938,4938.TW,和碩,TWSE,電腦及週邊設備業,95.4000015258789,0.0779661189364848,0.0952928036413673,0.0450040745423545,0.042716864745254,-0.0253177706688096,0.054142918026143,0.2832766726868603,0.1007146009710658,-0.0664557262547577,0.6695801739118078,0.2680269602049461,1254457170.2468195,0.7812937846643188,CONFIRMED,CONFIRMING,0.0521672068254666,0.7830329621596468
2026-09-06,2026-09-04,42,2637,2637.TW,慧洋-KY,TWSE,航運業,99.8000030517578,0.0836048285038824,0.1353811299124425,0.2745849190553426,0.0828051910163292,0.2362221715470718,0.0497595460257717,0.260393880391473,0.1370341424682209,-0.1058823828603706,0.9446216699977446,0.2572528065978761,744838018.4725437,0.7789289644574978,CONFIRMED,PERSISTENT,0.0762428938253285,0.7793726808200181
2026-09-06,2026-09-04,43,7828,7828.TWO,創新服務,TPEX,半導體業,1930.0,0.0722222222222221,0.128654970760234,0.0782122905027933,0.0760790318641206,0.107113316410123,0.0400584795321636,0.1571428571428571,0.2312015170453854,-0.1893333333333333,0.7273854379688489,0.0874441048192829,345603643.5,0.7745322877635282,CONFIRMED,CONFIRMING,0.1364640070660974,0.7668398995922444
2026-09-06,2026-09-04,44,6122,6122.TWO,擎邦,TPEX,電機機械,51.29999923706055,0.0544706603919016,0.0903294382341315,0.1921771367012192,0.0377534993380181,0.0740888618275166,0.0318883008333687,0.3990606898112926,0.0786703838893453,-0.0210084040347957,0.669438536794858,0.4582020088103458,15095190.32973976,0.7744978773220377,CONFIRMED,PERSISTENT,0.0627718863325013,0.7611589133086192
2026-09-06,2026-09-04,45,6486,6486.TWO,互動,TPEX,通信網路業,82.19999694824219,0.0620154435107909,0.1033556637347945,0.0892974512801532,0.0507797248386812,0.0137047425435898,0.0361765275770922,0.4399998256138392,0.1077639061582171,-0.0237529699820464,0.7573305203559597,0.4220009801124361,18392544.43709488,0.7742892015398996,CONFIRMED,CONFIRMING,0.0787401174309998,0.7570388480186104
2026-09-06,2026-09-04,46,4526,4526.TW,東台,TWSE,電機機械,32.0,0.056105637153289,0.0684473851365388,-0.1540057767092121,0.0158714462404254,-0.2031127815490543,0.0389937908691543,0.2611463234833181,0.0779146883847322,-0.0766823381669944,0.332181333981546,0.2294148042047034,60710564.40420751,0.7740878333287831,CONFIRMED,CONFIRMING,0.0462645107035388,0.7789230926664208
2026-09-06,2026-09-04,47,1569,1569.TWO,濱川,TPEX,電腦及週邊設備業,48.70000076293945,0.0518358869422581,0.1499410275704891,0.0241851008271434,0.0973650886743757,-0.0789849124363731,0.0143506300496358,0.3315928484477367,0.1231829848907376,-0.0521920651432407,1.0330448895521558,0.4036220787747578,18565987.44991703,0.7703941683702328,CONFIRMED,CONFIRMING,0.0943820489980464,0.747150537565806
2026-09-06,2026-09-04,48,6870,6870.TWO,騰雲,TPEX,數位雲端,290.0,0.1350293542074363,0.1328125,0.0740524652168772,0.0802365611038866,-0.0491343378782846,0.1018262292074363,0.3541666666666667,0.1283383708237003,-0.0526315789473684,0.8370349344523051,0.3665136164248407,16180227.25,0.7700601117817598,CONFIRMED,CONFIRMING,0.0955799017755951,0.7525543110360197
2026-09-06,2026-09-04,49,2413,2413.TW,環科,TWSE,電子零組件業,45.79999923706055,0.0444698022986314,0.1355115393563837,-0.1942805315809924,0.0829356004602703,-0.2996057340309493,0.0105919174595354,0.2850204125233411,0.1613691590005858,-0.0791049056272762,0.7909110503997578,0.2393490496464026,40071631.92414055,0.7699519826478547,CONFIRMED,CONFIRMING,0.0492148214890386,0.7475913542505243
2026-09-06,2026-09-04,50,2905,2905.TW,三商,TWSE,貿易百貨業,18.14999961853028,0.0583090391978502,0.1260666083584867,0.2914330600795325,0.0734906694623733,0.2055290883462639,0.0267923871082285,0.3848110794566902,0.0968662009593002,-0.044199047270628,0.714498794069329,0.500812741342628,27685463.99561977,0.7677196849082594,CONFIRMED,PERSISTENT,0.0591960759878695,0.749201046315256
2026-09-06,2026-09-04,51,2890,2890.TW,永豐金,TWSE,金融保險業,42.84999847412109,0.0766331481288191,0.1001283089804827,0.3520456954124642,0.0475523700843694,0.2853526894445495,0.0516010708836984,0.4875004112726372,0.055155345363195,-0.039457423038834,0.6191509589428779,0.885002015427348,970443166.8415124,0.7676962099183117,CONFIRMED,PERSISTENT,0.067779690080036,0.768937706420298
2026-09-06,2026-09-04,52,2027,2027.TW,大成鋼,TWSE,鋼鐵工業,50.20000076293945,0.0371900657089465,0.0772532705299891,0.2263590953352401,0.0246773316338757,0.1508660548984093,0.0178767480764492,0.2045455579915188,0.1200319902901482,-0.0555556144243387,0.4906683337071068,0.1316466825971087,905772026.1649584,0.7659114703661094,CONFIRMED,PERSISTENT,0.0179458745162934,0.7734585363589888
2026-09-06,2026-09-04,53,3019,3019.TW,亞光,TWSE,光電業,144.5,0.0433212996389891,0.1158301158301158,0.0231034569188073,0.0632541769340024,-0.0608159657539926,0.0143637706814601,0.2307692307692307,0.1574978593493531,-0.092063492063492,0.8292853150034248,0.169716762122688,876223446.725,0.7658586351534354,CONFIRMED,CONFIRMING,0.0386343216531894,0.7589844220838166
2026-09-06,2026-09-04,54,2845,2845.TW,遠東銀,TWSE,金融保險業,13.649999618530272,0.0716662567353216,0.0879036477107644,0.1175352649049927,0.035327708814651,0.0449648360502483,0.0496903448076305,0.5371079989689835,0.061692319224098,-0.0183150078147326,0.3063840699955141,0.7653100567106033,207207557.67206985,0.765397680730917,CONFIRMED,PERSISTENT,0.0617728898471665,0.7625246001693953
2026-09-06,2026-09-04,55,2324,2324.TW,仁寶,TWSE,電腦及週邊設備業,41.59999847412109,0.0478588834929021,0.1381668766750619,0.1507606284425926,0.0855909377789485,0.0443580421832754,0.0133171643241366,0.2153517728255941,0.1909927800685623,-0.1087963120355197,0.9420826131135498,0.1557885163358981,4536123743.792723,0.7652456239709683,CONFIRMED,PERSISTENT,0.0437836796827366,0.7550440354630321
2026-09-06,2026-09-04,56,4576,4576.TW,大銀微系統,TWSE,電機機械,238.0,0.1018518518518518,0.0917431192660549,0.2155566254814471,0.0391671803699416,0.1114069105996364,0.0789160720353381,0.1574803149606299,0.1612985358176272,-0.13215859030837,0.562020743619423,0.0895713978075061,631231727.125,0.7649714358425291,CONFIRMED,PERSISTENT,0.0919935765083734,0.771982020040011
2026-09-06,2026-09-04,57,3006,3006.TW,晶豪科,TWSE,半導體業,278.5,0.033395176252319,0.0857699805068226,0.3682819768993504,0.0331940416107092,0.3082804167437283,0.0119526811256133,0.127906976744186,0.2009635968842651,-0.1153153153153153,0.4917992189750279,0.0545898813124518,3739714430.075,0.7632924046177278,CONFIRMED,PERSISTENT,0.02795976746332,0.7708074896565829
2026-09-06,2026-09-04,58,8064,8064.TWO,東捷,TPEX,光電業,112.0,0.0873786407766989,0.0873786407766989,-0.1516845056775058,0.0348027018805856,-0.2623078624383141,0.0655339805825242,0.1931330851542104,0.1522649252620181,-0.0815165732144179,0.398899303239265,0.1108312136938009,341321282.45247346,0.7623292786293767,CONFIRMED,CONFIRMING,0.0964268273935746,0.7609110085664946
2026-09-06,2026-09-04,59,6275,6275.TWO,元山,TPEX,電子零組件業,48.150001525878906,0.0536105190817914,0.0893665315556153,0.0756850845844196,0.036790592659502,-0.0046836917667356,0.0312688861928876,0.255663467176939,0.101327524321261,-0.0313900842842849,0.612575509837021,0.2254842152725122,16432023.586651802,0.7618224657036581,CONFIRMED,CONFIRMING,0.0720249663208476,0.7488820882250695
2026-09-06,2026-09-04,60,2357,2357.TW,華碩,TWSE,電腦及週邊設備業,1025.0,0.0621761658031088,0.2545899632802937,0.3908488512800645,0.2020140243841803,0.292945576035597,-0.0014713250169646,0.4210526315789473,0.1627885521597719,-0.0863453815261043,1.820094212229455,0.6584970047988749,3669597638.1,0.7611616460453438,CONFIRMED,PERSISTENT,0.0894982993197279,0.7423655378019557
2026-09-06,2026-09-04,61,3580,3580.TWO,友威科,TPEX,其他電子業,88.0999984741211,0.0704738178286057,0.1441558243392349,-0.0603485812719285,0.0915798854431215,-0.2102669701796936,0.034434861743797,0.2317326635608617,0.1569924528025489,-0.1050175066568027,0.9552947001718284,0.2127848348478076,25758445.342625428,0.7597095668650568,CONFIRMED,CONFIRMING,0.0843744083333855,0.7385155328887806
2026-09-06,2026-09-04,62,1595,1595.TWO,川寶,TPEX,半導體業,68.80000305175781,0.042424288662997,0.1390728694316316,-0.0814419005320509,0.0864969305355183,-0.1106435442342586,0.0076560713050891,0.2658229101126688,0.1449255736611516,-0.0591805984154245,0.8116711410363031,0.2550878629362659,25103686.520379446,0.7590017653922745,CONFIRMED,CONFIRMING,0.0578919475609371,0.7366165958751353
2026-09-06,2026-09-04,63,2542,2542.TW,興富發,TWSE,建材營造業,48.54999923706055,0.032978707171501,0.0959367962346267,0.0705623124720837,0.0433608573385133,-0.008728977380046,0.0089945081128444,0.4187191488753973,0.0601179744056759,-0.0440573308359573,0.6933628206337648,0.6681957278554395,395175658.5074463,0.7589563665598177,CONFIRMED,CONFIRMING,0.0282204504556584,0.7589771490133819
2026-09-06,2026-09-04,64,5285,5285.TW,界霖,TWSE,半導體業,87.30000305175781,0.0467626073684033,0.1322957818353316,0.0196648359918085,0.0797198429392183,-0.0295166149363008,0.0136886619095704,0.2575757838477682,0.1469400892134966,-0.0655940946977787,0.8334283307262292,0.2319053288206316,100436295.24440956,0.7587608271223922,CONFIRMED,CONFIRMING,0.0823879824119919,0.745160642263178
2026-09-06,2026-09-04,65,6209,6209.TW,今國光,TWSE,光電業,81.5,0.062581528588546,0.0969043963999116,0.0350934192438381,0.0443284575037983,-0.0635664273261218,0.0383554294885681,0.1978020642118187,0.144763611767775,-0.1066666666666666,0.5968322014849605,0.132408202621052,802169512.8693497,0.7587545028771964,CONFIRMED,CONFIRMING,0.1001619938392845,0.7662508204175873
2026-09-06,2026-09-04,66,2377,2377.TW,微星,TWSE,電腦及週邊設備業,161.5,0.1137931034482757,0.0867104250465935,0.2454433452613074,0.0341344861504802,0.1826603876271566,0.0921154971866273,0.1692478439197072,0.1712526689845083,-0.1471472688521228,0.2639786826256073,0.0856953212555473,2422151386.05,0.7582726887589354,CONFIRMED,PERSISTENT,0.0785748435719264,0.7621342727099731
2026-09-06,2026-09-04,67,1301,1301.TW,台塑,TWSE,塑膠工業,66.0,0.0526315661388492,0.1827957150968013,0.5211458701314595,0.130219776200688,0.4236539691947507,0.0069326373646488,0.3805968375322737,0.1203272455976086,-0.0533333460489908,1.2819953343110584,0.5781855201186101,2118686187.2751555,0.7582130305856917,CONFIRMED,PERSISTENT,0.0908189453975718,0.7494466971788211
2026-09-06,2026-09-04,68,3630,3630.TWO,新鉅科,TPEX,光電業,28.39999961853028,0.0757575768522431,0.0965250979467722,-0.0564784299466658,0.0439491590506588,-0.1427252378542378,0.0516263023655501,0.3289472693551908,0.0886713432763234,-0.041904776436942,0.646378206140152,0.3580826253515347,23084332.390268613,0.7561035063168693,CONFIRMED,CONFIRMING,0.0887483065745762,0.7325789184397691
2026-09-06,2026-09-04,69,6133,6133.TW,金橋,TWSE,電子零組件業,23.75,0.0326086956521738,0.1150235141171562,0.043956043956044,0.0624475752210429,-0.0329797193884342,0.0038528171228847,0.5157892200757317,0.061807413804285,-0.0369565383247707,0.8219909501830389,0.9598830461459112,16288213.811719418,0.7547712423560408,CONFIRMED,CONFIRMING,0.0472935746864107,0.736434698872018
2026-09-06,2026-09-04,70,6177,6177.TW,達麗,TWSE,建材營造業,49.20000076293945,0.0347003481041676,0.0748176453803497,0.1065632597576944,0.0222417064842364,0.0486243556425713,0.0159959367590802,0.3042027455837033,0.0652270045495563,-0.0297131694002914,0.0107794011713305,0.3489311413268797,102621163.4072506,0.7520783039036791,CONFIRMED,PERSISTENT,0.0521892727174035,0.7533122830731767
2026-09-06,2026-09-04,71,2409,2409.TW,友達,TWSE,光電業,26.799999237060547,0.0367504387455179,0.0916496973492126,0.1775841842254928,0.0390737584530993,0.1109105811429476,0.0138380144082148,0.2173913363973772,0.1370757889360088,-0.073394495412844,0.5022738895230147,0.1453491556883292,4267382579.058165,0.7514427484722598,CONFIRMED,CONFIRMING,0.0261318814284583,0.7526423442412673
2026-09-06,2026-09-04,72,5880,5880.TW,合庫金,TWSE,金融保險業,26.64999961853028,0.0554455294467435,0.0764236505004709,0.1824863274535728,0.0238477116043576,0.1080347270440245,0.0363396168216257,0.4720887069909104,0.052918117774772,-0.0306128337034461,0.2590110234664287,0.6817843087664129,572694855.3842924,0.7490370740152418,CONFIRMED,PERSISTENT,0.0620419395315001,0.7509626090245698
2026-09-06,2026-09-04,73,8147,8147.TWO,正淩,TPEX,電子零組件業,135.0,0.0887096774193547,0.0756972111553784,-0.0471983256702348,0.023121272259265,-0.1466665261815294,0.0697853746305101,0.1881188118811881,0.1200247060450672,-0.0846153846153846,0.3685757160376098,0.1186428185870524,20456065.975,0.7488690705639516,CONFIRMED,CONFIRMING,0.0832497492477433,0.7408744391276554
2026-09-06,2026-09-04,74,2897,2897.TW,王道銀行,TWSE,金融保險業,10.850000381469728,0.0483091769634309,0.0689655949997773,0.0871744367874438,0.016389656103664,0.0206923111125252,0.0310677782134866,0.5384632313780036,0.0390422409536033,-0.009852160744208,0.5188824964458483,0.951160492596146,49095564.04649906,0.7487937279143335,CONFIRMED,PERSISTENT,0.0511019996603359,0.7471152703159636
2026-09-06,2026-09-04,75,2612,2612.TW,中航,TWSE,航運業,63.29999923706055,0.0514949906118527,0.1509090770374646,0.1614678759093677,0.0983331381413512,0.0824049144224454,0.0137677213524865,0.3688889175226707,0.1095222063447478,-0.0564263090465666,1.1265958719490166,0.5082867477803076,94597706.30149098,0.7487227800642593,CONFIRMED,PERSISTENT,0.0736092129597287,0.7374160016003061
2026-09-06,2026-09-04,76,3564,3564.TWO,其陽,TPEX,通信網路業,50.20000076293945,0.1268238299133066,0.0842332956834517,0.096778148362929,0.0316573567873383,-0.0103016747842812,0.1057655059924437,0.1638656943778385,0.1623045375331986,-0.0899689474954046,0.5377683484393785,0.0850435095450075,13870165.223011017,0.7464764896115572,CONFIRMED,CONFIRMING,0.0772532396654335,0.7289565841801166
2026-09-06,2026-09-04,77,6658,6658.TW,聯策,TWSE,其他電子業,178.0,0.0690690690690691,0.1633986928104576,0.0171428571428571,0.1108227539143442,-0.0655721269808418,0.0282193958664547,0.2083333333333333,0.1944536237435922,-0.1005747126436781,1.0712912919586244,0.1750617637262404,66851004.625,0.7459139571479265,CONFIRMED,CONFIRMING,0.0684273709483793,0.7285780067840204
2026-09-06,2026-09-04,78,2892,2892.TW,第一金,TWSE,金融保險業,37.29999923706055,0.0843022553065875,0.0897611189287543,0.2639807276623416,0.037185180032641,0.1911824088116986,0.0618619755743989,0.382714688337972,0.0639989007521256,-0.0446329718691899,0.2693617596622326,0.5367732609773753,1402244884.7577095,0.7429961689279635,CONFIRMED,PERSISTENT,0.091042019128652,0.7443358299091847
2026-09-06,2026-09-04,79,3231,3231.TW,緯創,TWSE,電腦及週邊設備業,198.0,0.1123595505617978,0.0790190735694822,0.3459727949384619,0.0264431346733688,0.222183625410661,0.0926047821694272,0.2027972027972027,0.1066960410216542,-0.1091370558375635,0.4627145297669398,0.1501915810003211,9183578488.775,0.7410521318264753,CONFIRMED,PERSISTENT,0.0705596107055961,0.7363607609491896
2026-09-06,2026-09-04,80,3661,3661.TW,世芯-KY,TWSE,半導體業,4220.0,0.0462391519644402,0.1448081143382826,0.0475276065696645,0.0922321754421693,-0.0242223822291909,0.0100371233798696,0.2274975472698764,0.1569206329035267,-0.1377672976705781,0.8910892324753791,0.2099372799304759,8892905772.5,0.7407473502139414,CONFIRMED,CONFIRMING,0.0706737282410032,0.7371001394026223
2026-09-06,2026-09-04,81,2243,2243.TW,宏旭-KY,TWSE,汽車工業,46.0,0.1124546964321924,0.1485643165114865,0.3589365457480831,0.0959883776153731,0.4165707671573093,0.0753136173043207,0.3043478769891793,0.1515215777715139,-0.0714285537351706,0.7263927679960794,0.2984078900947126,10502577.720321655,0.7391159975394808,CONFIRMED,CONFIRMING,0.1105075733632083,0.6940560862078382
2026-09-06,2026-09-04,82,6016,6016.TWO,康和證,TPEX,金融保險業,22.39999961853028,0.0491802912552579,0.1313131556390765,-0.0634312066333409,0.0787372167429631,-0.1489279631819986,0.0163520023454887,0.2736843056295908,0.135845801166998,-0.070707054165428,0.8185858559549856,0.2645525258225045,87813991.0175455,0.7389652855538366,CONFIRMED,CONFIRMING,0.1141506940329881,0.7124920950480983
2026-09-06,2026-09-04,83,2356,2356.TW,英業達,TWSE,電腦及週邊設備業,67.5,0.0400616088288432,0.0546875,0.0655658235024121,0.0021115611038866,-0.0242468218755045,0.0263897338288432,0.1361868674574327,0.1124771804173034,-0.077253239027179,0.2584366993781865,0.0662153806349558,1681653470.374038,0.737658283534748,CONFIRMED,CONFIRMING,0.017332334409668,0.7479932594870339
2026-09-06,2026-09-04,84,2382,2382.TW,廣達,TWSE,電腦及週邊設備業,345.0,0.037593984962406,0.157718120805369,-0.0277593113983132,0.1051421819092557,-0.1315242908841066,-0.0018355452389361,0.4895833333333333,0.0791786872741593,-0.0359820089955023,1.124119588023248,0.97521398711244,5189269310.2,0.7601314612911599,EARLY,UNKNOWN,0.0460092473281286,0.7483212282125206
2026-09-06,2026-09-04,85,2034,2034.TW,允強,TWSE,鋼鐵工業,21.100000381469727,0.0317848212362044,0.0497512428368858,0.1056536323033634,-0.0028246960592275,0.0342598685652895,0.0193470105269829,0.3333329094786205,0.0492744097330702,-0.034229864881376,0.3493815396456683,0.3365586034380532,26415825.316302776,0.7584093656773072,EARLY,PRE_CONFIRMATION,0.0374923261749855,0.7716796403880193
2026-09-06,2026-09-04,86,4510,4510.TWO,高鋒,TPEX,電機機械,47.54999923706055,0.0393442456188097,0.1857855622550055,0.0856164398474923,0.1332096233588922,-0.0179157717826903,-0.0071021449449416,0.3830332929766648,0.1424321353350424,-0.0775027390675664,1.3391090218434378,0.4996207880381895,125896156.27331714,0.7352651782837504,EARLY,UNKNOWN,0.0594329495527883,0.7063350858593098
2026-09-06,2026-09-04,87,2376,2376.TW,技嘉,TWSE,電腦及週邊設備業,361.0,0.0343839541547277,0.0494186046511628,0.1010287408177394,-0.0031573342449504,0.0097108433283785,0.022029302991937,0.1005917159763313,0.1525440167037905,-0.1459119496855345,0.2932936768857805,0.0325879857527893,2920843479.55,0.7313342734210503,EARLY,PRE_CONFIRMATION,0.0128357999579153,0.7482923292890385
2026-09-06,2026-09-04,88,6263,6263.TWO,普萊德,TPEX,通信網路業,169.5,0.0241691842900302,0.1006493506493506,0.0865384615384614,0.0480734117532373,-0.0306394670481819,-0.0009931533723074,0.4133333333333333,0.0736219541203384,-0.0202312138728323,0.6931083724798252,0.5650723632482187,21340063.375,0.7222450147898896,EARLY,UNKNOWN,0.0314924691921498,0.7013148366006935
2026-09-06,2026-09-04,89,5284,5284.TW,jpp-KY,TWSE,其他業,330.0,0.0264385692068429,0.1111111111111111,-0.0659787915934774,0.0585351722149978,-0.1544933532958013,-0.0013392085709348,0.1932384139404772,0.1545419263953452,-0.0901408450704225,0.6669255098131744,0.1389327503744767,147549575.6537567,0.713906474181542,EARLY,UNKNOWN,0.0431119394294281,0.6939273418832067
2026-09-06,2026-09-04,90,2313,2313.TW,華通,TWSE,電子零組件業,249.5,0.0352697095435685,0.196642685851319,-0.0927272727272727,0.1440667469552057,-0.1136153000240149,-0.0138909619192612,0.3504273504273504,0.1510904956015064,-0.0634920634920634,1.383277552754294,0.4560774991799584,7611319048.675,0.7035395327394269,EARLY,UNKNOWN,0.1099988877766655,0.679306636479132
2026-09-06,2026-09-04,91,2891,2891.TW,中信金,TWSE,金融保險業,68.4000015258789,0.0621117997705731,0.0426829743427874,0.0509237008990846,-0.0098929645533258,-0.0367987185097578,0.0514410561848762,0.1772152632211764,0.0668705553733484,-0.0508982241100277,0.2145139851378043,0.1131151743990823,2052073378.1710887,0.7007709432465901,EARLY,PRE_CONFIRMATION,0.0425240281376277,0.7177885823701983
2026-09-06,2026-09-04,92,2812,2812.TW,台中銀,TWSE,金融保險業,19.350000381469727,0.0265251984021983,0.0375335537403414,0.0974514610368537,-0.0150423851557719,0.0092016391304012,0.017141809967113,0.3181820546299138,0.0327962019912468,-0.010695227528323,0.2543771303960659,0.3641428739172763,242909853.4966774,0.7006264157176958,EARLY,PRE_CONFIRMATION,0.0220520481164041,0.7159543083278223
2026-09-06,2026-09-04,93,5508,5508.TWO,永信建,TPEX,建材營造業,55.09999847412109,0.0415878428125553,0.0299065135349736,0.0586860965475528,-0.0226694253611396,-0.0661206882314116,0.0341112144288119,0.1538460974156878,0.0567317889047638,-0.0457038384850226,0.1433002159450047,0.0811009221371263,11751015.755502127,0.6941784130555773,EARLY,PRE_CONFIRMATION,0.0331895435192561,0.7047687974831779
2026-09-06,2026-09-04,94,4770,4770.TW,上品,TWSE,化學工業,226.5,0.0534883720930232,0.046189376443418,0.0584112149532709,-0.0063865624526953,-0.0283246522333671,0.0419410279821687,0.1388888888888889,0.0935930359478165,-0.0803571428571429,0.2834289737181492,0.0685434670189968,87488718.225,0.6937986429005153,EARLY,PRE_CONFIRMATION,0.0499478502723373,0.690294493901302
2026-09-06,2026-09-04,95,3680,3680.TWO,家登,TPEX,半導體業,518.0,0.036,0.1812998859749144,0.0791666666666666,0.128723947078801,-0.0315270852415519,-0.0093249714937285,0.3672055427251732,0.1395955046465905,-0.055350553505535,1.293100529330771,0.4769087886746393,597632207.775,0.6910976888468154,EARLY,UNKNOWN,0.0777633289986996,0.6655446353373577
2026-09-06,2026-09-04,96,3363,3363.TWO,上詮,TPEX,通信網路業,735.0,0.0485021398002853,0.2628865979381443,0.0096153846153845,0.2103106590420309,-0.0930000203725907,-0.0172195096842506,0.2624356775300172,0.240934657288791,-0.1140624999999999,1.8166302314419909,0.2863466104038482,3323557531.35,0.6883624504554072,EARLY,UNKNOWN,0.1193177491814514,0.6534339271126691
2026-09-06,2026-09-04,97,2834,2834.TW,臺企銀,TWSE,金融保險業,17.0,0.0334346025259555,0.0303030303030302,0.089210869554325,-0.022272908593083,0.0154881400715218,0.0258588449501979,0.2083332008786513,0.0439681674004387,-0.0144927536231883,0.1735627643115038,0.143584044380482,1165845884.0889602,0.688082357342045,EARLY,PRE_CONFIRMATION,0.024713679407198,0.7099266793277368
2026-09-06,2026-09-04,98,4306,4306.TW,炎洲,TWSE,塑膠工業,15.25,0.0132890237030203,0.0553633357297287,0.0076519822611533,0.0027873968336153,-0.0330610328764959,-0.0005518102294118,0.3200001983643334,0.0770441499999958,-0.0414012500908875,0.3469382830087946,0.2299496900884148,16269847.34440279,0.6865461122792476,EARLY,UNKNOWN,0.0114408849029938,0.6725394360613491
2026-09-06,2026-09-04,99,6015,6015.TWO,宏遠證,TPEX,金融保險業,16.799999237060547,0.0243902212094149,0.0980391521324313,-0.0588235922672134,0.0454632132363179,-0.1436024723966701,-0.0001195668236929,0.2459015060707629,0.1036763153515786,-0.0607903287109408,0.6183078678390409,0.2325311724429299,26642916.309000872,0.684589785614296,EARLY,UNKNOWN,0.0521371139816531,0.6534172677419025
2026-09-06,2026-09-04,100,4760,4760.TWO,勤凱,TPEX,其他電子業,264.0,0.0277179350771576,0.1385288905875403,-0.2612837004676137,0.085952951691427,-0.3560198780813097,-0.0069142875697273,0.2223569069944844,0.1699881662310452,-0.1307419789316416,0.7660236642850614,0.1812058822880415,110800836.7012932,0.6844889676892744,EARLY,UNKNOWN,0.0376832471405892,0.653948732394184
2026-09-06,2026-09-04,101,7750,7750.TW,新代,TWSE,電機機械,2415.0,0.05,0.0364806866952789,0.1555023923444976,-0.0160952522008344,0.0542117776391282,0.0408798283261803,0.046831955922865,0.2256470954336186,-0.1491053677932405,0.1272504508186773,0.0075713888896555,918723169.75,0.6844494497688145,EARLY,PRE_CONFIRMATION,0.0239559041763832,0.7064544385909801
2026-09-06,2026-09-04,102,2474,2474.TW,可成,TWSE,其他電子業,209.5,0.0145278450363195,0.1173333333333332,0.0557470573200136,0.0647573944372199,-0.0160261087812767,-0.0148054882970137,0.4782608695652174,0.0856520600333928,-0.0327868852459016,0.8350203667468702,0.6551616155771124,658283608.4,0.6800644770082468,EARLY,UNKNOWN,0.0176077717061322,0.6610651037109483
2026-09-06,2026-09-04,103,3712,3712.TW,永崴投控,TWSE,電腦及週邊設備業,21.200000762939453,0.0216867837561183,0.0417690597315034,0.2079773039631336,-0.0108068791646098,0.1008420568188246,0.0112445188232424,0.0949721218052172,0.1365826445098665,-0.1052631446859508,0.1916330936005604,0.0290439260620933,33093760.23667612,0.6798166715324665,EARLY,PRE_CONFIRMATION,-0.0052785610287191,0.6880638310915943
2026-09-06,2026-09-04,104,2207,2207.TW,和泰車,TWSE,汽車工業,539.0,0.0365384615384616,0.0445736434108527,0.1480298189563365,-0.0080022954852605,0.0769874392055278,0.0253950506857484,0.1900826446280991,0.0693489847700843,-0.0343511450381679,0.2886898921974372,0.1221744780883897,129153519.3,0.6777100566467881,EARLY,PRE_CONFIRMATION,0.0420492991783469,0.6715694680629036
2026-09-06,2026-09-04,105,2388,2388.TW,威盛,TWSE,半導體業,81.4000015258789,0.1105047494800459,0.0449293957823258,0.2397264929775144,-0.0076465431137875,0.1937356335166626,0.0992724005344645,0.0913837683214941,0.1575835183835028,-0.1090457962223623,0.2591802863360212,0.0260548662519684,315412956.00024414,0.6745524873515432,EARLY,PRE_CONFIRMATION,0.0830229015166927,0.6701274263733186
2026-09-06,2026-09-04,106,1319,1319.TW,東陽,TWSE,汽車工業,82.5999984741211,0.0060901340961365,0.0769230998778303,-0.1472128755055143,0.0243471609817169,-0.2639985200401341,-0.013140640873321,0.3575756847147232,0.0732820685643293,-0.0297973772888296,0.4542756854137263,0.3753418898792237,209994333.0687824,0.6742585126308851,EARLY,UNKNOWN,0.0099034000552293,0.6638633076040371
2026-09-06,2026-09-04,107,3010,3010.TW,華立,TWSE,電子通路業,129.0,0.0157480314960629,0.0705394190871369,0.0379736702462683,0.0179634801910235,-0.0308844932286109,-0.0018868232757212,0.2394366197183098,0.0876301841518913,-0.0452830188679245,0.4695332778878034,0.1927386120043062,95865086.1,0.6740750361588542,EARLY,UNKNOWN,0.0070257611241217,0.6657546665644234
2026-09-06,2026-09-04,108,6197,6197.TW,佳必琪,TWSE,電子零組件業,315.0,0.0177705977382875,0.0732538330494037,0.0122643613299855,0.0206778941532903,-0.0895503270577344,-0.0005428605240633,0.1487889273356401,0.1306647104365372,-0.0705128205128204,0.3664766600571501,0.0834147124057537,495850860.9,0.6734627609013543,EARLY,UNKNOWN,0.0356731875719218,0.6554602995562011
2026-09-06,2026-09-04,109,2820,2820.TW,華票,TWSE,金融保險業,17.100000381469727,0.0270270734684361,0.045871558562776,0.0234860119706419,-0.0067043803333373,-0.0534497513738363,0.0155591838277421,0.384615234134289,0.0359489110577125,-0.011976093042061,0.3247917979334963,0.490777042130785,40921887.34607601,0.6732270361862847,EARLY,PRE_CONFIRMATION,0.0379362842175665,0.6745659609339114
2026-09-06,2026-09-04,110,1305,1305.TW,華夏,TWSE,塑膠工業,12.199999809265137,0.0082644152597344,0.0562770223200246,-0.0279189099790798,0.0037010834239112,-0.0971090781627114,-0.0058048403202717,0.1733334079319335,0.0886033506041124,-0.0367346783073581,0.3562807277784388,0.110093896003732,22443045.16554513,0.6717060107284207,EARLY,UNKNOWN,0.0130786582217015,0.6560926015638882
2026-09-06,2026-09-04,111,1104,1104.TW,環泥,TWSE,水泥工業,27.700000762939453,0.0472589778428831,0.041353397206566,0.0203779397704335,-0.0112225416895472,-0.0565578235740447,0.0369206285412416,0.305555952920233,0.0430447043357439,-0.0148975647242943,0.2820839598585536,0.2935500867048249,32279302.46794329,0.6689064863046833,EARLY,PRE_CONFIRMATION,0.0340644315509695,0.6722211520262152
2026-09-06,2026-09-04,112,1712,1712.TW,興農,TWSE,化學工業,40.650001525878906,0.0213568418369933,0.0436457183476357,0.0304182697017023,-0.0089302205484775,-0.03862158859257,0.0104454122500844,0.4146333293945904,0.0324691817156446,-0.0126903548384785,0.3159688547907946,0.5573583489348954,54669694.41946564,0.6665043310125949,EARLY,PRE_CONFIRMATION,0.0234783461581946,0.6750560846176854
2026-09-06,2026-09-04,113,6756,6756.TW,威鋒電子,TWSE,半導體業,101.5,0.0149999999999999,0.0201005025125629,0.0949299173836131,-0.0324754363835504,0.0051537536888357,0.0099748743718591,0.0704225125092479,0.0823806705233357,-0.0567163875446984,0.0835318296360791,0.0171827672758764,12565829.88856697,0.6629561664942367,EARLY,PRE_CONFIRMATION,0.0172889000250562,0.674425290923914
2026-09-06,2026-09-04,114,2836,2836.TW,高雄銀,TWSE,金融保險業,12.25,0.0165974942821092,0.033755240983432,0.0413196595835889,-0.0188206979126812,-0.039866323915811,0.0081586840362511,0.2222221044846024,0.0448622659383494,-0.020661156373421,0.2324892056779098,0.1672042312582118,17182409.982334852,0.6605703108054701,EARLY,PRE_CONFIRMATION,0.0197710677522187,0.6533403548296557
2026-09-06,2026-09-04,115,9917,9917.TW,中保科,TWSE,其他業,106.5,0.0074324220458115,0.0354166995816771,-0.0199682144673248,-0.0171592393144361,-0.0844985007064654,-0.0014217528496077,0.4888170671405946,0.0260534959449031,-0.009009046719432,0.2309702530021684,0.6644899883657173,31984466.43908653,0.660510488416262,EARLY,UNKNOWN,0.019359398492452,0.6613438273466927
2026-09-06,2026-09-04,116,5534,5534.TW,長虹,TWSE,建材營造業,76.5999984741211,0.0172642147367474,0.0428904562074123,-0.0028950471662979,-0.0096854826887009,-0.0977427905145288,0.0065416006848943,0.31787951503002,0.0401542540359885,-0.0208062216173383,-0.2284858890640066,0.339540547968068,76314014.56227303,0.655518071360278,EARLY,PRE_CONFIRMATION,0.0213307259994428,0.6638620650116195
2026-09-06,2026-09-04,117,1215,1215.TW,卜蜂,TWSE,食品工業,110.5,0.0184331797235022,0.0231481481481481,-0.0595744680851063,-0.0294277907479652,-0.1404950853783766,0.0126461426864651,0.1428571428571428,0.0471069874221959,-0.0401785714285714,0.0308204563187665,0.0701993162339259,63153272.225,0.6525126504150436,EARLY,PRE_CONFIRMATION,0.0135290071084612,0.6689172781985878
2026-09-06,2026-09-04,118,6491,6491.TW,晶碩,TWSE,生技醫療業,385.0,0.0212201591511935,0.032171581769437,0.2223774779182119,-0.0204043571266763,0.1360675854796544,0.0131772637088343,0.1071428571428571,0.0942856924577549,-0.0475594493116395,0.115097568962898,0.0365586241107255,159223975.225,0.6499094167456618,EARLY,PRE_CONFIRMATION,0.0204757802663839,0.6758069500789605
2026-09-06,2026-09-04,119,6112,6112.TW,邁達特,TWSE,資訊服務業,45.900001525878906,0.0188679756540173,0.0,0.0236742118096262,-0.0525759388961133,-0.0747673319903019,0.0188679756540173,0.0,0.0743379041189946,-0.0639658827802944,-0.0842786060217177,0.0,17534760.943681527,0.6326824077043917,EARLY,PRE_CONFIRMATION,0.0117374998434454,0.6761647254400781
2026-09-06,2026-09-04,120,6526,6526.TW,達發,TWSE,半導體業,635.0,0.0241935483870967,0.016,0.0481346412315146,-0.0365759388961133,-0.023688240700928,0.0201935483870967,0.0413223140495867,0.1334547871617443,-0.087719298245614,-0.0126705504852751,0.0049541649187307,284350561.05,0.6304027245709466,EARLY,PRE_CONFIRMATION,0.0420940346270615,0.6690646755538054
2026-09-06,2026-09-04,121,3706,3706.TW,神達,TWSE,電腦及週邊設備業,92.5,0.0043431219598912,0.0087241338972927,0.0693641618497109,-0.0438518049988205,-0.0026035724118322,0.002162088485568,0.0338984475469224,0.076977336843552,-0.0438871168461341,0.0035814172544351,0.0038418397860496,982772587.8871666,0.6253119839547954,EARLY,PRE_CONFIRMATION,0.0062003790322742,0.6564059444110433
2026-09-06,2026-09-04,122,4540,4540.TW,全球傳動,TWSE,電機機械,60.79999923706055,0.0099667519354993,0.0133333206176757,-0.0032787010317942,-0.0392426182784375,-0.094706397620771,0.0066334217810803,0.0370369977911845,0.111998861569889,-0.0891410037599806,-0.0862025860137744,0.0044092070164289,200779556.8411991,0.6200134881719009,EARLY,PRE_CONFIRMATION,0.0237413584124124,0.6589545750180156
2026-09-06,2026-09-04,123,3701,3701.TW,大眾控,TWSE,電腦及週邊設備業,41.95000076293945,0.0219245199173201,-0.0141010219713119,-0.1205450714471993,-0.0666769608674252,-0.2047943476745897,0.0254497754101481,0.0340908253488389,0.1243903861511899,-0.0775558001464377,-0.387875701380888,-0.0038645709860555,38177377.11872673,0.6060536004496128,EARLY,PRE_CONFIRMATION,0.0254216702087279,0.670354485944881
2026-09-06,2026-09-04,124,3022,3022.TW,威強電,TWSE,電腦及週邊設備業,95.9000015258789,0.0620154848822243,-0.0338918606163327,0.1543984595291652,-0.0864677995124461,0.0937600095493123,0.0704884500363074,0.0587415797572348,0.1893464998395772,-0.1992768642446079,-0.7247024924055702,-0.0105143820202757,271585714.3669716,0.5870971621937144,EARLY,PRE_CONFIRMATION,0.0214170589777553,0.6779824353002122
2026-09-06,2026-09-04,125,2362,2362.TW,藍天,TWSE,電腦及週邊設備業,49.29999923706055,0.0324607170065036,-0.0237623913453357,0.0625943841187279,-0.076338330241449,0.0397668732636045,0.0384013148428376,0.0594059761196183,0.1263888444350054,-0.0732673418403851,-0.313612304402648,-0.0111689291813405,84432842.9614977,0.5841138719237808,EARLY,PRE_CONFIRMATION,0.0250012827685399,0.6660857586502383
2026-09-06,2026-09-04,126,6531,6531.TW,愛普*,TWSE,半導體業,911.0,0.017877094972067,-0.0420609884332281,0.0306194105361949,-0.0946369273293414,-0.0509276001386536,0.028392342080374,0.0634920634920634,0.2015727176747386,-0.1261829652996845,-0.5268255867137686,-0.0132485138809841,3006474148.3,0.580588433219131,EARLY,PRE_CONFIRMATION,0.0189586712152565,0.7016658064616638
2026-09-06,2026-09-04,127,7610,7610.TW,聯友金屬-創,TWSE,綠能環保,1820.0,0.2173913043478261,-0.0162162162162161,0.4048367774641772,-0.0687921551123295,0.1894533801247089,0.2214453584018802,0.0181818181818181,0.2588283338470734,-0.2333333333333332,-0.6387309958350451,-0.0011391345393217,865626391.25,0.5803912859913167,EARLY,PRE_CONFIRMATION,0.0756501182033098,0.6717637649079115
2026-09-06,2026-09-04,128,2049,2049.TW,上銀,TWSE,電機機械,363.0,0.0254237288135592,-0.0620155038759689,0.1463727221753084,-0.1145914427720823,0.0430632724690238,0.0409276047825515,0.1568627450980392,0.1193545626119453,-0.1124031007751937,-0.6212957367798688,-0.0815044013713221,1901368777.9,0.5738764356906727,EARLY,PRE_CONFIRMATION,0.0035247771096826,0.6921007358425176
2026-09-06,2026-09-04,129,6538,6538.TWO,倉和,TPEX,電子零組件業,300.0,0.5,1.0689655172413794,2.203477211836872,1.016389578345266,1.965885482669526,0.2327586206896551,0.748792270531401,0.2317669549863084,-0.099099099099099,8.109520346388077,3.4536119129762533,611628103.125,0.891287516158518,EXTENDED,EXTENDED,0.4758332308449144,0.8853199812184215
2026-09-06,2026-09-04,130,7711,7711.TW,永擎,TWSE,電腦及週邊設備業,632.0,0.2977412731006159,0.6853333333333333,0.8182670313143816,0.63275739443722,0.764510328452997,0.1264079397672826,0.5160642570281124,0.2521610041813156,-0.0772357723577236,5.179750300313369,1.4025802230267002,789471767.025,0.8778406152728396,EXTENDED,EXTENDED,0.2629896083133494,0.8727356490285041
2026-09-06,2026-09-04,131,2455,2455.TW,全新,TWSE,通信網路業,528.0,0.2165898617511521,0.4505494505494505,0.661205392591284,0.3979735116533371,0.4183827839856291,0.1039524991137895,0.4753623188405797,0.2278084635896275,-0.0862275449101795,3.382113636554211,0.9401504588141542,6196170177.575,0.877330416102039,EXTENDED,EXTENDED,0.2220807776877675,0.875677313355345
2026-09-06,2026-09-04,132,8431,8431.TWO,匯鑽科,TPEX,其他電子業,68.80000305175781,0.3205375252732854,0.4318419176725598,0.4453782617065129,0.3792659787764465,0.3549061543280816,0.2125770458551454,0.5937053894631188,0.1846859073354983,-0.1064256891216245,3.2953401270623663,1.388231931809165,84131803.16242942,0.8658163901106405,EXTENDED,EXTENDED,0.360894143312348,0.8471003763324808
2026-09-06,2026-09-04,133,3141,3141.TWO,晶宏,TPEX,半導體業,102.5,0.3540291166733016,0.2974683544303798,0.4375875962528868,0.2448924155342664,0.3176220597847734,0.2796620280657066,0.4425612815775809,0.199028549859817,-0.1287500381469726,2.1770412498336,0.6614527225275336,370545779.91252935,0.8651389528184706,EXTENDED,EXTENDED,0.2928859812290141,0.857871616842274
2026-09-06,2026-09-04,134,3094,3094.TW,聯傑,TWSE,半導體業,46.5,0.1397059036648675,0.3342898719071669,0.6002024785772309,0.2817139330110536,0.5426462823901252,0.0561334356880758,0.5641648895529359,0.161817914707861,-0.0786082293049965,2.502802763844915,1.1654742245545089,162804098.86544305,0.8596419741872103,EXTENDED,EXTENDED,0.2010848520164729,0.8457755181780717
2026-09-06,2026-09-04,135,3693,3693.TWO,營邦,TPEX,電腦及週邊設備業,663.0,0.1294718909710392,0.2764304948501386,0.3686243278048309,0.2238545559540252,0.2724701366243041,0.0603642672585046,0.4704193672496966,0.1570826517966923,-0.0797101563086342,1.894984950758148,0.8278333538972057,706020425.55,0.8562754016628787,EXTENDED,EXTENDED,0.2020700450214716,0.8526409393174813
2026-09-06,2026-09-04,136,3324,3324.TWO,雙鴻,TPEX,其他電子業,1485.0,0.3026315789473683,0.4630541871921183,0.5050378371316451,0.410478248296005,0.4102204497806918,0.1868680321493387,0.5389908256880734,0.2070694966380078,-0.0771428571428571,3.532883845782446,1.2053052851589756,4352991172.4,0.8428890403242122,EXTENDED,EXTENDED,0.3298110504164053,0.8411355643975007
2026-09-06,2026-09-04,137,6654,6654.TWO,天正國際,TPEX,其他電子業,219.5,0.2436260623229462,0.2262569832402234,0.3104477611940299,0.1736810443441101,0.253367266958552,0.1870618165128904,0.3279352226720647,0.2009427057368047,-0.1022099447513812,1.46109539701391,0.3692477112216084,11107208.675,0.8221774503350203,EXTENDED,EXTENDED,0.2214802448525321,0.7962918775685335
2026-09-06,2026-09-04,138,6830,6830.TW,汎銓,TWSE,其他電子業,597.0,0.1371428571428572,0.5,0.1592233009708739,0.4474240611038866,0.1182594318507168,0.0121428571428572,0.4937965260545905,0.2273879394841254,-0.0629290617848969,3.511491425512265,1.0858019276986848,1346513482.05,0.8173899525684538,EXTENDED,EXTENDED,0.2375621890547263,0.8042089300355728
2026-09-06,2026-09-04,139,2434,2434.TW,統懋,TWSE,半導體業,67.30000305175781,0.1932624331734722,0.2650376332069679,1.07395998365029,0.2124616943108546,0.9970242203058116,0.1270030248717302,0.2831326237944156,0.2608237206229561,-0.118659404828453,1.675960346316573,0.2877069628288484,65053221.10063267,0.8129668359484871,EXTENDED,EXTENDED,0.217989374941091,0.7889068900009493
2026-09-06,2026-09-04,140,6272,6272.TW,驊陞,TWSE,電子零組件業,29.799999237060547,0.1245282730966244,0.2288659479200225,-0.0995073272677181,0.1762900090239092,-0.1828115303053485,0.0673117861166187,0.4007220107230188,0.1717261610762624,-0.085657354018111,1.6062541175741107,0.5340573751940605,11731517.460246751,0.8087855921742555,EXTENDED,EXTENDED,0.2006446162152868,0.7741678369065688
2026-09-06,2026-09-04,141,4908,4908.TWO,前鼎,TPEX,通信網路業,224.5,0.181578947368421,0.5747865162141284,0.1739317003796552,0.522210577318015,0.0529734903823717,0.0378823183148889,0.3985202147106845,0.2880428699949174,-0.1089324618736383,4.153180566703675,0.7952428951235719,801027348.15,0.7875642032447105,EXTENDED,EXTENDED,0.2803671877085854,0.7775303209997199
2026-09-06,2026-09-04,142,6620,6620.TWO,漢達,TPEX,生技醫療業,107.5,0.2721893491124261,0.2721893491124261,0.6135283978451231,0.2196134102163127,0.4949828628599741,0.2041420118343195,0.344311282866349,0.231529294709663,-0.1171597813713479,1.9795749409850207,0.4047775642947381,116674128.1787571,0.7833327309104472,EXTENDED,EXTENDED,0.3104961489717628,0.7371841109221959
2026-09-06,2026-09-04,143,3374,3374.TWO,精材,TPEX,半導體業,430.0,0.1139896373056994,0.4029363784665578,0.9442664606984406,0.3503604395704445,0.8543400857907697,0.0132555426890599,0.4402852049910873,0.2350070110821041,-0.132047477744807,2.930538808161032,0.7549005673261989,5619186333.2,0.747150900058364,EXTENDED,EXTENDED,0.2398183521949111,0.7361517122402658
2026-09-06,2026-09-04,144,8103,8103.TW,瀚荃,TWSE,電子零組件業,122.5,0.1290322580645162,0.5565438977153112,0.3412452080843331,0.5039679588191979,0.2558204079796728,-0.0101037163643115,0.6203965901580387,0.1903905859383889,-0.0482456140350877,4.215337738624179,1.8135242071662965,538460715.0494492,0.733673811395531,EXTENDED,EXTENDED,0.2366866901655819,0.7009663498101333
2026-09-06,2026-09-04,145,6933,6933.TW,AMAX-KY,TWSE,電腦及週邊設備業,317.0,0.2192307692307693,0.9270516717325228,1.167904072942898,0.8744757328364094,1.06928914792902,-0.0125321487023613,0.6186612576064908,0.2460976996943872,-0.0876132930513595,7.104324088117107,2.330501072592199,250150843.325,0.7151283760705938,EXTENDED,EXTENDED,0.3924884691412256,0.6776980147271456
2026-09-06,2026-09-04,146,2426,2426.TW,鼎元,TWSE,光電業,104.5,0.0874089662773611,0.5412978657276135,0.5761688565597944,0.4887219268315002,0.6250185917536284,-0.0479155001545422,0.3984797875764989,0.2941607930677138,-0.1162790697674418,4.053727023417466,0.733259712490304,4181765593.711602,0.654388321497589,EXTENDED,EXTENDED,0.2463474313358584,0.6080919898008469
2026-09-06,2026-09-04,147,2221,2221.TWO,大甲,TPEX,其他業,90.8000030517578,0.1392723529302524,0.9339723445421516,1.1898704119667562,0.8813964056460382,1.1520394737454704,-0.0942207332052854,0.7425910729105908,0.1868613474745309,-0.0464240538258112,7.141804706111018,3.711626480146772,163407272.85717183,0.6503805941766935,EXTENDED,EXTENDED,0.3940278426400443,0.592508577924789
2026-09-06,2026-09-04,148,3234,3234.TWO,光環,TPEX,通信網路業,206.0,0.1349862258953167,0.916279069767442,0.8899082568807339,0.8637031308713286,0.7460730862130438,-0.0940835415465437,0.660226911271822,0.218771705321606,-0.0781990521327014,7.008409556606144,2.765220937535157,805055640.238089,0.6328101715596409,EXTENDED,EXTENDED,0.2715018284645347,0.5807023864447859
2026-09-06,2026-09-04,149,3008,3008.TW,大立光,TWSE,光電業,7400.0,0.0474168435951876,0.7029854947554246,0.7929391427344097,0.6504095558593113,0.7311977353971824,-0.1283295300936685,0.5847555035067076,0.2163992412596729,-0.0845070422535211,5.111452655196155,1.8996121915711448,14902152891.75,0.5898781898113544,EXTENDED,EXTENDED,0.2490583971229325,0.5407411072493442
2026-09-06,2026-09-04,150,3406,3406.TW,玉晶光,TWSE,光電業,1055.0,0.1504907306434024,0.9322344322344324,0.5223665223665224,0.8796584933383189,0.4814098791961421,-0.0825678774152056,0.6869095816464238,0.2350092079918804,-0.0561904761904762,7.153302428483949,2.7248326536408296,4349980339.4,0.5878110842045728,EXTENDED,EXTENDED,0.3891632102179208,0.5393091516559697
2026-09-07,2026-09-04,1,6640,6640.TWO,均華,TPEX,半導體業,1250.0,0.179245283018868,0.3616557734204793,0.2422013652084145,0.3090798345243659,0.1472627437908715,0.0888313396637481,0.3326653306613226,0.2586480934267487,-0.1207373271889401,2.6258522432520053,0.4651506835273579,558319260.85,0.8591332514497866,CONFIRMED,PERSISTENT,0.1835440041660747,0.849247894645154
2026-09-07,2026-09-04,2,6271,6271.TW,同欣電,TWSE,半導體業,237.0,0.1023255813953487,0.2248062015503875,0.0921658986175115,0.1722302626542742,-0.023602430011145,0.0461240310077518,0.4009216589861751,0.1593317447829953,-0.0670995670995671,1.5611375819158382,0.5656730577997217,1027319374.65,0.8489330309222978,CONFIRMED,CONFIRMING,0.1552522544479648,0.8469465176884341
2026-09-07,2026-09-04,3,6291,6291.TWO,沛亨,TPEX,半導體業,456.5,0.1398252184769037,0.2255033557046979,-0.0777777777777777,0.1729274168085846,-0.1693810913762874,0.0834493795507292,0.3076923076923077,0.1831340336044466,-0.0906832298136646,1.4749081352488915,0.3788790458195483,427140218.2,0.8441447231208244,CONFIRMED,CONFIRMING,0.1433222716173063,0.8379903269279528
2026-09-07,2026-09-04,4,6510,6510.TWO,精測,TPEX,半導體業,3350.0,0.25,0.2430426716141001,-0.0064697200837624,0.1904667327179867,-0.0244146402052751,0.1892393320964749,0.3202933985330073,0.2020168707086511,-0.1237458193979933,1.7335161689191172,0.3853389224709348,1965784090.25,0.8418052072493083,CONFIRMED,CONFIRMING,0.1658256481642597,0.8357779340570459
2026-09-07,2026-09-04,5,6530,6530.TWO,創威,TPEX,通信網路業,98.1999969482422,0.1300344674792455,0.309333292643229,0.054844536829619,0.2567573537471157,-0.0677693278406292,0.0527011443184382,0.3323783105628243,0.2161666522640866,-0.0868571254185267,2.205090723062588,0.4756315376711495,198931966.654192,0.8339033601246837,CONFIRMED,CONFIRMING,0.1307501509813207,0.8211232103256885
2026-09-07,2026-09-04,6,2464,2464.TW,盟立,TWSE,其他電子業,211.0,0.1133710278360953,0.219253562421152,0.4897217133404472,0.1666776235250386,0.3719716906919552,0.0585576372308073,0.2290259499598066,0.2398430524594685,-0.1469194175352077,1.4776078099181378,0.2093650614460136,3610545183.925,0.8324113034319925,CONFIRMED,PERSISTENT,0.1041811343394909,0.828179923554574
2026-09-07,2026-09-04,7,8240,8240.TWO,華宏,TPEX,光電業,51.5,0.1495535910053524,0.2160567144168899,-0.038433894972724,0.1634807755207765,-0.1274756554399038,0.09553941240113,0.3711966785992622,0.1668929739549906,-0.0571992402808549,1.4225249304684242,0.4805447040703335,27043234.662273027,0.8323687580620481,CONFIRMED,CONFIRMING,0.1547085152411846,0.8148401211585071
2026-09-07,2026-09-04,8,6532,6532.TWO,瑞耘,TPEX,半導體業,98.0,0.0986547461079394,0.1936662828427551,0.1890103524444586,0.1410903439466417,0.0875026158332605,0.0502381753972506,0.4066496712628404,0.1177560563622336,-0.0418078751213806,1.3292340515385843,0.6687921851802134,68703773.63487586,0.8322621796947224,CONFIRMED,PERSISTENT,0.0888888796582634,0.8257568454885863
2026-09-07,2026-09-04,9,3591,3591.TW,艾笛森,TWSE,光電業,24.89999961853028,0.1216215658919337,0.1745282416243556,0.1165919493462925,0.1219523027282423,0.0523159591081732,0.0779895054858448,0.5606055307873328,0.111522471251355,-0.0599078847328613,1.2410891088886655,0.87732540747489,19680326.29216347,0.8322381451701324,CONFIRMED,CONFIRMING,0.1485239565295368,0.8152977847411639
2026-09-07,2026-09-04,10,2201,2201.TW,裕隆,TWSE,汽車工業,31.100000381469727,0.0950704506762658,0.1636781501569415,0.151006566911654,0.1111022112608282,0.0719856411598713,0.0541509131370304,0.5241604200882101,0.0857770411911549,-0.0266040801618911,1.0746201902496382,1.0001931373959578,128796533.32901068,0.8317689784259513,CONFIRMED,PERSISTENT,0.0750092174830132,0.8259264352839544
2026-09-07,2026-09-04,11,2883,2883.TW,凱基金,TWSE,金融保險業,36.70000076293945,0.1206107103187619,0.1896272385456296,0.3686838829244017,0.1370512996495163,0.2699073673416614,0.0732039006823545,0.6062179197162022,0.073681723162626,-0.0394944712501088,1.3049863742447974,1.560162074642808,1454395538.3297398,0.82939849419986,CONFIRMED,PERSISTENT,0.1328908991050079,0.8298802363817049
2026-09-07,2026-09-04,12,6683,6683.TWO,雍智科技,TPEX,半導體業,1360.0,0.1333333333333333,0.2142857142857142,-0.0166097684613617,0.1617097753896008,-0.1074942899694173,0.0797619047619047,0.2033898305084746,0.2607415909590471,-0.2329749103942652,1.3020051645880668,0.1671522174450649,895743773.5,0.8219857218925749,CONFIRMED,CONFIRMING,0.0862619808306708,0.8136638023326824
2026-09-07,2026-09-04,13,2421,2421.TW,建準,TWSE,電子零組件業,178.0,0.0886850152905198,0.1749174917491749,0.2535211267605635,0.1223415528530615,0.1506504435520734,0.0449556423532261,0.3212121212121212,0.164879715167633,-0.0835654596100278,1.2775086857443756,0.3407673194045267,812658933.4,0.8219381650727027,CONFIRMED,PERSISTENT,0.148016768784263,0.8209627847240948
2026-09-07,2026-09-04,14,5607,5607.TW,遠雄港,TWSE,航運業,56.79999923706055,0.1029126065448648,0.1603676884937743,0.120941523550021,0.107791749597661,0.0251487542476867,0.0628206844214213,0.391521210292417,0.110330188742304,-0.0787120108367425,1.2172726608888726,0.5690858703915661,76712801.84131165,0.8200203446086778,CONFIRMED,PERSISTENT,0.0652163608157843,0.809806420958943
2026-09-07,2026-09-04,15,1326,1326.TW,台化,TWSE,塑膠工業,69.80000305175781,0.1239936355368114,0.185059443862489,0.5264371122310498,0.1324835049663757,0.451153324824632,0.0777287745711891,0.2891245567819919,0.1785883433425324,-0.0628099047448024,1.2723757623884857,0.2996009072240567,2387366029.552661,0.8164626335664776,CONFIRMED,PERSISTENT,0.1202953648964095,0.8144449143613206
2026-09-07,2026-09-04,16,2884,2884.TW,玉山金,TWSE,金融保險業,43.54999923706055,0.1238709480531754,0.1415464612109798,0.3410571218203202,0.0889705223148664,0.2720917949890824,0.0884843327504305,0.5094336363377906,0.0838719889649934,-0.0366972862354728,1.0137521609674465,0.8597450631050636,1746272707.902753,0.814752475470891,CONFIRMED,PERSISTENT,0.1232187554120356,0.8127942232739442
2026-09-07,2026-09-04,17,2887,2887.TW,台新新光金,TWSE,金融保險業,41.5,0.1066666666666666,0.1806542872962881,0.5010440688966813,0.1280783484001748,0.4163173366826993,0.0615030948425946,0.5059758509964413,0.0880793836046886,-0.0476820989949813,1.191479681776507,1.0377764127090154,2344601382.987993,0.8126702410612532,CONFIRMED,PERSISTENT,0.1013069593541213,0.8144458944104445
2026-09-07,2026-09-04,18,2801,2801.TW,彰銀,TWSE,金融保險業,26.600000381469727,0.0704225341302187,0.1490281131658386,0.2609411664929633,0.0964521742697253,0.184005403148485,0.033165505838759,0.7263153667928862,0.0567923426480148,-0.0145228371755063,1.0744515812862876,1.90591554476546,467587439.4475829,0.811080013375322,CONFIRMED,PERSISTENT,0.092290328089496,0.8052136653471105
2026-09-07,2026-09-04,19,4977,4977.TW,眾達-KY,TWSE,通信網路業,185.0,0.1085411492925736,0.3857677902621723,0.0833992875072682,0.333191851366059,-0.0089256274242759,0.0120992017270305,0.3649313409597128,0.2397681668330023,-0.1095646725425237,2.7543641766948666,0.5871453198267628,772574700.5532768,0.8103216937450802,CONFIRMED,CONFIRMING,0.1658704189633342,0.7942675131524044
2026-09-07,2026-09-04,20,2889,2889.TW,國票金,TWSE,金融保險業,16.600000381469727,0.0877182194761752,0.1303738234609188,0.1568374744276179,0.0777978845648055,0.072215047316166,0.0551247636109454,0.5549027563873646,0.0593864311784648,-0.0185184833091325,0.7071948939205004,1.2182041008966669,224870675.97651443,0.8099109766554875,CONFIRMED,PERSISTENT,0.0887188626493287,0.8034598008258554
2026-09-07,2026-09-04,21,4971,4971.TWO,IET-KY,TPEX,半導體業,624.0,0.0985915492957747,0.3550488599348533,0.2071778772094346,0.30247292103874,0.0662418799841184,0.0098293343120614,0.2870939420544337,0.277947260074843,-0.0986394557823129,2.4595606278946347,0.3667327995720561,1770159758.7,0.807442810078462,CONFIRMED,PERSISTENT,0.1186805306561491,0.7911051537192377
2026-09-07,2026-09-04,22,2520,2520.TW,冠德,TWSE,建材營造業,37.09999847412109,0.0509914809054945,0.1213856210054664,0.165032407957836,0.0688096821093531,0.0161003047232046,0.0206450756541279,0.364556611352744,0.0900214875722271,-0.0407608704102737,0.4508385556572045,0.4915707555398543,61548607.44595452,0.8069496090460864,CONFIRMED,PERSISTENT,0.0340742391071813,0.7955155913341144
2026-09-07,2026-09-04,23,8111,8111.TWO,立碁,TPEX,光電業,70.0,0.121794844363412,0.178451148178893,0.2612612612612612,0.1258752092827797,0.177544454785095,0.0771820573186887,0.2226890150196473,0.2186033864419724,-0.083769651807023,1.2575767254990788,0.181786344044727,808392242.8701389,0.8037515696168095,CONFIRMED,PERSISTENT,0.1078578803362459,0.7954561673826893
2026-09-07,2026-09-04,24,3023,3023.TW,信邦,TWSE,電子零組件業,340.0,0.0725552050473186,0.1038961038961039,0.1397368168263895,0.0513201649999905,0.0683789619690176,0.0465811790732926,0.32,0.0908325990213145,-0.0361067503924646,0.485891452290506,0.3660222607849376,303664936.925,0.803506853276565,CONFIRMED,PERSISTENT,0.068006910632951,0.807915613784685
2026-09-07,2026-09-04,25,2395,2395.TW,研華,TWSE,電腦及週邊設備業,711.0,0.0627802690582959,0.1214511041009462,0.5652828004274588,0.0688751652048329,0.4833031781382439,0.0324174930330593,0.2271386430678466,0.1293322615874084,-0.0702005730659025,0.7371414329865151,0.2132974297827208,2422742983.65,0.8021824881246425,CONFIRMED,PERSISTENT,0.0464346162337183,0.8062298096034956
2026-09-07,2026-09-04,26,6224,6224.TW,聚鼎,TWSE,電子零組件業,84.80000305175781,0.1382550745202391,0.5418182373046876,0.1114023546530404,0.4892422984085742,-0.0116090714183809,0.0028005151940672,0.5228070710834704,0.1968750417651553,-0.0675844984074236,4.090780976974557,1.4388131840640828,130072895.54583208,0.8018186294248829,CONFIRMED,CONFIRMING,0.1778596116012967,0.7751799284406031
2026-09-07,2026-09-04,27,6217,6217.TWO,中探針,TPEX,電子零組件業,188.5,0.0771428571428571,0.1424242424242423,-0.1732456140350877,0.089848303528129,-0.2679228878079975,0.0415367965367965,0.1983122362869198,0.2233839015943471,-0.1345029239766082,0.67836096312578,0.1264391472036883,779708499.275,0.7991494342186501,CONFIRMED,CONFIRMING,0.1248694614351784,0.7988750774155675
2026-09-07,2026-09-04,28,6442,6442.TW,光聖,TWSE,通信網路業,1755.0,0.0866873065015478,0.3245283018867924,-0.0273870097861632,0.271952362990679,-0.1403455163659136,0.0055552310298497,0.43,0.201878590779461,-0.1042944785276073,2.337329441699368,0.6912430350961124,4973408379.25,0.7988228877132086,CONFIRMED,CONFIRMING,0.1016949152542372,0.7843189567424703
2026-09-07,2026-09-04,29,3714,3714.TW,富采,TWSE,光電業,66.80000305175781,0.0670927265177649,0.124579147067108,0.0673632387554472,0.0720032081709947,0.0040461146488874,0.0359479397509879,0.2269939224614768,0.1614261426614943,-0.0753768834588275,0.7986879612314551,0.175180480580321,749833655.2721598,0.79723532823464,CONFIRMED,PERSISTENT,0.1189280243175512,0.7989954431800786
2026-09-07,2026-09-04,30,2617,2617.TW,台航,TWSE,航運業,32.45000076293945,0.0656814433461094,0.1228374114625583,0.1539829229899874,0.070261472566445,0.0751012044481951,0.0349720904804699,0.4201187251861133,0.0783679726164298,-0.0439560314525079,0.9360624124413448,0.6585125911244109,69703438.41454211,0.796378077836528,CONFIRMED,PERSISTENT,0.0604575379675276,0.7896947559298845
2026-09-07,2026-09-04,31,2882,2882.TW,國泰金,TWSE,金融保險業,115.0,0.0900473933649288,0.1569416321393075,0.1851457675482719,0.1043656932431942,0.1153279627391066,0.0508119853301019,0.4239130547456809,0.0966910106650789,-0.0374384537118995,1.088457521195207,0.6880640324196626,2286015391.8354354,0.7951664544038305,CONFIRMED,PERSISTENT,0.1135318365991642,0.7956701027641995
2026-09-07,2026-09-04,32,2419,2419.TW,仲琦,TWSE,通信網路業,27.100000381469727,0.0796812736894025,0.1198346912026304,-0.0524475517480016,0.0672587523065171,-0.1038657450222889,0.0497226008887449,0.3333331871763948,0.1204680125510779,-0.0457256316490345,0.8091603872804909,0.3315807964868303,32825743.53616448,0.7945191690749209,CONFIRMED,CONFIRMING,0.074863674029538,0.7805419938663083
2026-09-07,2026-09-04,33,6290,6290.TWO,良維,TPEX,電子零組件業,270.0,0.0887096774193547,0.3366336633663367,-0.0662476015983012,0.2840577244702233,-0.1320293514108823,0.0045512615777705,0.4533333333333333,0.1794449859281343,-0.0539499036608863,2.429728062147624,0.8504403727791541,1001329064.6,0.7916701052098405,CONFIRMED,CONFIRMING,0.1590470057952351,0.7715045249828533
2026-09-07,2026-09-04,34,2454,2454.TW,聯發科,TWSE,半導體業,4415.0,0.1079046424090339,0.132051282051282,0.0872409129898361,0.0794753431551686,-0.0080117816300731,0.0748918218962134,0.2518337408312958,0.1551910520828563,-0.1242603550295857,0.8823522154692235,0.214284057580769,30698300624.0,0.791356345499199,CONFIRMED,CONFIRMING,0.1001058992088705,0.7940832772340701
2026-09-07,2026-09-04,35,2353,2353.TW,宏碁,TWSE,電腦及週邊設備業,32.70000076293945,0.0599675967129305,0.080991760758329,-0.0831819939746614,0.0284158218622156,-0.1423891702151836,0.0397196565233482,0.2462311191741548,0.0871304171112407,-0.0541795678432114,0.4873196667066632,0.2288832368373448,593140671.0454834,0.7872882712540966,CONFIRMED,CONFIRMING,0.0427296148967626,0.7953230855449848
2026-09-07,2026-09-04,36,4569,4569.TW,六方科-KY,TWSE,汽車工業,180.0,0.0876132930513595,0.1125607009865794,0.1193446501848702,0.0599847620904661,0.0812504667193243,0.0594731178047147,0.2864509541836786,0.1131241308016832,-0.0489400198896867,0.636775238505519,0.2850242470168854,18552959.9,0.7866395581498515,CONFIRMED,PERSISTENT,0.0858313864151343,0.7716448176993177
2026-09-07,2026-09-04,37,7744,7744.TWO,崴寶,TPEX,電子零組件業,545.0,0.064453125,0.1595744680851063,0.0878243512974052,0.106998529188993,0.0490972945067613,0.0245595079787234,0.259515570934256,0.1567145046443439,-0.0361702127659574,1.1274287455355092,0.2642516038041232,71782652.525,0.7865226972680516,CONFIRMED,PERSISTENT,0.0995662261676586,0.7735842184971534
2026-09-07,2026-09-04,38,3518,3518.TW,柏騰,TWSE,其他電子業,30.799999237060547,0.1059245535074977,0.094138531241253,0.1492537355922225,0.0415625923451397,0.0369882750637982,0.0823899206971844,0.2488261750472673,0.1268654057263963,-0.0470383395673282,0.557290075618386,0.1846376521574858,26213486.30613146,0.7857032780176996,CONFIRMED,PERSISTENT,0.0718635530249591,0.7827153320990945
2026-09-07,2026-09-04,39,2855,2855.TW,統一證,TWSE,金融保險業,50.70000076293945,0.044284275173329,0.139325859841336,0.0381975622469721,0.0867499209452227,-0.046833244485257,0.0094528102129949,0.4881887138501353,0.0680657167866088,-0.0347368742290296,0.9602767721379706,0.9992888569034762,178257766.08091506,0.78272794502512,CONFIRMED,CONFIRMING,0.0629488155117976,0.7748030878673537
2026-09-07,2026-09-04,40,2606,2606.TW,裕民,TWSE,航運業,78.19999694824219,0.0831024965873781,0.1585184733072917,0.2053175494088437,0.1059425344111784,0.1125686646446886,0.0434728782605551,0.2997198280928435,0.1493866705812511,-0.0769230769230768,1.1628980745915984,0.3180412909956399,777545852.6408489,0.781853157861795,CONFIRMED,PERSISTENT,0.0911119975582104,0.7808009767245647
2026-09-07,2026-09-04,41,4938,4938.TW,和碩,TWSE,電腦及週邊設備業,95.4000015258789,0.0779661189364848,0.0952928036413673,0.0450040745423545,0.042716864745254,-0.0253177706688096,0.054142918026143,0.2832766726868603,0.1007146009710658,-0.0664557262547577,0.6695801739118078,0.2680269602049461,1254457170.2468195,0.7812937846643188,CONFIRMED,CONFIRMING,0.0521672068254666,0.7830329621596468
2026-09-07,2026-09-04,42,2637,2637.TW,慧洋-KY,TWSE,航運業,99.8000030517578,0.0836048285038824,0.1353811299124425,0.2745849190553426,0.0828051910163292,0.2362221715470718,0.0497595460257717,0.260393880391473,0.1370341424682209,-0.1058823828603706,0.9446216699977446,0.2572528065978761,744838018.4725437,0.7789289644574978,CONFIRMED,PERSISTENT,0.0762428938253285,0.7793726808200181
2026-09-07,2026-09-04,43,7828,7828.TWO,創新服務,TPEX,半導體業,1930.0,0.0722222222222221,0.128654970760234,0.0782122905027933,0.0760790318641206,0.107113316410123,0.0400584795321636,0.1571428571428571,0.2312015170453854,-0.1893333333333333,0.7273854379688489,0.0874441048192829,345603643.5,0.7745322877635282,CONFIRMED,CONFIRMING,0.1364640070660974,0.7668398995922444
2026-09-07,2026-09-04,44,6122,6122.TWO,擎邦,TPEX,電機機械,51.29999923706055,0.0544706603919016,0.0903294382341315,0.1921771367012192,0.0377534993380181,0.0740888618275166,0.0318883008333687,0.3990606898112926,0.0786703838893453,-0.0210084040347957,0.669438536794858,0.4582020088103458,15095190.32973976,0.7744978773220377,CONFIRMED,PERSISTENT,0.0627718863325013,0.7611589133086192
2026-09-07,2026-09-04,45,6486,6486.TWO,互動,TPEX,通信網路業,82.19999694824219,0.0620154435107909,0.1033556637347945,0.0892974512801532,0.0507797248386812,0.0137047425435898,0.0361765275770922,0.4399998256138392,0.1077639061582171,-0.0237529699820464,0.7573305203559597,0.4220009801124361,18392544.43709488,0.7742892015398996,CONFIRMED,CONFIRMING,0.0787401174309998,0.7570388480186104
2026-09-07,2026-09-04,46,4526,4526.TW,東台,TWSE,電機機械,32.0,0.056105637153289,0.0684473851365388,-0.1540057767092121,0.0158714462404254,-0.2031127815490543,0.0389937908691543,0.2611463234833181,0.0779146883847322,-0.0766823381669944,0.332181333981546,0.2294148042047034,60710564.40420751,0.7740878333287831,CONFIRMED,CONFIRMING,0.0462645107035388,0.7789230926664208
2026-09-07,2026-09-04,47,1569,1569.TWO,濱川,TPEX,電腦及週邊設備業,48.70000076293945,0.0518358869422581,0.1499410275704891,0.0241851008271434,0.0973650886743757,-0.0789849124363731,0.0143506300496358,0.3315928484477367,0.1231829848907376,-0.0521920651432407,1.0330448895521558,0.4036220787747578,18565987.44991703,0.7703941683702328,CONFIRMED,CONFIRMING,0.0943820489980464,0.747150537565806
2026-09-07,2026-09-04,48,6870,6870.TWO,騰雲,TPEX,數位雲端,290.0,0.1350293542074363,0.1328125,0.0740524652168772,0.0802365611038866,-0.0491343378782846,0.1018262292074363,0.3541666666666667,0.1283383708237003,-0.0526315789473684,0.8370349344523051,0.3665136164248407,16180227.25,0.7700601117817598,CONFIRMED,CONFIRMING,0.0955799017755951,0.7525543110360197
2026-09-07,2026-09-04,49,2413,2413.TW,環科,TWSE,電子零組件業,45.79999923706055,0.0444698022986314,0.1355115393563837,-0.1942805315809924,0.0829356004602703,-0.2996057340309493,0.0105919174595354,0.2850204125233411,0.1613691590005858,-0.0791049056272762,0.7909110503997578,0.2393490496464026,40071631.92414055,0.7699519826478547,CONFIRMED,CONFIRMING,0.0492148214890386,0.7475913542505243
2026-09-07,2026-09-04,50,2905,2905.TW,三商,TWSE,貿易百貨業,18.14999961853028,0.0583090391978502,0.1260666083584867,0.2914330600795325,0.0734906694623733,0.2055290883462639,0.0267923871082285,0.3848110794566902,0.0968662009593002,-0.044199047270628,0.714498794069329,0.500812741342628,27685463.99561977,0.7677196849082594,CONFIRMED,PERSISTENT,0.0591960759878695,0.749201046315256
2026-09-07,2026-09-04,51,2890,2890.TW,永豐金,TWSE,金融保險業,42.84999847412109,0.0766331481288191,0.1001283089804827,0.3520456954124642,0.0475523700843694,0.2853526894445495,0.0516010708836984,0.4875004112726372,0.055155345363195,-0.039457423038834,0.6191509589428779,0.885002015427348,970443166.8415124,0.7676962099183117,CONFIRMED,PERSISTENT,0.067779690080036,0.768937706420298
2026-09-07,2026-09-04,52,2027,2027.TW,大成鋼,TWSE,鋼鐵工業,50.20000076293945,0.0371900657089465,0.0772532705299891,0.2263590953352401,0.0246773316338757,0.1508660548984093,0.0178767480764492,0.2045455579915188,0.1200319902901482,-0.0555556144243387,0.4906683337071068,0.1316466825971087,905772026.1649584,0.7659114703661094,CONFIRMED,PERSISTENT,0.0179458745162934,0.7734585363589888
2026-09-07,2026-09-04,53,3019,3019.TW,亞光,TWSE,光電業,144.5,0.0433212996389891,0.1158301158301158,0.0231034569188073,0.0632541769340024,-0.0608159657539926,0.0143637706814601,0.2307692307692307,0.1574978593493531,-0.092063492063492,0.8292853150034248,0.169716762122688,876223446.725,0.7658586351534354,CONFIRMED,CONFIRMING,0.0386343216531894,0.7589844220838166
2026-09-07,2026-09-04,54,2845,2845.TW,遠東銀,TWSE,金融保險業,13.649999618530272,0.0716662567353216,0.0879036477107644,0.1175352649049927,0.035327708814651,0.0449648360502483,0.0496903448076305,0.5371079989689835,0.061692319224098,-0.0183150078147326,0.3063840699955141,0.7653100567106033,207207557.67206985,0.765397680730917,CONFIRMED,PERSISTENT,0.0617728898471665,0.7625246001693953
2026-09-07,2026-09-04,55,2324,2324.TW,仁寶,TWSE,電腦及週邊設備業,41.59999847412109,0.0478588834929021,0.1381668766750619,0.1507606284425926,0.0855909377789485,0.0443580421832754,0.0133171643241366,0.2153517728255941,0.1909927800685623,-0.1087963120355197,0.9420826131135498,0.1557885163358981,4536123743.792723,0.7652456239709683,CONFIRMED,PERSISTENT,0.0437836796827366,0.7550440354630321
2026-09-07,2026-09-04,56,4576,4576.TW,大銀微系統,TWSE,電機機械,238.0,0.1018518518518518,0.0917431192660549,0.2155566254814471,0.0391671803699416,0.1114069105996364,0.0789160720353381,0.1574803149606299,0.1612985358176272,-0.13215859030837,0.562020743619423,0.0895713978075061,631231727.125,0.7649714358425291,CONFIRMED,PERSISTENT,0.0919935765083734,0.771982020040011
2026-09-07,2026-09-04,57,3006,3006.TW,晶豪科,TWSE,半導體業,278.5,0.033395176252319,0.0857699805068226,0.3682819768993504,0.0331940416107092,0.3082804167437283,0.0119526811256133,0.127906976744186,0.2009635968842651,-0.1153153153153153,0.4917992189750279,0.0545898813124518,3739714430.075,0.7632924046177278,CONFIRMED,PERSISTENT,0.02795976746332,0.7708074896565829
2026-09-07,2026-09-04,58,8064,8064.TWO,東捷,TPEX,光電業,112.0,0.0873786407766989,0.0873786407766989,-0.1516845056775058,0.0348027018805856,-0.2623078624383141,0.0655339805825242,0.1931330851542104,0.1522649252620181,-0.0815165732144179,0.398899303239265,0.1108312136938009,341321282.45247346,0.7623292786293767,CONFIRMED,CONFIRMING,0.0964268273935746,0.7609110085664946
2026-09-07,2026-09-04,59,6275,6275.TWO,元山,TPEX,電子零組件業,48.150001525878906,0.0536105190817914,0.0893665315556153,0.0756850845844196,0.036790592659502,-0.0046836917667356,0.0312688861928876,0.255663467176939,0.101327524321261,-0.0313900842842849,0.612575509837021,0.2254842152725122,16432023.586651802,0.7618224657036581,CONFIRMED,CONFIRMING,0.0720249663208476,0.7488820882250695
2026-09-07,2026-09-04,60,2357,2357.TW,華碩,TWSE,電腦及週邊設備業,1025.0,0.0621761658031088,0.2545899632802937,0.3908488512800645,0.2020140243841803,0.292945576035597,-0.0014713250169646,0.4210526315789473,0.1627885521597719,-0.0863453815261043,1.820094212229455,0.6584970047988749,3669597638.1,0.7611616460453438,CONFIRMED,PERSISTENT,0.0894982993197279,0.7423655378019557
2026-09-07,2026-09-04,61,3580,3580.TWO,友威科,TPEX,其他電子業,88.0999984741211,0.0704738178286057,0.1441558243392349,-0.0603485812719285,0.0915798854431215,-0.2102669701796936,0.034434861743797,0.2317326635608617,0.1569924528025489,-0.1050175066568027,0.9552947001718284,0.2127848348478076,25758445.342625428,0.7597095668650568,CONFIRMED,CONFIRMING,0.0843744083333855,0.7385155328887806
2026-09-07,2026-09-04,62,1595,1595.TWO,川寶,TPEX,半導體業,68.80000305175781,0.042424288662997,0.1390728694316316,-0.0814419005320509,0.0864969305355183,-0.1106435442342586,0.0076560713050891,0.2658229101126688,0.1449255736611516,-0.0591805984154245,0.8116711410363031,0.2550878629362659,25103686.520379446,0.7590017653922745,CONFIRMED,CONFIRMING,0.0578919475609371,0.7366165958751353
2026-09-07,2026-09-04,63,2542,2542.TW,興富發,TWSE,建材營造業,48.54999923706055,0.032978707171501,0.0959367962346267,0.0705623124720837,0.0433608573385133,-0.008728977380046,0.0089945081128444,0.4187191488753973,0.0601179744056759,-0.0440573308359573,0.6933628206337648,0.6681957278554395,395175658.5074463,0.7589563665598177,CONFIRMED,CONFIRMING,0.0282204504556584,0.7589771490133819
2026-09-07,2026-09-04,64,5285,5285.TW,界霖,TWSE,半導體業,87.30000305175781,0.0467626073684033,0.1322957818353316,0.0196648359918085,0.0797198429392183,-0.0295166149363008,0.0136886619095704,0.2575757838477682,0.1469400892134966,-0.0655940946977787,0.8334283307262292,0.2319053288206316,100436295.24440956,0.7587608271223922,CONFIRMED,CONFIRMING,0.0823879824119919,0.745160642263178
2026-09-07,2026-09-04,65,6209,6209.TW,今國光,TWSE,光電業,81.5,0.062581528588546,0.0969043963999116,0.0350934192438381,0.0443284575037983,-0.0635664273261218,0.0383554294885681,0.1978020642118187,0.144763611767775,-0.1066666666666666,0.5968322014849605,0.132408202621052,802169512.8693497,0.7587545028771964,CONFIRMED,CONFIRMING,0.1001619938392845,0.7662508204175873
2026-09-07,2026-09-04,66,2377,2377.TW,微星,TWSE,電腦及週邊設備業,161.5,0.1137931034482757,0.0867104250465935,0.2454433452613074,0.0341344861504802,0.1826603876271566,0.0921154971866273,0.1692478439197072,0.1712526689845083,-0.1471472688521228,0.2639786826256073,0.0856953212555473,2422151386.05,0.7582726887589354,CONFIRMED,PERSISTENT,0.0785748435719264,0.7621342727099731
2026-09-07,2026-09-04,67,1301,1301.TW,台塑,TWSE,塑膠工業,66.0,0.0526315661388492,0.1827957150968013,0.5211458701314595,0.130219776200688,0.4236539691947507,0.0069326373646488,0.3805968375322737,0.1203272455976086,-0.0533333460489908,1.2819953343110584,0.5781855201186101,2118686187.2751555,0.7582130305856917,CONFIRMED,PERSISTENT,0.0908189453975718,0.7494466971788211
2026-09-07,2026-09-04,68,3630,3630.TWO,新鉅科,TPEX,光電業,28.39999961853028,0.0757575768522431,0.0965250979467722,-0.0564784299466658,0.0439491590506588,-0.1427252378542378,0.0516263023655501,0.3289472693551908,0.0886713432763234,-0.041904776436942,0.646378206140152,0.3580826253515347,23084332.390268613,0.7561035063168693,CONFIRMED,CONFIRMING,0.0887483065745762,0.7325789184397691
2026-09-07,2026-09-04,69,6133,6133.TW,金橋,TWSE,電子零組件業,23.75,0.0326086956521738,0.1150235141171562,0.043956043956044,0.0624475752210429,-0.0329797193884342,0.0038528171228847,0.5157892200757317,0.061807413804285,-0.0369565383247707,0.8219909501830389,0.9598830461459112,16288213.811719418,0.7547712423560408,CONFIRMED,CONFIRMING,0.0472935746864107,0.736434698872018
2026-09-07,2026-09-04,70,6177,6177.TW,達麗,TWSE,建材營造業,49.20000076293945,0.0347003481041676,0.0748176453803497,0.1065632597576944,0.0222417064842364,0.0486243556425713,0.0159959367590802,0.3042027455837033,0.0652270045495563,-0.0297131694002914,0.0107794011713305,0.3489311413268797,102621163.4072506,0.7520783039036791,CONFIRMED,PERSISTENT,0.0521892727174035,0.7533122830731767
2026-09-07,2026-09-04,71,2409,2409.TW,友達,TWSE,光電業,26.799999237060547,0.0367504387455179,0.0916496973492126,0.1775841842254928,0.0390737584530993,0.1109105811429476,0.0138380144082148,0.2173913363973772,0.1370757889360088,-0.073394495412844,0.5022738895230147,0.1453491556883292,4267382579.058165,0.7514427484722598,CONFIRMED,CONFIRMING,0.0261318814284583,0.7526423442412673
2026-09-07,2026-09-04,72,5880,5880.TW,合庫金,TWSE,金融保險業,26.64999961853028,0.0554455294467435,0.0764236505004709,0.1824863274535728,0.0238477116043576,0.1080347270440245,0.0363396168216257,0.4720887069909104,0.052918117774772,-0.0306128337034461,0.2590110234664287,0.6817843087664129,572694855.3842924,0.7490370740152418,CONFIRMED,PERSISTENT,0.0620419395315001,0.7509626090245698
2026-09-07,2026-09-04,73,8147,8147.TWO,正淩,TPEX,電子零組件業,135.0,0.0887096774193547,0.0756972111553784,-0.0471983256702348,0.023121272259265,-0.1466665261815294,0.0697853746305101,0.1881188118811881,0.1200247060450672,-0.0846153846153846,0.3685757160376098,0.1186428185870524,20456065.975,0.7488690705639516,CONFIRMED,CONFIRMING,0.0832497492477433,0.7408744391276554
2026-09-07,2026-09-04,74,2897,2897.TW,王道銀行,TWSE,金融保險業,10.850000381469728,0.0483091769634309,0.0689655949997773,0.0871744367874438,0.016389656103664,0.0206923111125252,0.0310677782134866,0.5384632313780036,0.0390422409536033,-0.009852160744208,0.5188824964458483,0.951160492596146,49095564.04649906,0.7487937279143335,CONFIRMED,PERSISTENT,0.0511019996603359,0.7471152703159636
2026-09-07,2026-09-04,75,2612,2612.TW,中航,TWSE,航運業,63.29999923706055,0.0514949906118527,0.1509090770374646,0.1614678759093677,0.0983331381413512,0.0824049144224454,0.0137677213524865,0.3688889175226707,0.1095222063447478,-0.0564263090465666,1.1265958719490166,0.5082867477803076,94597706.30149098,0.7487227800642593,CONFIRMED,PERSISTENT,0.0736092129597287,0.7374160016003061
2026-09-07,2026-09-04,76,3564,3564.TWO,其陽,TPEX,通信網路業,50.20000076293945,0.1268238299133066,0.0842332956834517,0.096778148362929,0.0316573567873383,-0.0103016747842812,0.1057655059924437,0.1638656943778385,0.1623045375331986,-0.0899689474954046,0.5377683484393785,0.0850435095450075,13870165.223011017,0.7464764896115572,CONFIRMED,CONFIRMING,0.0772532396654335,0.7289565841801166
2026-09-07,2026-09-04,77,6658,6658.TW,聯策,TWSE,其他電子業,178.0,0.0690690690690691,0.1633986928104576,0.0171428571428571,0.1108227539143442,-0.0655721269808418,0.0282193958664547,0.2083333333333333,0.1944536237435922,-0.1005747126436781,1.0712912919586244,0.1750617637262404,66851004.625,0.7459139571479265,CONFIRMED,CONFIRMING,0.0684273709483793,0.7285780067840204
2026-09-07,2026-09-04,78,2892,2892.TW,第一金,TWSE,金融保險業,37.29999923706055,0.0843022553065875,0.0897611189287543,0.2639807276623416,0.037185180032641,0.1911824088116986,0.0618619755743989,0.382714688337972,0.0639989007521256,-0.0446329718691899,0.2693617596622326,0.5367732609773753,1402244884.7577095,0.7429961689279635,CONFIRMED,PERSISTENT,0.091042019128652,0.7443358299091847
2026-09-07,2026-09-04,79,3231,3231.TW,緯創,TWSE,電腦及週邊設備業,198.0,0.1123595505617978,0.0790190735694822,0.3459727949384619,0.0264431346733688,0.222183625410661,0.0926047821694272,0.2027972027972027,0.1066960410216542,-0.1091370558375635,0.4627145297669398,0.1501915810003211,9183578488.775,0.7410521318264753,CONFIRMED,PERSISTENT,0.0705596107055961,0.7363607609491896
2026-09-07,2026-09-04,80,3661,3661.TW,世芯-KY,TWSE,半導體業,4220.0,0.0462391519644402,0.1448081143382826,0.0475276065696645,0.0922321754421693,-0.0242223822291909,0.0100371233798696,0.2274975472698764,0.1569206329035267,-0.1377672976705781,0.8910892324753791,0.2099372799304759,8892905772.5,0.7407473502139414,CONFIRMED,CONFIRMING,0.0706737282410032,0.7371001394026223
2026-09-07,2026-09-04,81,2243,2243.TW,宏旭-KY,TWSE,汽車工業,46.0,0.1124546964321924,0.1485643165114865,0.3589365457480831,0.0959883776153731,0.4165707671573093,0.0753136173043207,0.3043478769891793,0.1515215777715139,-0.0714285537351706,0.7263927679960794,0.2984078900947126,10502577.720321655,0.7391159975394808,CONFIRMED,CONFIRMING,0.1105075733632083,0.6940560862078382
2026-09-07,2026-09-04,82,6016,6016.TWO,康和證,TPEX,金融保險業,22.39999961853028,0.0491802912552579,0.1313131556390765,-0.0634312066333409,0.0787372167429631,-0.1489279631819986,0.0163520023454887,0.2736843056295908,0.135845801166998,-0.070707054165428,0.8185858559549856,0.2645525258225045,87813991.0175455,0.7389652855538366,CONFIRMED,CONFIRMING,0.1141506940329881,0.7124920950480983
2026-09-07,2026-09-04,83,2356,2356.TW,英業達,TWSE,電腦及週邊設備業,67.5,0.0400616088288432,0.0546875,0.0655658235024121,0.0021115611038866,-0.0242468218755045,0.0263897338288432,0.1361868674574327,0.1124771804173034,-0.077253239027179,0.2584366993781865,0.0662153806349558,1681653470.374038,0.737658283534748,CONFIRMED,CONFIRMING,0.017332334409668,0.7479932594870339
2026-09-07,2026-09-04,84,2382,2382.TW,廣達,TWSE,電腦及週邊設備業,345.0,0.037593984962406,0.157718120805369,-0.0277593113983132,0.1051421819092557,-0.1315242908841066,-0.0018355452389361,0.4895833333333333,0.0791786872741593,-0.0359820089955023,1.124119588023248,0.97521398711244,5189269310.2,0.7601314612911599,EARLY,UNKNOWN,0.0460092473281286,0.7483212282125206
2026-09-07,2026-09-04,85,2034,2034.TW,允強,TWSE,鋼鐵工業,21.100000381469727,0.0317848212362044,0.0497512428368858,0.1056536323033634,-0.0028246960592275,0.0342598685652895,0.0193470105269829,0.3333329094786205,0.0492744097330702,-0.034229864881376,0.3493815396456683,0.3365586034380532,26415825.316302776,0.7584093656773072,EARLY,PRE_CONFIRMATION,0.0374923261749855,0.7716796403880193
2026-09-07,2026-09-04,86,4510,4510.TWO,高鋒,TPEX,電機機械,47.54999923706055,0.0393442456188097,0.1857855622550055,0.0856164398474923,0.1332096233588922,-0.0179157717826903,-0.0071021449449416,0.3830332929766648,0.1424321353350424,-0.0775027390675664,1.3391090218434378,0.4996207880381895,125896156.27331714,0.7352651782837504,EARLY,UNKNOWN,0.0594329495527883,0.7063350858593098
2026-09-07,2026-09-04,87,2376,2376.TW,技嘉,TWSE,電腦及週邊設備業,361.0,0.0343839541547277,0.0494186046511628,0.1010287408177394,-0.0031573342449504,0.0097108433283785,0.022029302991937,0.1005917159763313,0.1525440167037905,-0.1459119496855345,0.2932936768857805,0.0325879857527893,2920843479.55,0.7313342734210503,EARLY,PRE_CONFIRMATION,0.0128357999579153,0.7482923292890385
2026-09-07,2026-09-04,88,6263,6263.TWO,普萊德,TPEX,通信網路業,169.5,0.0241691842900302,0.1006493506493506,0.0865384615384614,0.0480734117532373,-0.0306394670481819,-0.0009931533723074,0.4133333333333333,0.0736219541203384,-0.0202312138728323,0.6931083724798252,0.5650723632482187,21340063.375,0.7222450147898896,EARLY,UNKNOWN,0.0314924691921498,0.7013148366006935
2026-09-07,2026-09-04,89,5284,5284.TW,jpp-KY,TWSE,其他業,330.0,0.0264385692068429,0.1111111111111111,-0.0659787915934774,0.0585351722149978,-0.1544933532958013,-0.0013392085709348,0.1932384139404772,0.1545419263953452,-0.0901408450704225,0.6669255098131744,0.1389327503744767,147549575.6537567,0.713906474181542,EARLY,UNKNOWN,0.0431119394294281,0.6939273418832067
2026-09-07,2026-09-04,90,2313,2313.TW,華通,TWSE,電子零組件業,249.5,0.0352697095435685,0.196642685851319,-0.0927272727272727,0.1440667469552057,-0.1136153000240149,-0.0138909619192612,0.3504273504273504,0.1510904956015064,-0.0634920634920634,1.383277552754294,0.4560774991799584,7611319048.675,0.7035395327394269,EARLY,UNKNOWN,0.1099988877766655,0.679306636479132
2026-09-07,2026-09-04,91,2891,2891.TW,中信金,TWSE,金融保險業,68.4000015258789,0.0621117997705731,0.0426829743427874,0.0509237008990846,-0.0098929645533258,-0.0367987185097578,0.0514410561848762,0.1772152632211764,0.0668705553733484,-0.0508982241100277,0.2145139851378043,0.1131151743990823,2052073378.1710887,0.7007709432465901,EARLY,PRE_CONFIRMATION,0.0425240281376277,0.7177885823701983
2026-09-07,2026-09-04,92,2812,2812.TW,台中銀,TWSE,金融保險業,19.350000381469727,0.0265251984021983,0.0375335537403414,0.0974514610368537,-0.0150423851557719,0.0092016391304012,0.017141809967113,0.3181820546299138,0.0327962019912468,-0.010695227528323,0.2543771303960659,0.3641428739172763,242909853.4966774,0.7006264157176958,EARLY,PRE_CONFIRMATION,0.0220520481164041,0.7159543083278223
2026-09-07,2026-09-04,93,5508,5508.TWO,永信建,TPEX,建材營造業,55.09999847412109,0.0415878428125553,0.0299065135349736,0.0586860965475528,-0.0226694253611396,-0.0661206882314116,0.0341112144288119,0.1538460974156878,0.0567317889047638,-0.0457038384850226,0.1433002159450047,0.0811009221371263,11751015.755502127,0.6941784130555773,EARLY,PRE_CONFIRMATION,0.0331895435192561,0.7047687974831779
2026-09-07,2026-09-04,94,4770,4770.TW,上品,TWSE,化學工業,226.5,0.0534883720930232,0.046189376443418,0.0584112149532709,-0.0063865624526953,-0.0283246522333671,0.0419410279821687,0.1388888888888889,0.0935930359478165,-0.0803571428571429,0.2834289737181492,0.0685434670189968,87488718.225,0.6937986429005153,EARLY,PRE_CONFIRMATION,0.0499478502723373,0.690294493901302
2026-09-07,2026-09-04,95,3680,3680.TWO,家登,TPEX,半導體業,518.0,0.036,0.1812998859749144,0.0791666666666666,0.128723947078801,-0.0315270852415519,-0.0093249714937285,0.3672055427251732,0.1395955046465905,-0.055350553505535,1.293100529330771,0.4769087886746393,597632207.775,0.6910976888468154,EARLY,UNKNOWN,0.0777633289986996,0.6655446353373577
2026-09-07,2026-09-04,96,3363,3363.TWO,上詮,TPEX,通信網路業,735.0,0.0485021398002853,0.2628865979381443,0.0096153846153845,0.2103106590420309,-0.0930000203725907,-0.0172195096842506,0.2624356775300172,0.240934657288791,-0.1140624999999999,1.8166302314419909,0.2863466104038482,3323557531.35,0.6883624504554072,EARLY,UNKNOWN,0.1193177491814514,0.6534339271126691
2026-09-07,2026-09-04,97,2834,2834.TW,臺企銀,TWSE,金融保險業,17.0,0.0334346025259555,0.0303030303030302,0.089210869554325,-0.022272908593083,0.0154881400715218,0.0258588449501979,0.2083332008786513,0.0439681674004387,-0.0144927536231883,0.1735627643115038,0.143584044380482,1165845884.0889602,0.688082357342045,EARLY,PRE_CONFIRMATION,0.024713679407198,0.7099266793277368
2026-09-07,2026-09-04,98,4306,4306.TW,炎洲,TWSE,塑膠工業,15.25,0.0132890237030203,0.0553633357297287,0.0076519822611533,0.0027873968336153,-0.0330610328764959,-0.0005518102294118,0.3200001983643334,0.0770441499999958,-0.0414012500908875,0.3469382830087946,0.2299496900884148,16269847.34440279,0.6865461122792476,EARLY,UNKNOWN,0.0114408849029938,0.6725394360613491
2026-09-07,2026-09-04,99,6015,6015.TWO,宏遠證,TPEX,金融保險業,16.799999237060547,0.0243902212094149,0.0980391521324313,-0.0588235922672134,0.0454632132363179,-0.1436024723966701,-0.0001195668236929,0.2459015060707629,0.1036763153515786,-0.0607903287109408,0.6183078678390409,0.2325311724429299,26642916.309000872,0.684589785614296,EARLY,UNKNOWN,0.0521371139816531,0.6534172677419025
2026-09-07,2026-09-04,100,4760,4760.TWO,勤凱,TPEX,其他電子業,264.0,0.0277179350771576,0.1385288905875403,-0.2612837004676137,0.085952951691427,-0.3560198780813097,-0.0069142875697273,0.2223569069944844,0.1699881662310452,-0.1307419789316416,0.7660236642850614,0.1812058822880415,110800836.7012932,0.6844889676892744,EARLY,UNKNOWN,0.0376832471405892,0.653948732394184
2026-09-07,2026-09-04,101,7750,7750.TW,新代,TWSE,電機機械,2415.0,0.05,0.0364806866952789,0.1555023923444976,-0.0160952522008344,0.0542117776391282,0.0408798283261803,0.046831955922865,0.2256470954336186,-0.1491053677932405,0.1272504508186773,0.0075713888896555,918723169.75,0.6844494497688145,EARLY,PRE_CONFIRMATION,0.0239559041763832,0.7064544385909801
2026-09-07,2026-09-04,102,2474,2474.TW,可成,TWSE,其他電子業,209.5,0.0145278450363195,0.1173333333333332,0.0557470573200136,0.0647573944372199,-0.0160261087812767,-0.0148054882970137,0.4782608695652174,0.0856520600333928,-0.0327868852459016,0.8350203667468702,0.6551616155771124,658283608.4,0.6800644770082468,EARLY,UNKNOWN,0.0176077717061322,0.6610651037109483
2026-09-07,2026-09-04,103,3712,3712.TW,永崴投控,TWSE,電腦及週邊設備業,21.200000762939453,0.0216867837561183,0.0417690597315034,0.2079773039631336,-0.0108068791646098,0.1008420568188246,0.0112445188232424,0.0949721218052172,0.1365826445098665,-0.1052631446859508,0.1916330936005604,0.0290439260620933,33093760.23667612,0.6798166715324665,EARLY,PRE_CONFIRMATION,-0.0052785610287191,0.6880638310915943
2026-09-07,2026-09-04,104,2207,2207.TW,和泰車,TWSE,汽車工業,539.0,0.0365384615384616,0.0445736434108527,0.1480298189563365,-0.0080022954852605,0.0769874392055278,0.0253950506857484,0.1900826446280991,0.0693489847700843,-0.0343511450381679,0.2886898921974372,0.1221744780883897,129153519.3,0.6777100566467881,EARLY,PRE_CONFIRMATION,0.0420492991783469,0.6715694680629036
2026-09-07,2026-09-04,105,2388,2388.TW,威盛,TWSE,半導體業,81.4000015258789,0.1105047494800459,0.0449293957823258,0.2397264929775144,-0.0076465431137875,0.1937356335166626,0.0992724005344645,0.0913837683214941,0.1575835183835028,-0.1090457962223623,0.2591802863360212,0.0260548662519684,315412956.00024414,0.6745524873515432,EARLY,PRE_CONFIRMATION,0.0830229015166927,0.6701274263733186
2026-09-07,2026-09-04,106,1319,1319.TW,東陽,TWSE,汽車工業,82.5999984741211,0.0060901340961365,0.0769230998778303,-0.1472128755055143,0.0243471609817169,-0.2639985200401341,-0.013140640873321,0.3575756847147232,0.0732820685643293,-0.0297973772888296,0.4542756854137263,0.3753418898792237,209994333.0687824,0.6742585126308851,EARLY,UNKNOWN,0.0099034000552293,0.6638633076040371
2026-09-07,2026-09-04,107,3010,3010.TW,華立,TWSE,電子通路業,129.0,0.0157480314960629,0.0705394190871369,0.0379736702462683,0.0179634801910235,-0.0308844932286109,-0.0018868232757212,0.2394366197183098,0.0876301841518913,-0.0452830188679245,0.4695332778878034,0.1927386120043062,95865086.1,0.6740750361588542,EARLY,UNKNOWN,0.0070257611241217,0.6657546665644234
2026-09-07,2026-09-04,108,6197,6197.TW,佳必琪,TWSE,電子零組件業,315.0,0.0177705977382875,0.0732538330494037,0.0122643613299855,0.0206778941532903,-0.0895503270577344,-0.0005428605240633,0.1487889273356401,0.1306647104365372,-0.0705128205128204,0.3664766600571501,0.0834147124057537,495850860.9,0.6734627609013543,EARLY,UNKNOWN,0.0356731875719218,0.6554602995562011
2026-09-07,2026-09-04,109,2820,2820.TW,華票,TWSE,金融保險業,17.100000381469727,0.0270270734684361,0.045871558562776,0.0234860119706419,-0.0067043803333373,-0.0534497513738363,0.0155591838277421,0.384615234134289,0.0359489110577125,-0.011976093042061,0.3247917979334963,0.490777042130785,40921887.34607601,0.6732270361862847,EARLY,PRE_CONFIRMATION,0.0379362842175665,0.6745659609339114
2026-09-07,2026-09-04,110,1305,1305.TW,華夏,TWSE,塑膠工業,12.199999809265137,0.0082644152597344,0.0562770223200246,-0.0279189099790798,0.0037010834239112,-0.0971090781627114,-0.0058048403202717,0.1733334079319335,0.0886033506041124,-0.0367346783073581,0.3562807277784388,0.110093896003732,22443045.16554513,0.6717060107284207,EARLY,UNKNOWN,0.0130786582217015,0.6560926015638882
2026-09-07,2026-09-04,111,1104,1104.TW,環泥,TWSE,水泥工業,27.700000762939453,0.0472589778428831,0.041353397206566,0.0203779397704335,-0.0112225416895472,-0.0565578235740447,0.0369206285412416,0.305555952920233,0.0430447043357439,-0.0148975647242943,0.2820839598585536,0.2935500867048249,32279302.46794329,0.6689064863046833,EARLY,PRE_CONFIRMATION,0.0340644315509695,0.6722211520262152
2026-09-07,2026-09-04,112,1712,1712.TW,興農,TWSE,化學工業,40.650001525878906,0.0213568418369933,0.0436457183476357,0.0304182697017023,-0.0089302205484775,-0.03862158859257,0.0104454122500844,0.4146333293945904,0.0324691817156446,-0.0126903548384785,0.3159688547907946,0.5573583489348954,54669694.41946564,0.6665043310125949,EARLY,PRE_CONFIRMATION,0.0234783461581946,0.6750560846176854
2026-09-07,2026-09-04,113,6756,6756.TW,威鋒電子,TWSE,半導體業,101.5,0.0149999999999999,0.0201005025125629,0.0949299173836131,-0.0324754363835504,0.0051537536888357,0.0099748743718591,0.0704225125092479,0.0823806705233357,-0.0567163875446984,0.0835318296360791,0.0171827672758764,12565829.88856697,0.6629561664942367,EARLY,PRE_CONFIRMATION,0.0172889000250562,0.674425290923914
2026-09-07,2026-09-04,114,2836,2836.TW,高雄銀,TWSE,金融保險業,12.25,0.0165974942821092,0.033755240983432,0.0413196595835889,-0.0188206979126812,-0.039866323915811,0.0081586840362511,0.2222221044846024,0.0448622659383494,-0.020661156373421,0.2324892056779098,0.1672042312582118,17182409.982334852,0.6605703108054701,EARLY,PRE_CONFIRMATION,0.0197710677522187,0.6533403548296557
2026-09-07,2026-09-04,115,9917,9917.TW,中保科,TWSE,其他業,106.5,0.0074324220458115,0.0354166995816771,-0.0199682144673248,-0.0171592393144361,-0.0844985007064654,-0.0014217528496077,0.4888170671405946,0.0260534959449031,-0.009009046719432,0.2309702530021684,0.6644899883657173,31984466.43908653,0.660510488416262,EARLY,UNKNOWN,0.019359398492452,0.6613438273466927
2026-09-07,2026-09-04,116,5534,5534.TW,長虹,TWSE,建材營造業,76.5999984741211,0.0172642147367474,0.0428904562074123,-0.0028950471662979,-0.0096854826887009,-0.0977427905145288,0.0065416006848943,0.31787951503002,0.0401542540359885,-0.0208062216173383,-0.2284858890640066,0.339540547968068,76314014.56227303,0.655518071360278,EARLY,PRE_CONFIRMATION,0.0213307259994428,0.6638620650116195
2026-09-07,2026-09-04,117,1215,1215.TW,卜蜂,TWSE,食品工業,110.5,0.0184331797235022,0.0231481481481481,-0.0595744680851063,-0.0294277907479652,-0.1404950853783766,0.0126461426864651,0.1428571428571428,0.0471069874221959,-0.0401785714285714,0.0308204563187665,0.0701993162339259,63153272.225,0.6525126504150436,EARLY,PRE_CONFIRMATION,0.0135290071084612,0.6689172781985878
2026-09-07,2026-09-04,118,6491,6491.TW,晶碩,TWSE,生技醫療業,385.0,0.0212201591511935,0.032171581769437,0.2223774779182119,-0.0204043571266763,0.1360675854796544,0.0131772637088343,0.1071428571428571,0.0942856924577549,-0.0475594493116395,0.115097568962898,0.0365586241107255,159223975.225,0.6499094167456618,EARLY,PRE_CONFIRMATION,0.0204757802663839,0.6758069500789605
2026-09-07,2026-09-04,119,6112,6112.TW,邁達特,TWSE,資訊服務業,45.900001525878906,0.0188679756540173,0.0,0.0236742118096262,-0.0525759388961133,-0.0747673319903019,0.0188679756540173,0.0,0.0743379041189946,-0.0639658827802944,-0.0842786060217177,0.0,17534760.943681527,0.6326824077043917,EARLY,PRE_CONFIRMATION,0.0117374998434454,0.6761647254400781
2026-09-07,2026-09-04,120,6526,6526.TW,達發,TWSE,半導體業,635.0,0.0241935483870967,0.016,0.0481346412315146,-0.0365759388961133,-0.023688240700928,0.0201935483870967,0.0413223140495867,0.1334547871617443,-0.087719298245614,-0.0126705504852751,0.0049541649187307,284350561.05,0.6304027245709466,EARLY,PRE_CONFIRMATION,0.0420940346270615,0.6690646755538054
2026-09-07,2026-09-04,121,3706,3706.TW,神達,TWSE,電腦及週邊設備業,92.5,0.0043431219598912,0.0087241338972927,0.0693641618497109,-0.0438518049988205,-0.0026035724118322,0.002162088485568,0.0338984475469224,0.076977336843552,-0.0438871168461341,0.0035814172544351,0.0038418397860496,982772587.8871666,0.6253119839547954,EARLY,PRE_CONFIRMATION,0.0062003790322742,0.6564059444110433
2026-09-07,2026-09-04,122,4540,4540.TW,全球傳動,TWSE,電機機械,60.79999923706055,0.0099667519354993,0.0133333206176757,-0.0032787010317942,-0.0392426182784375,-0.094706397620771,0.0066334217810803,0.0370369977911845,0.111998861569889,-0.0891410037599806,-0.0862025860137744,0.0044092070164289,200779556.8411991,0.6200134881719009,EARLY,PRE_CONFIRMATION,0.0237413584124124,0.6589545750180156
2026-09-07,2026-09-04,123,3701,3701.TW,大眾控,TWSE,電腦及週邊設備業,41.95000076293945,0.0219245199173201,-0.0141010219713119,-0.1205450714471993,-0.0666769608674252,-0.2047943476745897,0.0254497754101481,0.0340908253488389,0.1243903861511899,-0.0775558001464377,-0.387875701380888,-0.0038645709860555,38177377.11872673,0.6060536004496128,EARLY,PRE_CONFIRMATION,0.0254216702087279,0.670354485944881
2026-09-07,2026-09-04,124,3022,3022.TW,威強電,TWSE,電腦及週邊設備業,95.9000015258789,0.0620154848822243,-0.0338918606163327,0.1543984595291652,-0.0864677995124461,0.0937600095493123,0.0704884500363074,0.0587415797572348,0.1893464998395772,-0.1992768642446079,-0.7247024924055702,-0.0105143820202757,271585714.3669716,0.5870971621937144,EARLY,PRE_CONFIRMATION,0.0214170589777553,0.6779824353002122
2026-09-07,2026-09-04,125,2362,2362.TW,藍天,TWSE,電腦及週邊設備業,49.29999923706055,0.0324607170065036,-0.0237623913453357,0.0625943841187279,-0.076338330241449,0.0397668732636045,0.0384013148428376,0.0594059761196183,0.1263888444350054,-0.0732673418403851,-0.313612304402648,-0.0111689291813405,84432842.9614977,0.5841138719237808,EARLY,PRE_CONFIRMATION,0.0250012827685399,0.6660857586502383
2026-09-07,2026-09-04,126,6531,6531.TW,愛普*,TWSE,半導體業,911.0,0.017877094972067,-0.0420609884332281,0.0306194105361949,-0.0946369273293414,-0.0509276001386536,0.028392342080374,0.0634920634920634,0.2015727176747386,-0.1261829652996845,-0.5268255867137686,-0.0132485138809841,3006474148.3,0.580588433219131,EARLY,PRE_CONFIRMATION,0.0189586712152565,0.7016658064616638
2026-09-07,2026-09-04,127,7610,7610.TW,聯友金屬-創,TWSE,綠能環保,1820.0,0.2173913043478261,-0.0162162162162161,0.4048367774641772,-0.0687921551123295,0.1894533801247089,0.2214453584018802,0.0181818181818181,0.2588283338470734,-0.2333333333333332,-0.6387309958350451,-0.0011391345393217,865626391.25,0.5803912859913167,EARLY,PRE_CONFIRMATION,0.0756501182033098,0.6717637649079115
2026-09-07,2026-09-04,128,2049,2049.TW,上銀,TWSE,電機機械,363.0,0.0254237288135592,-0.0620155038759689,0.1463727221753084,-0.1145914427720823,0.0430632724690238,0.0409276047825515,0.1568627450980392,0.1193545626119453,-0.1124031007751937,-0.6212957367798688,-0.0815044013713221,1901368777.9,0.5738764356906727,EARLY,PRE_CONFIRMATION,0.0035247771096826,0.6921007358425176
2026-09-07,2026-09-04,129,6538,6538.TWO,倉和,TPEX,電子零組件業,300.0,0.5,1.0689655172413794,2.203477211836872,1.016389578345266,1.965885482669526,0.2327586206896551,0.748792270531401,0.2317669549863084,-0.099099099099099,8.109520346388077,3.4536119129762533,611628103.125,0.891287516158518,EXTENDED,EXTENDED,0.4758332308449144,0.8853199812184215
2026-09-07,2026-09-04,130,7711,7711.TW,永擎,TWSE,電腦及週邊設備業,632.0,0.2977412731006159,0.6853333333333333,0.8182670313143816,0.63275739443722,0.764510328452997,0.1264079397672826,0.5160642570281124,0.2521610041813156,-0.0772357723577236,5.179750300313369,1.4025802230267002,789471767.025,0.8778406152728396,EXTENDED,EXTENDED,0.2629896083133494,0.8727356490285041
2026-09-07,2026-09-04,131,2455,2455.TW,全新,TWSE,通信網路業,528.0,0.2165898617511521,0.4505494505494505,0.661205392591284,0.3979735116533371,0.4183827839856291,0.1039524991137895,0.4753623188405797,0.2278084635896275,-0.0862275449101795,3.382113636554211,0.9401504588141542,6196170177.575,0.877330416102039,EXTENDED,EXTENDED,0.2220807776877675,0.875677313355345
2026-09-07,2026-09-04,132,8431,8431.TWO,匯鑽科,TPEX,其他電子業,68.80000305175781,0.3205375252732854,0.4318419176725598,0.4453782617065129,0.3792659787764465,0.3549061543280816,0.2125770458551454,0.5937053894631188,0.1846859073354983,-0.1064256891216245,3.2953401270623663,1.388231931809165,84131803.16242942,0.8658163901106405,EXTENDED,EXTENDED,0.360894143312348,0.8471003763324808
2026-09-07,2026-09-04,133,3141,3141.TWO,晶宏,TPEX,半導體業,102.5,0.3540291166733016,0.2974683544303798,0.4375875962528868,0.2448924155342664,0.3176220597847734,0.2796620280657066,0.4425612815775809,0.199028549859817,-0.1287500381469726,2.1770412498336,0.6614527225275336,370545779.91252935,0.8651389528184706,EXTENDED,EXTENDED,0.2928859812290141,0.857871616842274
2026-09-07,2026-09-04,134,3094,3094.TW,聯傑,TWSE,半導體業,46.5,0.1397059036648675,0.3342898719071669,0.6002024785772309,0.2817139330110536,0.5426462823901252,0.0561334356880758,0.5641648895529359,0.161817914707861,-0.0786082293049965,2.502802763844915,1.1654742245545089,162804098.86544305,0.8596419741872103,EXTENDED,EXTENDED,0.2010848520164729,0.8457755181780717
2026-09-07,2026-09-04,135,3693,3693.TWO,營邦,TPEX,電腦及週邊設備業,663.0,0.1294718909710392,0.2764304948501386,0.3686243278048309,0.2238545559540252,0.2724701366243041,0.0603642672585046,0.4704193672496966,0.1570826517966923,-0.0797101563086342,1.894984950758148,0.8278333538972057,706020425.55,0.8562754016628787,EXTENDED,EXTENDED,0.2020700450214716,0.8526409393174813
2026-09-07,2026-09-04,136,3324,3324.TWO,雙鴻,TPEX,其他電子業,1485.0,0.3026315789473683,0.4630541871921183,0.5050378371316451,0.410478248296005,0.4102204497806918,0.1868680321493387,0.5389908256880734,0.2070694966380078,-0.0771428571428571,3.532883845782446,1.2053052851589756,4352991172.4,0.8428890403242122,EXTENDED,EXTENDED,0.3298110504164053,0.8411355643975007
2026-09-07,2026-09-04,137,6654,6654.TWO,天正國際,TPEX,其他電子業,219.5,0.2436260623229462,0.2262569832402234,0.3104477611940299,0.1736810443441101,0.253367266958552,0.1870618165128904,0.3279352226720647,0.2009427057368047,-0.1022099447513812,1.46109539701391,0.3692477112216084,11107208.675,0.8221774503350203,EXTENDED,EXTENDED,0.2214802448525321,0.7962918775685335
2026-09-07,2026-09-04,138,6830,6830.TW,汎銓,TWSE,其他電子業,597.0,0.1371428571428572,0.5,0.1592233009708739,0.4474240611038866,0.1182594318507168,0.0121428571428572,0.4937965260545905,0.2273879394841254,-0.0629290617848969,3.511491425512265,1.0858019276986848,1346513482.05,0.8173899525684538,EXTENDED,EXTENDED,0.2375621890547263,0.8042089300355728
2026-09-07,2026-09-04,139,2434,2434.TW,統懋,TWSE,半導體業,67.30000305175781,0.1932624331734722,0.2650376332069679,1.07395998365029,0.2124616943108546,0.9970242203058116,0.1270030248717302,0.2831326237944156,0.2608237206229561,-0.118659404828453,1.675960346316573,0.2877069628288484,65053221.10063267,0.8129668359484871,EXTENDED,EXTENDED,0.217989374941091,0.7889068900009493
2026-09-07,2026-09-04,140,6272,6272.TW,驊陞,TWSE,電子零組件業,29.799999237060547,0.1245282730966244,0.2288659479200225,-0.0995073272677181,0.1762900090239092,-0.1828115303053485,0.0673117861166187,0.4007220107230188,0.1717261610762624,-0.085657354018111,1.6062541175741107,0.5340573751940605,11731517.460246751,0.8087855921742555,EXTENDED,EXTENDED,0.2006446162152868,0.7741678369065688
2026-09-07,2026-09-04,141,4908,4908.TWO,前鼎,TPEX,通信網路業,224.5,0.181578947368421,0.5747865162141284,0.1739317003796552,0.522210577318015,0.0529734903823717,0.0378823183148889,0.3985202147106845,0.2880428699949174,-0.1089324618736383,4.153180566703675,0.7952428951235719,801027348.15,0.7875642032447105,EXTENDED,EXTENDED,0.2803671877085854,0.7775303209997199
2026-09-07,2026-09-04,142,6620,6620.TWO,漢達,TPEX,生技醫療業,107.5,0.2721893491124261,0.2721893491124261,0.6135283978451231,0.2196134102163127,0.4949828628599741,0.2041420118343195,0.344311282866349,0.231529294709663,-0.1171597813713479,1.9795749409850207,0.4047775642947381,116674128.1787571,0.7833327309104472,EXTENDED,EXTENDED,0.3104961489717628,0.7371841109221959
2026-09-07,2026-09-04,143,3374,3374.TWO,精材,TPEX,半導體業,430.0,0.1139896373056994,0.4029363784665578,0.9442664606984406,0.3503604395704445,0.8543400857907697,0.0132555426890599,0.4402852049910873,0.2350070110821041,-0.132047477744807,2.930538808161032,0.7549005673261989,5619186333.2,0.747150900058364,EXTENDED,EXTENDED,0.2398183521949111,0.7361517122402658
2026-09-07,2026-09-04,144,8103,8103.TW,瀚荃,TWSE,電子零組件業,122.5,0.1290322580645162,0.5565438977153112,0.3412452080843331,0.5039679588191979,0.2558204079796728,-0.0101037163643115,0.6203965901580387,0.1903905859383889,-0.0482456140350877,4.215337738624179,1.8135242071662965,538460715.0494492,0.733673811395531,EXTENDED,EXTENDED,0.2366866901655819,0.7009663498101333
2026-09-07,2026-09-04,145,6933,6933.TW,AMAX-KY,TWSE,電腦及週邊設備業,317.0,0.2192307692307693,0.9270516717325228,1.167904072942898,0.8744757328364094,1.06928914792902,-0.0125321487023613,0.6186612576064908,0.2460976996943872,-0.0876132930513595,7.104324088117107,2.330501072592199,250150843.325,0.7151283760705938,EXTENDED,EXTENDED,0.3924884691412256,0.6776980147271456
2026-09-07,2026-09-04,146,2426,2426.TW,鼎元,TWSE,光電業,104.5,0.0874089662773611,0.5412978657276135,0.5761688565597944,0.4887219268315002,0.6250185917536284,-0.0479155001545422,0.3984797875764989,0.2941607930677138,-0.1162790697674418,4.053727023417466,0.733259712490304,4181765593.711602,0.654388321497589,EXTENDED,EXTENDED,0.2463474313358584,0.6080919898008469
2026-09-07,2026-09-04,147,2221,2221.TWO,大甲,TPEX,其他業,90.8000030517578,0.1392723529302524,0.9339723445421516,1.1898704119667562,0.8813964056460382,1.1520394737454704,-0.0942207332052854,0.7425910729105908,0.1868613474745309,-0.0464240538258112,7.141804706111018,3.711626480146772,163407272.85717183,0.6503805941766935,EXTENDED,EXTENDED,0.3940278426400443,0.592508577924789
2026-09-07,2026-09-04,148,3234,3234.TWO,光環,TPEX,通信網路業,206.0,0.1349862258953167,0.916279069767442,0.8899082568807339,0.8637031308713286,0.7460730862130438,-0.0940835415465437,0.660226911271822,0.218771705321606,-0.0781990521327014,7.008409556606144,2.765220937535157,805055640.238089,0.6328101715596409,EXTENDED,EXTENDED,0.2715018284645347,0.5807023864447859
2026-09-07,2026-09-04,149,3008,3008.TW,大立光,TWSE,光電業,7400.0,0.0474168435951876,0.7029854947554246,0.7929391427344097,0.6504095558593113,0.7311977353971824,-0.1283295300936685,0.5847555035067076,0.2163992412596729,-0.0845070422535211,5.111452655196155,1.8996121915711448,14902152891.75,0.5898781898113544,EXTENDED,EXTENDED,0.2490583971229325,0.5407411072493442
2026-09-07,2026-09-04,150,3406,3406.TW,玉晶光,TWSE,光電業,1055.0,0.1504907306434024,0.9322344322344324,0.5223665223665224,0.8796584933383189,0.4814098791961421,-0.0825678774152056,0.6869095816464238,0.2350092079918804,-0.0561904761904762,7.153302428483949,2.7248326536408296,4349980339.4,0.5878110842045728,EXTENDED,EXTENDED,0.3891632102179208,0.5393091516559697
2026-09-08,2026-09-07,70,6207,6207.TWO,雷科,TPEX,電子零組件業,112.5,0.0663507109004739,0.0514018691588784,-0.0888329200137846,0.0585351552438166,-0.2481011206465218,0.0535002436107543,0.0909090909090909,0.1760095705430396,-0.1031390134529147,0.0352534742935374,0.0265491085617927,451034499.1,0.7580778877942936,CONFIRMED,CONFIRMING,0.053370786516854,0.7509162852953359
2026-09-08,2026-09-07,79,4569,4569.TW,六方科-KY,TWSE,汽車工業,177.5,0.0471976401179941,0.0617179023244063,0.0807337659622897,0.0599847620904661,0.0812504667193243,0.0317681645368925,0.1700361693481873,0.1107905230977107,-0.0489400198896867,0.2387928221762068,0.0947217812320671,18900583.775,0.7445017905632565,CONFIRMED,PERSISTENT,0.0674283996091107,0.7229500374748212
2026-09-08,2026-09-07,81,6834,6834.TW,天二科技,TWSE,電子零組件業,97.0,0.0789766223983574,0.0041408026107376,0.1533888437566195,0.0168210846332341,0.2736389789085893,0.077941421745673,0.0066445431139967,0.1893970957873191,-0.1888372376907703,-0.3890815290821707,0.0001452701339438,401523873.971838,0.7432904167115083,CONFIRMED,CONFIRMING,0.0188540607642073,0.7397771616652081
2026-09-08,2026-09-07,82,2385,2385.TW,群光,TWSE,電子零組件業,110.5,0.0375586854460094,0.0728155339805824,-0.1741405270577212,0.0360940118428028,-0.2391934168513171,0.0193548019508638,0.3191489361702128,0.0590315301080253,-0.027906976744186,0.3982064950864372,0.3936709782728391,294394621.25,0.7431320171493296,CONFIRMED,CONFIRMING,0.0329516242112644,0.737995457442335
2026-09-08,2026-09-07,83,2399,2399.TW,映泰,TWSE,電腦及週邊設備業,46.79999923706055,0.0263158070853988,0.072164893495229,-0.0178384524994552,0.0590574356084578,-0.0055881392830103,0.0082745837115915,0.1441646398725385,0.1389223732570229,-0.0730688912005369,0.4068224107820998,0.0748880517822125,311117225.6826395,0.7422697180952893,CONFIRMED,CONFIRMING,0.0190527826389037,0.7306191831247102
2026-09-08,2026-09-07,96,6667,6667.TWO,信紘科,TPEX,其他電子業,255.0,0.1724137931034481,0.0828025477707006,-0.0148952203819204,-0.0112715910700262,-0.1324342828853058,0.151713156160773,0.2288577955331297,0.1366164649678726,-0.0858359043259023,0.5324567554324402,0.1387095512373679,50217796.65689774,0.7000159909760689,EARLY,PRE_CONFIRMATION,0.142755329949294,0.6993155615839708
2026-09-08,2026-09-07,103,4510,4510.TWO,高鋒,TPEX,電機機械,45.650001525878906,0.020111765941428,0.1175031390710741,0.039863324354747,0.1332096233588922,-0.0179157717826903,-0.0092640188263404,0.2330097878436374,0.1501078702332703,-0.0775027390675664,0.7932801964275037,0.1823980412443689,128243022.96598189,0.6907814774669447,EARLY,UNKNOWN,0.0116904313210921,0.6515356932438365
2026-09-08,2026-09-07,109,6442,6442.TW,光聖,TWSE,通信網路業,1700.0,0.0429447852760735,0.1929824561403508,-0.0756438895251609,0.271952362990679,-0.1403455163659136,-0.0053008287590141,0.2879581151832461,0.1964293254151842,-0.1042944785276073,1.2887925327255931,0.2829051325007155,4937810943.0,0.6763326288961383,EARLY,UNKNOWN,0.0580364088999534,0.6442512887753339
2026-09-08,2026-09-07,113,6155,6155.TW,鈞寶,TWSE,電子零組件業,58.20000076293945,0.0192644889354403,0.0939849610581797,-0.2836568497558426,0.0018330961393409,-0.335477248704132,-0.0042317513291046,0.1428571428571428,0.1678841091360821,-0.1554160346515837,0.4088450134640021,0.07997435300698,157885657.7004574,0.6630204743143369,EARLY,UNKNOWN,0.0094527906932053,0.6547988504361889
2026-09-08,2026-09-07,115,2360,2360.TW,致茂,TWSE,其他電子業,2230.0,0.1377551020408163,0.0985221674876848,-0.0201039985178317,-0.0525759388961133,-0.150614617038102,0.1131245601688951,0.1612903225806451,0.1754005707395217,-0.1694915254237288,0.6330635265653661,0.0905964678930916,3977830951.5,0.6554924034095375,EARLY,PRE_CONFIRMATION,0.058000237219784,0.7270331259104379
2026-09-08,2026-09-07,119,1104,1104.TW,環泥,TWSE,水泥工業,27.5,0.0318949491045659,0.0318949491045659,0.0060721234484837,-0.0112225416895472,-0.0565578235740447,0.0239212118284244,0.2266668836806659,0.0440378784987624,-0.0148975647242943,0.2067078592276496,0.1641661443543101,32264229.20103035,0.6405921399532585,EARLY,PRE_CONFIRMATION,0.0249720527748085,0.6421273936593551
2026-09-08,2026-09-07,122,2348,2348.TW,海悅,TWSE,其他業,71.19999694824219,0.008498562140069,0.0014064483300586,0.1048889153038463,-0.0427720602787091,-0.03400785492331,0.0081469500575543,0.0068026151687886,0.0565350178004397,-0.031767997282924,-0.0487175589918003,0.0001692318693158,21471317.810731124,0.6304091997939676,EARLY,PRE_CONFIRMATION,0.0043021036440047,0.647515626105768
2026-09-08,2026-09-07,124,5269,5269.TW,祥碩,TWSE,半導體業,1440.0,0.0105263157894737,0.0285714285714284,0.080630180728868,-0.0311473674675419,0.0366853275584595,0.0033834586466165,0.0816326530612244,0.1077271107888806,-0.0555555555555555,0.163422193657664,0.0216506457748212,682797869.25,0.6205736806105695,EARLY,PRE_CONFIRMATION,0.0076976906927921,0.64373114625171
2026-09-08,2026-09-07,1,6426,6426.TW,統新,TWSE,通信網路業,296.0,0.13620371552642085,0.3634444905751695,0.5325538571996942,0.31008206257174087,0.420076961606616,0.045342592882628485,0.42250712346154023,0.20246909738221883,-0.053278672348037626,2.6029112878556044,0.7584262894251705,586195067.025,0.8487024807305429,CONFIRMED,PERSISTENT,0.18952292867565723,0.8408276745408075
2026-09-08,2026-09-07,2,6510,6510.TWO,精測,TPEX,半導體業,3470.0,0.2196836555360282,0.2196836555360282,-0.03359699261023774,0.1663212275325996,-0.06767920317374765,0.16476274165202115,0.31017369727047145,0.19843388426739328,-0.12374581939799334,1.5472997601847074,0.34338939601506024,2130230313.5,0.8483621290260337,CONFIRMED,CONFIRMING,0.19459505981581882,0.8444182548253637
2026-09-08,2026-09-07,3,3094,3094.TW,聯傑,TWSE,半導體業,44.79999923706055,0.10617282066816158,0.21244921006861195,0.40263557950519924,0.15908678206518334,0.44490179877851244,0.053060518151008595,0.3876543916883649,0.16235571622012165,-0.07860822930499656,1.5308386305753565,0.5072619012820102,203590692.4271635,0.8444914752554952,CONFIRMED,PERSISTENT,0.14556029836117168,0.8348110497176443
2026-09-08,2026-09-07,4,2454,2454.TW,聯發科,TWSE,半導體業,4760.0,0.21273885350318467,0.202020202020202,0.14555991066764817,0.14865777401677338,0.07540222098778937,0.16223380299813417,0.34334763948497854,0.17076271057217032,-0.12426035502958577,1.4492477802789663,0.40619617280319253,33080538844.0,0.8419879758748857,CONFIRMED,PERSISTENT,0.17436624930611244,0.8390354983325935
2026-09-08,2026-09-07,5,6218,6218.TWO,豪勉,TPEX,通信網路業,44.54999923706055,0.09999998116198872,0.23407205318850588,0.4009434058457717,0.18070962518507727,0.31301145797444807,0.041481967864862246,0.5014834296213672,0.11817424455826589,-0.029850729272901222,1.7368612378690977,0.9933065910449811,61917494.98467179,0.8418328494557507,CONFIRMED,PERSISTENT,0.1311412879372118,0.827636315385185
2026-09-08,2026-09-07,6,7795,7795.TW,長廣,TWSE,電子零組件業,536.0,0.055118110236220375,0.17286652078774623,0.42933333333333334,0.11950409278431762,0.4346299439833776,0.011901480039283818,0.16155419222903886,0.24269641607096176,-0.15689655172413797,1.1050420819300506,0.11507096635964767,705828162.1,0.8410778404634809,CONFIRMED,CONFIRMING,-0.0017692522581246317,0.8237684074253468
2026-09-08,2026-09-07,7,6672,6672.TW,騰輝電子-KY,TWSE,電子零組件業,299.5,0.08909090909090911,0.1908548707753479,0.35520361990950233,0.1374924427719193,0.306011677004455,0.04137719139707213,0.26666666666666666,0.17452970977896332,-0.10069444444444442,1.2905808077493286,0.2916101348659548,1400955054.225,0.840894755646,CONFIRMED,PERSISTENT,0.0844573187290667,0.8372036937284962
2026-09-08,2026-09-07,8,6271,6271.TW,同欣電,TWSE,半導體業,232.5,0.09669811320754707,0.18020304568527923,-0.02515723270440251,0.12684061768185062,-0.025370056016622344,0.05164735178622726,0.3242009132420091,0.16183392435228028,-0.0670995670995671,1.206982069194963,0.3609996619311162,1091327369.1,0.8403651077707232,CONFIRMED,CONFIRMING,0.12359550561797739,0.838681612784603
2026-09-08,2026-09-07,9,8064,8064.TWO,東捷,TPEX,光電業,122.5,0.2250000000000001,0.21287128712871284,-0.08250271083731497,0.15950885912528423,-0.16895355552996572,0.17178217821782188,0.3901997018581663,0.173891661744384,-0.08151657321441796,1.4050724711353793,0.4776670251957636,422643837.8024734,0.8366946580299054,CONFIRMED,CONFIRMING,0.18672802569823999,0.8214527239210039
2026-09-08,2026-09-07,10,3624,3624.TWO,光頡,TPEX,電子零組件業,96.9000015258789,0.0973952228413868,0.17883217911665716,-0.17199101613612888,0.12546975111322856,-0.20857081260258903,0.052687178062222506,0.2300471243676644,0.20000593590948054,-0.10830699881836636,0.9424481806170898,0.20569303787468232,680108600.2702343,0.8359055720317755,CONFIRMED,CONFIRMING,0.08735904572699416,0.8310942854932771
2026-09-08,2026-09-07,11,6870,6870.TWO,騰雲,TPEX,數位雲端,301.5,0.1964285714285714,0.18700787401574792,0.11293439359785884,0.1336454460123193,0.019845573461318322,0.14967660292463442,0.45023696682464454,0.1314553654830527,-0.052631578947368474,1.2751648151566806,0.6405052974428073,19222382.975,0.8357111277614392,CONFIRMED,PERSISTENT,0.1288963774220726,0.8137671429965663
2026-09-08,2026-09-07,12,6488,6488.TWO,環球晶,TPEX,半導體業,971.0,0.06469298245614041,0.13700234192037475,0.1281876502215369,0.08363991391694614,0.14334656175359428,0.030442396976046726,0.1442663378545006,0.23779623756719825,-0.13962264150943393,0.7773447276590851,0.08311664788538675,9586514926.45,0.830528271904667,CONFIRMED,CONFIRMING,-0.000771803447388697,0.8193867326752995
2026-09-08,2026-09-07,13,3354,3354.TWO,律勝,TPEX,電子零組件業,26.399999618530273,0.11627907164299978,0.2601431339912821,-0.04000001387162644,0.20678070598785347,-0.10617949061887166,0.051243288145179255,0.35973572595731546,0.2230791000958469,-0.07869479067562024,1.784662649972314,0.4195049160542463,12623296.493795205,0.8269887239834058,CONFIRMED,CONFIRMING,0.18412198435145144,0.7987191364240487
2026-09-08,2026-09-07,14,7744,7744.TWO,崴寶,TPEX,電子零組件業,561.0,0.11530815109343928,0.19999999999999996,0.13793103448275867,0.14663757199657135,0.022961851596722482,0.06530815109343929,0.3090909090909091,0.15744629922691192,-0.03518518518518521,1.4493440377536315,0.39263026264649964,75761147.65,0.8265663653031163,CONFIRMED,PERSISTENT,0.12127117373707086,0.8139132222573205
2026-09-08,2026-09-07,15,1569,1569.TWO,濱川,TPEX,電腦及週邊設備業,50.20000076293945,0.09606990391210535,0.17289723499507081,0.03398561383744325,0.1195348069916422,-0.04106778478697781,0.052845595163337644,0.3663367645470292,0.12537726647829733,-0.05219206514324071,1.2203801099090785,0.5051841968351214,23444460.360640336,0.8252681578080192,CONFIRMED,CONFIRMING,0.11878763325978037,0.8049477360314176
2026-09-08,2026-09-07,16,2303,2303.TW,聯電,TWSE,半導體業,143.0,0.10852713178294571,0.16260162601626016,0.08949328405396018,0.10923919801283155,0.06678016231912487,0.06787672527888067,0.2898550724637681,0.1799515265158134,-0.07228915662650603,1.0309206775550346,0.2619088984917721,18921672191.8,0.8241293489343499,CONFIRMED,CONFIRMING,0.15067390867028752,0.8193456259483104
2026-09-08,2026-09-07,17,6133,6133.TW,金橋,TWSE,電子零組件業,24.799999237060547,0.07127428275245151,0.14549652074054453,0.042016808069591516,0.09213409273711592,-0.006688770871103866,0.03490015256731538,0.5779812981933392,0.07230693672357093,-0.03695653832477075,1.0650286896928958,1.1630179862511119,18669878.570112895,0.8239387273868292,CONFIRMED,CONFIRMING,0.08605208229493955,0.8060859797888881
2026-09-08,2026-09-07,18,2883,2883.TW,凱基金,TWSE,金融保險業,36.95000076293945,0.09158057396039077,0.1900161568711669,0.39306746860420305,0.1366537288677383,0.28120871497833244,0.04407653474259904,0.6082477713509067,0.07367134142229002,-0.039494471250108854,1.3074439582867154,1.5688176936409437,1501799101.7019663,0.8239138896959303,CONFIRMED,PERSISTENT,0.130315099127166,0.8214500516817872
2026-09-08,2026-09-07,19,3714,3714.TW,富采,TWSE,光電業,67.19999694824219,0.09090906839021629,0.13898299912274892,0.05874857251966703,0.08562057111932031,-0.023044089867451767,0.056163318609529056,0.2515337193589622,0.16082845101773233,-0.07537688345882754,0.9163856083571076,0.21736770127291705,782940451.0015428,0.8230808754545023,CONFIRMED,CONFIRMING,0.11795037629059846,0.821977713369964
2026-09-08,2026-09-07,20,6147,6147.TWO,頎邦,TPEX,半導體業,191.0,0.0883190883190883,0.24025974025974017,-0.1366961332017783,0.18689731225631157,-0.22767474077493322,0.028254153254153258,0.2890625,0.19815965265986196,-0.07121661721068251,1.565804373514525,0.3504753880853897,5609599210.5,0.8214609078161261,CONFIRMED,CONFIRMING,0.11078801977318986,0.8141652720538763
2026-09-08,2026-09-07,21,5274,5274.TWO,信驊,TPEX,半導體業,19215.0,0.196078431372549,0.16172914147521156,0.15120561420556045,0.10836671347178295,0.10967795795706103,0.1556461460037461,0.2779220779220779,0.17212830632567666,-0.14556246466930467,1.1633718653119711,0.2611313619405522,5002533882.5,0.8208192987202465,CONFIRMED,PERSISTENT,0.15551145589031212,0.816467189449748
2026-09-08,2026-09-07,22,6683,6683.TWO,雍智科技,TPEX,半導體業,1410.0,0.165289256198347,0.14634146341463405,-0.01926185502655975,0.09297903541120545,-0.07725434327645853,0.1287038903446885,0.16071428571428573,0.24601173610279964,-0.2329749103942652,0.7642878708097116,0.09560179581529542,975299903.5,0.8151284177549726,CONFIRMED,CONFIRMING,0.1181601903251388,0.811885644598101
2026-09-08,2026-09-07,23,2884,2884.TW,玉山金,TWSE,金融保險業,43.54999923706055,0.09559746508328426,0.15211640518665637,0.3215365488597255,0.09875397718322776,0.24425849437512648,0.05756836378662017,0.5609756097560976,0.08252308868261604,-0.027777758154849064,1.094164682818848,1.0340571895179944,1812451719.126946,0.8144149774784227,CONFIRMED,PERSISTENT,0.11495133626545129,0.8106045811367546
2026-09-08,2026-09-07,24,6885,6885.TW,全福生技,TWSE,生技醫療業,25.149999618530273,0.08874455425139338,0.22384430911189201,0.09110631023767146,0.1704818811084634,-0.0009381140484594486,0.03278347697342038,0.4742265264038814,0.14213770427923045,-0.05487806343639867,1.6986581536783587,0.7468314597010176,10963217.724150563,0.8135444785922741,CONFIRMED,CONFIRMING,0.14735399320228604,0.7825359858148548
2026-09-08,2026-09-07,25,3055,3055.TW,蔚華科,TWSE,電子通路業,134.5,0.11618257261410792,0.18502202643171817,0.688698092401254,0.13165959842828956,0.600396077331788,0.06992706600617837,0.20388349514563106,0.24128023116577738,-0.08438818565400841,1.1283009891279883,0.1563449158083224,357581861.25,0.8092371614915521,CONFIRMED,CONFIRMING,0.11364106810184227,0.8012748597515091
2026-09-08,2026-09-07,26,5443,5443.TWO,均豪,TPEX,半導體業,120.0,0.06194690265486735,0.14832535885167464,0.20189529219011515,0.09496293084824603,0.12303540184048933,0.024865562941948693,0.31313131313131315,0.1341246469488569,-0.10572687224669608,1.0143026968886968,0.3462847093689514,285536416.125,0.8091828497667026,CONFIRMED,PERSISTENT,0.10726643598615926,0.8006935597697148
2026-09-08,2026-09-07,27,6272,6272.TW,驊陞,TWSE,電子零組件業,29.700000762939453,0.13575530386981716,0.1832669446836228,-0.10634817550185927,0.1299045166801942,-0.19932769617384682,0.08993856769891145,0.3511451593153403,0.1703613810754634,-0.08565735401811103,1.2419777843862685,0.3777458252681129,12768302.187827777,0.8073470239202346,CONFIRMED,CONFIRMING,0.18562877748542217,0.7808288198342155
2026-09-08,2026-09-07,28,6654,6654.TWO,天正國際,TPEX,其他電子業,215.0,0.10824742268041243,0.225071225071225,0.25364431486880457,0.1717087970677964,0.186783462107045,0.05197961641260618,0.3172690763052209,0.20109757728832128,-0.10220994475138123,1.4577553652864501,0.35509199386749174,11753010.175,0.8068576769330575,CONFIRMED,CONFIRMING,0.18343195266272172,0.7790441279616405
2026-09-08,2026-09-07,29,2617,2617.TW,台航,TWSE,航運業,32.900001525878906,0.06300486962425045,0.12286697551393932,0.15438601845189148,0.06950454751051072,0.07318716714896523,0.03228812574576562,0.42352987111254126,0.07837080450701871,-0.04395603145250793,0.9333825779398353,0.6639951526686969,74402887.43958178,0.8015437221292797,CONFIRMED,PERSISTENT,0.06887593572514006,0.790493863356966
2026-09-08,2026-09-07,30,2492,2492.TW,華新科,TWSE,電子零組件業,323.0,0.0949152542372882,0.18098720292504566,-0.2060763893316635,0.12762477492161706,-0.3190387226217374,0.04966845350602678,0.16045380875202594,0.28143640170647655,-0.16271721958925756,0.8304207335560161,0.10318525204492444,9982224880.25,0.8014600520334674,CONFIRMED,CONFIRMING,0.11340916925198208,0.7951453119135931
2026-09-08,2026-09-07,31,3491,3491.TWO,昇達科,TPEX,通信網路業,1510.0,0.09420289855072461,0.22267206477732793,-0.1018106728091499,0.16930963677389932,-0.19326290201781748,0.03853488235639263,0.26570048309178745,0.20041665766596445,-0.10909090909090913,1.4569327600255182,0.2952053779930354,2217253446.5,0.8008108860745444,CONFIRMED,CONFIRMING,0.10825688073394502,0.7947329806772031
2026-09-08,2026-09-07,32,2413,2413.TW,環科,TWSE,電子零組件業,48.349998474121094,0.11921290787568073,0.09048636903008389,-0.2008445611624311,0.03712394102665528,-0.24621924496551595,0.09659131561815976,0.2263723954813253,0.139535955935848,-0.07910490562727623,0.4353674465919387,0.14679812080238794,58894770.66589012,0.799916327855428,CONFIRMED,CONFIRMING,0.10256500168068428,0.7948992963182807
2026-09-08,2026-09-07,33,6291,6291.TWO,沛亨,TPEX,半導體業,442.5,0.09259259259259256,0.15384615384615374,-0.17444029850746268,0.10048372584272514,-0.20285923350579982,0.054131054131054124,0.213768115942029,0.18658703799782259,-0.09068322981366461,0.9024761337487894,0.1762577015291041,445014712.175,0.799181349572967,CONFIRMED,CONFIRMING,0.10013052396046973,0.7937341767874672
2026-09-08,2026-09-07,34,3023,3023.TW,信邦,TWSE,電子零組件業,339.5,0.08640000000000003,0.07949125596184414,0.11631439129468846,0.026128827958415535,0.041262105827039264,0.066527186009539,0.26595744680851063,0.089452942789083,-0.03610675039246469,0.5687841853056685,0.23633980973730456,302494419.85,0.799027559706832,CONFIRMED,PERSISTENT,0.0622653316645807,0.8047812898278791
2026-09-08,2026-09-07,35,8147,8147.TWO,正淩,TPEX,電子零組件業,142.0,0.08396946564885499,0.12698412698412698,-0.004681768312469248,0.07362169898069837,-0.09459242185388517,0.052223433902823246,0.2807017543859649,0.12921476437460264,-0.08461538461538465,0.7804066903629656,0.2758559936717309,26557715.675,0.797371155850212,CONFIRMED,CONFIRMING,0.13215068766194937,0.7756248562635878
2026-09-08,2026-09-07,36,8996,8996.TW,高力,TWSE,電機機械,1240.0,0.05531914893617018,0.15348837209302335,0.08296943231441056,0.10012594408959474,-0.009079329199579655,0.016947055912914344,0.14163090128755365,0.26713347451102276,-0.15175097276264593,1.006013178946322,0.08137765780378561,4586442434.75,0.7958281935612281,CONFIRMED,CONFIRMING,0.032472939217318864,0.7838992589609874
2026-09-08,2026-09-07,37,7717,7717.TWO,萊德光電-KY,TPEX,通信網路業,494.0,0.15690866510538637,0.13043478260869557,-0.16281457953074063,0.07707235460526696,-0.26660145590415796,0.12429996945321248,0.2,0.20226261006904658,-0.1167048054919908,0.6976428536105752,0.12897567431189474,94504083.1,0.7955144541149206,CONFIRMED,CONFIRMING,0.1690924150988049,0.779120043187044
2026-09-08,2026-09-07,38,2889,2889.TW,國票金,TWSE,金融保險業,16.450000762939453,0.07451055291294861,0.11651088293944056,0.142562852106227,0.06314845493601196,0.049585523134349385,0.04538283217808847,0.4832326457151586,0.06127681663196514,-0.018518483309132527,0.5986025908599638,0.9188118004822243,234856401.17503625,0.7938638586757263,CONFIRMED,PERSISTENT,0.07284181969615822,0.7886560780557711
2026-09-08,2026-09-07,39,2887,2887.TW,台新新光金,TWSE,金融保險業,41.099998474121094,0.06614784144039798,0.14484670549369505,0.4152007631544814,0.09148427749026644,0.3897774916208814,0.02993616506697422,0.42622909812460796,0.0887785644598596,-0.047682098994981326,0.9054397541567765,0.6954142706014643,2397720228.0805197,0.7934949193016025,CONFIRMED,PERSISTENT,0.08321797835011391,0.7923995457935088
2026-09-08,2026-09-07,40,3680,3680.TWO,家登,TPEX,半導體業,529.0,0.0730223123732252,0.18609865470852016,0.05168986083499005,0.13273622670509155,0.0052847058881395625,0.026497648696095166,0.37727272727272726,0.13991455582494258,-0.05535055350553508,1.3320168075016254,0.5018058813803034,616935447.475,0.7931090019483229,CONFIRMED,PERSISTENT,0.09122788922696112,0.7849520762118182
2026-09-08,2026-09-07,41,4576,4576.TW,大銀微系統,TWSE,電機機械,247.0,0.14087759815242484,0.09050772626931569,0.22717464568625623,0.03714529826588708,0.16472442505025775,0.11825066658509592,0.1607843137254902,0.1610419293518182,-0.13215859030837007,0.5517739577554385,0.09036294282885246,669490219.625,0.7928829507145267,CONFIRMED,PERSISTENT,0.12798264642082424,0.7965465394942236
2026-09-08,2026-09-07,42,6204,6204.TWO,艾華,TPEX,電子零組件業,91.0999984741211,0.08452379135858434,0.12608154209959244,-0.1680365436153325,0.07271911409616383,-0.22917959435832613,0.053003405833686235,0.19691118440044728,0.18077242367117713,-0.08604652937068491,0.7211027348256213,0.13733768282614484,25536123.23164749,0.7918692795014497,CONFIRMED,CONFIRMING,0.06580869814707335,0.7762119029833231
2026-09-08,2026-09-07,43,6505,6505.TW,台塑化,TWSE,油電燃氣業,79.69999694824219,0.0843536999760841,0.15507241953974193,0.5437757566877335,0.10170999153631333,0.48902549478839274,0.04558559509114862,0.2899729848979253,0.13334474077422714,-0.07783642860608153,0.987243991178046,0.3372222414487119,1584907636.9059124,0.7911955434117565,CONFIRMED,PERSISTENT,0.08976546838367039,0.7840773528621023
2026-09-08,2026-09-07,44,7703,7703.TWO,銳澤,TPEX,其他電子業,200.0,0.11731843575418988,0.08108108108108114,0.01781170483460559,0.027718653077652533,-0.006668706268194047,0.09704816548391959,0.2631578947368421,0.09863159586119508,-0.043243243243243246,0.5274471943562906,0.2163315559682558,14888854.8,0.7898959832099778,CONFIRMED,CONFIRMING,0.10208017633282829,0.7795240405814325
2026-09-08,2026-09-07,45,2464,2464.TW,盟立,TWSE,其他電子業,203.0,0.1306666304050368,0.1306666304050368,0.3659059652984651,0.07730420240160818,0.3364407460529617,0.09799997280377759,0.14031956472375773,0.2430167008583827,-0.14691941753520776,0.7734886844010151,0.07544783810162746,3631177451.875,0.7891865584629115,CONFIRMED,PERSISTENT,0.0558353245178409,0.7899791203853234
2026-09-08,2026-09-07,46,2855,2855.TW,統一證,TWSE,金融保險業,52.0,0.049445021204097106,0.13413308027371307,0.07325221492556877,0.08077065227028446,-0.03198063090770065,0.01591175113566884,0.48616577667180116,0.06648941887838591,-0.0347368742290296,0.9232349750942117,0.9807712903601453,180949555.7958355,0.787635778790084,CONFIRMED,CONFIRMING,0.08322050389024227,0.7767910450302344
2026-09-08,2026-09-07,47,2801,2801.TW,彰銀,TWSE,金融保險業,26.5,0.05367794838752449,0.14224134174737135,0.2423047536359657,0.08887891374394274,0.15940214070747394,0.01811761295068165,0.6874994039539312,0.057630641934915995,-0.014522837175506398,1.0181277460383416,1.6968549088757912,481627751.931128,0.7859057113868297,CONFIRMED,PERSISTENT,0.08086060472337397,0.7745796616856372
2026-09-08,2026-09-07,48,5464,5464.TWO,霖宏,TPEX,電子零組件業,76.4000015258789,0.07909602023642925,0.23824960423289188,0.06406682839282252,0.18488717622946327,-0.003808643781266108,0.019533619178206285,0.33485191286189764,0.20302203764074042,-0.09139074868713781,1.5909663304553798,0.3929540686471999,35632623.146411516,0.7838560329103545,CONFIRMED,CONFIRMING,0.07871517031240516,0.7503547823465544
2026-09-08,2026-09-07,49,5243,5243.TW,乙盛-KY,TWSE,光電業,95.4000015258789,0.05647838650900039,0.0755355671719613,-0.14054052679388374,0.022173139168532696,-0.22556573679789782,0.03759449471601006,0.19764024413161177,0.11028896445953083,-0.06461862685933151,0.39328674981251643,0.1353613936774622,89878835.6477623,0.7838109485231022,CONFIRMED,CONFIRMING,0.056185998529420855,0.7817389934431678
2026-09-08,2026-09-07,50,4760,4760.TWO,勤凱,TPEX,其他電子業,272.5,0.06487171822677285,0.13441435773662147,-0.26180211526868435,0.08105192973319286,-0.3342979016021056,0.03126812879261748,0.22325012995527344,0.16936174227079814,-0.13074197893164163,0.7348609944706793,0.17718300739121193,115623053.49538955,0.7827833835940344,CONFIRMED,CONFIRMING,0.06433965061109981,0.7699213568695299
2026-09-08,2026-09-07,51,2409,2409.TW,友達,TWSE,光電業,28.700000762939453,0.07692312096634235,0.06296299121997984,0.2422878305615006,0.009600563216551228,0.16427107210021297,0.06118237316134739,0.17346947911083294,0.11767158988785162,-0.07339449541284404,0.2783363213708754,0.09281898290487405,4724610579.21937,0.7819454874079268,CONFIRMED,CONFIRMING,0.09531536720464961,0.794446436761772
2026-09-08,2026-09-07,52,6292,6292.TWO,迅德,TPEX,電子零組件業,65.80000305175781,0.057877849592621544,0.09302329265526943,0.11717565973242317,0.03966086465184082,0.05072477131134323,0.03462202642880419,0.23333331743876898,0.13143445928318037,-0.09502266609007015,0.5922815914409327,0.16514263909715132,23685951.207341194,0.7817303284703907,CONFIRMED,PERSISTENT,0.04785417265627134,0.7659725787722464
2026-09-08,2026-09-07,53,2436,2436.TW,偉詮電,TWSE,半導體業,71.69999694824219,0.09132420515524142,0.06379815022277491,0.08727720063775224,0.0104357222193463,0.0373151295277232,0.0753746675995477,0.14478096833699006,0.14766397742562262,-0.1165729744117383,0.3566198254141917,0.06255254753661639,362494596.44656104,0.7817035637371929,CONFIRMED,PERSISTENT,0.08259093849899846,0.7906715089014814
2026-09-08,2026-09-07,54,4526,4526.TW,東台,TWSE,電機機械,32.349998474121094,0.06065568767610152,0.06414470000197636,-0.13483364665384,0.010782271998547754,-0.2415513826773109,0.04461951267560743,0.2516126936358314,0.0773813478960693,-0.07668233816699443,0.2972210563955615,0.20857249439020725,67410596.30004911,0.7815366851468735,CONFIRMED,CONFIRMING,0.05434689463966502,0.7811439626480398
2026-09-08,2026-09-07,55,3591,3591.TW,艾笛森,TWSE,光電業,23.600000381469727,0.058296017438812076,0.08755758302899252,0.03736265413053741,0.03419515502556392,-0.038502610006381666,0.036406621681563944,0.25675658608466095,0.1255083136241477,-0.05990788473286135,0.5455011906357536,0.17911949778618527,23328844.46502628,0.7800376860614322,CONFIRMED,CONFIRMING,0.08381171870259685,0.7678359317071917
2026-09-08,2026-09-07,56,5607,5607.TW,遠雄港,TWSE,航運業,55.20000076293945,0.06976748828052526,0.11854108347918335,0.09144068656978055,0.06517865547575474,-0.007432891771042893,0.04013221741072942,0.2752942747756554,0.11602172419515555,-0.07871201083674251,0.8828842199347098,0.28127216548368456,78342484.09708118,0.775118331792719,CONFIRMED,CONFIRMING,0.02956263736294229,0.7647992300700358
2026-09-08,2026-09-07,57,6830,6830.TW,汎銓,TWSE,其他電子業,582.0,0.11923076923076925,0.3710247349823321,0.1710261569416498,0.3176623069789035,0.03329845993344693,0.02647458548518622,0.40229885057471265,0.22681477658612506,-0.06292906178489699,2.492498865983021,0.6580824524080432,1345747569.6,0.774645056431822,CONFIRMED,PERSISTENT,0.18708887869053092,0.7644076766381017
2026-09-08,2026-09-07,58,2305,2305.TW,全友,TWSE,電腦及週邊設備業,33.400001525878906,0.11148094422201571,0.1497419071622157,0.33067733140501154,0.09637947915878708,0.3649081983001894,0.07404546743146179,0.19727902219185073,0.21376842901183313,-0.14893614895874996,0.8189392457088316,0.1381912996351279,177582539.69149715,0.7741838308507129,CONFIRMED,CONFIRMING,0.15421171960097158,0.7454488274123726
2026-09-08,2026-09-07,59,2845,2845.TW,遠東銀,TWSE,金融保險業,13.75,0.07152080622094936,0.10004045253739346,0.11702951862562916,0.04667802453396486,0.02892374045756485,0.046510693086600996,0.5937774823184819,0.06115549003249932,-0.01831500781473261,0.399305371995351,0.9713235558424554,213050399.8095706,0.7730106524713463,CONFIRMED,PERSISTENT,0.06437500981846722,0.7646544140928582
2026-09-08,2026-09-07,60,6005,6005.TW,群益證,TWSE,金融保險業,32.70000076293945,0.054838734288369384,0.10903641654345098,-0.03883507664665797,0.05567398854002237,-0.11806682029903526,0.02757963015250664,0.493472650594826,0.054657843623826786,-0.022653684926618567,0.6112366658799977,0.9844239347123205,184484396.7618805,0.7713314734206576,CONFIRMED,CONFIRMING,0.053055332185271586,0.7634832233058311
2026-09-08,2026-09-07,61,8040,8040.TWO,九暘,TPEX,半導體業,82.5,0.2026239334556632,0.08552631578947367,-0.13340333356467282,0.032163887786045064,-0.2418763476524476,0.1812423545082948,0.13513507511857278,0.22058082399464637,-0.09891440804228357,0.37674129913604454,0.05239623689639409,63250379.572667316,0.770249188314988,CONFIRMED,CONFIRMING,0.12604928843021446,0.7585963283962165
2026-09-08,2026-09-07,62,1721,1721.TW,國慶科技,TWSE,化學工業,22.399999618530273,0.09002435280549181,0.10344829854160165,-0.03030306283029227,0.05008587053817304,-0.10564821857632656,0.0641622781700914,0.28767124003508476,0.12238981512583912,-0.051724102291768714,0.5485534670734854,0.2431501370468155,12148064.793120861,0.7692486638742849,CONFIRMED,CONFIRMING,0.11373522031225725,0.7418639386805779
2026-09-08,2026-09-07,63,2419,2419.TW,仲琦,TWSE,通信網路業,26.950000762939453,0.07370519336069425,0.0801603181900814,-0.0642360598308791,0.026797890186652795,-0.15449092102989337,0.053665113813173904,0.2469135104765215,0.11800622047059936,-0.04572563164903454,0.4924599591320445,0.16772561214397338,34567147.46184063,0.7686130300515434,CONFIRMED,CONFIRMING,0.06469138816550934,0.7606767031493611
2026-09-08,2026-09-07,64,6263,6263.TWO,普萊德,TPEX,通信網路業,170.5,0.03963414634146334,0.05900621118012417,0.0757097791798107,0.00564378317669556,-0.0038499094964759006,0.024882593546432297,0.30158730158730157,0.06008657092911412,-0.020231213872832332,0.36254717975019235,0.2961647458247869,21232859.0,0.768232613394619,CONFIRMED,CONFIRMING,0.034587378640776656,0.7652274111938746
2026-09-08,2026-09-07,65,7799,7799.TW,禾榮科,TWSE,生技醫療業,395.0,0.0748299319727892,0.1033519553072626,0.14161849710982666,0.04998952730383399,0.08406833817513504,0.04899194314597355,0.185,0.17067842479916728,-0.08213820078226863,0.6867278158339271,0.1120241867379647,101368295.45,0.7682120969317806,CONFIRMED,CONFIRMING,0.08345333607625327,0.7489726727336165
2026-09-08,2026-09-07,66,7828,7828.TWO,創新服務,TPEX,半導體業,1870.0,0.059490084985835745,0.1299093655589123,-0.02604166666666663,0.0765469375554837,-0.05210589001502619,0.02701274359610767,0.15302491103202848,0.2310105995749658,-0.18933333333333335,0.741005967029489,0.08605392628500891,363186503.0,0.7677878239745406,CONFIRMED,CONFIRMING,0.09420713867758934,0.7541325895086819
2026-09-08,2026-09-07,67,2449,2449.TW,京元電子,TWSE,半導體業,273.0,0.0622568093385214,0.09859154929577474,0.020371118329284288,0.04522912129234613,-0.03891373640871021,0.03760892201457772,0.16498316498316498,0.1761669146254514,-0.10424710424710426,0.6205769666500156,0.09233258059831317,5648454242.425,0.7667606688499321,CONFIRMED,CONFIRMING,0.08451683384645947,0.7680374528989274
2026-09-08,2026-09-07,68,4770,4770.TW,上品,TWSE,化學工業,239.0,0.12470588235294122,0.08144796380090491,0.11943793911007017,0.028085535797476302,0.020023802461348383,0.104343891402715,0.225,0.10615986401513887,-0.0803571428571429,0.5648812056978403,0.17262448501808805,97921393.225,0.7647226586636938,CONFIRMED,CONFIRMING,0.1032890940565494,0.7485590763421865
2026-09-08,2026-09-07,69,8021,8021.TW,尖點,TWSE,其他電子業,462.0,0.06206896551724128,0.06329113924050622,-0.11134747751456975,0.009928711237077614,-0.2829800468471999,0.046246180707114726,0.0912106135986733,0.20247925154819166,-0.11503416856492032,0.27419676357324546,0.028510692336847485,2627594311.9,0.7640596375212213,CONFIRMED,CONFIRMING,0.0881469704999116,0.7758929909179965
2026-09-08,2026-09-07,70,5876,5876.TW,上海商銀,TWSE,金融保險業,46.95000076293945,0.09440557326361487,0.0830450384206467,0.16064777019446486,0.02968261041721809,0.07766632404953722,0.0736443136584532,0.38297906014764505,0.05943458225276341,-0.028312569802909304,0.5867047482147376,0.5351179323345138,348237243.4654306,0.7639718662682791,CONFIRMED,PERSISTENT,0.07204020278911472,0.7521332946544499
2026-09-08,2026-09-07,71,2892,2892.TW,第一金,TWSE,金融保險業,37.29999923706055,0.05665722502056747,0.10846946643894118,0.2497100020040408,0.05510703843551257,0.16718210021714786,0.029539858410832176,0.4899320267796567,0.060204037755242475,-0.028231819312365958,0.41247723957415944,0.8827093251151718,1385329074.506026,0.7633102959365552,CONFIRMED,PERSISTENT,0.08524873884965478,0.7557915426461076
2026-09-08,2026-09-07,72,2542,2542.TW,興富發,TWSE,建材營造業,48.0,0.028938873096760576,0.08229992449737589,0.06785315206435372,0.02893749649394728,-0.03836419271437164,0.008363891972416604,0.34272309886619334,0.06214809220699917,-0.04405733083595731,0.5844852054079939,0.45385279191269867,405911299.60761297,0.7630610383892511,CONFIRMED,CONFIRMING,0.01265822377322312,0.7563764377611017
2026-09-08,2026-09-07,73,6122,6122.TWO,擎邦,TPEX,電機機械,51.5,0.07291666666666674,0.08193280779198431,0.19037651683462364,0.0285703797885557,0.10002639113605016,0.052433464718670664,0.3786405321904562,0.07830337332937105,-0.021008404034795758,0.6015201921429206,0.39619087437933853,15437109.670792008,0.7615181719191794,CONFIRMED,PERSISTENT,0.0626225035629322,0.7479255818907272
2026-09-08,2026-09-07,74,2465,2465.TW,麗臺,TWSE,電腦及週邊設備業,102.5,0.09042553191489366,0.09508548793769056,0.33986928104575154,0.04172305993426195,0.2536624784752264,0.06665415993047102,0.10385067252186418,0.25871314428635067,-0.1819047473725819,0.6159915124676336,0.03816849699166887,540858446.4635128,0.7615012766389944,CONFIRMED,PERSISTENT,0.09292530966324208,0.7620864660990224
2026-09-08,2026-09-07,75,2481,2481.TW,強茂,TWSE,半導體業,158.0,0.04635761589403975,0.14909090909090916,0.08965517241379306,0.09572848108748055,0.0564860440876529,0.009084888621312459,0.21693121693121692,0.1765714989555252,-0.07958477508650519,0.8912118636842022,0.18316926873129605,4890848549.575,0.7612640695675308,CONFIRMED,CONFIRMING,0.08909184904359813,0.7484022753378456
2026-09-08,2026-09-07,76,2897,2897.TW,王道銀行,TWSE,金融保險業,10.75,0.03864730471376787,0.059113340297505035,0.07715435802426196,0.005750912294076427,-0.01964426942093178,0.023868969639391613,0.4285724017100771,0.040923706577141894,-0.013761433374297583,0.4395044426448184,0.6190628450688145,51986920.027906515,0.7600500092665793,CONFIRMED,CONFIRMING,0.03839652162251417,0.7537228177574967
2026-09-08,2026-09-07,77,1595,1595.TWO,川寶,TPEX,半導體業,68.5,0.0703125,0.0942492279503484,-0.07055627087602223,0.040886799946919794,-0.18224590909401484,0.0467501930124129,0.19865327044177025,0.14192225203285755,-0.06164383561643838,0.45325992241110236,0.13192376178341592,25360029.8412138,0.7595938957347491,CONFIRMED,CONFIRMING,0.048522878922641954,0.7496496144098179
2026-09-08,2026-09-07,78,6217,6217.TWO,中探針,TPEX,電子零組件業,181.5,0.05217391304347818,0.10000000000000009,-0.2405857740585774,0.04663757199657148,-0.3007459958662464,0.02717391304347816,0.13147410358565736,0.22779973109179935,-0.13450292397660824,0.3396689378955714,0.05771477558622564,790027478.825,0.7592075560480572,CONFIRMED,CONFIRMING,0.07779097387173395,0.7582967317609252
2026-09-08,2026-09-07,79,6486,6486.TWO,互動,TPEX,通信網路業,82.4000015258789,0.05912594207818822,0.10160425353007385,0.08659513938724572,0.04824182552664524,-0.00485075664250445,0.03372487869566976,0.4367814831980139,0.10779382019306898,-0.023752969982046457,0.7438908690343542,0.4117013060359671,19190803.447447967,0.7577092874242239,CONFIRMED,CONFIRMING,0.07599897633809238,0.7390891131771067
2026-09-08,2026-09-07,80,1560,1560.TW,中砂,TWSE,電機機械,730.0,0.06881405563689613,0.061046511627907085,0.12713922190647664,0.007684083624478477,0.07341586634980235,0.05355242772991936,0.11864406779661017,0.15533394584748075,-0.08760107816711593,0.3814306026243153,0.04662732556500898,892515107.3,0.7577075241776311,CONFIRMED,PERSISTENT,0.03752131893121091,0.7614427213616538
2026-09-08,2026-09-07,81,3221,3221.TWO,台嘉碩,TPEX,通信網路業,51.20000076293945,0.07001049938653936,0.062240662915231226,-0.1481857006887678,0.008878234911802618,-0.23930556251049384,0.05445033365773155,0.12096776426397095,0.14261944559188128,-0.06335282745291171,0.2975385788220899,0.05279163586645978,131816382.91472797,0.7570028044464637,CONFIRMED,CONFIRMING,0.04703478859614574,0.7564216319802568
2026-09-08,2026-09-07,82,8111,8111.TWO,立碁,TPEX,光電業,73.5,0.07142859526049983,0.26288658138305854,0.3219424823223769,0.20952415337962993,0.2275256968791306,0.005706949914735193,0.30661317834808643,0.2198840489302851,-0.083769651807023,1.9319860369249175,0.36657725130611163,858156455.8759663,0.7530491019584036,CONFIRMED,PERSISTENT,0.1493354217235079,0.7268863307854879
2026-09-08,2026-09-07,83,6530,6530.TWO,創威,TPEX,通信網路業,94.0,0.06696937148769644,0.1393939393939394,-0.014139179507663635,0.0860315113905108,-0.08706960969129751,0.03212088663921159,0.1729324101876442,0.20361651212432427,-0.08685712541852675,0.8505471771686995,0.11838789326783995,200802670.75419196,0.750614512936412,CONFIRMED,CONFIRMING,0.075268816265883,0.7403901270198113
2026-09-08,2026-09-07,84,3169,3169.TWO,亞信,TPEX,半導體業,107.5,0.06965174129353224,0.043689320388349495,0.03355838702207259,-0.009673107615079113,-0.03851397325015049,0.05872941119644487,0.1327433867316028,0.12456088386341899,-0.05429864253393668,0.25313671760526973,0.04655930636066049,27941928.383387756,0.7353262213528412,EARLY,PRE_CONFIRMATION,0.04975342687994422,0.7286753583062393
2026-09-08,2026-09-07,85,4927,4927.TW,泰鼎-KY,TWSE,電子零組件業,43.0,0.06567538106794513,0.27218937782850494,-0.13131313131313127,0.21882694982507633,-0.2156510726857217,-0.0023719633891811087,0.3999999668287249,0.16435200397989316,-0.06657016752097122,1.8439859943150716,0.6624546063694673,156732338.787632,0.733032974760832,EARLY,UNKNOWN,0.16020237281840344,0.7001699741413624
2026-09-08,2026-09-07,86,1597,1597.TW,直得,TWSE,電機機械,152.0,0.09747292418772568,0.02545142276316059,0.015230901344941428,-0.027911005240268016,-0.032044188096658655,0.09111006849693554,0.04210905492600203,0.18750875272884454,-0.1288161229879703,-0.07609961218712419,0.0057156551013309706,420278388.525,0.7320648117524566,EARLY,PRE_CONFIRMATION,0.06619418553008316,0.760347367356176
2026-09-08,2026-09-07,87,6907,6907.TWO,雅特力-KY,TPEX,半導體業,199.5,0.0842391304347827,0.05277044854881274,0.4772564929232104,-0.0005919794546158652,0.38045786547801663,0.07104651829757952,0.08064516129032258,0.21200347487722634,-0.10026385224274403,0.119131911913196,0.020073639533720787,417123029.025,0.7317496271951549,EARLY,PRE_CONFIRMATION,0.0835030549898168,0.7318240772028273
2026-09-08,2026-09-07,88,6290,6290.TWO,良維,TPEX,電子零組件業,269.5,0.0631163708086786,0.25934579439252325,-0.08343323118324097,0.20598336638909465,-0.16477540015164627,-0.0017200777894522123,0.4007220216606498,0.17398973837950438,-0.05394990366088637,1.812008687239943,0.5973086229457848,1047127905.3,0.7309936877508173,EARLY,UNKNOWN,0.14328136599851526,0.70282780579722
2026-09-08,2026-09-07,89,2353,2353.TW,宏碁,TWSE,電腦及週邊設備業,32.29999923706055,0.02539680117652532,0.04193545926001763,-0.08946173804095015,-0.011426968743410981,-0.19119556309591235,0.014912936361520912,0.1354165010983142,0.08572119008716257,-0.05417956784321143,0.17642727808862782,0.06624678401184407,607753157.777802,0.7230080055264315,EARLY,PRE_CONFIRMATION,0.027844048912030184,0.7292084356935126
2026-09-08,2026-09-07,90,6526,6526.TW,達發,TWSE,半導體業,644.0,0.060955518945634335,0.027113237639553533,0.03780081707677874,-0.026249190363875075,-0.033808534605673346,0.05417720953574595,0.06827309236947791,0.134077198663348,-0.08771929824561409,0.07843355925358983,0.013806259350993368,299049172.85,0.7219884119139744,EARLY,PRE_CONFIRMATION,0.05539167486070129,0.7444331905194912
2026-09-08,2026-09-07,91,3518,3518.TW,柏騰,TWSE,其他電子業,29.75,0.04203155148886095,0.053097345132743445,0.07789853582660644,-0.0002650828706851627,0.013276031021961288,0.02875721520567509,0.12931031931311784,0.13272842655146092,-0.06739810796992507,0.22963571584926062,0.05172994837795209,25245378.64363146,0.7218594420353538,EARLY,PRE_CONFIRMATION,0.03262755850775356,0.7187641868412903
2026-09-08,2026-09-07,92,2330,2330.TW,台積電,TWSE,半導體業,2460.0,0.022869022869022926,0.03361344537815136,0.06493506493506485,-0.019748982625277245,-0.003465294111860473,0.014465661524485085,0.16666666666666666,0.052287045257193986,-0.03490759753593431,0.21854186024765215,0.1071439563815813,40650377322.25,0.7134461937221446,EARLY,PRE_CONFIRMATION,0.023613856236346598,0.723409061716236
2026-09-08,2026-09-07,93,7769,7769.TW,鴻勁,TWSE,半導體業,6565.0,0.12030716723549495,0.04538216560509545,-0.07787861163844656,-0.00798026239833316,-0.15441797859124318,0.10896162583422109,0.08571428571428572,0.16983736058038418,-0.15657311669128504,0.2137394886134872,0.022903676174165978,3633760009.75,0.7091796226682183,EARLY,PRE_CONFIRMATION,0.039917630286709915,0.6954911672759659
2026-09-08,2026-09-07,94,2382,2382.TW,廣達,TWSE,電腦及週邊設備業,347.5,0.026587887740029625,0.10845295055821369,-0.025979013890659042,0.05509052255478508,-0.1175127164623353,-0.0005253498995237971,0.40963855421686746,0.0638574422997784,-0.0359820089955023,0.7308326456691476,0.6957138943752252,5069902562.3,0.7089823822743728,EARLY,UNKNOWN,0.04818641128120049,0.6993547976423837
2026-09-08,2026-09-07,95,1519,1519.TW,華城,TWSE,電機機械,739.0,0.013717421124828544,0.10134128166915057,0.045428002671468626,0.047978853665721966,-0.027026985682897076,-0.0116178992924591,0.2236842105263158,0.12471418666678394,-0.06233766233766236,0.6830842244466868,0.18176315934654128,1436447646.55,0.7086255619701382,EARLY,UNKNOWN,0.014831090359791244,0.6840826338683861
2026-09-08,2026-09-07,96,1513,1513.TW,中興電,TWSE,電機機械,167.0,0.018292682926829285,0.047021943573667624,0.036253739248565564,-0.006340484429760984,-0.04158898568676306,0.0065371970334123786,0.15789473684210525,0.07728723497208036,-0.049707602339181256,0.29391588916921246,0.0960639542746049,564691150.0,0.706419574716957,EARLY,PRE_CONFIRMATION,0.004511278195488799,0.7029483366510452
2026-09-08,2026-09-07,97,3163,3163.TWO,波若威,TPEX,通信網路業,752.0,0.014844804318488558,0.06515580736543902,0.030293162850512978,0.011793379362010414,-0.04572850513453286,-0.0014441475228711975,0.09349593495934959,0.18630591937764013,-0.08045977011494254,0.2583946874915245,0.03269785065344583,2166687911.8,0.7059800330633504,EARLY,UNKNOWN,0.015392924655684537,0.6966105047643394
2026-09-08,2026-09-07,98,5434,5434.TW,崇越,TWSE,電子通路業,541.0,0.05048543689320395,0.05252918287937747,0.18965443191286502,-0.0008332451240511407,0.1269960297857584,0.03735314117335958,0.13043478260869565,0.11825186108240217,-0.07233273056057865,0.27450061828891986,0.05794101240156848,397807942.25,0.7052984649595685,EARLY,PRE_CONFIRMATION,0.023071104387291985,0.706952433103645
2026-09-08,2026-09-07,99,2207,2207.TW,和泰車,TWSE,汽車工業,539.0,0.050682261208577106,0.048638132295719894,0.16919739696312375,-0.004724295707708714,0.05123119151114275,0.03852272813464713,0.21008403361344538,0.06909373510644139,-0.03435114503816794,0.31976203932454095,0.14788743153583864,132323127.45,0.7047339729624125,EARLY,PRE_CONFIRMATION,0.03953712632594031,0.6915910279143713
2026-09-08,2026-09-07,100,2820,2820.TW,華票,TWSE,金融保險業,16.850000381469727,0.02121214433149854,0.030581039041850833,0.002824833745167732,-0.022781388961577775,-0.08827586092979356,0.013566884571035831,0.2272726484566954,0.039700172443764836,-0.014619882714792864,0.20247642042376773,0.17506809940042514,42462749.46487198,0.7033316601892631,EARLY,PRE_CONFIRMATION,0.02121213842905134,0.6976557512507672
2026-09-08,2026-09-07,101,2838,2838.TW,聯邦銀,TWSE,金融保險業,20.950000762939453,0.03456793891059018,0.03970229079674459,0.04317503058627059,-0.01366013720668402,-0.048805263564643875,0.024642366211404032,0.3200002136228839,0.033790676539181774,-0.012406948125700978,0.24750480501048067,0.37598363920131694,40830938.555877015,0.7005775572000038,EARLY,PRE_CONFIRMATION,0.03354715743559655,0.6874417419930859
2026-09-08,2026-09-07,102,4580,4580.TWO,捷流閥業,TPEX,電機機械,82.30000305175781,0.040455178753052046,0.04974491645375245,0.06657189302311273,-0.0036175115496761556,-0.023610245294269694,0.028018949639613933,0.22285713289222372,0.11284647620388852,-0.054022953428071174,-0.037442874464083294,0.09823974863704667,10511530.335041428,0.6981219609978421,EARLY,PRE_CONFIRMATION,0.028750033241510264,0.6858139048456933
2026-09-08,2026-09-07,103,3563,3563.TW,牧德,TWSE,光電業,699.0,0.024926686217008776,0.021929824561403466,0.008005128915581805,-0.03143260344202514,-0.05332122225655134,0.01944423007665791,0.053763440860215055,0.11811682318170823,-0.0850767085076709,0.0031681536557290335,0.009981836576049162,291534104.1,0.6970278813011571,EARLY,PRE_CONFIRMATION,0.01569311246730587,0.7146213196773719
2026-09-08,2026-09-07,104,4977,4977.TW,眾達-KY,TWSE,通信網路業,179.5,0.05714586633625096,0.24221453287197225,0.010423750177691815,0.18885210486854365,-0.04560850794489846,-0.0034077668817421025,0.2580693939527587,0.2341134203000285,-0.10956467254252378,1.6094905227719118,0.2669994638697473,791642071.8282769,0.6954283707903886,EARLY,UNKNOWN,0.1188699448862216,0.6646164007171217
2026-09-08,2026-09-07,105,7822,7822.TW,倍利科,TWSE,半導體業,930.0,0.017505470459518557,0.07244783075432681,-0.06375307755648174,0.019085402750898206,-0.10710842005941024,-0.0006064872290631462,0.16120647855454112,0.12325523552842697,-0.057712486883525704,0.2933542284848752,0.09475507977206217,159169356.8,0.6946729876630899,EARLY,UNKNOWN,0.024364062292138833,0.6780730254822472
2026-09-08,2026-09-07,106,6168,6168.TW,宏齊,TWSE,光電業,29.399999618530273,0.03339187452073267,0.1736527151279934,0.13076921609731817,0.1202902871245648,0.12311834986471815,-0.010021304261265684,0.37662349672406603,0.12002172146741098,-0.06913994143120883,1.2311919624322294,0.5449154701958784,121127257.54969425,0.6944880679318286,EARLY,UNKNOWN,0.09886000720522237,0.6577130965674404
2026-09-08,2026-09-07,107,2034,2034.TW,允強,TWSE,鋼鐵工業,20.899999618530273,0.017031649365637058,0.02702698902951206,0.08435685150721728,-0.026335438973916547,-0.0016251641470237388,0.010274902108259043,0.18644013003571586,0.049489347306669394,-0.034229864881376026,0.1681203375765635,0.1018181815555492,25234289.438269712,0.6941690933661999,EARLY,PRE_CONFIRMATION,0.026270535818012197,0.6998400553315973
2026-09-08,2026-09-07,108,4938,4938.TW,和碩,TWSE,電腦及週邊設備業,93.5999984741211,0.027442371480502104,0.045810038816995524,0.05061633370379637,-0.007552389186433084,-0.07151164402642074,0.015989861776253222,0.14285714285714285,0.1003729582650471,-0.06645572625475771,0.27312096185438967,0.06519974475884018,1284539334.0701,0.6926110776976072,EARLY,PRE_CONFIRMATION,0.029986219403620007,0.6941390078168976
2026-09-08,2026-09-07,109,1215,1215.TW,卜蜂,TWSE,食品工業,111.0,0.032558139534883734,0.0183486238532109,-0.05932203389830504,-0.03501380415021771,-0.15211777638136392,0.02797098357158101,0.11764705882352941,0.046487986400377504,-0.0401785714285714,-0.005269812402495688,0.0464348275100164,64378289.525,0.6903202270905906,EARLY,PRE_CONFIRMATION,0.01718213058419238,0.704136490051531
2026-09-08,2026-09-07,110,6531,6531.TW,愛普*,TWSE,半導體業,960.0,0.03559870550161803,0.04008667388949072,0.037111082684615715,-0.013275754113937888,-0.010745242028347368,0.025577037029245353,0.05683563748079877,0.20641038872733283,-0.10193133047210301,0.13163018881044153,0.011037969934758411,2881187393.8,0.6873189026665106,EARLY,PRE_CONFIRMATION,0.07154816385757345,0.70552209745532
2026-09-08,2026-09-07,111,3564,3564.TWO,其陽,TPEX,通信網路業,49.20000076293945,0.11818183552135131,0.02286907117908088,0.04760123608560973,-0.030493356824347728,-0.021868649036330234,0.11246456772658109,0.047826210267213044,0.1598891787986033,-0.08996894749540463,0.04839677865922676,0.006840619327992559,14445022.525672149,0.685960606679848,EARLY,PRE_CONFIRMATION,0.05454936970089341,0.6917194646032974
2026-09-08,2026-09-07,112,2836,2836.TW,高雄銀,TWSE,金融保險業,12.199999809265137,0.02953581574079256,0.02521010086989528,0.032836486793832,-0.028152327133533328,-0.059729268399983715,0.02323329052331874,0.16666675496983477,0.04514040987879129,-0.02066115637342103,0.16431018190965888,0.09308036226808321,16888938.98889003,0.6824886420200188,EARLY,PRE_CONFIRMATION,0.014342111928830947,0.6748525046786126
2026-09-08,2026-09-07,113,2395,2395.TW,研華,TWSE,電腦及週邊設備業,680.0,0.004431314623338345,0.019490254872563728,0.46855076585330013,-0.03387217313086488,0.4002369622744575,-0.0004412490948025871,0.03857566765578635,0.12896170557136438,-0.07020057306590255,-0.07440174780962214,0.005830022107411823,2294252131.55,0.6791937213704901,EARLY,UNKNOWN,-0.00014703720041175927,0.6967856872795163
2026-09-08,2026-09-07,114,3231,3231.TW,緯創,TWSE,電腦及週邊設備業,197.0,0.10674157303370779,0.020725388601036343,0.3091293745832475,-0.032637039402392265,0.24237632509458917,0.10156022588344871,0.06349206349206349,0.09437942001974889,-0.1091370558375635,-0.004075493988359075,0.013942633772058961,9160505494.275,0.6777725243786762,EARLY,PRE_CONFIRMATION,0.0640021604104779,0.6930817786541267
2026-09-08,2026-09-07,115,3010,3010.TW,華立,TWSE,電子通路業,129.5,0.01171875,0.05714285714285716,0.02226204351783445,0.003780429139428554,-0.054801803438280894,-0.0025669642857142905,0.20588235294117646,0.08655987191416269,-0.04528301886792452,0.36262568552170094,0.13591408607927982,95424874.65,0.6764697451027217,EARLY,UNKNOWN,0.008174386920980936,0.6609900075428736
2026-09-08,2026-09-07,116,2027,2027.TW,大成鋼,TWSE,鋼鐵工業,49.099998474121094,0.006147525445711732,0.038054952771547024,0.17194390011033578,-0.015307475231881584,0.10268800192829519,-0.0033662127471750236,0.09999993642172571,0.12214701658755674,-0.05555561442433876,0.17735325691626905,0.031155020924793893,912662174.314483,0.6761522467472079,EARLY,UNKNOWN,-0.006173493574657685,0.6732577766623162
2026-09-08,2026-09-07,117,2812,2812.TW,台中銀,TWSE,金融保險業,19.25,0.01049872813382402,0.029411722707015198,0.07498317100812057,-0.02395070529641341,-0.005018771709872194,0.0031457974570702207,0.24444410536024305,0.03352295062096724,-0.010695227528323081,0.18913113160156486,0.21446567533715613,243263625.25512695,0.6751893571673323,EARLY,PRE_CONFIRMATION,0.015295361713906441,0.6722830169302806
2026-09-08,2026-09-07,118,6533,6533.TW,晶心科,TWSE,半導體業,257.0,0.010283473173348767,0.028000000000000025,0.2786069651741294,-0.025362428003428583,0.21108941326727448,0.003283473173348761,0.09742799704202458,0.09764556008725263,-0.05433439233489201,0.08268682739906408,0.02793761349455173,398198371.89680177,0.6739564155895249,EARLY,PRE_CONFIRMATION,0.013273732412323325,0.6845453662990733
2026-09-08,2026-09-07,119,2354,2354.TW,鴻準,TWSE,其他電子業,65.69999694824219,0.015455951269981671,0.041204414215436413,0.18494823489232037,-0.012158013787992195,0.1050172226969277,0.005154847716122568,0.15294115535114752,0.0851450482127384,-0.0507131065867551,0.24388520052251564,0.07401312052734599,791572975.0194733,0.6667138923448188,EARLY,PRE_CONFIRMATION,0.0457619856550564,0.6745909201517158
2026-09-08,2026-09-07,120,2891,2891.TW,中信金,TWSE,金融保險業,67.4000015258789,0.04173113918068072,0.013533857532013638,0.03402735096076692,-0.03982857047141497,-0.06123930779544984,0.03834767479767731,0.05660383695945291,0.06773045620514619,-0.05089822411002776,-0.015137206784548898,0.011310543411286776,2077167776.2259727,0.6666274042983275,EARLY,PRE_CONFIRMATION,0.026578347550016534,0.6890460530694372
2026-09-08,2026-09-07,121,2880,2880.TW,華南金,TWSE,金融保險業,44.349998474121094,0.07255139324557769,0.05121293215621736,0.2848159221398028,-0.002149495847211247,0.20063122833090996,0.05974816020652335,0.17946480484277,0.08540929800617181,-0.08033681242516177,-0.014166006481336868,0.10761028470433534,1065542298.0494592,0.6637938292268106,EARLY,PRE_CONFIRMATION,0.08971264323321293,0.6608567867572402
2026-09-08,2026-09-07,122,6922,6922.TWO,宸曜,TPEX,電腦及週邊設備業,209.0,0.009661835748792313,0.02450980392156854,0.1323057754272139,-0.028852624081860068,0.05372112988518851,0.0035343847684001783,0.05747126436781609,0.1222731193751078,-0.10328638497652587,0.09928744093017017,0.011520188803382764,61637652.15,0.6551457917724987,EARLY,PRE_CONFIRMATION,0.024007839294463595,0.6587986470413736
2026-09-08,2026-09-07,123,2412,2412.TW,中華電,TWSE,通信網路業,138.0,0.014705882352941124,0.01098901098901095,-0.011425811256209673,-0.04237341701441766,-0.10822443870140341,0.011958629605688387,0.15789473684210525,0.021490984154362243,-0.01098901098901095,0.052696865820959504,0.0807365072628698,1206453301.75,0.6551176424192482,EARLY,PRE_CONFIRMATION,0.011730205278592365,0.6663475555126849
2026-09-08,2026-09-07,124,2376,2376.TW,技嘉,TWSE,電腦及週邊設備業,364.5,0.018156424581005526,0.0429184549356223,0.10520233481721553,-0.010443973067806311,0.014904907258590283,0.007426810847099952,0.08982035928143713,0.15210826980320902,-0.14591194968553456,0.24606156324908957,0.025343467827943403,2903435094.175,0.6550616514469509,EARLY,PRE_CONFIRMATION,0.020508154266116074,0.6550860892357289
2026-09-08,2026-09-07,125,4540,4540.TW,全球傳動,TWSE,電機機械,59.79999923706055,0.01184434485638719,0.0,-0.02764228882828379,-0.05336242800342861,-0.11647077109993886,0.01184434485638719,0.0,0.11328774940000828,-0.08914100375998069,-0.19155433686257517,0.0,180051582.43565044,0.6533619013786321,EARLY,PRE_CONFIRMATION,0.006903506911447588,0.6941340399228115
2026-09-08,2026-09-07,126,3711,3711.TW,日月光投控,TWSE,半導體業,621.0,0.06335616438356162,-0.014285714285714235,0.062162928195569345,-0.06764814228914284,0.0551795903579797,0.06692759295499018,0.04265402843601896,0.11546188498640357,-0.07301587301587298,-0.25135311112585645,-0.005277440806058653,10459422505.1,0.6404255103529002,EARLY,PRE_CONFIRMATION,0.03044885090848748,0.7072971943955406
2026-09-08,2026-09-07,127,7750,7750.TW,新代,TWSE,電機機械,2375.0,0.04625550660792954,-0.044265593561368166,0.06502242152466375,-0.09762802156479677,0.03956500891844272,0.05732190499827158,0.06470588235294118,0.21611989960483505,-0.14910536779324057,-0.5170216557651126,-0.013253033591548643,910138879.0,0.597594013304134,EARLY,PRE_CONFIRMATION,0.009349766255843495,0.6944272013712598
2026-09-08,2026-09-07,128,2049,2049.TW,上銀,TWSE,電機機械,364.5,0.04142857142857137,-0.05813953488372092,0.13331828433441917,-0.11150196288714953,0.05431117209447556,0.0559634551495016,0.14563106796116504,0.11953009149743118,-0.11240310077519378,-0.5892895337662525,-0.07083507131811782,1798609084.6,0.5613953984090072,EARLY,PRE_CONFIRMATION,0.010815307820299491,0.668047268933159
2026-09-08,2026-09-07,129,6538,6538.TWO,倉和,TPEX,電子零組件業,305.0,0.4841849148418491,1.0962199312714778,2.236363233057002,1.0428575032680492,2.160069871255626,0.21012993202397967,0.7541371158392435,0.23004642976967005,-0.09909909909909909,8.30907310488877,3.593622983509394,691856004.175,0.8840424392005934,EXTENDED,EXTENDED,0.44378698224852076,0.8786336022275105
2026-09-08,2026-09-07,130,7711,7711.TW,永擎,TWSE,電腦及週邊設備業,660.0,0.23364485981308403,0.6296296296296295,0.8908894679049306,0.5762672016262009,0.8020245381679263,0.07623745240567664,0.5141129032258065,0.24687214772193025,-0.07723577235772361,4.719298096122481,1.3112079261792033,854896004.025,0.8734221286526496,EXTENDED,EXTENDED,0.2861736334405145,0.8676061028364249
2026-09-08,2026-09-07,131,8431,8431.TWO,匯鑽科,TPEX,其他電子業,67.30000305175781,0.2555971076053536,0.3514057044738663,0.3790984447525907,0.2980432764704377,0.31706702820912547,0.167745681486887,0.5043228654158344,0.18801735890966112,-0.10642568912162453,2.649834912865981,0.9425828169880954,101400805.72128792,0.8655304487078384,EXTENDED,EXTENDED,0.3085748230914669,0.8511303783394063
2026-09-08,2026-09-07,132,3141,3141.TWO,晶宏,TPEX,半導體業,102.0,0.23936811929220725,0.2749999999999999,0.4265734265734267,0.2216375719965713,0.3337763463869472,0.17061811929220727,0.41825102336886855,0.1999252000202497,-0.1287500381469726,1.9957387782763345,0.5753103231347971,407264140.8125294,0.8593167954520868,EXTENDED,EXTENDED,0.26897238841614146,0.852938313002604
2026-09-08,2026-09-07,133,8240,8240.TWO,華宏,TPEX,光電業,56.0,0.17894736842105252,0.28735632183908044,0.01958610818594897,0.23399389383565183,-0.051212183143689805,0.10710828796128241,0.4464284497864724,0.18328996989501015,-0.05719924028085499,1.9972051209280033,0.6998966575663981,40397047.03727303,0.8559790436963103,EXTENDED,EXTENDED,0.23825317332939644,0.8373622018749355
2026-09-08,2026-09-07,134,3693,3693.TWO,營邦,TPEX,電腦及週邊設備業,682.0,0.12913907284768222,0.38391240814257444,0.3811501521424945,0.3305499801391458,0.3110472120161858,0.033160970812038615,0.6357089542788136,0.1424046761885534,-0.0797101563086342,2.7425474153890272,1.713824026339063,755229955.95,0.8481076013072326,EXTENDED,EXTENDED,0.21566835312331922,0.8387115040169338
2026-09-08,2026-09-07,135,6620,6620.TWO,漢達,TPEX,生技醫療業,113.0,0.2163616592462798,0.43765906098846874,0.6960810135488271,0.38429663298504013,0.5992823861036334,0.10694689399916263,0.5180721811778518,0.2169295532561764,-0.07673272702310663,3.297084575265174,1.0452194315395371,164251092.83763885,0.8471752658384939,EXTENDED,EXTENDED,0.34925371905195357,0.8216787731520058
2026-09-08,2026-09-07,136,6640,6640.TWO,均華,TPEX,半導體業,1300.0,0.14035087719298245,0.2935323383084578,0.22011787583362108,0.2401699103050292,0.19509079237155724,0.066967792615868,0.30697190426638915,0.24687294694943468,-0.12073732718894015,2.085812468707434,0.3649900970022815,619717834.35,0.8456670000162317,EXTENDED,EXTENDED,0.21393220655523382,0.8368479807000454
2026-09-08,2026-09-07,137,3324,3324.TWO,雙鴻,TPEX,其他電子業,1440.0,0.1519999999999999,0.4257425742574257,0.3805797918307081,0.37238014625399707,0.362632002500644,0.045564356435643494,0.47149122807017546,0.21181099396846656,-0.07714285714285718,3.2258358370506213,0.9477028808442107,4327657687.4,0.7987761589205555,EXTENDED,EXTENDED,0.265155508697944,0.7937971532027328
2026-09-08,2026-09-07,138,6617,6617.TWO,共信-KY,TPEX,生技醫療業,135.0,0.1203319502074689,0.2796208530805686,0.9622092152879753,0.22625842507714,0.8855802715984207,0.050426736937326744,0.35499395707928805,0.21610033217236255,-0.11673151750972766,1.8978833157192163,0.45934086319582385,122875952.74489518,0.7713531658321267,EXTENDED,EXTENDED,0.20090735466677834,0.7582948101491525
2026-09-08,2026-09-07,139,3167,3167.TW,大量,TWSE,電機機械,883.0,0.11209068010075574,0.3480916030534351,0.10085399272741435,0.2947291750500065,-0.04923277040597651,0.025067779337396956,0.30158730158730157,0.27542376158560694,-0.13636363636363635,2.569371292713076,0.38115813488900385,2879736503.65,0.7490483384503026,EXTENDED,EXTENDED,0.20381731424676208,0.7367251959676608
2026-09-08,2026-09-07,140,3374,3374.TWO,精材,TPEX,半導體業,469.5,0.1112426035502958,0.39317507418397635,1.0317575695785544,0.33981264618054774,1.0260690546429876,0.012948835004301718,0.45768566493955093,0.23233590227107417,-0.13204747774480707,2.847096363583015,0.7745277139974519,5635901152.675,0.7311796700528765,EXTENDED,EXTENDED,0.3283349837317868,0.717616852277666
2026-09-08,2026-09-07,141,6224,6224.TW,聚鼎,TWSE,電子零組件業,88.80000305175781,0.13265307810543847,0.5857143402099609,0.16382699213682428,0.5323519122065323,0.06702836469163054,-0.013775506947051763,0.5466667175292969,0.1982905220573022,-0.06758449840742364,4.440857048620089,1.614754615855458,153378837.88811263,0.7108622632559056,EXTENDED,EXTENDED,0.20594829287325012,0.6657880405765009
2026-09-08,2026-09-07,142,6173,6173.TWO,信昌電,TPEX,電子零組件業,286.5,0.16463414634146334,0.7002967359050445,0.043043623806511944,0.6469343079016159,0.04992724499273682,-0.010440037634797783,0.44360902255639095,0.29676267546410945,-0.12975391498881428,5.158537263452884,1.046822852733847,3956304213.725,0.6744662347548128,EXTENDED,EXTENDED,0.2758851035404142,0.6396503293192389
2026-09-08,2026-09-07,143,7610,7610.TW,聯友金屬-創,TWSE,綠能環保,2000.0,0.3289036544850499,0.02564102564102555,0.5097942186602973,-0.027721402362403058,0.44697805108686905,0.3224933980747935,0.028901734104046242,0.27209603249162256,-0.23333333333333328,-0.29051167343038775,0.0027235608635887355,804470903.75,0.6523622614767679,EXTENDED,EXTENDED,0.18028917084685747,0.6772407571009569
2026-09-08,2026-09-07,144,2221,2221.TWO,大甲,TPEX,其他業,86.69999694824219,0.14078943352950257,0.7693876928212691,1.0716050928859127,0.7160252648178405,0.9941898268871112,-0.051557489675814694,0.6170211650121745,0.20263784043570293,-0.05245904974598703,5.81377854662653,2.3427435347211967,181133801.94958743,0.6509798675852975,EXTENDED,EXTENDED,0.29364365248841895,0.5957741406695789
2026-09-08,2026-09-07,145,5314,5314.TWO,世紀*,TPEX,其他業,35.20000076293945,-0.0222222010294596,1.3487550951643548,1.5056068147303563,1.2953926671609262,1.4088081872851625,-0.3594109748205483,0.5187162597802815,0.3105538038096986,-0.1842105263157895,10.3160500345456,2.2528179972059403,165596069.31581983,0.6085499361582989,EXTENDED,EXTENDED,0.3044794699635065,0.5486463543431137
2026-09-08,2026-09-07,146,3234,3234.TWO,光環,TPEX,通信網路業,199.5,0.07837837837837847,0.6906779661016949,0.789237668161435,0.6373155380982662,0.7334766019126044,-0.09429111314704525,0.5613290502421062,0.21744819707278126,-0.0781990521327014,5.194819821265103,1.7829423833081919,832493198.863089,0.6071390869260738,EXTENDED,EXTENDED,0.20116947265537877,0.5545740620000458
2026-09-08,2026-09-07,147,8103,8103.TW,瀚荃,TWSE,電子零組件業,123.5,0.037815126050420256,0.5379825069296371,0.313161630000786,0.4846200789262085,0.2553955211132972,-0.09668050068198902,0.617142813546317,0.1909716726442843,-0.04824561403508776,4.068893820347382,1.738540765591363,562778711.2563965,0.6046508753635871,EXTENDED,EXTENDED,0.22017487802475788,0.5508414864994688
2026-09-08,2026-09-07,148,4939,4939.TWO,亞電,TPEX,電子零組件業,93.5999984741211,0.049327373053969836,0.5269167967221233,0.41389732309657545,0.4735543687186947,0.45801860325064814,-0.082401826126561,0.4581558440138955,0.2389207925172282,-0.12176727026027578,3.886430372857018,1.0104185876158724,1395487941.6046815,0.5673800125645647,EXTENDED,EXTENDED,0.2637547900132249,0.5158549240486205
2026-09-08,2026-09-07,149,4908,4908.TWO,前鼎,TPEX,通信網路業,223.0,0.06698564593301426,0.4482062026846636,0.1279997252269096,0.394843774681235,0.0692894312838177,-0.04506590473815164,0.35268492812081736,0.28356562785360906,-0.10893246187363836,3.14914092823276,0.5574567466926975,800878504.95,0.5638296910569048,EXTENDED,EXTENDED,0.24726534215895435,0.5125297350242585
2026-09-08,2026-09-07,150,3406,3406.TW,玉晶光,TWSE,光電業,987.0,-0.017910447761193993,0.8076923076923077,0.49093655589123864,0.7543298796888791,0.32744379679723057,-0.21983352468427092,0.5451174289245982,0.25317927447946675,-0.06445497630331753,6.149731095731279,1.739033161528055,4365679731.5,0.563802512290398,EXTENDED,EXTENDED,0.26295585412667943,0.5124817350550508
